Open,High,Low,Close,Volume,VIX_Open,VIX_High,VIX_Low,VIX_Close,VIX_Volume,RETURN,Target,RSI,EMA20,MACD,ATR,RANGE,VIX_CHANGE,MOMENTUM_3,MOMENTUM_5,NEXT_DAY_RETURN
8584.400390625,8605.5498046875,8516.349609375,8526.349609375,146800.0,20.690000534057617,22.1200008392334,18.59000015258789,22.020000457763672,0.0,-0.015552409736704,1,43.27964385893812,8653.625930939244,70.14996244436588,117.33381651899307,89.2001953125,0.0642822566155449,-0.02262234848964,-0.0308103268255071,0.0045975355349490155
8478.099609375,8646.25,8470.5,8565.5498046875,196200.0,22.020000457763672,22.020000457763672,19.850000381469727,21.190000534057617,0.0,0.004597535534949,2,46.37698355550961,8645.237728439079,54.82724251801665,121.50640105335071,175.75,-0.0376930021095172,-0.0167763338209961,-0.0218122438928806,0.007220854159723844
8603.2998046875,8651.9501953125,8593.650390625,8627.400390625,161600.0,21.190000534057617,21.51000022888184,18.540000915527344,20.5,0.0,0.0072208541597238,2,50.930067149607744,8643.538934361546,47.131400513550034,118.99882887989708,58.2998046875,-0.0325625538776468,-0.0038851426583748,-0.0110388714113817,0.009753739278629103
8676.9501953125,8732.5498046875,8599.25,8711.5498046875,158800.0,20.5,20.959999084472656,17.93000030517578,20.15999984741211,0.0,0.0097537392786291,2,56.35929538255191,8650.016160106876,47.277558463600144,120.02032715186871,133.2998046875,-0.0165853732969702,0.0217209244046088,-1.7263062505379345e-05,0.0107845558389561
8741.5,8822.099609375,8729.650390625,8805.5,221900.0,20.15999984741211,20.450000762939453,16.979999542236328,20.100000381469727,0.0,0.0107845558389561,1,61.4832319819674,8664.824144858601,54.34789655807072,119.34386126155668,92.44921875,-0.0029761640077633,0.0280134026167457,0.016678139321439,0.00043718237181300523
8831.400390625,8870.099609375,8793.400390625,8809.349609375,136400.0,20.100000381469727,21.1200008392334,17.479999542236328,20.82999992370605,0.0,0.000437182371813,2,61.68175972671341,8678.588474812545,59.57507733370221,116.29781536787404,76.69921875,0.036318384496615,0.0210896922029626,0.0331912263706419,0.006782566551384539
8811.5498046875,8894.2998046875,8808.900390625,8869.099609375,147600.0,20.82999992370605,21.649999618530277,18.649999618530277,20.90999984741211,0.0,0.0067825665513845,1,64.72118383665217,8696.732392389922,67.75791039342948,114.09078670320449,85.3994140625,0.0038406108496913,0.0180851637446559,0.0354384495577133,0.0029540986646272582
8883.0498046875,8913.4501953125,8794.4501953125,8895.2998046875,213300.0,20.90999984741211,21.90999984741211,19.399999618530277,20.399999618530277,0.0,0.0029540986646272,0,65.99492387870586,8715.6435745135,75.48683608744977,114.44144479583272,119.0,-0.0243902550264702,0.0101981494165577,0.0310521596231483,-0.006936269340802492
8895.5,8899.9501953125,8816.2998046875,8833.599609375,197600.0,20.399999618530277,21.270000457763672,19.239999771118164,21.270000457763672,0.0,-0.0069362693408024,0,60.45894929891012,8726.877482595548,75.76006045427675,112.2420837836304,83.650390625,0.0426471007599007,0.0027527571359176,0.0140101138630726,-0.008903438863023694
8856.849609375,8869.0,8736.099609375,8754.9501953125,139600.0,21.270000457763672,22.020000457763672,19.40999984741211,21.6299991607666,0.0,-0.0089034388630236,1,54.21580849785335,8729.551074282877,68.83673528421969,113.71767712944248,132.900390625,0.0169251854844942,-0.0128704625148012,-0.0057407080446879,0.0008166139044774035
8772.900390625,8800.5,8726.75,8762.099609375,149800.0,21.6299991607666,22.06999969482422,20.920000076293945,21.549999237060547,0.0,0.0008166139044774,1,54.67400265348637,8732.650934767842,63.19833708150509,110.86284304876804,73.75,-0.0036985634216372,-0.0149742221439583,-0.0053636195741074,0.0005878032497472763
8801.900390625,8840.650390625,8751.400390625,8767.25,135200.0,21.549999237060547,21.549999237060547,20.21999931335449,20.780000686645508,0.0,0.0005878032497472,0,55.02320480004458,8735.94608383757,58.47143703429174,109.3190685452846,89.25,-0.0357307924675391,-0.0075110501164874,-0.0114836470285372,-0.00951271956713906
8779.0,8786.0498046875,8669.4501953125,8683.849609375,217500.0,20.780000686645508,21.239999771118164,19.940000534057617,20.57999992370605,0.0,-0.009512719567139,2,48.50631446392892,8730.984514841135,47.44866153964358,109.83910717597855,116.599609375,-0.0096246754730853,-0.0081211867973353,-0.0237710026593003,0.018511375395821705
8729.5,8856.9501953125,8717.4501953125,8844.599609375,249500.0,20.57999992370605,20.57999992370605,19.299999237060547,19.56999969482422,0.0,0.0185113753958217,2,58.6676766114055,8741.805000034838,51.09522020862824,114.35778423037296,139.5,-0.0490767848700727,0.0094155514862817,0.0012452454816183,0.01268009809128312
8953.849609375,8972.349609375,8885.4501953125,8956.75,218100.0,16.969999313354492,16.969999313354492,15.739999771118164,15.850000381469728,0.0,0.0126800980912831,1,64.00447672594186,8762.275952412472,62.3163988144297,115.3143710710606,86.8994140625,-0.190086835532161,0.0216145313524764,0.0230497947087746,0.004410081781896391
8962.849609375,9008.400390625,8925.5498046875,8996.25,177800.0,15.850000381469728,15.949999809265137,14.979999542236328,15.489999771118164,0.0,0.0044100817818963,0,65.68504271190449,8784.559195039856,73.54875927408102,112.99552927580628,82.8505859375,-0.0227129717152839,0.0359748734349032,0.0267230916177294,-0.008181143184660233
9109.150390625,9119.2001953125,8893.9501953125,8922.650390625,248400.0,15.489999771118164,15.489999771118164,14.300000190734863,15.199999809265137,0.0,-0.0081811431846602,1,60.05846403283522,8797.710737476536,75.6396852763828,121.01370575610584,225.25,-0.0187217537855453,0.0088246822577777,0.0177251008725656,0.0016922784950608172
8929.400390625,8957.5498046875,8849.349609375,8937.75,160100.0,15.199999809265137,15.25,13.970000267028809,14.4399995803833,0.0,0.0016922784950608,0,60.80034635990998,8811.047810097818,77.62041169241638,120.098455010134,108.2001953125,-0.050000015685433,-0.0021213051609121,0.029238229822738,-0.02025118178512486
8891.150390625,8891.2998046875,8740.4501953125,8756.75,155500.0,14.4399995803833,16.010000228881836,13.31999969482422,15.8100004196167,0.0,-0.0202511817851248,0,49.0413506421153,8805.876590088503,63.84895333811073,125.61283712994585,150.849609375,0.0948754071360598,-0.0266222036959844,-0.0099325705238123,-0.005104655872612551
8769.75,8778.0,8677.349609375,8712.0498046875,163800.0,15.8100004196167,16.149999618530273,14.960000038146973,15.529999732971191,0.0,-0.0051046558726125,1,46.64219360630197,8796.940705764599,48.76589826820782,123.82980523673542,100.650390625,-0.0177103528914578,-0.0236029180476214,-0.0273201993259273,-0.0013888361116221049
8728.75,8755.599609375,8682.349609375,8699.9501953125,172800.0,15.529999732971191,15.609999656677246,14.25,15.130000114440918,0.0,-0.0013888361116221,2,45.98639240755132,8787.70351429297,35.427742143432624,120.21696200554004,73.25,-0.0257565760082434,-0.0266062269237223,-0.032935923822426,0.008741406902360804
8740.650390625,8787.2001953125,8732.900390625,8776.0,173900.0,15.130000114440918,15.130000114440918,13.779999732971191,14.75,0.0,0.0087414069023608,0,50.68020690015634,8786.588893884116,30.64053595643236,117.86217900514433,54.2998046875,-0.0251156716170957,0.0021983041653581,-0.0164357432158369,-0.014613719234275346
8844.0498046875,8849.75,8631.75,8647.75,179200.0,14.75,15.239999771118164,13.449999809265137,14.970000267028809,0.0,-0.0146137192342753,1,43.77203097889314,8773.36614208563,16.30992671070271,125.01488050477688,218.0,0.0149152723409362,-0.0073805598141671,-0.032446644849095,-0.0016882552542568652
8656.75,8663.5498046875,8612.0,8633.150390625,163300.0,14.970000267028809,15.369999885559082,14.329999923706056,15.18000030517578,0.0,-0.0016882552542568,2,43.05259380125055,8760.01226099414,3.731732089852813,119.76737508925711,51.5498046875,0.0140280584102254,-0.0076781824249397,-0.0141147810974391,0.010442238346779709
8689.099609375,8742.5498046875,8630.7998046875,8723.2998046875,177000.0,15.18000030517578,15.460000038146973,13.43000030517578,15.130000114440918,0.0,0.0104422383467797,1,48.66345087729875,8756.515836583985,1.0259005931493448,119.19470544002446,111.75,-0.0032938201402944,-0.0060050359289539,0.0012913149318714,-0.004287301239194297
8742.900390625,8747.25,8664.0,8685.900390625,156400.0,15.130000114440918,15.699999809265137,13.720000267028809,15.510000228881836,0.0,-0.0042873012391942,0,46.61164503567953,8749.790556016462,-4.089173075557483,116.62722648002271,83.25,0.0251156716170957,0.0044115973085485,-0.0016149293239713,-0.00590036699653107
8749.4501953125,8788.2001953125,8614.650390625,8634.650390625,163500.0,15.510000228881836,15.510000228881836,12.890000343322754,15.199999809265137,0.0,-0.005900366996531,0,43.88124633777264,8738.82482597918,-12.138428251035291,120.69312492341396,173.5498046875,-0.0199871318531275,0.0001737488555311,-0.0161063821074521,-0.0073830435647072035
8627.900390625,8627.900390625,8553.0,8570.900390625,174600.0,15.199999809265137,15.359999656677246,13.079999923706056,14.260000228881836,0.0,-0.0073830435647072,1,40.68843248221298,8722.832022612114,-23.39196517482924,117.90435818781296,74.900390625,-0.0618420784328118,-0.0174703859175638,-0.0088866594634442,-0.002333477124745964
8591.5498046875,8608.349609375,8540.5498046875,8550.900390625,150700.0,14.260000228881836,14.579999923706056,12.4399995803833,14.270000457763672,0.0,-0.0023334771247459,1,39.71220037642769,8706.457581470484,-33.537705326805735,114.32546150921917,67.7998046875,0.0007012783114535,-0.0155424301372038,-0.0095272289116286,-0.000929749494125387
8537.0498046875,8627.75,8535.849609375,8542.9501953125,156700.0,14.270000457763672,14.489999771118164,12.449999809265137,13.670000076293944,0.0,-0.0009297494941253,1,39.30846141779801,8690.885449455438,-41.73865458389082,112.72367073177494,91.900390625,-0.0420462762594582,-0.0106200241079896,-0.0206744710617521,-0.0014222710360253243
8568.900390625,8573.75,8516.5498046875,8530.7998046875,161000.0,13.670000076293944,13.949999809265137,12.359999656677246,13.140000343322754,0.0,-0.0014222710360253,0,38.661537871912174,8675.639197572778,-48.65750747523634,108.75770820182672,57.2001953125,-0.0387710117054278,-0.0046786899987033,-0.0178565927494294,-0.022113918786236364
8474.9501953125,8499.4501953125,8325.349609375,8342.150390625,280100.0,13.140000343322754,15.609999656677246,12.520000457763672,15.15999984741211,0.0,-0.0221139187862363,1,30.318495291930333,8643.878358815848,-68.57271576289713,115.66431442401768,174.1005859375,0.1537290297801128,-0.0244126338120916,-0.0338751410615975,-8.990487642646094e-05
8396.0,8413.2001953125,8269.150390625,8341.400390625,193000.0,15.15999984741211,15.399999618530272,14.369999885559082,14.5,0.0,-8.990487642646094e-05,2,30.290509191076595,8615.070933273862,-83.45417278869718,117.69184944283784,144.0498046875,-0.0435356104257992,-0.0235925295219547,-0.0267766500064603,0.018090417315550278
8390.9501953125,8492.2998046875,8380.75,8492.2998046875,134700.0,14.5,15.1899995803833,14.109999656677246,14.260000228881836,0.0,0.0180904173155502,1,41.90910831916304,8603.378444837066,-82.12482919094691,120.06381834424226,111.5498046875,-0.0165517083529768,-0.0045130586675876,-0.0068531480031913,-0.0001530568535489385
8527.599609375,8550.4501953125,8454.150390625,8491.0,167200.0,14.260000228881836,14.739999771118164,13.859999656677246,14.489999771118164,0.0,-0.0001530568535489,2,41.84441274623117,8592.675735804965,-80.25111330805703,118.3663887973321,96.2998046875,0.0161289998979448,0.0178430743159796,-0.0060810603040861,0.011217759981156483
8483.7001953125,8603.400390625,8464.75,8586.25,125500.0,14.489999771118164,14.68000030517578,13.56999969482422,13.670000076293944,0.0,0.0112177599811564,2,48.15985695274315,8592.063760966397,-70.27026908860535,119.81524607073696,138.650390625,-0.0565907320756942,0.0293535375247289,0.0064999995993377,0.00857771327704171
8615.7998046875,8667.5498046875,8573.75,8659.900390625,146900.0,13.670000076293944,15.050000190734863,13.600000381469728,14.56999969482422,0.0,0.0085777132770417,1,52.45894215029109,8598.524392362455,-55.77447372050483,117.9570002576486,93.7998046875,0.0658375723121627,0.0197355945729789,0.0380896993126724,4.612224673294918e-05
8684.4501953125,8693.599609375,8586.849609375,8660.2998046875,148700.0,14.56999969482422,14.899999618530272,13.979999542236328,14.25,0.0,4.612224673294918e-05,2,52.481956642138414,8604.40776496484,-43.74990045879531,117.15650023924512,106.75,-0.0219629170574309,0.0199387356833706,0.0382309203645128,0.006246964557533818
8698.9501953125,8730.5,8679.7998046875,8714.400390625,148200.0,14.25,14.699999809265137,13.350000381469728,14.350000381469728,0.0,0.0062469645575338,2,55.61611653684656,8614.883253122951,-29.514647880290795,113.80247845876332,50.7001953125,0.0070175706294544,0.0149250709710293,0.0261531729973671,0.007332623152276119
8756.2001953125,8785.5,8682.4501953125,8778.2998046875,152700.0,14.350000381469728,14.890000343322754,13.289999961853027,14.420000076293944,0.0,0.0073326231522761,1,59.05153624770488,8630.446734224337,-12.927933793795091,113.03443033224453,103.0498046875,0.004878027384209,0.0136721450272887,0.0338358031665881,0.0002335081659441407
8774.349609375,8787.400390625,8733.599609375,8780.349609375,139000.0,14.420000076293944,14.789999961853027,13.43000030517578,14.260000228881836,0.0,0.0002335081659441,2,59.160738770292944,8644.7231985244,0.3781990842999221,108.80345539779849,53.80078125,-0.0110956897756987,0.0138620841535441,0.0226058651186489,0.006110279546012176
8801.75,8841.650390625,8762.099609375,8834.0,121600.0,14.260000228881836,14.93000030517578,13.0600004196167,14.489999771118164,0.0,0.0061102795460121,1,62.01596940389752,8662.749560569695,15.078725245664828,106.71397867295572,79.55078125,0.0161289998979448,0.0137243647312401,0.0201041122324543,0.0
8801.75,8841.650390625,8762.099609375,8834.0,121600.0,14.489999771118164,14.989999771118164,13.34000015258789,14.619999885559082,0.0,0.0,0,62.01596940389752,8679.059126229724,26.42439417270907,104.77375028560176,79.55078125,0.0089717126635182,0.0063452145121265,0.0200570649088247,-0.014410211080767454
8757.0498046875,8760.0,8645.650390625,8706.7001953125,142900.0,14.619999885559082,15.300000190734863,12.970000267028809,14.949999809265137,0.0,-0.0144102110807674,0,52.00970598574576,8681.691608999512,24.85734815275464,110.74345450627304,114.349609375,0.0225718143836657,-0.0083879819527759,-0.0008836173422538,-0.01156582781691673
8698.0498046875,8699.849609375,8596.7001953125,8606.0,150400.0,14.949999809265137,15.18000030517578,13.619999885559082,15.039999961853027,0.0,-0.0115658278169167,0,45.72468953011597,8674.482884332892,15.3132669081715,110.69035061296782,103.1494140625,0.0060200771729852,-0.0258093728775187,-0.0196279243727235,-0.01834770981001632
8618.7998046875,8619.9501953125,8422.75,8448.099609375,148900.0,15.039999961853027,16.420000076293945,13.65999984741211,16.299999237060547,0.0,-0.0183477098100163,0,37.97539903717193,8652.92257243214,-4.934842343658602,116.86962523436296,197.2001953125,0.0837765477661796,-0.0436835398035997,-0.0378401788973469,-0.008327270348106652
8416.099609375,8469.349609375,8352.7001953125,8377.75,407800.0,16.299999237060547,17.34000015258789,15.229999542236328,17.030000686645508,0.0,-0.0083272703481066,2,35.11962272382789,8626.715660771937,-26.354442735051634,116.8538958649442,116.6494140625,0.0447853671014406,-0.0377812705081541,-0.0516470455059995,0.006200972255378856
8400.400390625,8449.9501953125,8284.7001953125,8429.7001953125,171800.0,17.030000686645508,18.3799991607666,14.6899995803833,17.209999084472656,0.0,0.0062009722553788,1,38.78079133509282,8607.952283109134,-38.691670279047685,120.3107604460196,165.25,0.0105694885830684,-0.0204856849509063,-0.0457663351468756,-0.0037249712205020824
8478.2001953125,8504.9501953125,8361.849609375,8398.2998046875,156000.0,17.209999084472656,19.43000030517578,14.970000267028809,18.5,0.0,-0.003724971220502,0,37.40678328624588,8587.985380402313,-50.421533045380784,121.93860512398248,143.1005859375,0.0749564778705431,-0.0058947937394389,-0.0354210416928144,-0.011079600258562361
8405.7001953125,8413.2998046875,8273.349609375,8305.25,173600.0,18.5,19.59000015258789,17.360000610351562,19.11000061035156,0.0,-0.0110796002585623,0,33.60693219135503,8561.058201316378,-66.45976854341461,123.22514728030517,139.9501953125,0.0329730059649493,-0.0086538748470651,-0.0349465489193585,-0.011011130948797465
8330.5498046875,8334.4501953125,8202.349609375,8213.7998046875,171500.0,19.11000061035156,20.09000015258789,16.219999313354492,18.739999771118164,0.0,-0.0110111309487974,2,30.344441928692547,8527.98597306601,-85.56313366174982,123.85910718439052,132.1005859375,-0.0193616340877025,-0.0256118706030679,-0.0277340248719952,0.008741362876475867
8215.5498046875,8308.0,8185.14990234375,8285.599609375,174600.0,18.739999771118164,18.899999618530277,16.75,17.40999984741211,0.0,0.0087413628764758,0,35.62815943773474,8504.90155747639,-93.82745942142355,123.78703507523764,122.85009765625,-0.0709711814274316,-0.0134194060623552,-0.0109994199665781,-0.005533650132347967
8274.7998046875,8308.2001953125,8219.2001953125,8239.75,160400.0,17.40999984741211,17.889999389648438,15.729999542236328,17.239999771118164,0.0,-0.0055336501323479,0,33.86175426300278,8479.649028192925,-102.89061842063713,121.3022468555778,89.0,-0.0097645076268748,-0.007886577767075,-0.0225334461382298,-0.007069389241178392
8224.5,8229.400390625,8144.75,8181.5,267700.0,17.239999771118164,18.1200008392334,16.309999465942383,17.229999542236328,0.0,-0.0070693892411783,2,31.71071680396362,8451.253882650743,-113.46556500497172,119.42351493732224,84.650390625,-0.0005800596876218,-0.0039323827528724,-0.0258147255670122,0.01838907233545184
8230.0498046875,8346.0,8220.4501953125,8331.9501953125,131700.0,17.229999542236328,18.280000686645508,16.959999084472656,17.309999465942383,0.0,0.0183890723354518,1,41.96509452560082,8439.891626713767,-108.45599971130288,122.64326387037065,125.5498046875,0.0046430601179034,0.0055941136577557,0.0032148575072996,-0.0008581893143123631
8338.400390625,8355.650390625,8280.599609375,8324.7998046875,155500.0,17.309999465942383,18.06999969482422,16.270000457763672,17.360000610351562,0.0,-0.0008581893143123,0,41.64502700908624,8428.930500806504,-103.86556234063572,119.24380082605845,75.05078125,0.0028885699567788,0.0103218914029552,0.0135138428789869,-0.02736399793773192
8316.599609375,8331.9501953125,8083.0,8097.0,209600.0,17.360000610351562,20.459999084472656,16.709999084472656,19.670000076293945,0.0,-0.0273639979377319,1,33.007738488176415,8397.318072158265,-117.25747688466436,128.5085432893757,248.9501953125,0.1330644806869971,-0.0103281794292,-0.0227623368575042,-0.004903074634123761
8077.0,8122.60009765625,7997.14990234375,8057.2998046875,161600.0,19.670000076293945,20.030000686645508,18.34000015258789,19.649999618530277,0.0,-0.0049030746341237,2,31.771023938721758,8364.935380018193,-129.580417228879,128.290089862456,125.4501953125,-0.0010168000857191,-0.0329635180464132,-0.022142685799023,0.01665572816769534
8131.5,8224.9501953125,8123.4501953125,8191.5,183100.0,19.649999618530277,19.649999618530277,17.440000534057617,19.11000061035156,0.0,0.0166557281676953,2,39.9601654342034,8348.417724778365,-127.05301397244877,131.10153991692343,101.5,-0.0274808660896604,-0.0160123736083649,0.0012222697549348,0.01632790087285607
8243.2001953125,8332.75,8224.650390625,8325.25,192000.0,19.11000061035156,19.280000686645508,16.770000457763672,18.6299991607666,0.0,0.016327900872856,0,46.81202290826584,8346.211274799472,-112.95544146131397,131.82642992285747,108.099609375,-0.0251178144560054,0.028189452883784,-0.0008041569086993,-0.02381908107113906
8326.150390625,8326.650390625,8115.2998046875,8126.9501953125,173400.0,18.6299991607666,21.32999992370605,17.219999313354492,20.549999237060547,0.0,-0.023819081071139,2,39.59690750429442,8325.329267229285,-116.44188113323251,137.5067267810462,211.3505859375,0.1030595900582391,0.0086443836413383,-0.0237662903633545,0.013350641678914421
8181.5498046875,8254.9501953125,8089.7998046875,8235.4501953125,169800.0,20.549999237060547,21.43000030517578,18.100000381469727,20.690000534057617,0.0,0.0133506416789144,1,44.6259392908742,8316.769355618162,-109.19117852709132,139.48127419847148,165.150390625,0.0068127154352681,0.0053653415506926,0.0170989496495614,-0.0013660455388829762
8232.4501953125,8236.25,8137.2998046875,8224.2001953125,134800.0,20.690000534057617,21.90999984741211,19.81999969482422,20.700000762939453,0.0,-0.0013660455388829,1,44.21488313573385,8307.953245112862,-103.16352060459212,136.5861971351878,98.9501953125,0.0004833363278737,-0.0121377501801748,0.0207141839910067,0.004638677701966021
8240.2998046875,8279.2001953125,8212.2001953125,8262.349609375,129800.0,20.700000762939453,20.979999542236328,19.100000381469727,19.81999969482422,0.0,0.004638677701966,2,46.03033015648817,8303.610041709255,-94.22208583292375,131.6157544826744,67.0,-0.0425121273275872,0.0166605443380958,0.0086491618598547,0.013470838987944989
8284.9501953125,8384.599609375,8271.9501953125,8373.650390625,148700.0,19.81999969482422,20.46999931335449,16.770000457763672,17.899999618530273,0.0,0.0134708389879449,1,51.03678374236513,8310.280551129803,-77.2642374553161,130.94677201962622,112.6494140625,-0.0968718519604888,0.016781134247058,0.0058136861505659,-0.0009553778372400901
8356.2001953125,8427.7998046875,8335.0,8365.650390625,140300.0,17.899999618530273,18.520000457763672,14.869999885559082,18.270000457763672,0.0,-0.00095537783724,2,50.67292495817199,8315.553869176965,-63.73584641923844,128.22198863876005,92.7998046875,0.0206704383865108,0.0171992646036416,0.0293714357263046,0.006885251795789804
8392.650390625,8440.349609375,8391.4501953125,8423.25,123600.0,18.270000457763672,18.270000457763672,15.56999969482422,17.719999313354492,0.0,0.0068852517957898,1,53.256860518470994,8325.810643541065,-47.81550458704805,124.39893364670576,48.8994140625,-0.0301040575056724,0.019473926695432,0.0228038298130188,-0.00026711779894939003
8434.5,8446.349609375,8382.5,8421.0,143800.0,17.719999313354492,18.059999465942383,16.139999389648438,17.40999984741211,0.0,-0.0002671177989493,1,53.13975872231707,8334.876296537153,-34.97688344117705,120.0739819130125,63.849609375,-0.0174943271983512,0.0056545959248563,0.0239293548325427,0.004506613859696085
8432.5,8489.5498046875,8420.599609375,8458.9501953125,187300.0,17.40999984741211,17.440000534057617,14.199999809265137,16.950000762939453,0.0,0.004506613859696,0,54.93946056905941,8346.692858325281,-21.492171710038747,116.42228287011876,68.9501953125,-0.0264215444287343,0.011152725769183,0.0237947551522661,-0.010485957862909845
8438.150390625,8441.9501953125,8364.150390625,8370.25,121300.0,16.950000762939453,17.700000762939453,14.68000030517578,16.93000030517578,0.0,-0.0104859578629098,1,50.09662468417813,8348.936395627636,-17.758100644077786,114.87782014278886,77.7998046875,-0.0011799679565444,-0.0062921081530288,-0.0004060822301354,-0.0036916926764433144
8377.099609375,8378.900390625,8320.0498046875,8339.349609375,116800.0,16.93000030517578,17.84000015258789,15.289999961853027,17.06999969482422,0.0,-0.0036916926764433,1,48.49294367726628,8348.02336836548,-17.095163298734406,110.8758748424111,58.8505859375,0.0082693081585849,-0.0096960444869967,-0.0031439015524094,-0.0005695887835976965
8302.75,8342.849609375,8277.9501953125,8334.599609375,165500.0,17.06999969482422,17.969999313354492,16.90999984741211,17.280000686645508,0.0,-0.0005695887835976,1,48.23731652434138,8346.74491512829,-16.759868645844108,107.59184192956027,64.8994140625,0.0123023430331379,-0.0147004750076916,-0.0105244876532217,-0.00187166871908917
8345.7001953125,8364.5,8270.150390625,8319.0,232300.0,17.280000686645508,17.719999313354492,16.600000381469727,17.1299991607666,0.0,-0.0018716687190891,2,47.35445203730644,8344.10254225893,-17.550591034367244,106.64596817566311,94.349609375,-0.0086806435137952,-0.0061228756608225,-0.0121125757035981,0.013781751487558669
8327.099609375,8443.900390625,8305.7001953125,8433.650390625,363900.0,17.1299991607666,17.709999084472656,16.440000534057617,16.65999984741211,0.0,0.0137817514875586,1,54.015852545628746,8352.630908769985,-8.824196034955094,108.89984154258003,138.2001953125,-0.0274372058599364,0.0113079299546319,-0.002990891789565,-2.964315431874809e-05
8417.25,8467.150390625,8405.400390625,8433.400390625,122200.0,16.65999984741211,17.459999084472656,16.059999465942383,16.90999984741211,0.0,-2.964315431874809e-05,0,53.99980734103869,8360.323240375224,-1.9066592572398804,105.53199571811004,61.75,0.0150060025383993,0.011854292453217,0.0075446241898389,-0.023353592405198742
8442.7998046875,8445.349609375,8226.0498046875,8236.4501953125,146800.0,16.90999984741211,17.139999389648438,16.030000686645508,16.81999969482422,0.0,-0.0233535924051987,0,43.13034531092956,8348.52580751211,-12.176335091568037,113.6582677873522,219.2998046875,-0.0053223035718515,-0.0099230441985214,-0.012339021492374,-0.012305070176218624
8232.4501953125,8236.7001953125,8094.14990234375,8135.10009765625,171400.0,16.81999969482422,17.920000076293945,15.859999656677246,17.510000228881836,0.0,-0.0123050701762186,1,38.8019956178812,8328.1995494306,-28.16852383358855,115.72198387173776,142.55029296875,0.0410226246478435,-0.0353998896255676,-0.0239363042100243,-0.0005470363313393456
8155.14990234375,8160.0498046875,8056.75,8130.64990234375,154700.0,16.81999969482422,18.670000076293945,16.469999313354492,18.1200008392334,0.0,-0.0005470363313393,1,38.61873168770615,8309.38529732709,-40.73200895459013,114.8346853585779,103.2998046875,0.0348372702671584,-0.0358989819358989,-0.022640954159905,-0.001961676769116849
8119.14990234375,8191.0,8100.14990234375,8114.7001953125,162100.0,18.1200008392334,18.3799991607666,17.690000534057617,18.09000015258789,0.0,-0.0019616767691168,0,37.92732516807848,8290.843859039986,-51.38335416636073,113.12150052269736,90.85009765625,-0.0016556669567338,-0.0147818534821335,-0.0378187594386234,-0.008694134258897646
8124.35009765625,8131.0,8030.5498046875,8044.14990234375,135900.0,18.09000015258789,19.06999969482422,17.15999984741211,18.88999938964844,0.0,-0.0086941342588976,1,34.94692090742184,8267.349196497487,-64.77080351022778,112.21640729339754,100.4501953125,0.0442232852577451,-0.0111799724921274,-0.0461558173751551,-0.0027038282806817193
8026.5,8057.14990234375,8005.14990234375,8022.39990234375,136000.0,18.88999938964844,19.1200008392334,16.479999542236328,18.010000228881836,0.0,-0.0027038282806817,2,34.05835080192601,8244.02069229237,-76.25645979376714,107.91523534386911,52.0,-0.0465854520487085,-0.0133138188582927,-0.0259881730469965,0.012720668903445809
8024.14990234375,8152.25,8023.7998046875,8124.4501953125,136800.0,18.010000228881836,18.020000457763672,16.709999084472656,17.079999923706055,0.0,0.0127206689034458,0,41.56575648713675,8232.633025913336,-76.24540975294894,109.4820112233249,128.4501953125,-0.0516379951891605,0.0012015231327502,-0.0013091298467019,-0.019582875620068996
8157.2998046875,8163.0498046875,7958.25,7965.35009765625,166200.0,17.079999923706055,17.950000762939453,15.949999809265137,17.809999465942383,0.0,-0.0195828756200689,1,34.89552777863935,8207.177508936471,-88.05960443710501,116.29042504219456,204.7998046875,0.0427400202281693,-0.0097959145023566,-0.0203304541055014,0.0022032684655837187
7959.85009765625,7995.60009765625,7940.2998046875,7982.89990234375,136600.0,17.809999465942383,18.209999084472656,16.079999923706055,17.479999542236328,0.0,0.0022032684655837,1,36.11339893279709,8185.817736880022,-94.9122271981987,111.93398703694852,55.30029296875,-0.0185289126109804,-0.0049237136618507,-0.0162421641954049,0.003883300602441242
7986.60009765625,8057.7001953125,7944.85009765625,8013.89990234375,133000.0,17.479999542236328,18.020000457763672,15.350000381469728,17.520000457763672,0.0,0.0038833006024412,1,38.308672884100936,8169.444609781329,-96.72653588910543,111.99942350975576,112.85009765625,0.0022883819550847,-0.0136071106734746,-0.0037604968041664,0.004167746384501569
8004.2001953125,8061.85009765625,7952.35009765625,8047.2998046875,124000.0,17.520000457763672,17.860000610351562,14.09000015258789,17.170000076293945,0.0,0.0041677463845015,2,40.67400515613398,8157.811771200964,-94.38132643274548,111.82089325905892,109.5,-0.0199771902011925,0.0102882743415588,0.0031037971987004,0.005498738840850059
8084.2001953125,8136.85009765625,8048.9501953125,8091.5498046875,152500.0,17.170000076293945,17.190000534057617,14.300000190734863,16.729999542236328,0.0,0.00549873884085,2,43.75105940466557,8151.501107723492,-87.93842641499668,110.23013609546544,87.89990234375,-0.0256261230112113,0.01361033003957,-0.0040495528723878,0.010263830165222254
8113.7001953125,8186.89990234375,8101.7998046875,8174.60009765625,144800.0,16.729999542236328,16.729999542236328,14.239999771118164,16.020000457763672,0.0,0.0102638301652222,2,49.08833913921276,8153.701011526612,-75.26332837036352,109.16727620695004,85.10009765625,-0.0424386792528118,0.0200526831219218,0.0262700317543569,0.006159334653041526
8201.150390625,8250.7998046875,8195.650390625,8224.9501953125,147100.0,16.020000457763672,16.020000457763672,14.90999984741211,15.09000015258789,0.0,0.0061593346530415,2,52.05837826720688,8160.486648077649,-60.45846224463549,106.8124498372572,55.1494140625,-0.0580524518477826,0.0220757763394772,0.0303210983389237,0.015580570218593381
8259.2998046875,8369.4501953125,8257.400390625,8353.099609375,122700.0,15.09000015258789,15.75,13.739999771118164,15.489999771118164,0.0,0.0155805702185933,1,58.66741891856466,8178.830739629778,-37.947477551462725,109.50441770602454,112.0498046875,0.0265075953933422,0.0323238206525011,0.0423264217378167,0.003405944696333929
8377.4501953125,8398.4501953125,8334.9501953125,8381.5498046875,131700.0,15.489999771118164,16.540000915527344,14.829999923706056,15.039999961853027,0.0,0.0034059446963339,1,59.98624733541887,8198.137317254323,-17.60868504554128,106.21838786987992,63.5,-0.0290509887614189,0.0253161872824316,0.0415356713571553,-0.002469733616678238
8399.400390625,8421.349609375,8338.900390625,8360.849609375,130100.0,15.039999961853027,16.610000610351562,14.949999809265137,15.920000076293944,0.0,-0.0024697336166782,1,58.52307072558993,8213.63372602772,-3.1243625083316147,104.52059007560278,82.44921875,0.0585106460553803,0.0165228251643336,0.0332816099743329,0.00444337505883885
8336.25,8423.150390625,8329.5,8398.0,201200.0,15.920000076293944,16.709999084472656,15.479999542236328,15.93000030517578,0.0,0.0044433750588388,1,60.3903927395076,8231.192418786984,11.222922634875433,103.74414725770258,93.650390625,0.0006281550775069,0.0053752969226665,0.027328542029573,-0.0020124304149797823
8393.9501953125,8408.5498046875,8339.7001953125,8381.099609375,110600.0,15.93000030517578,16.520000457763672,15.520000457763672,15.760000228881836,0.0,-0.0020124304149797,0,59.08715472342063,8245.469294081082,20.9875972398404,101.25168026608095,68.849609375,-0.0106716932226743,-5.3712657323568e-05,0.0189848461515902,-0.00748102536329065
8247.0498046875,8329.4501953125,8195.650390625,8318.400390625,132000.0,15.760000228881836,18.770000457763672,15.760000228881836,17.299999237060547,0.0,-0.0074810253632906,2,54.39706228545791,8252.41511279955,23.39716134925948,107.26579015778948,133.7998046875,0.0977156716886655,-0.00507714176588,-0.0041540530309318,0.006022745602803914
8316.349609375,8378.0,8298.9501953125,8368.5,158500.0,17.299999237060547,17.84000015258789,16.780000686645508,16.93000030517578,0.0,0.0060227456028039,2,57.312765014475886,8263.470816342451,29.01491219596392,105.25036262419738,79.0498046875,-0.0213872224394173,-0.0035127411288401,-0.0015569679822461,0.01010334046573469
8376.25,8481.599609375,8370.150390625,8453.0498046875,131800.0,16.93000030517578,17.100000381469727,15.720000267028809,15.850000381469728,0.0,0.0101033404657346,1,61.7567095235088,8281.525958089598,39.830343436162366,105.81102310639756,111.44921875,-0.0637920793997789,0.0085848156764558,0.0110276107836118,-0.0009640797405430224
8471.9501953125,8479.25,8433.2001953125,8444.900390625,112000.0,15.850000381469728,16.079999923706055,15.15999984741211,15.5600004196167,0.0,-0.000964079740543,1,61.096494572861445,8297.085427854874,47.19996914431067,101.54236464790488,46.0498046875,-0.0182965271213536,0.0152072506803793,0.0055847095290544,0.004736586359787687
8440.099609375,8497.75,8424.150390625,8484.900390625,88400.0,15.5600004196167,16.389999389648438,14.789999961853027,16.309999465942383,0.0,0.0047365863597876,1,63.17731657391,8314.972567166315,55.62688422454812,99.5464535569831,73.599609375,0.0482004515488412,0.0139093494204456,0.0123851029206107,0.004390151714822377
8386.150390625,8533.150390625,8386.150390625,8522.150390625,101500.0,16.309999465942383,17.049999237060547,15.890000343322754,16.020000457763672,0.0,0.0043901517148223,1,65.05196538985584,8334.703788448094,64.56675348428325,102.93599258862716,147.0,-0.0177804425306248,0.008174633716127,0.0244938919061445,-0.0013318922357890006
8525.5,8561.349609375,8483.849609375,8510.7998046875,122200.0,16.020000457763672,16.56999969482422,15.220000267028809,16.309999465942383,0.0,-0.001331892235789,0,63.98304326096897,8351.474837613752,69.9296612513499,101.11913597515378,77.5,0.0181023096062504,0.0078034566441609,0.0170042187593355,-0.01736029555278973
8439.2001953125,8457.5,8341.400390625,8363.0498046875,188100.0,16.309999465942383,18.3799991607666,15.4399995803833,17.790000915527344,0.0,-0.0173602955527897,1,52.00413106472814,8352.5772154303,61.548125612995136,105.99629869567852,116.099609375,0.0907419679979399,-0.0143608740618962,-0.0106470448038874,-0.004125289314989233
8364.849609375,8400.2998046875,8323.0,8328.5498046875,131300.0,17.790000915527344,18.07999992370605,16.290000915527344,17.440000534057617,0.0,-0.0041252893149892,1,49.665901741185245,8350.288890597652,51.52785551897978,103.94654912366578,77.2998046875,-0.0196739945732234,-0.0227173397632685,-0.0137776149576216,0.0038422055160178825
8365.7001953125,8377.099609375,8315.400390625,8360.5498046875,154100.0,17.440000534057617,17.6299991607666,16.239999771118164,17.06999969482422,0.0,0.0038422055160178,2,51.82935390293496,8351.26612051097,45.64271108043249,100.92888266840394,61.69921875,-0.0212156438017787,-0.0176540399783868,-0.0146555151165823,0.011853357524637564
8397.25,8471.650390625,8355.400390625,8459.650390625,117800.0,17.06999969482422,17.719999313354492,15.56999969482422,16.270000457763672,0.0,0.0118533575246375,1,57.868832242138,8361.588431950402,48.417157921821854,102.02324819208935,116.25,-0.0468658026574607,0.011550880144628,-0.0073338297419339,-0.0006561478304294432
8470.599609375,8480.25,8424.099609375,8454.099609375,101700.0,16.270000457763672,16.610000610351562,14.699999809265137,16.010000228881836,0.0,-0.0006561478304294,2,57.4344699187632,8370.399020276554,49.59630998648026,98.74661550872584,56.150390625,-0.0159803455173087,0.0150746297532899,-0.0066621465213259,0.008244543893853207
8463.400390625,8531.400390625,8462.9501953125,8523.7998046875,105500.0,16.010000228881836,16.030000686645508,14.1899995803833,15.56999969482422,0.0,0.0082445438938532,2,61.35680769639316,8385.008618791882,55.51507650096755,97.21477020453116,68.4501953125,-0.0274828562003304,0.0195262277976588,0.0192214567357831,0.009884089482447456
8546.150390625,8616.099609375,8542.900390625,8608.0498046875,116000.0,15.56999969482422,15.56999969482422,14.300000190734863,14.779999732971191,0.0,0.0098840894824474,1,65.49567138894717,8406.250636496226,66.24043400945811,96.86370123902891,73.19921875,-0.0507385984160063,0.0175420268226398,0.0335592638039687,0.00020908390731189108
8623.650390625,8642.9501953125,8593.150390625,8609.849609375,105000.0,14.779999732971191,15.140000343322754,13.289999961853027,14.800000190734863,0.0,0.0002090839073118,1,65.58048255948805,8425.641014865634,74.03218930873845,93.50199434249114,49.7998046875,0.0013532109692164,0.0184230145369099,0.0298185897472587,-0.0007432666484129546
8623.900390625,8624.099609375,8559.0,8603.4501953125,90600.0,14.800000190734863,15.619999885559082,12.729999542236328,14.960000038146973,0.0,-0.0007432666484129,0,64.96899846629853,8442.57522252724,78.78267465437057,91.47325255909892,65.099609375,0.0108108003614941,0.0093444698902005,0.0169983153023509,-0.00860120048586066
8601.5,8646.75,8517.900390625,8529.4501953125,164100.0,14.960000038146973,15.3100004196167,13.010000228881836,15.100000381469728,0.0,-0.0086012004858606,2,58.20997212309628,8450.84902945917,75.7036227211247,94.1429923316633,128.849609375,0.0093583116955724,-0.009130942682534,0.0089129049123033,0.012198887654526924
8512.25,8643.900390625,8498.650390625,8633.5,136800.0,15.100000381469728,15.350000381469728,13.5,15.130000114440918,0.0,0.0121988876545269,0,63.897340914422415,8468.244359986867,80.72881006791431,97.79349287940164,145.25,0.0019867372326696,0.0027468993882597,0.0128698699906317,-0.005061700968610694
8643.9501953125,8654.75,8573.7998046875,8589.7998046875,132900.0,15.130000114440918,15.739999771118164,13.100000381469728,15.520000457763672,0.0,-0.0050617009686106,0,60.192191892268696,8479.821069005975,80.25988075550958,96.5904001960515,80.9501953125,0.0257766252724953,-0.0015866181956207,-0.0021201085511914,-0.00794547038951432
8588.150390625,8589.150390625,8513.5,8521.5498046875,127400.0,15.520000457763672,15.93000030517578,12.06999969482422,15.460000038146973,0.0,-0.0079454703895143,0,54.84345020779468,8483.795234308978,73.53339903490087,95.14107194544069,75.650390625,-0.0038660063045735,-0.000926248520607,-0.0102556732920576,-0.01884044667546103
8492.099609375,8492.2001953125,8351.5498046875,8361.0,136600.0,15.460000038146973,17.049999237060547,12.93000030517578,16.3700008392334,0.0,-0.018840446675461,1,44.76598286814794,8472.100450089076,54.61798421849926,100.48813823505206,140.650390625,0.0588616299379711,-0.031563097237505,-0.0281805775367417,-0.002870470039468942
8371.099609375,8397.400390625,8321.75,8337.0,174600.0,16.3700008392334,16.56999969482422,15.59000015258789,15.920000076293944,0.0,-0.0028704700394689,1,43.479806927802784,8459.233740556783,37.261257690339335,98.71401340576264,75.650390625,-0.0274893549095582,-0.0294302324193336,-0.0225630246857252,0.004563968416396724
8365.599609375,8381.5,8338.4501953125,8375.0498046875,141000.0,15.920000076293944,16.34000015258789,14.130000114440918,15.880000114440918,0.0,0.0045639684163967,2,46.12272530075833,8451.216222854946,26.27336511268913,94.8415838767796,43.0498046875,-0.0025125604058626,-0.0171917084753073,-0.02993573814936,0.005582056356707721
8417.0,8458.900390625,8408.2998046875,8421.7998046875,215200.0,15.880000114440918,15.880000114440918,14.65999984741211,15.329999923706056,0.0,0.0055820563567077,2,49.2619864148666,8448.41465921995,21.09455052777412,94.05651259540248,50.6005859375,-0.0346347724667019,0.0072718340733763,-0.0195580809588044,0.013185994355469077
8456.099609375,8548.9501953125,8448.0,8532.849609375,203300.0,15.329999923706056,15.579999923706056,14.5,14.56999969482422,0.0,0.013185994355469,1,55.84365231176616,8456.45608304424,25.65535485337932,96.42036102608802,100.9501953125,-0.0495760099585248,0.0234916168136021,0.0013260269489105,0.0011954031512864116
8510.650390625,8563.9501953125,8508.099609375,8543.0498046875,156700.0,14.56999969482422,15.649999618530272,14.279999732971191,15.390000343322754,0.0,0.0011954031512864,1,56.403066767398606,8464.703104153123,29.749956673544148,93.52251994833172,55.8505859375,0.0562800731416506,0.0200595822016449,0.0217736879186101,-0.00306089917070973
8564.099609375,8565.150390625,8448.25,8516.900390625,187400.0,15.390000343322754,15.699999809265137,14.279999732971191,14.829999923706056,0.0,-0.0030608991707097,2,54.49694409150058,8469.674274293302,30.53295405274912,95.19236785380802,116.900390625,-0.0363872909112484,0.0112921926598834,0.0215785523119826,0.005993941733038577
8547.4501953125,8591.849609375,8545.849609375,8567.9501953125,132800.0,14.829999923706056,14.880000114440918,13.6899995803833,14.670000076293944,0.0,0.0059939417330385,1,57.51547549123416,8479.03388581894,34.87080873742525,93.74642863210744,46.0,-0.0107889311014995,0.0041135830987732,0.0230327454909025,0.002416003226048735
8585.7998046875,8606.2998046875,8551.5,8588.650390625,134900.0,14.670000076293944,15.010000228881836,12.890000343322754,14.729999542236328,0.0,0.0024160032260487,1,58.71152462751202,8489.473552943327,39.52332233311063,90.96452692177834,54.7998046875,0.0040899431240861,0.0053377408513384,0.0198117492468334,-0.002800298085977815
8580.7998046875,8595.9501953125,8552.7001953125,8564.599609375,143700.0,14.729999542236328,15.06999969482422,13.170000076293944,14.90999984741211,0.0,-0.0028002980859778,1,56.71375195679404,8496.62841546063,40.79946499545076,87.55634642736561,43.25,0.0122199803645379,0.0056005373507133,0.0037209140502272,-0.004553627931107251
8577.0,8621.5498046875,8497.7998046875,8525.599609375,123400.0,14.90999984741211,15.619999885559082,14.239999771118164,15.470000267028809,0.0,-0.0045536279311072,0,53.53276086066025,8499.387576785806,38.22322958850418,90.14160739683948,123.75,0.037558713973689,-0.0049429075767352,-0.0020426189372002,-0.007418833032042493
8548.4501953125,8556.25,8441.2998046875,8462.349609375,154400.0,15.470000267028809,16.09000015258789,13.550000190734863,15.890000343322754,0.0,-0.0074188330320424,0,48.75650837268584,8495.860151318111,30.723635129061226,91.91364939081524,114.9501953125,0.0271493257300772,-0.014705544585662,-0.0064050040211867,-0.013341379081930671
8445.7001953125,8446.9501953125,8337.9501953125,8349.4501953125,190000.0,15.890000343322754,17.719999313354492,14.789999961853027,17.450000762939453,0.0,-0.0133413790819306,1,41.61860035486115,8481.916345984244,15.491536523326433,94.23406115307844,109.0,0.0981749770869098,-0.0251207790060603,-0.0255020156535854,0.0007664473603414823
8384.4501953125,8429.5,8339.75,8355.849609375,189200.0,17.450000762939453,17.450000762939453,16.25,17.020000457763672,0.0,0.0007664473603414,2,42.13570946600076,8469.909990116697,3.891508976545083,93.9137710707157,89.75,-0.024641850222094,-0.0199106230385647,-0.0271056301819102,0.01947141259339502
8402.349609375,8530.099609375,8381.2001953125,8518.5498046875,155900.0,17.020000457763672,17.020000457763672,15.140000343322754,16.020000457763672,0.0,0.019471412593395,1,53.42973871494761,8474.542353409155,7.737753584746315,99.65207313709314,148.8994140625,-0.0587544050002566,0.0066412046188966,-0.0053767609447956,-0.004842373519645449
8530.5,8530.599609375,8428.0498046875,8477.2998046875,174700.0,16.020000457763672,17.200000762939453,15.289999961853027,16.459999084472656,0.0,-0.0048423735196454,1,50.72644482277787,8474.804967816617,7.372415273966908,99.8590539621222,102.5498046875,0.0274655814067565,0.0153123387030653,-0.0056652677700683,-0.0012680924643075908
8505.849609375,8525.75,8433.599609375,8466.5498046875,153300.0,16.459999084472656,16.65999984741211,15.100000381469728,16.360000610351562,0.0,-0.0012680924643075,1,50.01622898606128,8474.01876180432,6.144615568666268,99.30843515232776,92.150390625,-0.0060752417790488,0.0132482273482157,0.0004963391382277,0.0033780685872379923
8468.0498046875,8520.4501953125,8425.9501953125,8495.150390625,130500.0,16.360000610351562,16.989999771118164,14.949999809265137,16.68000030517578,0.0,0.0033780685872379,0,51.94399679565635,8476.03129788248,7.394168346494553,98.96497549859006,94.5,0.0195598828169811,-0.0027468776492477,0.0174502741982098,-0.014408266481082843
8471.0498046875,8501.349609375,8359.75,8372.75,184100.0,16.68000030517578,17.200000762939453,15.470000267028809,16.979999542236328,0.0,-0.0144082664810828,0,44.10430108066459,8466.194983798434,-1.475235063715445,102.0103064897622,141.599609375,0.0179855654419536,-0.0123329134389807,0.0020225819533705,-0.008694849922367243
8305.400390625,8322.2001953125,8225.0498046875,8299.9501953125,201300.0,16.979999542236328,18.729999542236328,15.1899995803833,17.110000610351562,0.0,-0.0086948499223672,0,40.21653124089421,8450.362146799773,-14.214777880817564,105.27386997710062,97.150390625,0.0076561290706673,-0.0196773908165948,-0.0256615990264811,-0.05915098088055637
8055.9501953125,8060.0498046875,7769.39990234375,7809.0,312400.0,17.110000610351562,30.649999618530277,17.110000610351562,28.1299991607666,0.0,-0.0591509808805563,2,24.519376692061652,8389.280037580747,-63.19802754443481,135.65075733364702,290.64990234375,0.6440676889133441,-0.0807696578723569,-0.0788340415090622,0.009181738418811536
7895.39990234375,7925.39990234375,7667.25,7880.7001953125,299100.0,28.1299991607666,35.56999969482422,26.07999992370605,26.850000381469727,0.0,0.0091817384188115,0,28.88498925032758,8340.843862126629,-95.13533830958112,144.4006962629401,258.14990234375,-0.0455029796475113,-0.0587680039040339,-0.0691957908344961,-0.011274391291918318
7865.25,7930.0498046875,7777.10009765625,7791.85009765625,216600.0,26.850000381469727,29.049999237060547,23.530000686645508,25.520000457763672,0.0,-0.0112743912919183,2,26.81525804772589,8288.558741700877,-126.16104156186702,145.01133988924795,152.94970703125,-0.0495344471065237,-0.0612172465737451,-0.0827884452457594,0.02016210472317792
7921.60009765625,7963.60009765625,7862.2998046875,7948.9501953125,305000.0,25.520000457763672,25.520000457763672,21.520000457763672,22.040000915527344,0.0,0.0201621047231779,2,35.601812590273425,8256.21507061627,-136.4989945355319,146.9212441828731,101.30029296875,-0.1363636159801731,0.0179216539009476,-0.0506165602325997,0.006667547122292117
8053.7001953125,8091.7998046875,7961.64990234375,8001.9501953125,195600.0,22.040000915527344,23.670000076293945,19.799999237060547,23.32999992370605,0.0,0.0066675471222921,1,38.29343142052058,8231.999368206387,-138.81506601591718,146.63041312516788,130.14990234375,0.0585298981212789,0.0153856887072192,-0.0359038299010877,-0.003830365083121179
8009.25,8043.60009765625,7947.9501953125,7971.2998046875,198200.0,23.32999992370605,24.739999771118164,22.68000030517578,24.600000381469727,0.0,-0.0038303650831211,0,37.32191823578477,8207.170838347445,-141.49275926532573,142.98894806935232,95.64990234375,0.0544363678489856,0.0230304362612452,0.0207836860913688,-0.023264675971940818
7907.9501953125,7929.10009765625,7746.5,7785.85009765625,184900.0,24.600000381469727,30.440000534057617,24.440000534057617,28.71999931335449,0.0,-0.0232646759719408,0,32.027457843357325,8167.045053519712,-156.77192280777945,148.8325806849343,182.60009765625,0.1674796287803397,-0.0205184450334624,-0.0120357449599044,-0.0088429775544967
7856.64990234375,7862.5498046875,7699.25,7717.0,215300.0,28.71999931335449,28.71999931335449,26.3799991607666,26.649999618530277,0.0,-0.0088429775544967,2,30.30842487544578,8124.183619851168,-172.4485182987155,149.8659538279747,163.2998046875,-0.0720752000109447,-0.0356100935843642,-0.0096062034970056,0.013735907736166952
7774.4501953125,7845.60009765625,7754.0498046875,7823.0,155800.0,26.649999618530277,26.649999618530277,23.71999931335449,24.1200008392334,0.0,0.0137359077361669,0,36.00355408148332,8095.499465579629,-174.3096854976111,148.3469641014229,91.55029296875,-0.094934289512624,-0.0186042186746373,-0.0158448841944905,-0.021468770971813878
7803.39990234375,7804.89990234375,7626.85009765625,7655.0498046875,193600.0,24.1200008392334,27.25,23.420000076293945,26.420000076293945,0.0,-0.0214687709718138,0,31.597628822647977,8053.551878827998,-187.1791661427851,151.76145969016056,178.0498046875,0.0953565156315991,-0.0167997445787101,-0.0433519807244254,-0.01257339958011272
7685.85009765625,7705.0498046875,7545.89990234375,7558.7998046875,141400.0,26.420000076293945,26.82999992370605,24.51000022888184,26.350000381469727,0.0,-0.0125733995801127,2,29.378767157527196,8006.43263367176,-202.8070593417924,152.28920559398836,159.14990234375,-0.0026494963899348,-0.0205002196854348,-0.0517481477434119,0.017125760525132927
7587.7001953125,7720.89990234375,7539.5,7688.25,172200.0,26.350000381469727,26.440000534057617,23.84000015258789,24.56999969482422,0.0,0.0171257605251329,2,35.89851064581971,7976.129525703021,-202.41343234353008,154.3685410761142,181.39990234375,-0.0675522072438855,-0.0172248498018663,-0.0125355736922844,0.01695445617094271
7805.85009765625,7846.0498046875,7764.5498046875,7818.60009765625,208400.0,24.56999969482422,24.65999984741211,21.350000381469727,24.299999237060547,0.0,0.0169544561709427,1,41.731880963157685,7961.1267230319,-189.40003095244447,154.61363133407033,81.5,-0.0109890297565021,0.0213650201032788,0.0131657506357716,-0.0039009540862875447
7729.0498046875,7819.85009765625,7678.5,7788.10009765625,160300.0,24.299999237060547,25.84000015258789,24.020000457763672,24.75,0.0,-0.0039009540862875,1,40.79637583363462,7944.647996805647,-179.47898962378804,153.6662360713689,141.35009765625,0.0185185504966249,0.0303355425323677,-0.004461191658411,0.00015404360706794407
7833.7998046875,7864.85009765625,7759.89990234375,7789.2998046875,136400.0,24.75,25.26000022888184,23.26000022888184,24.979999542236328,0.0,0.0001540436070679,2,40.852541943661095,7929.852930889633,-169.56504625982598,150.18651887430684,104.9501953125,0.0092929107974273,0.0131434077569667,0.0175374430507027,0.010649249276883932
7811.10009765625,7879.9501953125,7761.85009765625,7872.25,122800.0,24.979999542236328,25.270000457763672,23.459999084472656,24.31999969482422,0.0,0.0106492492768839,0,44.75506445343478,7924.366937471573,-153.2482369182908,147.89463164444564,118.10009765625,-0.0264211312852979,0.0068618296975992,0.0414682493797649,-0.005481266771729776
7867.35009765625,7880.0,7799.75,7829.10009765625,136500.0,24.31999969482422,24.559999465942383,22.700000762939453,23.739999771118164,0.0,-0.0054812667717297,2,43.15978882472016,7915.293905108209,-142.16015073318886,143.06287224127095,80.25,-0.0238486813727012,0.0052644418389458,0.0183201765884628,0.008947363530129149
7886.85009765625,7913.89990234375,7853.2998046875,7899.14990234375,140000.0,23.739999771118164,23.739999771118164,21.600000381469727,22.0,0.0,0.0089473635301291,2,46.49410638893345,7913.756381035404,-126.26482641670646,138.90122455885873,60.60009765625,-0.0732940095995716,0.0141026922073461,0.0103023308113234,0.010475810818002973
7967.4501953125,8055.0,7955.85009765625,7981.89990234375,241800.0,22.0,22.0,17.8799991607666,18.290000915527344,0.0,0.0104758108180029,1,50.20980803762458,7920.246240207627,-105.77116974234924,140.11185835152952,99.14990234375,-0.1686363220214843,0.0139286610999078,0.0248840926872295,-0.0006013361162410247
7911.5,7987.89990234375,7908.35009765625,7977.10009765625,121800.0,18.290000915527344,18.920000076293945,16.989999771118164,18.18000030517578,0.0,-0.000601336116241,0,49.99294368528012,7925.660893297972,-88.8924069697905,135.78599737552742,79.5498046875,-0.0060142484879909,0.0189038328995572,0.0241100352634693,-0.02069675641963653
8014.7998046875,8021.60009765625,7787.75,7812.0,168400.0,18.18000030517578,21.25,17.209999084472656,20.350000381469727,0.0,-0.0206967564196365,1,43.09752848410793,7914.836046317212,-87.82566436022535,142.79057596700758,233.85009765625,0.1193619383865551,-0.0110328204200672,-0.0076534662898154,0.004345903137800811
7737.35009765625,7882.89990234375,7723.25,7845.9501953125,146700.0,20.350000381469727,22.190000534057617,19.770000457763672,20.690000534057617,0.0,0.0043459031378008,1,44.78406509269003,7908.275489078668,-83.28075739777069,143.99481356534633,159.64990234375,0.0167076238926013,-0.0170322490502957,0.0021522393948307,0.002874069312977845
7838.39990234375,7894.5,7804.10009765625,7868.5,202500.0,20.690000534057617,21.56999969482422,19.3799991607666,20.8799991607666,0.0,0.0028740693129778,0,45.93037795959518,7904.487347261652,-76.97201957578727,140.1666056209466,90.39990234375,0.0091831136686646,-0.0136139820645045,-0.0038801520065666,-0.009252056260723118
7892.7998046875,7893.9501953125,7787.9501953125,7795.7001953125,136300.0,20.8799991607666,22.239999771118164,20.770000457763672,21.670000076293945,0.0,-0.0092520562607231,2,42.83834885396215,7894.126666123637,-76.95949408263004,137.72613379087898,106.0,0.0378352944099611,-0.0020865085365463,-0.0233277426814856,0.006105879931557867
7725.7001953125,7926.5498046875,7691.2001953125,7843.2998046875,240700.0,21.670000076293945,23.6299991607666,20.440000534057617,21.56999969482422,0.0,0.0061058799315578,2,45.42532582992521,7889.286012653528,-72.27552955428473,144.69923918974476,235.349609375,-0.0046146922527758,-0.0003378036514408,-0.0167730492698796,0.013463733413981993
7924.25,7957.7001953125,7874.5,7948.89990234375,210700.0,21.56999969482422,21.56999969482422,19.3700008392334,19.6299991607666,0.0,0.0134637334139819,1,50.750515732781615,7894.963525957359,-59.35816460303977,142.53503572083443,83.2001953125,-0.0899397571397798,0.0102179452683166,0.0175243090557795,0.00025160714370175974
7992.0498046875,8008.25,7930.64990234375,7950.89990234375,156900.0,19.6299991607666,20.11000061035156,18.239999771118164,19.239999771118164,0.0,0.0002516071437017,2,50.84833682901737,7900.290799898919,-48.40173149761449,137.8968258590784,77.60009765625,-0.0198675194254672,0.01990837296752,0.0133762902412957,0.02117998017986733
8005.10009765625,8128.89990234375,8005.10009765625,8119.2998046875,183100.0,19.239999771118164,19.459999084472656,18.059999465942383,19.1299991607666,0.0,0.0211799801798673,1,58.349777624387976,7921.148800354975,-25.832434359131184,140.76133829771567,123.7998046875,-0.0057172875083235,0.0351892706989283,0.0318739028642689,0.004138299910646515
8180.4501953125,8180.9501953125,8096.5,8152.89990234375,178500.0,19.1299991607666,19.899999618530277,17.389999389648438,19.309999465942383,0.0,0.0041382999106465,1,59.67227134344206,7943.220333877715,-5.175200214132019,136.73911379877168,84.4501953125,0.0094093211224464,0.0256639286575806,0.0458200928822316,0.0030050657181448504
8146.2001953125,8188.89990234375,8132.89990234375,8177.39990234375,193900.0,19.309999465942383,19.739999771118164,17.899999618530273,19.34000015258789,0.0,0.0030050657181448,0,60.653328964994586,7965.523149922099,13.022635087096203,130.97203424171656,56.0,0.0015536347734457,0.0284873414056228,0.0425968796266817,-0.005875926976951273
8196.75,8196.75,8105.85009765625,8129.35009765625,171700.0,19.34000015258789,19.93000030517578,17.350000381469727,19.559999465942383,0.0,-0.0058759269769512,2,57.6892103824544,7981.125716372971,23.298759406867248,128.10973910614752,90.89990234375,0.0113753522036583,0.0012378275480044,0.0227012791115024,0.00742372968703231
8186.35009765625,8232.2001953125,8139.64990234375,8189.7001953125,199700.0,19.559999465942383,19.68000030517578,17.68000030517578,18.93000030517578,0.0,0.0074237296870323,0,60.31261030473173,8000.98995246245,35.89859383616658,126.3054790025834,92.55029296875,-0.0322085469308701,0.004513767298697,0.0300343729517154,-0.005629033610123568
8231.5,8244.5,8128.2001953125,8143.60009765625,199100.0,18.93000030517578,19.989999771118164,17.18000030517578,19.1200008392334,0.0,-0.0056290336101235,1,57.38559616555483,8014.571871052336,41.68365753513445,125.59078798007748,116.2998046875,0.0100370063916832,-0.0041333192813295,0.0029929049983745,-0.0014612581906097155
8121.9501953125,8150.25,8088.60009765625,8131.7001953125,145900.0,19.1200008392334,19.21999931335449,17.850000381469727,18.020000457763672,0.0,-0.0014612581906097,1,56.62171474294868,8025.726949553304,44.79180745379654,121.02358186319692,61.64990234375,-0.0575313981792602,0.000289088011713,-0.0026002658299724,-0.002926853228365389
8102.39990234375,8139.2998046875,8096.35009765625,8107.89990234375,138900.0,18.020000457763672,18.280000686645508,15.760000228881836,17.719999313354492,0.0,-0.0029268532283653,2,55.04354739168088,8033.552945057156,44.81792082898846,115.44687651805783,42.94970703125,-0.0166482317862499,-0.0099881913889313,-0.00849903402426,0.008830905477206663
8134.35009765625,8190.5498046875,8129.7998046875,8179.5,167200.0,17.719999313354492,17.719999313354492,14.859999656677246,17.170000076293945,0.0,0.0088309054772066,2,58.76688311537478,8047.452664575522,50.0393231914868,113.10423550560728,60.75,-0.0310383328652865,0.0044083577181155,0.0061689928150847,0.007170412693318751
8193.650390625,8246.400390625,8147.64990234375,8238.150390625,156400.0,17.170000076293945,17.18000030517578,14.029999732971191,16.270000457763672,0.0,0.0071704126933187,1,61.57428204918882,8065.614352770711,58.2385804405485,112.07896784672462,98.75048828125,-0.0524169839563876,0.0130907673371754,0.0059159913253272,0.004479089639404021
8262.5498046875,8283.0498046875,8239.2001953125,8275.0498046875,124500.0,16.270000457763672,17.06999969482422,15.300000190734863,16.8799991607666,0.0,0.004479089639404,1,63.26872597736661,8085.560586286595,66.94235541342641,107.28042829070856,43.849609375,0.0374922363761736,0.0206156840065863,0.0161414737284413,-0.0016192547934769097
8280.2998046875,8294.0498046875,8229.2001953125,8261.650390625,155100.0,16.8799991607666,17.18000030517578,14.529999732971191,17.0,0.0,-0.0016192547934769,1,62.19617022625424,8102.331043842634,71.92977735683871,104.2496555110151,64.849609375,0.0071090548104002,0.0100434489424781,0.0159806918837723,-0.001204383487806604
8258.349609375,8294.400390625,8217.150390625,8251.7001953125,144800.0,17.0,17.43000030517578,13.65999984741211,16.6200008392334,0.0,-0.0012043834878066,2,61.36425942093995,8116.556677315954,74.22384133479045,102.32110868879974,77.25,-0.0223528918098,0.0016447629680225,0.0177358248992667,0.005301937657024025
8308.25,8328.099609375,8280.75,8295.4501953125,152000.0,16.6200008392334,16.6200008392334,14.649999618530272,16.190000534057617,0.0,0.005301937657024,1,63.66550708338235,8133.594155220388,78.66535765558001,100.46955907263546,47.349609375,-0.0258724598954722,0.0024652891652017,0.0141757069885077,-0.004207172582956553
8333.650390625,8336.2998046875,8252.0498046875,8260.5498046875,133900.0,16.190000534057617,17.81999969482422,15.010000228881836,17.229999542236328,0.0,-0.0042071725829565,1,60.566357837851726,8145.685169455351,78.46463007750208,99.31101913887578,84.25,0.0642371200662377,-0.0001332162322855,0.0027189858160383,-0.0033471638954116756
8230.349609375,8241.9501953125,8217.0498046875,8232.900390625,156700.0,17.229999542236328,17.299999237060547,16.0,16.540000915527344,0.0,-0.0033471638954116,0,58.1512438939571,8153.991380995318,75.207529798211,95.32451777181322,24.900390625,-0.0400463520046865,-0.0022782946838252,-0.0050935541244263,-0.007494344931314734
8188.89990234375,8209.099609375,8131.7998046875,8171.2001953125,188900.0,16.540000915527344,17.479999542236328,15.5600004196167,17.040000915527344,0.0,-0.0074943449313147,0,53.06604249728131,8155.630315692193,66.87665183596619,95.73709406936229,77.2998046875,0.0302297443968466,-0.0149780900463014,-0.0109481993349827,-0.00727557689096936
8175.4501953125,8179.60009765625,8098.0,8111.75,217500.0,17.040000915527344,17.950000762939453,14.720000267028809,17.579999923706055,0.0,-0.0072755768909693,0,48.65139644616055,8151.451238007223,54.84501788807211,94.72730861128282,81.60009765625,0.0316900809369469,-0.0180133051922358,-0.0169601648145191,-0.005664646384873739
8123.5498046875,8146.10009765625,8044.39990234375,8065.7998046875,199500.0,17.579999923706055,18.32999992370605,16.8799991607666,17.8799991607666,0.0,-0.0056646463848737,1,45.5006357929407,8143.29395864344,41.127966959374135,95.22537194708404,101.7001953125,0.0170648030922917,-0.0202966850088192,-0.027683897222934,-0.0018597039801661053
8054.5498046875,8060.7001953125,7995.60009765625,8050.7998046875,136100.0,17.8799991607666,20.1299991607666,17.3799991607666,19.479999542236328,0.0,-0.0018597039801661,1,44.487775891513984,8134.484991600018,28.715713759290335,93.4378244530959,65.10009765625,0.0894854841481507,-0.0147347253459864,-0.0253917723346908,0.0012297400090901522
8086.35009765625,8100.35009765625,8031.75,8060.7001953125,132500.0,19.479999542236328,19.959999084472656,18.06999969482422,19.559999465942383,0.0,0.0012297400090901,1,45.35244198108545,8127.457868144063,19.453544108119782,91.66370111046406,68.60009765625,0.0041067723606769,-0.0062933158304311,-0.0209161033344443,-0.0025432033822472278
8104.89990234375,8116.10009765625,8027.2998046875,8040.2001953125,122100.0,19.559999465942383,19.6299991607666,17.950000762939453,19.36000061035156,0.0,-0.0025432033822472,0,43.83007882306107,8119.147613588677,10.33983803830779,91.45917195748449,88.80029296875,-0.0102248906468047,-0.0031738463630256,-0.016031916593495,-0.010540782311541208
8030.35009765625,8031.2001953125,7944.10009765625,7955.4501953125,132100.0,19.36000061035156,19.739999771118164,18.34000015258789,19.290000915527344,0.0,-0.0105407823115412,1,38.13143780945249,8103.55738327666,-3.6790466379070494,91.79066665025346,87.10009765625,-0.0036156866021372,-0.0118434952660831,-0.0192683212238419,-0.00014460408861305396
7956.5498046875,8002.64990234375,7926.14990234375,7954.2998046875,219500.0,19.290000915527344,19.59000015258789,16.610000610351562,19.46999931335449,0.0,-0.000144604088613,1,38.0591029061341,8089.342375791979,-14.71234588835614,90.69847617523536,76.5,0.0093311762200207,-0.0131998943078015,-0.013823799585901,-0.004915531264230055
7788.25,7937.75,7771.7001953125,7915.2001953125,211800.0,19.46999931335449,19.46999931335449,15.989999771118164,17.040000915527344,0.0,-0.00491553126423,0,35.588057234305225,8072.757406222505,-26.30806375963948,97.2628428323614,166.0498046875,-0.1248073181060879,-0.0155468765656949,-0.0168429985423371,-0.01665783484975325
7877.60009765625,7885.10009765625,7772.85009765625,7783.35009765625,165200.0,17.040000915527344,17.059999465942383,15.300000190734863,16.829999923706055,0.0,-0.0166578348497532,1,28.79795144171193,8045.194805406672,-45.61117741758608,100.48336103406776,112.25,-0.0123240012053009,-0.0216329803381403,-0.0344076929963895,-0.002710927478722036
7762.4501953125,7775.10009765625,7730.89990234375,7762.25,160900.0,16.90999984741211,17.719999313354492,15.800000190734863,17.649999618530273,0.0,-0.002710927478722,2,27.881157462488574,8018.247681082226,-61.89811269006441,97.05242062538434,44.2001953125,0.048722501398779,-0.0241441496301565,-0.0345700590234739,0.005713562131630656
7732.9501953125,7838.85009765625,7714.14990234375,7806.60009765625,149500.0,17.649999618530273,18.61000061035156,15.289999961853027,17.8799991607666,0.0,0.0057135621316306,1,32.72883688985394,7998.09076837499,-70.41524093734733,99.02726167446404,124.7001953125,0.013031135819111,-0.0137204486275109,-0.0187104555998547,0.00396455648349936
7848.75,7860.4501953125,7793.0,7837.5498046875,145000.0,17.8799991607666,17.8799991607666,15.619999885559082,16.969999313354492,0.0,0.0039645564834993,0,35.963714983064065,7982.801152785706,-73.81682927745715,96.77175693432376,67.4501953125,-0.0508948484409824,0.0069635447912808,-0.0146775961262107,-0.01349273722468125
7823.14990234375,7843.39990234375,7725.0498046875,7731.7998046875,143600.0,16.969999313354492,17.75,14.899999618530272,17.420000076293945,0.0,-0.0134927372246812,2,30.55684411010843,7958.896262490638,-84.07657137552087,98.31306698588992,118.35009765625,0.0265174296492356,-0.0039228568150343,-0.0231706572290631,0.014349853606560714
7788.5,7854.89990234375,7765.4501953125,7842.75,132600.0,17.420000076293945,17.420000076293945,14.420000076293944,15.84000015258789,0.0,0.0143498536065607,1,40.64022306814546,7947.834713682006,-82.30596545733079,100.08356917662992,89.44970703125,-0.0907003396547743,0.0046306845350774,0.0076316626643373,0.0017595619760288894
7841.89990234375,7906.9501953125,7817.7998046875,7856.5498046875,151900.0,15.84000015258789,16.139999389648438,13.829999923706056,15.899999618530272,0.0,0.0017595619760288,1,41.77270890132751,7939.140912825386,-78.87993975766858,99.3026278515135,89.150390625,0.0037878450356314,0.0024242270190917,0.0121485142436148,-0.0009291361817810317
7869.5,7877.5,7825.2001953125,7849.25,127000.0,15.899999618530272,17.559999465942383,15.779999732971191,17.079999923706055,0.0,-0.000929136181781,1,41.32358978237672,7930.579873508683,-75.8791354978739,95.94528333979824,52.2998046875,0.0742138574519573,0.0151905375565071,0.0054633133259323,-0.002248610038379506
7837.0,7870.35009765625,7812.64990234375,7831.60009765625,130600.0,17.079999923706055,17.079999923706055,15.649999618530272,16.25,0.0,-0.0022486100383795,2,40.19822951137712,7921.153228189403,-74.07132795425514,93.21349133784838,57.7001953125,-0.0485948435253833,-0.0014216827444136,-0.0007591284495176,0.006665267171503286
7837.14990234375,7897.10009765625,7832.0,7883.7998046875,219800.0,16.25,16.790000915527344,15.09000015258789,16.690000534057617,0.0,0.0066652671715032,2,44.97125332337247,7917.59575928446,-67.64675763178457,91.2339562422878,65.10009765625,0.0270769559420072,0.0034684436142364,0.0196590708295174,0.0074710662477730505
7910.60009765625,7959.2998046875,7879.4501953125,7942.7001953125,150300.0,16.690000534057617,16.979999542236328,16.170000076293945,16.729999542236328,0.0,0.007471066247773,1,49.83647260808128,7919.986657953797,-57.143752484473225,90.4207886089101,79.849609375,0.0023965851946552,0.0119056209590089,0.0127442791511267,-0.0009379927643368147
7936.25,7966.0,7922.7998046875,7935.25,216300.0,16.729999542236328,17.239999771118164,15.850000381469728,16.43000030517578,0.0,-0.0009379927643368,1,49.24341736627729,7921.440309577245,-48.85800901809489,87.04788908773796,43.2001953125,-0.017931813823615,0.0132348308201755,0.010017144582415,0.0024762801857218797
7958.14990234375,7972.14990234375,7934.14990234375,7954.89990234375,138600.0,16.43000030517578,16.43000030517578,15.529999732971191,15.640000343322754,0.0,0.0024762801857218,1,50.90293106021741,7924.62693745977,-40.24202965925906,83.5444684386138,38.0,-0.0480827721959421,0.0090185062302032,0.0134598722608847,-0.00296041496142041
7976.7001953125,7979.2998046875,7910.7998046875,7931.35009765625,126300.0,15.640000343322754,15.979999542236328,14.729999542236328,15.489999771118164,0.0,-0.0029604149614204,0,48.84186322316393,7925.267238430863,-34.91163675023563,82.4698635501414,68.5,-0.0095908292143119,-0.0014289973657759,0.0127368607635944,-0.008472730932953976
7902.2998046875,7912.2998046875,7853.2998046875,7864.14990234375,125700.0,15.489999771118164,16.15999984741211,15.119999885559082,16.059999465942383,0.0,-0.0084727309329539,0,43.437082791349646,7919.4465397559,-35.69824892051474,82.15417993718486,59.0,0.0367979149933241,-0.008960032469834,-0.0024924405528494,-0.010458854551524621
7817.60009765625,7821.39990234375,7775.7001953125,7781.89990234375,152500.0,16.059999465942383,16.549999237060547,15.5600004196167,16.09000015258789,0.0,-0.0104588545515246,1,37.90784815969025,7906.346860002362,-42.468976416654186,82.60386044390381,45.69970703125,0.0018680378358124,-0.0217476023738563,-0.0202450412346734,-0.0021203048364873966
7816.5498046875,7825.39990234375,7746.0498046875,7765.39990234375,137600.0,16.09000015258789,16.360000610351562,15.789999961853027,15.869999885559082,0.0,-0.0021203048364873,0,36.89327288560383,7892.923340225351,-48.60593982341016,82.37144881621425,79.35009765625,-0.0136731053413584,-0.0209233224191602,-0.0214045049187171,-0.00820301695113268
7738.5,7771.25,7685.4501953125,7701.7001953125,135100.0,15.869999885559082,16.239999771118164,15.470000267028809,15.970000267028809,0.0,-0.0082030169511326,0,33.19908155370284,7874.711612138413,-57.941646303293965,82.61633137844896,85.7998046875,0.0063012213100721,-0.020656995231339,-0.0318294020213441,-0.011581883616657795
7695.5,7702.85009765625,7606.89990234375,7612.5,140000.0,15.970000267028809,16.920000076293945,15.369999885559082,16.729999542236328,0.0,-0.0115818836166577,2,28.843612721743824,7849.739077649041,-71.71132768649932,83.56875023088118,95.9501953125,0.0475891836255377,-0.0217684504387842,-0.0402012385949867,0.00930046695402309
7643.2998046875,7691.9501953125,7610.0,7683.2998046875,140800.0,16.729999542236328,16.729999542236328,15.460000038146973,16.290000915527344,0.0,0.009300466954023,0,36.018486836838576,7833.887718319371,-76.03446882150092,83.45313916528252,81.9501953125,-0.0262999784069432,-0.0105725524362847,-0.0229967764986717,-0.00948155235730297
7699.60009765625,7703.0498046875,7575.2998046875,7610.4501953125,167800.0,16.290000915527344,17.770000457763672,15.039999961853027,17.18000030517578,0.0,-0.0094815523573029,2,32.39851380427278,7812.607954223478,-84.36642038657101,86.61720065347663,127.75,0.0546347047040436,-0.011848033250572,-0.0220318571534969,0.005203320218742258
7558.2001953125,7663.9501953125,7551.0498046875,7650.0498046875,148900.0,17.18000030517578,18.36000061035156,16.459999084472656,17.799999237060547,0.0,0.0052033202187422,2,36.15478208459275,7797.126225696243,-86.77391878072376,88.4945713657283,112.900390625,0.0360884121578264,0.004932650862069,-0.0148543666915897,0.006647028314128445
7659.14990234375,7705.0,7625.10009765625,7700.89990234375,134300.0,17.799999237060547,18.36000061035156,16.110000610351562,17.34000015258789,0.0,0.0066470283141284,2,40.71056716196289,7787.961813948386,-83.61484085734537,87.880666435587,79.89990234375,-0.0258426463027545,0.0022906951575041,-0.0001039112077144,0.006492747683265243
7725.25,7776.60009765625,7715.75,7750.89990234375,154300.0,17.34000015258789,17.34000015258789,14.90999984741211,16.729999542236328,0.0,0.0064927476832652,2,44.8758068356604,7784.432108081278,-76.198300138376,87.01063278393794,60.85009765625,-0.035178812282797,0.0184548487181162,0.0181806111453202,0.012056689737954374
7783.0498046875,7852.89990234375,7737.5498046875,7844.35009765625,175900.0,16.729999542236328,16.729999542236328,14.020000457763672,14.220000267028809,0.0,0.0120566897379543,0,51.70486728125264,7790.138583278895,-62.06454695598222,89.03488027481737,115.35009765625,-0.1500298472137318,0.0253985657517803,0.0209610840475722,-0.010504363180879661
7828.89990234375,7836.14990234375,7753.35009765625,7761.9501953125,191400.0,14.220000267028809,14.710000038146973,13.039999961853027,14.489999771118164,0.0,-0.0105043631808796,2,46.26259946597202,7787.453974901143,-56.85701690653241,89.17524596947327,82.7998046875,0.0189873065414343,0.0079276829647103,0.0199068381123252,0.009340436124388285
7745.64990234375,7840.75,7733.4501953125,7834.4501953125,126300.0,14.489999771118164,14.979999542236328,12.979999542236328,14.229999542236328,0.0,0.0093404361243882,0,51.13601411978323,7791.92980541651,-46.345624224979474,90.46985730647518,107.2998046875,-0.0179434253270366,0.0107794312946145,0.0241044692953515,-0.006171472975241898
7829.39990234375,7846.2998046875,7776.85009765625,7786.10009765625,125700.0,14.229999542236328,14.609999656677246,12.229999542236328,14.479999542236328,0.0,-0.0061714729752418,2,48.009043529103295,7791.374595153628,-41.43903519377636,88.96841800110194,69.44970703125,0.017568517782307,-0.0074257267045493,0.0110636674145796,0.01025546764808305
7830.4501953125,7871.4501953125,7826.10009765625,7865.9501953125,117900.0,14.479999542236328,14.479999542236328,12.630000114440918,13.649999618530272,0.0,0.010255467648083,1,53.10881707409054,7798.477033263996,-30.752793431010105,88.70996654789823,45.35009765625,-0.0573204385321318,0.013398694578433,0.014843475521334,-0.0006229877514251081
7888.75,7888.75,7835.5,7861.0498046875,93500.0,13.649999618530272,13.9399995803833,11.199999809265137,13.75,0.0,-0.0006229877514251,2,52.76674053881986,7804.43634482814,-22.42083696096961,86.17711179447693,53.25,0.0073260354772444,0.0033952107310497,0.002128883441375,0.008154139618607559
7863.2001953125,7937.2001953125,7863.0,7925.14990234375,122900.0,13.75,14.529999732971191,10.380000114440918,14.399999618530272,0.0,0.0081541396186075,1,56.69588916024836,7815.932874115341,-10.524044620570749,85.46091742522857,74.2001953125,0.0472726995294743,0.0178587229734377,0.0210256060557831,0.0004795231655652099
7929.2001953125,7942.14990234375,7902.75,7928.9501953125,113000.0,14.399999618530272,14.710000038146973,13.329999923706056,14.239999771118164,0.0,0.0004795231655652,1,56.92467134880088,7826.696428515071,-0.7801065145395114,82.17084491940867,39.39990234375,-0.0111111008090735,0.0080092040294816,0.0120621099942075,-0.004124151937772491
7938.60009765625,7944.75,7889.85009765625,7896.25,106800.0,14.239999771118164,14.5,12.779999732971191,14.350000381469728,0.0,-0.0041241519377724,2,54.26790073884817,7833.320578180302,4.254360540922789,80.22292044971877,54.89990234375,0.0077247620870519,0.0044777982822994,0.0141469928413722,0.006344796283837217
7897.7998046875,7955.5498046875,7891.14990234375,7946.35009765625,150900.0,14.350000381469728,14.489999771118164,12.979999542236328,13.869999885559082,0.0,0.0063447962838372,1,57.53776192747015,7844.085294320868,12.146849807199033,79.09270487072101,64.39990234375,-0.0334495110209525,0.0026750529105108,0.0102212574892301,0.0
7897.7998046875,7955.5498046875,7891.14990234375,7946.35009765625,150900.0,13.869999885559082,14.350000381469728,13.109999656677246,14.260000228881836,0.0,0.0,0,57.537761927470136,7853.824799400429,18.191998379841607,78.04321897593736,64.39990234375,0.0281182657924032,0.002194477442176,0.010851005284038,-0.01951213966956744
7924.5498046875,7937.5498046875,7781.10009765625,7791.2998046875,134700.0,14.260000228881836,17.100000381469727,14.029999732971191,16.84000015258789,0.0,-0.0195121396695674,1,45.78726426866888,7847.870037999197,10.352225333779645,84.2722747633704,156.44970703125,0.1809256579449829,-0.0132911439369953,-0.0168892827650699,-0.0008535035886758635
7828.39990234375,7831.2001953125,7763.25,7784.64990234375,145200.0,16.84000015258789,16.84000015258789,15.56999969482422,16.700000762939453,0.0,-0.0008535035886758,0,45.35940786963292,7841.849072698678,3.5615023861237205,83.10641194545109,67.9501953125,-0.0083135028729155,-0.0203489895770125,-0.0181991675334344,-0.005607176031205752
7788.0498046875,7800.9501953125,7721.2001953125,7741.0,147100.0,16.700000762939453,17.15999984741211,15.609999656677246,16.549999237060547,0.0,-0.0056071760312057,0,42.54884196960444,7832.244399108328,-5.2814950092461,82.86666823506172,79.75,-0.0089821268877896,-0.0258420652416028,-0.0196612315972771,-0.022309804329221028
7673.35009765625,7674.9501953125,7556.60009765625,7568.2998046875,188900.0,16.549999237060547,19.26000022888184,16.489999771118164,18.959999084472656,0.0,-0.022309804329221,1,33.66178808399469,7807.106818687296,-25.92623510166686,90.11904209996804,118.35009765625,0.1456193328405344,-0.0286216684751158,-0.0475753381518208,0.004366937597831466
7611.64990234375,7634.10009765625,7581.0498046875,7601.35009765625,157400.0,18.959999084472656,18.959999084472656,16.8700008392334,17.799999237060547,0.0,0.0043669375978314,1,36.39956056249861,7787.510940493864,-39.16894274236256,88.3819885905953,53.05029296875,-0.061181429505558,-0.0235463131915942,-0.0434161590868941,-0.00493333414699082
7527.4501953125,7605.10009765625,7494.35009765625,7563.85009765625,189000.0,17.799999237060547,19.200000762939453,17.799999237060547,18.690000534057617,0.0,-0.0049333341469908,0,34.65211376881446,7766.209907842662,-52.08936676008853,89.97970369126706,110.75,0.0500000750080955,-0.0228846276119041,-0.029192780759689,-0.007079766557687717
7587.2001953125,7588.2998046875,7487.7998046875,7510.2998046875,163900.0,18.690000534057617,19.190000534057617,17.149999618530273,18.709999084472656,0.0,-0.0070797665576877,2,32.26969578555074,7741.83751706598,-65.89041331552835,90.73115342760514,100.5,0.0010700133677683,-0.0076635441904768,-0.0352424452092123,0.006937152844914696
7557.89990234375,7590.9501953125,7425.7998046875,7562.39990234375,215200.0,18.709999084472656,19.65999984741211,17.520000457763672,18.350000381469727,0.0,0.0069371528449146,1,36.82086782599939,7724.748220425768,-71.79617803093788,96.04681322741904,165.150390625,-0.0192409791885928,-0.0051241154284565,-0.0230719671432954,-0.003385181686611949
7467.39990234375,7604.7998046875,7443.7998046875,7536.7998046875,200800.0,18.350000381469727,19.790000915527344,16.469999313354492,18.61000061035156,0.0,-0.0033851816866119,0,35.55657432074216,7706.848371307837,-77.64718463774352,100.68632656831768,161.0,0.014168949508273,-0.0035762597909141,-0.0041620972758624,-0.013135548583687595
7561.64990234375,7566.5,7427.2998046875,7437.7998046875,197500.0,18.61000061035156,19.690000534057617,15.670000076293944,19.420000076293945,0.0,-0.0131355485836875,0,31.10814891826523,7681.224698296375,-89.24387431956893,103.43731719290211,139.2001953125,0.0435249564415292,-0.0096534095689162,-0.0215159532014158,-0.01167009155487031
7420.35009765625,7463.64990234375,7336.39990234375,7351.0,233600.0,19.420000076293945,20.540000915527344,18.100000381469727,20.229999542236328,0.0,-0.0116700915548703,2,27.821622755191346,7649.774727030053,-104.23677658872477,105.13822310769484,127.25,0.0417095500906383,-0.0279540760966942,-0.0281404436772489,0.011440633608522655
7381.7998046875,7462.75,7364.14990234375,7435.10009765625,188300.0,20.229999542236328,20.229999542236328,17.93000030517578,18.43000030517578,0.0,0.0114406336085226,0,34.98828567952556,7629.329524232548,-108.08662924766486,105.61049288571662,98.60009765625,-0.0889767314775512,-0.0134937519460179,-0.0100128768473816,-0.01691978471256972
7357.0,7470.89990234375,7241.5,7309.2998046875,225600.0,18.43000030517578,22.11000061035156,17.190000534057617,20.96999931335449,0.0,-0.0169197847125697,1,30.16365891597016,7598.850503323497,-119.90649012328596,114.45259356129044,229.39990234375,0.1378187176407908,-0.0172766145062167,-0.0334682244954818,-0.004446390334017725
7376.64990234375,7398.7001953125,7250.0,7276.7998046875,240700.0,20.96999931335449,21.690000534057617,17.850000381469727,20.809999465942383,0.0,-0.0044463903340177,2,29.04920602206528,7568.179008215307,-130.39320174808017,116.89885082923398,148.7001953125,-0.0076299405174617,-0.0100938913498163,-0.0344974003207957,0.020015720445019758
7355.7001953125,7433.39990234375,7327.60009765625,7422.4501953125,229200.0,20.809999465942383,20.809999465942383,17.1200008392334,18.81999969482422,0.0,0.0200157204450197,1,39.78628387098831,7554.300073653135,-125.50448936154316,119.73465417402085,105.7998046875,-0.0956270938101173,-0.0017013761990558,-0.0020637298365204,0.0018457122204607046
7468.75,7487.14990234375,7421.2001953125,7436.14990234375,163200.0,18.81999969482422,19.149999618530277,17.209999084472656,18.270000457763672,0.0,0.0018457122204607,1,40.695363240056665,7543.047676385575,-119.15119688114828,115.8928722352515,65.94970703125,-0.0292241894781648,0.0173546168642446,0.0115834447481635,0.00021517824106065397
7469.60009765625,7477.89990234375,7419.7001953125,7437.75,187600.0,18.270000457763672,19.270000457763672,17.93000030517578,19.059999465942383,0.0,0.0002151782410606,1,40.807769621737705,7533.019326253616,-112.688054562037,111.77193186353712,58.19970703125,0.0432402292493105,0.0221182662203818,0.000356404393881,-0.001761298464757477
7426.5,7468.85009765625,7409.60009765625,7424.64990234375,274500.0,19.059999465942383,19.059999465942383,17.260000228881836,17.899999618530273,0.0,-0.0017612984647574,2,40.13702040413987,7522.69842873839,-107.38516675112896,108.0203653018559,59.25,-0.0608604344131735,0.000296358611155,0.0157812787460538,0.018707939656508632
7413.35009765625,7575.64990234375,7402.7998046875,7563.5498046875,298700.0,17.899999618530273,18.799999237060547,17.079999923706055,17.239999771118164,0.0,0.0187079396565086,1,49.59691918381121,7526.589035971639,-90.92638589463512,112.6510604700269,172.85009765625,-0.0368715006411994,0.0171325086256795,0.0394060586654154,-0.0010047675458274563
7589.5,7600.4501953125,7541.25,7555.9501953125,200400.0,17.239999771118164,18.170000076293945,17.1299991607666,17.889999389648438,0.0,-0.0010047675458274,0,49.1393762920272,7529.3853368612445,-77.60136818348292,108.83314153020356,59.2001953125,0.0377029946148377,0.015891929052805,0.0179859745080281,-0.013287592960483763
7566.64990234375,7576.2998046875,7428.0498046875,7455.5498046875,230200.0,17.889999389648438,18.350000381469727,16.489999771118164,18.040000915527344,0.0,-0.0132875929604837,0,43.43804590777312,7522.3533814161265,-74.2863413863297,111.64863142090329,148.25,0.0083846579651478,0.0041617992430855,0.0026088638070131,-0.01257452534768888
7392.4501953125,7419.39990234375,7350.2998046875,7361.7998046875,192000.0,18.040000915527344,18.940000534057617,18.020000457763672,18.59000015258789,0.0,-0.0125745253476888,2,38.899552292279736,7507.062564584829,-78.32116265481181,111.1915863194102,69.10009765625,0.0304877610392553,-0.026673983144127,-0.0102114477244462,0.005732320415128722
7411.4501953125,7457.0498046875,7365.9501953125,7404.0,222700.0,18.59000015258789,18.649999618530277,17.329999923706055,18.209999084472656,0.0,0.0057323204151287,2,41.84503266373893,7497.247082243416,-77.22340120029276,110.05290158230947,91.099609375,-0.0204411546528328,-0.0201100048815522,-0.0027812627686635,0.011493800331746407
7418.25,7503.14990234375,7406.64990234375,7489.10009765625,249800.0,18.209999084472656,18.32999992370605,16.540000915527344,18.11000061035156,0.0,0.0114938003317464,0,47.35637982622704,7496.471178949399,-68.69468114568008,109.27411592241238,96.5,-0.0054914046759266,0.0045000427664847,-0.0098432229513594,-0.013599777854234385
7489.7001953125,7512.5498046875,7363.2001953125,7387.25,171500.0,18.11000061035156,20.450000762939453,17.360000610351562,20.26000022888184,0.0,-0.0135997778542343,0,42.201538403225285,7486.0691619066,-69.35458426469359,112.13665116902578,149.349609375,0.118718914747101,0.0034570615865288,-0.0223268008591634,-0.012054527014450533
7303.9501953125,7323.4501953125,7275.14990234375,7298.2001953125,212100.0,20.26000022888184,22.030000686645508,20.25,21.729999542236328,0.0,-0.0120545270144505,0,38.2782921210782,7468.176879373828,-76.18492486845389,112.13404020382752,48.30029296875,0.0725567273814202,-0.0142895468243516,-0.0211050309497053,-0.011304156886925099
7264.2998046875,7271.85009765625,7177.75,7215.7001953125,246900.0,21.729999542236328,23.100000381469727,21.440000534057617,22.46999931335449,0.0,-0.011304156886925,0,35.02926063312971,7444.131480891798,-87.24932363358312,112.72805128301842,94.10009765625,0.0340542929915776,-0.0365063757699422,-0.0198456373782364,-0.03317073758299127
7203.60009765625,7208.64990234375,6959.9501953125,6976.35009765625,292300.0,22.46999931335449,26.8700008392334,22.11000061035156,25.96999931335449,0.0,-0.0331707375829912,1,27.686842112507435,7399.580872964602,-114.0171729220474,122.94390476280282,248.69970703125,0.1557632446352528,-0.0556228504983248,-0.0577593060972109,0.0006593845767279838
7023.64990234375,7034.7998046875,6869.0,6980.9501953125,333900.0,25.96999931335449,25.96999931335449,24.01000022888184,24.670000076293945,0.0,0.0006593845767279,2,27.999207974765586,7359.711284616783,-133.32283425613423,126.00504047170976,165.7998046875,-0.0500577308984391,-0.0434696214833575,-0.0678519309019221,0.02607094949942601
7057.35009765625,7182.7998046875,7056.7998046875,7162.9501953125,354200.0,24.670000076293945,24.670000076293945,21.799999237060547,22.3799991607666,0.0,0.026070949499426,0,39.19107590517034,7340.9721332544705,-132.4104853383269,131.42250967908765,126.0,-0.0928253307030941,-0.007310447852901,-0.0303630992165555,-0.016012982386442
7201.25,7204.64990234375,7037.7001953125,7048.25,253800.0,22.3799991607666,23.32999992370605,17.31999969482422,23.040000915527344,0.0,-0.016012982386442,2,35.45107143719092,7313.093834849283,-139.33660378561945,133.96016663281355,166.94970703125,0.0294906961354031,0.0103062348272782,-0.0342481966270311,0.008541154940942874
7058.85009765625,7123.7001953125,6960.64990234375,7108.4501953125,260000.0,23.040000915527344,23.809999465942383,20.63999938964844,21.82999992370605,0.0,0.0085411549409428,2,38.75459112470536,7293.603964417208,-138.37287355517128,136.03803279966615,163.05029296875,-0.052517402072056,0.0182639893471252,-0.0148634224118224,0.011718419964794835
7177.39990234375,7215.10009765625,7127.85009765625,7191.75,246700.0,21.82999992370605,22.299999237060547,19.790000915527344,21.489999771118164,0.0,0.0117184199647948,1,43.09442814056085,7283.903586853665,-129.39591674934854,133.93888062424358,87.25,-0.0155749039750875,0.0040206624229144,0.0308757300491722,0.0026419160844022294
7170.5498046875,7226.85009765625,7145.9501953125,7210.75,192300.0,21.489999771118164,21.65999984741211,17.700000762939453,20.920000076293945,0.0,0.0026419160844022,1,44.06797029715684,7276.936578581887,-119.37242162513576,130.1503821756369,80.89990234375,-0.0265239507163829,0.0230553683538468,0.0329181269394822,0.0033006004489823937
7208.85009765625,7252.39990234375,7200.7001953125,7234.5498046875,154400.0,20.920000076293945,21.86000061035156,17.40999984741211,21.020000457763672,0.0,0.0033006004489823,0,45.32967039820483,7272.899742972898,-108.2603265342268,124.54676252246642,51.69970703125,0.004780132940011,0.0177393954955404,0.0099958267784487,-0.017278200216274464
7240.2998046875,7241.7001953125,7090.7001953125,7109.5498046875,194400.0,21.020000457763672,24.63999938964844,21.020000457763672,23.84000015258789,0.0,-0.0172782002162744,0,40.20048754525148,7257.342605993336,-108.29204318341,126.43627948514738,151.0,0.134157927374481,-0.0114297904282685,0.0086971666282411,-0.012778531956425754
7075.0,7090.7998046875,7009.75,7018.7001953125,199700.0,23.84000015258789,24.81999969482422,22.1299991607666,22.959999084472656,0.0,-0.0127785319564257,0,36.92979132657086,7234.614757357066,-114.3300573380866,124.53367414245828,81.0498046875,-0.0369127962450833,-0.0266338182141246,-0.0126258182211339,-0.006853134671341854
7029.85009765625,7034.2001953125,6961.39990234375,6970.60009765625,283100.0,22.959999084472656,23.489999771118164,22.200000762939453,22.75,0.0,-0.0068531346713418,2,35.292597533662345,7209.470504052226,-121.59483339950748,120.83843263005056,72.80029296875,-0.009146301953238,-0.0364846070809034,-0.0307504991613654,0.008485625558068977
7039.2998046875,7052.89990234375,6985.10009765625,7029.75,206700.0,22.75,23.149999618530277,21.190000534057617,21.8700008392334,0.0,0.0084856255580689,0,38.88093043535238,7192.354265571062,-121.18240268061344,118.08567349129692,67.7998046875,-0.0386812817919385,-0.0112243119296929,-0.0251014110876122,-0.006074212498666354
7050.4501953125,7094.60009765625,6825.7998046875,6987.0498046875,473400.0,21.8700008392334,22.40999984741211,19.36000061035156,20.15999984741211,0.0,-0.0060742124986663,2,37.27397091924318,7172.801459772628,-122.88456054480594,128.85100345397214,268.80029296875,-0.0781893427618738,-0.0045094376087096,-0.0342108364282234,0.03366943224623564
7038.25,7235.5,7035.10009765625,7222.2998046875,275100.0,20.15999984741211,20.15999984741211,18.399999618530277,18.670000076293945,0.0,0.0336694322462356,2,49.6264767622045,7177.515587859758,-104.05138439230905,137.3938028724384,200.39990234375,-0.073908719364868,0.0361087572812963,0.0158589507208546,0.020291361052837242
7321.7001953125,7380.35009765625,7308.14990234375,7368.85009765625,338500.0,18.670000076293945,19.200000762939453,17.5,18.989999771118164,0.0,0.0202913610528372,2,55.50490419545106,7195.73792212609,-76.41965452726436,138.86926645074638,72.2001953125,0.0171397800490924,0.0482378601879511,0.0498881406243283,0.014486656477644022
7429.5498046875,7483.9501953125,7406.0498046875,7475.60009765625,278600.0,18.989999771118164,19.020000457763672,17.90999984741211,18.040000915527344,0.0,0.014486656477644,1,59.2365124361121,7222.391462652772,-45.38431455291538,137.17146867971093,77.900390625,-0.0500262699863572,0.0699222571221676,0.0724471340953554,0.0013042431206367056
7505.39990234375,7505.89990234375,7444.10009765625,7485.35009765625,281700.0,18.040000915527344,18.31999969482422,17.200000762939453,17.8799991607666,0.0,0.0013042431206367,1,59.570022399999495,7247.435142176913,-19.773899307452663,131.787778394553,61.7998046875,-0.0088692764213235,0.0364219570057202,0.0648102845273659,-6.71885323921817e-06
7486.39990234375,7527.14990234375,7442.14990234375,7485.2998046875,257000.0,17.8799991607666,18.979999542236328,17.40999984741211,18.46999931335449,0.0,-6.71885323921817e-06,2,59.56731512205272,7270.088919558874,0.5125724492636436,128.44579422351347,85.0,0.0329977729463493,0.01580296864341,0.0713104978392642,0.006212176026787919
7436.10009765625,7539.0,7424.2998046875,7531.7998046875,245100.0,18.46999931335449,18.68000030517578,17.31999969482422,17.510000228881836,0.0,0.0062121760267879,0,61.31775468598728,7295.013765761601,20.11009223074416,127.46396572986966,114.7001953125,-0.0519761299492058,0.0075177519258782,0.0428533858147406,-0.006060955352974129
7545.35009765625,7547.10009765625,7447.39990234375,7486.14990234375,224700.0,17.510000228881836,18.239999771118164,16.270000457763672,17.899999618530273,0.0,-0.0060609553529741,1,58.6340423679441,7313.217207340853,31.593511904133265,125.48083927148612,99.7001953125,0.0222729517161943,0.0001068493359783,0.0159183323222722,0.0032126384433233124
7484.85009765625,7543.9501953125,7460.60009765625,7510.2001953125,198700.0,17.899999618530273,17.899999618530273,16.030000686645508,17.100000381469727,0.0,0.0032126384433233,1,59.63635971055538,7331.977491909581,42.148994997268346,122.47150058468354,83.35009765625,-0.0446926957603048,0.0033265722515758,0.0046284040350281,0.0038014705260878134
7542.60009765625,7583.7001953125,7515.0498046875,7538.75,166900.0,17.100000381469727,17.399999618530273,15.59000015258789,17.100000381469727,0.0,0.0038014705260878,0,60.84910964244512,7351.670111727716,52.216107253316295,118.97353625720612,68.650390625,0.0,0.0009227801445512,0.0071339218135528,-0.010366427105786724
7535.85009765625,7545.2001953125,7452.7998046875,7460.60009765625,193700.0,17.100000381469727,17.84000015258789,15.229999542236328,17.600000381469727,0.0,-0.0103664271057867,2,55.89816087298602,7362.044396101862,53.27421031820268,117.07545442633428,92.400390625,0.0292397654295857,-0.0034129432379521,-0.0032997618900691,0.005113516586384925
7457.0498046875,7508.0,7405.14990234375,7498.75,195400.0,17.600000381469727,17.8799991607666,14.600000381469728,17.110000610351562,0.0,0.0051135165863849,1,57.70720941642578,7375.063977425494,56.53939199112483,116.0593575141854,102.85009765625,-0.0278408954828242,-0.001524619186536,-0.0043880354688836,0.0018402806717785491
7557.39990234375,7585.2998046875,7479.39990234375,7512.5498046875,239600.0,17.110000610351562,17.270000457763672,15.5600004196167,16.84000015258789,0.0,0.0018402806717785,2,58.37238943596201,7388.157865736161,59.554098325425,115.3336821448686,105.89990234375,-0.0157802716617275,-0.0034754031255181,0.0035264992937804,0.012219591930221929
7534.64990234375,7613.60009765625,7517.89990234375,7604.35009765625,237400.0,16.84000015258789,16.8700008392334,14.899999618530272,16.3799991607666,0.0,0.0122195919302219,2,62.58781772808698,7408.747602109503,68.56046884324678,114.31344006086012,95.7001953125,-0.0273159731385511,0.0192678870490805,0.0125362706579397,0.013137204502793765
7619.2001953125,7713.5498046875,7617.7001953125,7704.25,196800.0,16.3799991607666,17.110000610351562,14.829999923706056,16.329999923706055,0.0,0.0131372045027937,1,66.55675563933087,7436.890687622884,82.8046491357054,113.94817341588796,95.849609375,-0.0030524566313961,0.0274045674279046,0.0219532415851433,0.001382341219943628
7695.5498046875,7728.2001953125,7643.7998046875,7714.89990234375,208900.0,16.329999923706055,16.860000610351562,13.699999809265137,16.43000030517578,0.0,0.0013823412199436,1,66.9591736492982,7463.367755691537,93.87054158444788,111.83761750225312,84.400390625,0.0061237221026901,0.0269349425850051,0.0340857037448487,0.00020740355370829633
7717.4501953125,7726.85009765625,7670.60009765625,7716.5,199600.0,16.43000030517578,16.8700008392334,13.949999809265137,16.350000381469727,0.0,0.0002074035537082,0,67.02337744842524,7487.475588482819,101.59829369681574,107.86707339494932,56.25,-0.004869137079739,0.0147481245475948,0.029038173028838,-0.013140659929210097
7741.0,7749.39990234375,7587.7001953125,7615.10009765625,242400.0,16.350000381469727,18.56999969482422,15.18000030517578,17.489999771118164,0.0,-0.01314065992921,1,59.17589436325784,7499.630303642194,98.40610392613053,111.71226151182792,161.69970703125,0.0697247316850497,-0.0115715225159814,0.013650530863005,-0.0023768693023248355
7606.5498046875,7652.89990234375,7582.25,7597.0,216800.0,17.489999771118164,18.040000915527344,16.809999465942383,17.639999389648438,0.0,-0.0023768693023248,2,57.87329649056266,7508.903608057223,93.3397810286424,108.77923585696522,70.64990234375,0.0085763076325462,-0.0152821039593699,-0.0009665648690366,0.01819141704784788
7651.10009765625,7741.9501953125,7643.4501953125,7735.2001953125,232600.0,17.639999389648438,17.639999389648438,16.56999969482422,16.809999465942383,0.0,0.0181914170478478,1,64.32962514369035,7530.455663986297,99.33125552387357,111.36287581807484,98.5,-0.0470521514979823,0.0024234037857189,0.0040172885501508,0.00041365536126503066
7727.64990234375,7777.60009765625,7702.0,7738.39990234375,380100.0,16.809999465942383,16.889999389648438,15.5,16.579999923706055,0.0,0.000413655361265,1,64.46541447507714,7550.2598771631965,103.14869786281452,108.80839166365878,75.60009765625,-0.0136823051483323,0.0161914883726148,0.0030460537787224,-0.0032758836421172832
7718.0498046875,7740.14990234375,7666.10009765625,7713.0498046875,183900.0,16.579999923706055,17.899999618530273,16.290000915527344,17.280000686645508,0.0,-0.0032758836421172,2,62.43746403906309,7565.763679784559,102.94185774139714,106.325635451076,74.0498046875,0.04221958782633,0.0152757410408714,-0.0004471192007386,0.005931505845093277
7733.14990234375,7764.4501953125,7704.39990234375,7758.7998046875,155500.0,17.280000686645508,18.170000076293945,16.229999542236328,17.450000762939453,0.0,0.0059315058450932,0,64.60172112752204,7584.148072632458,105.25624958084065,103.02025384519558,60.05029296875,0.0098379669871961,0.0030509371159264,0.018870363513078,-0.02005459778469787
7736.2998046875,7736.2998046875,7588.64990234375,7603.2001953125,203800.0,17.450000762939453,18.059999465942383,16.889999389648438,17.829999923706055,0.0,-0.0200545977846978,1,53.34419001354747,7585.962560506748,93.4575136692274,107.81522873794948,147.64990234375,0.0217764552522914,-0.0174712742604968,0.0008161373321706,0.0014664749128432408
7636.0498046875,7638.64990234375,7591.75,7614.35009765625,165600.0,17.829999923706055,17.920000076293945,16.1299991607666,17.350000381469727,0.0,0.0014664749128432,0,53.96327564810587,7588.666135473367,84.03789781525029,103.46413399550666,46.89990234375,-0.0269208942394968,-0.0127964565937674,-0.0156233962411839,-0.00891736017820488
7630.39990234375,7630.75,7535.85009765625,7546.4501953125,234400.0,17.350000381469727,17.420000076293945,16.34000015258789,16.93000030517578,0.0,-0.0089173601782048,1,49.64323496521452,7584.645569743761,70.28364363653418,102.85240316323834,94.89990234375,-0.0242074966604909,-0.0273688733722332,-0.0248048316775556,0.0011594855559287076
7542.35009765625,7569.35009765625,7526.7001953125,7555.2001953125,143400.0,16.93000030517578,16.93000030517578,15.199999809265137,16.43000030517578,0.0,0.0011594855559287,2,50.19655009652162,7581.8412483693555,59.40457106191025,98.55222453327488,42.64990234375,-0.0295333721788026,-0.0063131311509583,-0.0204652651508965,0.015380096361092388
7577.7998046875,7678.7998046875,7516.85009765625,7671.39990234375,179800.0,16.43000030517578,16.790000915527344,14.880000114440918,16.010000228881836,0.0,0.0153800963610923,1,56.960005013789896,7590.370643985964,59.47359828300887,103.08061614027312,161.94970703125,-0.0255629986909761,0.0074924063059642,-0.0112646162478566,0.004894842329530746
7669.25,7717.39990234375,7663.35009765625,7708.9501953125,163400.0,16.010000228881836,16.299999237060547,14.649999618530272,16.020000457763672,0.0,0.0048948423295307,2,58.902319134029305,7601.663934588491,61.84538260151294,99.5784153222179,54.0498046875,0.0006246239062379,0.0215333031815325,0.0139086170669551,0.018355287868643932
7777.14990234375,7864.7998046875,7772.2001953125,7850.4501953125,220400.0,16.020000457763672,16.1200008392334,13.550000190734863,16.040000915527344,0.0,0.0183552878686439,2,65.26378923194383,7625.357864181255,74.28657678152013,103.59778632598804,92.599609375,0.0012484679895237,0.0390790438859824,0.0310072553308158,0.008184244011682829
7908.14990234375,7920.60009765625,7842.75,7914.7001953125,184600.0,16.040000915527344,17.420000076293945,14.140000343322754,16.950000762939453,0.0,0.0081842440116828,1,67.70798870396438,7652.914276669945,88.31273658885948,101.75866570672106,77.85009765625,0.0567331543311317,0.0317152405122846,0.0487977778252268,6.292681500319475e-06
7950.0498046875,7950.39990234375,7877.5498046875,7914.75,205300.0,16.950000762939453,17.520000457763672,15.43000030517578,17.079999923706055,0.0,6.292681500319475e-06,1,67.70988543417421,7677.851012225188,98.29945320399656,99.69376798883027,72.85009765625,0.0076695666616628,0.0266962166667827,0.0475897124354927,-0.0003411598992387743
7953.64990234375,7978.4501953125,7884.10009765625,7912.0498046875,223700.0,17.079999923706055,17.079999923706055,15.640000343322754,16.510000228881836,0.0,-0.0003411598992387,1,67.4784737093604,7700.155659126361,104.788181943587,99.31207725078882,94.35009765625,-0.0333723476212135,0.0078466339945422,0.031369750685299,-0.0016114660947212922
7891.7998046875,7923.35009765625,7873.35009765625,7899.2998046875,183300.0,16.510000228881836,16.860000610351562,15.34000015258789,16.3799991607666,0.0,-0.0016114660947212,0,66.32577631505833,7719.121768227422,107.66068244390954,95.78978601858962,50.0,-0.0078740803339188,-0.001945795828643,0.0246920273905446,-0.005601762319964343
7894.7998046875,7911.0,7827.0,7855.0498046875,146300.0,16.3799991607666,17.030000686645508,16.1299991607666,16.56999969482422,0.0,-0.0056017623199643,2,62.3452439199539,7732.067295509334,105.15440012998624,94.94765844583324,84.0,0.0115995447980672,-0.0075429034792634,0.0005859038985747,0.013698206928241197
7828.14990234375,7974.5,7822.5498046875,7962.64990234375,202400.0,16.56999969482422,16.81999969482422,15.640000343322754,16.579999923706055,0.0,0.0136982069282411,1,67.45934375341584,7754.027543779279,110.57593146196996,99.01926822202373,151.9501953125,0.0006035141258911,0.0063953209225593,0.006058309960957,0.0021663642394880167
7942.0,7991.0,7940.5498046875,7979.89990234375,206800.0,16.579999923706055,16.790000915527344,16.229999542236328,16.350000381469727,0.0,0.002166364239488,0,68.20488366644773,7775.539196975895,114.93951377093708,95.5500487284863,50.4501953125,-0.0138721075569774,0.0102034483624005,0.008231454227076,-0.016623003291656557
7967.39990234375,7992.0,7834.4501953125,7847.25,292500.0,16.350000381469727,16.770000457763672,15.3100004196167,16.600000381469727,0.0,-0.0166230032916565,1,57.32780175334508,7782.368797263905,106.46666423890656,99.97860272555872,157.5498046875,0.0152905195209254,-0.000992966929738,-0.008190014760664,0.00032492971263820003
7844.25,7889.0498046875,7788.7001953125,7849.7998046875,243700.0,16.600000381469727,17.239999771118164,15.630000114440918,16.540000915527344,0.0,0.0003249297126382,0,57.46821084920746,7788.790797970914,98.81849971750034,100.0051032005188,100.349609375,-0.0036144255761197,-0.014172429912187,-0.0062663781884346,-0.005592486870497626
7822.7001953125,7829.7998046875,7777.2998046875,7805.89990234375,146300.0,16.540000915527344,17.65999984741211,16.540000915527344,17.09000015258789,0.0,-0.0055924868704976,0,54.16375241501128,7790.420236482613,88.19822476626996,98.04045297191033,52.5,0.0332526727096018,-0.0218047847879514,-0.0062571089383061,-0.0075455620851691
7824.7998046875,7890.25,7735.14990234375,7747.0,186500.0,17.09000015258789,18.07999992370605,15.609999656677246,17.459999084472656,0.0,-0.0075455620851691,0,50.008899815144126,7786.284975865222,74.17382084524706,102.11614187793457,155.10009765625,0.0216500250778954,-0.012775176017076,-0.0270826803876276,-0.0052214012278947175
7724.14990234375,7749.0,7697.25,7706.5498046875,199700.0,17.459999084472656,17.780000686645508,16.270000457763672,17.450000762939453,0.0,-0.0052214012278947,1,47.32405283282764,7778.691150038772,59.11395808054112,98.51856031522496,51.75,-0.0005726415840476,-0.0182488730367949,-0.03425482788023,0.003756570196288278
7731.0,7777.5498046875,7706.85009765625,7735.5,185100.0,17.450000762939453,17.479999542236328,15.729999542236328,17.170000076293945,0.0,0.0037565701962882,1,49.41715787922751,7774.577707177937,48.95067425186153,96.55294886413743,70.69970703125,-0.0160458839199696,-0.0090188067006358,-0.0142406575551945,-0.00026498670900398924
7717.64990234375,7738.89990234375,7678.35009765625,7733.4501953125,163600.0,17.170000076293945,17.5,16.059999465942383,16.950000762939453,0.0,-0.0002649867090039,2,49.2678824820203,7770.660801285991,40.26662786683482,93.98129570866334,60.5498046875,-0.0128130059625473,-0.0017490389424938,-0.0148219842887613,0.01714624210748439
7755.25,7873.64990234375,7753.5498046875,7866.0498046875,160600.0,16.950000762939453,16.950000762939453,15.220000267028809,16.610000610351562,0.0,0.0171462421074843,1,58.08781428522892,7779.74546827661,43.58175548834697,97.28261080313382,120.10009765625,-0.0200590051495035,0.0206966806213313,0.0077056973694589,0.002765047328716186
7873.5498046875,7896.89990234375,7837.7001953125,7887.7998046875,162000.0,16.610000610351562,17.18000030517578,15.020000457763672,16.420000076293945,0.0,0.0027650473287161,1,59.33659917381178,7790.036357458599,47.41746225177212,94.5624033908564,59.19970703125,-0.0114389239660356,0.0196884241080086,0.0181747521217889,-0.00493796850778383
7804.64990234375,7893.10009765625,7780.89990234375,7848.85009765625,214100.0,16.420000076293945,17.459999084472656,15.539999961853027,16.959999084472656,0.0,-0.0049379685077838,2,56.11230224069549,7795.637666048851,46.77517653684299,95.8222456709738,112.2001953125,0.0328866629518671,0.0149221756692372,0.0184648508833611,0.006567816182767139
7871.4501953125,7916.0498046875,7849.64990234375,7900.39990234375,152700.0,16.959999084472656,17.170000076293945,15.960000038146973,16.329999923706055,0.0,0.0065678161827671,0,59.267057513200776,7805.61502188646,49.851145920025374,93.77777862527924,66.39990234375,-0.0371461789372018,0.0043668802650829,0.0213172907173098,-0.010822236982540034
7881.0,7881.0,7784.2001953125,7814.89990234375,179500.0,16.329999923706055,17.3700008392334,14.199999809265137,17.0,0.0,-0.01082223698254,2,52.52334529935347,7806.499296215727,44.87247639494035,95.37934493999144,96.7998046875,0.0410287862476541,-0.0092421085916034,0.0105321305464176,0.005867010227795566
7831.2001953125,7873.89990234375,7772.14990234375,7860.75,205200.0,17.0,17.770000457763672,16.170000076293945,17.030000686645508,0.0,0.0058670102277955,1,55.450763455835705,7811.666029909466,44.11799978353429,95.83439172999203,101.75,0.001764746273265,0.001516133216419,-0.0006737568181098,0.003816429729987636
7896.85009765625,7940.10009765625,7879.7001953125,7890.75,183400.0,17.030000686645508,17.030000686645508,15.739999771118164,16.3700008392334,0.0,0.0038164297299876,1,57.30574570284612,7819.197836584755,45.41727879415885,94.6569421532962,60.39990234375,-0.0387551274692351,-0.0012214447955839,0.0003740200544575,-0.002610664088489645
7846.75,7882.0498046875,7810.75,7870.14990234375,156400.0,16.3700008392334,16.969999313354492,15.989999771118164,16.450000762939453,0.0,-0.0026106640884896,0,55.59392017415188,7824.050414276088,44.27434397470188,93.61001771377504,71.2998046875,0.0048869834822684,0.0070698282371384,0.0027137484373489,-0.011022661712474568
7875.5,7876.2001953125,7766.7998046875,7783.39990234375,170400.0,16.450000762939453,17.420000076293945,15.420000076293944,17.059999465942383,0.0,-0.0110226617124745,1,48.96111127717264,7820.178936949199,35.95410337285102,94.73790149314824,109.400390625,0.0370819863046576,-0.0098400404104251,-0.0148093769234758,-0.0043296897826234915
7792.2001953125,7812.39990234375,7735.75,7749.7001953125,157000.0,17.059999465942383,17.059999465942383,14.979999542236328,16.43000030517578,0.0,-0.0043296897826234,1,46.6335047471386,7813.466675840942,26.337367259246093,93.44590155390551,76.64990234375,-0.0369284396534885,-0.0178753356382472,-0.0083429996347996,-0.0024065951139995434
7813.9501953125,7820.60009765625,7722.2001953125,7731.0498046875,172000.0,16.43000030517578,16.549999237060547,15.18000030517578,16.15999984741211,0.0,-0.0024065951139995,1,45.34860649854677,7805.617450016804,17.014966012015066,93.79975875318011,98.39990234375,-0.0164333811776385,-0.0176743898632509,-0.0164997227125274,0.002302441895789764
7738.0498046875,7761.5498046875,7715.7998046875,7748.85009765625,147000.0,16.15999984741211,16.889999389648438,15.6899995803833,16.219999313354492,0.0,0.0023024418957897,2,46.85371394034235,7800.211035506275,10.937154035058484,90.36763312795296,45.75,0.0037128382740665,-0.0044389091041173,-0.0179830690800937,0.024009988881288802
7811.7998046875,7941.2001953125,7809.2998046875,7934.89990234375,176200.0,16.219999313354492,16.219999313354492,14.550000190734863,15.520000457763672,0.0,0.0240099888812888,2,59.43012412255726,7813.038546633654,20.89227546368147,97.6520948799742,131.900390625,-0.0431565280656015,0.0238976608596124,0.0082272892897143,0.016981940750153468
7974.4501953125,8083.0,7948.5,8069.64990234375,264300.0,15.520000457763672,15.520000457763672,14.470000267028809,15.329999923706056,0.0,0.0169819407501534,2,65.75147483422512,7837.477723367949,39.20307116458389,101.25552364970818,134.5,-0.0122423020910783,0.0437974280609276,0.036776987382314,0.010781136858828422
8081.9501953125,8164.2001953125,8077.0498046875,8156.64990234375,260900.0,15.329999923706056,15.859999656677246,14.9399995803833,15.260000228881836,0.0,0.0107811368588284,1,69.09920900757191,7867.875073746596,60.04254846683398,100.77657860106832,87.150390625,-0.004566190161291,0.0526271381621958,0.0525116710034019,0.0026788078338353394
8166.5,8200.0,8150.7998046875,8178.5,247400.0,15.260000228881836,16.440000534057617,14.770000457763672,15.979999542236328,0.0,0.0026788078338353,1,69.89512053901673,7897.458400056444,77.42855644012889,97.09255122331342,49.2001953125,0.0471821299184376,0.0306998324684975,0.05787702920258,-0.0022497893677019265
8209.849609375,8213.599609375,8134.2998046875,8160.10009765625,471000.0,15.979999542236328,16.360000610351562,14.300000190734863,16.049999237060547,0.0,-0.0022497893677019,1,68.29975155926539,7922.471895065949,88.69989746939063,95.8216407564696,79.2998046875,0.0043804566226177,0.0112086889031244,0.0530723907182548,0.0024325801667495206
8179.2001953125,8215.349609375,8171.0498046875,8179.9501953125,194400.0,16.049999237060547,16.100000381469727,14.720000267028809,15.84000015258789,0.0,0.0024325801667495,1,69.11867265198656,7946.993637946573,98.10337874444484,92.92363153948963,44.2998046875,-0.0130840557292833,0.0028566008407513,0.0308825941076293,0.00476775519028827
8156.89990234375,8229.5,8154.75,8218.9501953125,181700.0,15.84000015258789,15.9399995803833,14.960000038146973,15.09000015258789,0.0,0.0047677551902882,1,70.71915063609612,7972.894262457613,107.4639024927701,91.62551500095466,74.75,-0.0473484843923733,0.0049459186051843,0.01850145852367,0.00022504204686080165
8246.2001953125,8262.0,8209.849609375,8220.7998046875,379000.0,15.09000015258789,15.390000343322754,14.050000190734863,15.0,0.0,0.0002250420468608,1,70.79645240850596,7996.504314098554,113.72053349937504,88.80586325981504,52.150390625,-0.0059642247632751,0.0074385983388469,0.0078647365170494,-0.002402442641741276
8228.75,8234.7001953125,8186.0498046875,8201.0498046875,171600.0,15.0,15.539999961853027,14.119999885559082,15.359999656677246,0.0,-0.0024024426417412,2,68.71051743475138,8015.984837011788,115.7509933079764,85.93761521447111,48.650390625,0.0239999771118164,0.0025794300541206,0.0027572054395672,0.007974636440766236
8235.5498046875,8294.9501953125,8216.400390625,8266.4501953125,241900.0,15.359999656677246,15.359999656677246,14.399999618530272,14.869999885559082,0.0,0.0079746364407662,1,71.68557232643501,8039.838680659475,121.23983493656124,86.50638488665174,78.5498046875,-0.0319010274785489,0.005779326905654,0.0130329403295916,0.0007983607496653278
8285.5,8288.900390625,8252.0498046875,8273.0498046875,174300.0,14.869999885559082,15.289999961853027,13.31999969482422,15.140000343322754,0.0,0.0007983607496653,0,71.97514828134148,8062.04926390024,124.6850234568292,82.95954210456946,36.8505859375,0.0181573947438884,0.0063558292673915,0.0113814396361913,-0.0083947512649023
8273.349609375,8273.349609375,8184.60009765625,8203.599609375,174900.0,15.140000343322754,15.829999923706056,13.979999542236328,15.670000076293944,0.0,-0.0083947512649023,1,64.4994672771453,8075.53024918355,120.42314676308796,83.37311136272523,88.74951171875,0.0350065865886812,0.0003109119866633,-0.0018677064068662,-0.004089644337244347
8180.25,8265.599609375,8162.85009765625,8170.0498046875,182200.0,15.670000076293944,16.270000457763672,14.550000190734863,15.970000267028809,0.0,-0.0040896443372443,0,61.19295003538662,8084.532111612497,113.03538833265702,84.75713995958414,102.74951171875,0.0191448748739135,-0.0116616429479807,-0.0061733652692846,-0.007276541569812833
8102.25,8125.25,8063.89990234375,8110.60009765625,169700.0,15.970000267028809,17.079999923706055,15.65999984741211,16.579999923706055,0.0,-0.0072765415698128,1,55.74006272099568,8087.014776949997,101.21667916292972,86.285194415596,61.35009765625,0.0381965965233346,-0.019636012216342,-0.0110290400845451,-0.00021576701833758705
8134.39990234375,8134.9501953125,8069.5,8108.85009765625,145500.0,16.579999923706055,17.540000915527344,14.90999984741211,17.190000534057617,0.0,-0.0002157670183375,2,55.58304795227333,8089.094331302974,90.6639391676972,84.79698019394628,65.4501953125,0.0367913518189697,-0.0115497484312216,-0.0190650271800606,0.012054669964487674
8139.39990234375,8213.2001953125,8123.14990234375,8206.599609375,169800.0,17.190000534057617,17.6299991607666,15.420000076293944,17.059999465942383,0.0,0.0120546699644876,0,62.01884638547519,8100.285310166976,89.1605974946633,86.1936314412537,90.05029296875,-0.0075625982592421,0.0044736330329993,-0.0080321280399943,-0.008023982222768011
8180.64990234375,8180.64990234375,8074.4501953125,8140.75,189200.0,17.059999465942383,18.459999084472656,15.779999732971191,17.700000762939453,0.0,-0.008023982222768,1,56.11966143424703,8104.139090151074,81.7137302224055,89.47618734277128,106.19970703125,0.0375147313617876,0.0037173454467891,-0.0076612234101693,0.003617626792678852
8176.64990234375,8195.25,8135.7998046875,8170.2001953125,166600.0,17.700000762939453,17.899999618530273,16.040000915527344,17.350000381469727,0.0,0.0036176267926788,2,58.04188525450567,8110.430623975972,77.29738278077912,87.33147362632334,59.4501953125,-0.0197740319990585,0.0075658196806451,1.8407553025401316e-05,0.008359624373303065
8115.75,8244.150390625,8107.35009765625,8238.5,168600.0,17.350000381469727,18.450000762939453,16.290000915527344,17.520000457763672,0.0,0.008359624373303,1,62.1797332983127,8122.627707406832,78.40481712174733,90.86496072221097,136.80029296875,0.0097982750752854,0.0038871630326107,0.0157694746139327,-0.002257645126540031
8255.400390625,8257.25,8202.150390625,8219.900390625,137000.0,17.520000457763672,17.700000762939453,16.389999389648438,17.260000228881836,0.0,-0.00225764512654,1,60.43192403004783,8131.891772475229,76.89523339747029,88.31029276883875,55.099609375,-0.0148401953246879,0.0097227393821208,0.01369494954665,-0.0019708505629796313
8213.650390625,8238.349609375,8153.25,8203.7001953125,136100.0,17.260000228881836,18.309999465942383,16.219999313354492,18.18000030517578,0.0,-0.0019708505629796,2,58.87949982465312,8138.730669888302,73.54388887748246,88.08095824070742,85.099609375,0.0533024370853989,0.0041002667253147,-0.0003533027320095,0.008136572328440339
8201.150390625,8285.599609375,8188.2998046875,8270.4501953125,154100.0,18.18000030517578,18.82999992370605,16.989999771118164,18.020000457763672,0.0,0.0081365723284403,0,63.087129471043866,8151.275386595369,75.40487093301817,88.73944727262118,97.2998046875,-0.0088008715471009,0.0038781568625962,0.0159322169717164,-0.021987932139331257
8029.10009765625,8100.7001953125,7927.0498046875,8088.60009765625,297600.0,18.020000457763672,21.049999237060547,16.149999618530273,18.6299991607666,0.0,-0.0219879321393312,1,48.52069955873229,8145.30631145831,61.497030041751714,106.92951465493395,173.650390625,0.033851203524255,-0.0159734652160141,-0.0099875273194733,0.0007541598771854119
8039.35009765625,8120.64990234375,8039.35009765625,8094.7001953125,162500.0,18.6299991607666,19.729999542236328,18.3799991607666,18.530000686645508,0.0,0.0007541598771854,1,48.94653860576976,8140.486681349185,50.38637012468553,105.09882108583152,81.2998046875,-0.005367604864507,-0.0132866873977527,-0.0174546100245797,0.004095260052119798
8096.0498046875,8146.35009765625,8086.85009765625,8127.85009765625,170400.0,18.530000686645508,18.809999465942383,17.450000762939453,17.729999542236328,0.0,0.0040952600521197,2,51.30395699020198,8139.283197187953,43.75167014728686,101.84176243684357,59.5,-0.0431732927557707,-0.0172421203548354,-0.0111984681801905,0.009369009200318468
8173.10009765625,8212.400390625,8157.64990234375,8204.0,147000.0,17.729999542236328,17.729999542236328,15.90999984741211,16.15999984741211,0.0,0.0093690092003184,2,56.29626950344792,8145.446702217671,44.12958493717633,100.60665747483688,54.75048828125,-0.0885504644872761,0.0142669808063806,3.654505654315798e-05,0.010208434909800168
8260.25,8308.150390625,8242.099609375,8287.75,279400.0,16.15999984741211,16.40999984741211,14.65999984741211,16.290000915527344,0.0,0.0102084349098001,1,61.028397704333976,8158.99939724456,50.6036824513385,100.8597812712771,66.05078125,0.0080446206276452,0.0238489134902477,0.0020917609415391,0.00489874928358125
8313.0498046875,8356.75,8308.650390625,8328.349609375,165500.0,16.290000915527344,16.360000610351562,15.649999618530272,15.739999771118164,0.0,0.0048987492835812,2,63.11349908032538,8175.12798887603,58.33801620942722,98.58408260904302,48.099609375,-0.0337631131674724,0.0246682098352879,0.0296404209410994,0.005085111447510116
8376.75,8398.4501953125,8364.7001953125,8370.7001953125,154200.0,15.739999771118164,15.970000267028809,15.149999618530272,15.579999923706056,0.0,0.0050851114475101,1,65.20481804821385,8193.753913298551,67.11125303246627,96.54954713250424,33.75,-0.0101651746975053,0.0203193802184908,0.034096383231071,-0.0041513850919495665
8379.2998046875,8381.4501953125,8319.9501953125,8335.9501953125,139000.0,15.579999923706056,15.699999809265137,14.829999923706056,15.359999656677246,0.0,-0.0041513850919495,1,62.09394602295879,8207.296416347499,70.44799124957717,94.04600805161108,61.5,-0.0141206847308171,0.0058158360607523,0.025603338540441,0.00023394997172565546
8342.0,8361.9501953125,8317.7001953125,8337.900390625,155500.0,15.359999656677246,15.579999923706056,14.289999961853027,15.3100004196167,0.0,0.0002339499717256,1,62.202931482250015,8219.734890088213,72.41498986341503,90.48915033363888,44.25,-0.0032551587355544,0.0011467795779429,0.0163213542936373,-0.0017630571995113087
8350.0,8353.2998046875,8287.5498046875,8323.2001953125,137900.0,15.3100004196167,15.8100004196167,13.90999984741211,15.079999923706056,0.0,-0.0017630571995113,2,60.78426332834075,8229.588728681003,71.95817844062913,88.7220681669504,65.75,-0.0150228928547869,-0.0056745551616577,0.0042774209299869,0.017385163388715874
8413.349609375,8475.25,8407.0498046875,8467.900390625,149800.0,15.079999923706056,15.079999923706056,13.760000228881836,14.850000381469728,0.0,0.0173851633887158,2,68.41945980932988,8252.285077437573,82.32327705521857,93.24547791841825,68.2001953125,-0.0152519591114032,0.015829052743945,0.0167561146920287,0.006276575256050743
8502.599609375,8526.599609375,8479.2001953125,8521.0498046875,183600.0,14.850000381469728,15.029999732971191,13.81999969482422,14.779999732971191,0.0,0.0062765752560507,1,70.6777086288411,8277.881718128043,93.74576310804332,90.77788797781692,47.3994140625,-0.0047138482626494,0.0219658913493894,0.0179614137248869,-0.00018187954806314632
8540.4501953125,8550.25,8493.5498046875,8519.5,195500.0,14.779999732971191,15.40999984741211,13.869999885559082,15.329999923706056,0.0,-0.0001818795480631,2,70.51935655666745,8300.892983068228,101.50304538965248,88.34376707315144,56.7001953125,0.0372124628329948,0.0235846549501539,0.022019062060941,0.005340689007570898
8515.75,8571.400390625,8500.7001953125,8565.0,153900.0,15.329999923706056,15.920000076293944,14.15999984741211,15.609999656677246,0.0,0.0053406890075708,1,72.46953330092516,8326.046032299826,110.05358797051667,87.08351194739063,70.7001953125,0.0182648228548392,0.0114667869124323,0.0272370259580394,-0.0027553542761237226
8565.4501953125,8594.7998046875,8510.0498046875,8541.400390625,221700.0,15.609999656677246,16.31999969482422,13.920000076293944,15.640000343322754,0.0,-0.0027553542761237,1,69.88719735400406,8346.555971187938,113.6159691538669,86.91683252257701,84.75,0.0019218890009824,0.0023882721500236,0.0262159013591174,-0.003828434895569499
8564.0498046875,8587.099609375,8494.349609375,8508.7001953125,164300.0,15.640000343322754,16.200000762939453,14.109999656677246,15.989999771118164,0.0,-0.0038284348955694,1,66.35873421280952,8361.99827824742,112.50367707425356,87.33348734239293,92.75,0.0223784795468267,-0.0012676571028229,0.0048181724873228,0.0023328603569714446
8514.2998046875,8540.0498046875,8476.7001953125,8528.5498046875,167900.0,15.989999771118164,16.229999542236328,13.920000076293944,15.800000190734863,0.0,0.0023328603569714,1,67.43357550258311,8377.86032838457,111.93357460220068,85.62035320186486,63.349609375,-0.011882400444213,-0.0042557145723876,0.0008801732382639,0.004373522526303297
8515.4501953125,8569.900390625,8512.5498046875,8565.849609375,160300.0,15.800000190734863,16.209999084472656,14.140000343322754,15.989999771118164,0.0,0.0043735225263032,0,69.41132787464034,8395.764069431278,113.18679982449976,83.60108411155308,57.3505859375,0.0120252897525101,0.0028624367939518,0.0054404142702035,-0.006508402848794281
8582.7001953125,8585.25,8503.4501953125,8510.099609375,150000.0,15.989999771118164,16.110000610351562,14.029999732971191,15.710000038146973,0.0,-0.0065084028487942,1,63.23043778864566,8406.653168473536,108.43149992944018,83.4724212955493,81.7998046875,-0.0175109278911272,0.0001644686062944,-0.0064098529626386,0.003654550165692383
8519.650390625,8548.9501953125,8489.7998046875,8541.2001953125,143200.0,15.710000038146973,15.960000038146973,14.4399995803833,15.5,0.0,0.0036545501656923,2,65.0976093574919,8419.467171029628,105.9511094319787,81.73513339051007,59.150390625,-0.0133672843817346,0.001483299144017,-2.343823065831252e-05,0.011058187743255843
8519.9501953125,8641.150390625,8517.2001953125,8635.650390625,150000.0,15.5,16.110000610351562,13.520000457763672,15.720000267028809,0.0,0.0110581877432558,0,70.0685884606842,8440.05604908633,110.33485200810355,84.7504949563665,123.9501953125,0.0141935656147618,0.0081487283145393,0.0149200456472116,-0.005210956669673972
8633.75,8644.900390625,8577.150390625,8590.650390625,154800.0,15.720000267028809,16.149999618530273,13.949999809265137,15.619999885559082,0.0,-0.0052109566696739,1,65.296883807183,8454.398367328107,108.92228733688536,83.5361738880546,67.75,-0.0063613473136808,0.0094653159125497,0.0072814942000301,0.0029275331807177007
8599.400390625,8665.0,8572.0498046875,8615.7998046875,184100.0,15.619999885559082,15.670000076293944,14.470000267028809,15.43000030517578,0.0,0.0029275331807177,2,66.66326927433498,8469.769932790907,108.58051856143538,84.20860398980071,92.9501953125,-0.0121638656706366,0.008734089784705,0.005831318268515,0.005861324676151858
8636.9501953125,8674.7001953125,8625.25,8666.2998046875,233500.0,15.43000030517578,15.539999961853027,12.59000015258789,15.149999618530272,0.0,0.0058613246761518,1,69.27897371711302,8488.487063447725,111.10385620390116,82.40087446374352,49.4501953125,-0.0181465120614149,0.0035491726362351,0.0183546847254789,-0.003207805558776422
8668.2998046875,8670.349609375,8631.150390625,8638.5,157000.0,15.149999618530272,15.229999542236328,14.149999618530272,14.920000076293944,0.0,-0.0032078055587764,1,66.19964282319759,8502.774009786037,109.59704109168524,79.31504191276183,39.19921875,-0.0151814883186538,0.0055699635300276,0.0113918187681514,-0.00022575624385023918
8654.2998046875,8711.2998046875,8590.5,8636.5498046875,188400.0,14.920000076293944,15.479999542236328,14.359999656677246,15.18000030517578,0.0,-0.0002257562438502,1,65.97809080790714,8515.514561681415,107.01194767579908,82.27823925381456,120.7998046875,0.0174262887099407,0.0024083660798051,0.0001041512823951,-0.001580424402241265
8647.4501953125,8687.2001953125,8611.400390625,8622.900390625,169400.0,15.18000030517578,15.789999961853027,13.960000038146973,15.6899995803833,0.0,-0.0015804244022412,0,64.3547079124252,8525.741783485566,102.67823806377056,81.81549392764923,75.7998046875,0.0335967895227005,-0.0050078366823895,0.0037540813015968,-0.009051569392458547
8635.2001953125,8635.4501953125,8529.599609375,8544.849609375,163000.0,15.6899995803833,16.450000762939453,14.300000190734863,16.239999771118164,0.0,-0.0090515693924585,1,55.88676160438503,8527.561576427417,91.88648601088607,83.53228621406713,105.8505859375,0.0350541877274814,-0.0108410477079353,-0.008234893674514,0.0007314347572768831
8599.9501953125,8601.400390625,8518.150390625,8551.099609375,164700.0,16.239999771118164,16.239999771118164,14.100000381469728,15.140000343322754,0.0,0.0007314347572768,2,56.38170316349045,8529.803293850997,82.8828456730298,83.51212291306233,83.25,-0.0677339558681331,-0.009894019862668,-0.0132928929195582,0.015442549763450941
8600.2001953125,8689.400390625,8590.150390625,8683.150390625,157900.0,15.140000343322754,15.140000343322754,13.619999885559082,14.350000381469728,0.0,0.0154425497634509,1,65.2523625500753,8544.407779258045,85.41814310721202,87.42559850855787,99.25,-0.0521796528361007,0.0069872081632191,0.0051687666406203,0.0032475792173825013
8712.849609375,8723.5,8697.599609375,8711.349609375,172600.0,14.350000381469728,14.81999969482422,13.109999656677246,14.59000015258789,0.0,0.0032475792173825,1,66.80489959442393,8560.307001173946,88.6805714461625,84.06302785616087,25.900390625,0.0167247222814068,0.019485421933854,0.0086608433204313,-0.003799596028080332
8727.7998046875,8728.349609375,8638.2001953125,8678.25,200100.0,14.59000015258789,14.960000038146973,12.350000381469728,14.539999961853027,0.0,-0.0037995960280803,0,63.2335315929918,8571.539667728808,87.58557556276173,84.49776972804224,90.1494140625,-0.0034270178349514,0.014869478363414,0.0064189085884811,-0.011863013316336768
8686.7001953125,8690.099609375,8564.599609375,8575.2998046875,173600.0,14.539999961853027,15.25,12.710000038146973,14.920000076293944,0.0,-0.0118630133163367,1,53.6301480693297,8571.897776010588,77.51699539485344,87.42650046175352,125.5,0.0261348084895378,-0.0124206746498303,0.0035635729947887,0.00196501420606765
8572.7998046875,8601.150390625,8540.0498046875,8592.150390625,189200.0,14.920000076293944,14.920000076293944,13.170000076293944,14.210000038146973,0.0,0.0019650142060676,1,54.83910787885971,8573.826596450057,70.08932838202236,85.54607799573542,61.1005859375,-0.0475871336807213,-0.0136832091575936,0.0048006435575833,0.0
8572.7998046875,8601.150390625,8540.0498046875,8592.150390625,189200.0,14.210000038146973,14.210000038146973,12.369999885559082,13.770000457763672,0.0,0.0,2,54.83910787885971,8575.571719704814,63.47119236476465,83.79997142014717,61.1005859375,-0.0309640801690439,-0.0099213100999625,-0.0104800672458985,0.0058657509204553815
8670.25,8682.349609375,8600.4501953125,8642.5498046875,224800.0,13.770000457763672,14.640000343322754,13.140000343322754,14.18000030517578,0.0,0.0058657509204553,1,58.58467097598265,8581.95058494126,61.58319071104779,84.25706051513666,81.8994140625,0.0297748608411227,0.007842291410411,-0.0078977205338491,-0.0021405719860551065
8639.7998046875,8667.099609375,8603.599609375,8624.0498046875,174100.0,14.18000030517578,14.90999984741211,12.710000038146973,14.779999732971191,0.0,-0.0021405719860551,2,56.72490081859344,8585.960034440903,57.92640091726935,82.77441333548404,63.5,0.0423130758027139,0.0037126228723027,-0.00624552131046,0.0057049989769026865
8648.849609375,8690.7001953125,8645.0498046875,8673.25,164300.0,14.779999732971191,14.779999732971191,12.90999984741211,14.550000190734863,0.0,0.0057049989769026,1,60.33152253304176,8594.27336449415,58.32606664886771,81.62269742759233,45.650390625,-0.0155615389980857,0.0094388023588936,0.0114223639456847,-0.0007320911278931863
8694.2998046875,8696.599609375,8647.099609375,8666.900390625,191900.0,14.550000190734863,14.90999984741211,12.109999656677246,14.539999961853027,0.0,-0.0007320911278931,1,59.64069430200502,8601.190224125661,57.46798900526301,79.32821903990715,49.5,-0.0006873009450683,0.0028175233568561,0.0086998011675354,-0.0043556517669032235
8667.0,8684.849609375,8614.0,8629.150390625,152300.0,14.539999961853027,15.010000228881836,13.270000457763672,14.239999771118164,0.0,-0.0043556517669032,1,55.56692189463237,8603.853097125599,53.12940408215036,78.72260406384235,70.849609375,-0.0206327504485516,0.0005914374398356,0.0043062560963051,0.0003997170745508871
8628.349609375,8642.150390625,8580.0,8632.599609375,187500.0,14.239999771118164,14.619999885559082,13.0600004196167,13.899999618530272,0.0,0.0003997170745508,1,55.863568751903465,8606.590860196971,49.3999159192299,77.53887453249646,62.150390625,-0.0238764155935933,-0.0046868694693453,-0.0011513032076602,0.0020503899304304962
8648.5,8661.0498046875,8620.900390625,8650.2998046875,149600.0,13.899999618530272,14.039999961853027,12.390000343322754,13.489999771118164,0.0,0.0020503899304304,0,57.43406719590791,8610.753616815116,47.32697164649653,74.86819878463959,40.1494140625,-0.0294963927096467,-0.0019154005687497,0.0030438135904238,-0.006716485056797228
8668.849609375,8683.0498046875,8583.650390625,8592.2001953125,213100.0,13.489999771118164,13.609999656677246,10.93000030517578,13.289999961853027,0.0,-0.0067164850567972,1,51.01702017136914,8608.986624291058,40.5288046263031,76.62042844734391,99.3994140625,-0.0148257829991467,-0.0042820200877068,-0.009344802085435,-0.0022870033493540554
8614.349609375,8622.9501953125,8547.5498046875,8572.5498046875,147500.0,13.289999961853027,14.210000038146973,12.350000381469728,13.56999969482422,0.0,-0.002287003349354,1,49.0220351211206,8605.516450995481,33.17318614607939,76.53328288860507,75.400390625,0.0210684525037538,-0.0069561670185984,-0.0108863124860139,0.004071179686342186
8583.75,8622.0,8543.75,8607.4501953125,129700.0,13.56999969482422,14.010000228881836,12.9399995803833,13.170000076293944,0.0,0.0040711796863421,2,52.56956033375857,8605.700617120912,29.81627193198983,76.655905539419,78.25,-0.0294767595818619,-0.004953540379234,-0.0025147545621728,0.015904758198549196
8646.75,8750.599609375,8642.25,8744.349609375,150200.0,13.170000076293944,13.170000076293944,12.289999961853027,13.020000457763672,0.0,0.0159047581985491,1,63.34494642813729,8618.905283049873,37.767175342663904,81.40544186249622,108.349609375,-0.0113894926090603,0.0177078525411344,0.0129451156148421,0.00478601471887985
8754.0498046875,8819.2001953125,8754.0498046875,8786.2001953125,362200.0,13.020000457763672,13.539999961853027,12.25,13.239999771118164,0.0,0.0047860147188798,1,65.895705263715,8634.83813183679,46.90462874099831,80.93723786785363,65.150390625,0.016897028081386,0.0249226187648599,0.0157104833004004,-0.0013145392127147382
8793.599609375,8813.25,8759.9501953125,8774.650390625,238900.0,13.239999771118164,13.68000030517578,12.539999961853027,13.34000015258789,0.0,-0.0013145392127147,1,64.56046333805385,8648.153585054715,52.60772457669009,78.96313549782836,53.2998046875,0.0075528990331155,0.0194250552159518,0.0212343976123876,0.0039887629069979
8796.349609375,8824.099609375,8768.2001953125,8809.650390625,191500.0,13.34000015258789,13.449999809265137,12.640000343322754,12.9399995803833,0.0,0.0039887629069979,2,66.75862636777607,8663.534233204266,59.26846661802483,77.31572682387635,55.8994140625,-0.029985050047169,0.0074677688069551,0.0276581170526244,0.015136765190694401
8852.7001953125,8950.849609375,8848.4501953125,8943.0,195600.0,12.9399995803833,13.18000030517578,12.350000381469728,12.75,0.0,0.0151367651906944,1,73.5021995647853,8690.150020518146,74.44914826302556,81.87883339002803,102.3994140625,-0.014683121062178,0.0178461452279625,0.0389836475464284,-0.002801051625573092
8968.7001953125,8968.7001953125,8913.349609375,8917.9501953125,290100.0,12.75,13.359999656677246,11.949999809265137,13.149999618530272,0.0,-0.002801051625573,1,70.60458062700685,8711.845275260464,83.4961463487034,79.98395857199031,55.3505859375,0.0313725191004135,0.0163311127290728,0.0198528871434164,0.0038741867728371293
8915.5,8960.349609375,8896.0,8952.5,217200.0,13.149999618530272,13.229999542236328,12.050000190734863,13.119999885559082,0.0,0.0038741867728371,0,72.23062706612205,8734.764772854705,92.38883700231054,78.86721934363386,64.349609375,-0.0022813485810994,0.0162151280744371,0.0189273862410079,-0.009583893290980194
8934.2998046875,8939.150390625,8858.7001953125,8866.7001953125,175900.0,13.119999885559082,13.449999809265137,12.640000343322754,13.229999542236328,0.0,-0.0095838932909801,0,62.922082954604086,8747.330051184019,91.45875167605118,79.93383258248146,80.4501953125,0.008384120246702,-0.0085317907511461,0.010490424186683,-0.017041355026008564
8732.9501953125,8746.9501953125,8699.400390625,8715.599609375,184500.0,13.229999542236328,15.34000015258789,12.699999809265137,15.239999771118164,0.0,-0.0170413550260085,1,50.5636518478076,8744.308104345066,77.63417937498161,86.17425916141136,47.5498046875,0.151927460198693,-0.0226902574589237,-0.0106758812302116,0.0012621047883116798
8710.650390625,8739.849609375,8688.900390625,8726.599609375,184300.0,15.239999771118164,15.520000457763672,14.199999809265137,14.760000228881836,0.0,0.0012621047883116,1,51.31334136801282,8742.621581014584,66.79573464480018,83.65818484631055,50.94921875,-0.0314960334281626,-0.0252332187238201,-0.0241977402018338,0.001827767518446155
8743.849609375,8751.9501953125,8704.349609375,8742.5498046875,145400.0,14.760000228881836,15.079999923706056,13.4399995803833,14.68000030517578,0.0,0.0018277675184461,1,52.43960108298179,8742.614745173909,58.81525096779478,81.08264206710979,47.6005859375,-0.0054200489475273,-0.0140018708076578,-0.0196682406588449,0.004266467508998506
8780.849609375,8847.650390625,8750.5,8779.849609375,265800.0,14.68000030517578,14.949999809265137,13.43000030517578,14.579999923706056,0.0,0.0042664675089985,1,55.05783136150031,8746.16092271687,54.867958991160776,82.79820948642337,97.150390625,-0.0068120149448818,0.0073718393317299,-0.0192851595224797,0.003251853109136782
8788.4501953125,8824.2998046875,8774.2001953125,8808.400390625,131700.0,14.579999923706056,15.199999809265137,13.640000343322754,14.9399995803833,0.0,0.0032518531091367,1,57.0087473760179,8752.088491089073,53.42763063065286,80.46259519275029,50.099609375,0.0246913346063817,0.0093737291627453,-0.0065751410787883,-0.0036896597064991488
8816.099609375,8816.4501953125,8759.2998046875,8775.900390625,136500.0,14.9399995803833,15.149999618530272,13.770000457763672,14.779999732971191,0.0,-0.0036896597064991,1,54.12830605409462,8754.356291044876,49.09771375982018,78.79743772362526,57.150390625,-0.0107094947728241,0.0038147436025606,0.0069187186140511,0.0001424355273373923
8790.2998046875,8826.849609375,8757.2998046875,8777.150390625,148800.0,14.779999732971191,14.949999809265137,13.170000076293944,14.8100004196167,0.0,0.0001424355273373,2,54.22410609692594,8756.527157671555,45.24552574124937,78.13689250675918,69.5498046875,0.0020298164538246,-0.0003074333696009,0.0057927237999659,0.010288054854791007
8873.349609375,8893.349609375,8837.7998046875,8867.4501953125,172800.0,14.8100004196167,14.8100004196167,12.59000015258789,13.34000015258789,0.0,0.010288054854791,1,60.62198767378262,8767.091256494503,48.915214411272245,80.85563009556209,55.5498046875,-0.0992572738270627,0.0067038056932957,0.0142864946057306,-0.00404855847332275
8880.75,8885.2001953125,8820.2998046875,8831.5498046875,185900.0,13.34000015258789,13.59000015258789,12.029999732971191,13.25,0.0,-0.0040485584733227,0,57.199152369449294,8773.230165846217,48.36903945147424,79.71597013337909,64.900390625,-0.0067466380478586,0.0063411629104117,0.0058885057959643,-0.012285499419638857
8807.900390625,8809.5498046875,8715.099609375,8723.0498046875,164000.0,13.25,14.789999961853027,12.8100004196167,14.56999969482422,0.0,-0.0122854994196388,1,48.31954238287264,8768.4510838311,38.73463981685745,82.33984336045914,94.4501953125,0.0996226184772994,-0.0061637984459381,-0.0096896805495286,-0.0019086689214536934
8748.900390625,8768.5,8690.5,8706.400390625,151400.0,14.56999969482422,14.56999969482422,13.770000457763672,14.25,0.0,-0.0019086689214536,1,47.11094944006594,8762.541494001947,29.416742231282115,82.02985454899776,78.0,-0.0219629170574309,-0.0181619068774283,-0.0079194153199647,0.004450748674702076
8711.2001953125,8767.0498046875,8703.150390625,8745.150390625,165500.0,14.25,14.350000381469728,13.489999771118164,13.850000381469728,0.0,0.004450748674702,0,50.231080857556485,8760.885198442238,24.8723296815424,80.73482308567648,63.8994140625,-0.028070148668791,-0.009783041026009,-0.0036458302040921,-0.0175983698107679
8792.7001953125,8800.650390625,8558.25,8591.25,372900.0,13.850000381469728,19.1299991607666,13.149999618530272,18.450000762939453,0.0,-0.0175983698107679,1,40.11026830340384,8744.729465257264,8.751492908309956,92.2823636241996,242.400390625,0.3321299822940211,-0.0151093720245268,-0.031147645515788,0.002316355667103087
8581.5,8637.150390625,8555.2001953125,8611.150390625,181700.0,18.450000762939453,18.850000381469727,16.829999923706055,17.18000030517578,0.0,0.002316355667103,2,41.74476621538089,8732.00764862562,-2.3910288773658976,91.54435160193532,81.9501953125,-0.0688347103114881,-0.0109402273874935,-0.0249559158852865,0.014742422671912614
8666.150390625,8745.2001953125,8635.0,8738.099609375,137300.0,17.18000030517578,17.18000030517578,15.510000228881836,15.619999885559082,0.0,0.0147424226719126,1,50.94267289946274,8732.587835363656,-0.9666734658312636,94.58045539376135,110.2001953125,-0.0908032824159335,-0.0008062504285298,0.0017252916152574,0.0035534936242527237
8770.0,8783.650390625,8736.099609375,8769.150390625,184300.0,15.619999885559082,15.720000267028809,14.8100004196167,14.989999771118164,0.0,0.0035534936242527,1,52.90146624235697,8736.069983483783,2.637276126863071,91.22119295492128,47.55078125,-0.0403329141521545,0.0207071602648043,0.0072073414022595,-0.0028737328235858284
8806.349609375,8806.9501953125,8731.400390625,8743.9501953125,157200.0,14.989999771118164,15.149999618530272,13.90999984741211,14.93000030517578,0.0,-0.0028737328235858,1,51.11756442092097,8736.820479848424,3.420556938070149,90.1018080786769,75.5498046875,-0.0040026328791535,0.0154218424558094,-0.0001372412433051,-0.003934193340149772
8768.7001953125,8781.150390625,8684.650390625,8709.5498046875,163600.0,14.93000030517578,15.119999885559082,14.329999923706056,14.84000015258789,0.0,-0.0039341933401497,1,48.70318906287927,8734.22327269024,1.2510670743358787,90.55882178734284,96.5,-0.0060281413763059,-0.0032672784660029,0.0137698012148987,-0.0013720795655899343
8721.7001953125,8723.7001953125,8663.7998046875,8697.599609375,150400.0,14.84000015258789,14.970000267028809,13.779999732971191,14.489999771118164,0.0,-0.0013720795655899,1,47.8575569357746,8730.735304755455,-1.416224804792364,88.3689338471755,59.900390625,-0.0235849311233794,-0.0081593744049017,0.0100392183190898,0.0012877340663539627
8735.349609375,8745.7998046875,8703.9501953125,8708.7998046875,108400.0,14.489999771118164,14.56999969482422,13.270000457763672,14.289999961853027,0.0,0.0012877340663539,0,48.75561747759839,8728.64620951089,-2.596381211606058,85.49973823755582,41.849609375,-0.0138026095530919,-0.0040199669302604,-0.0033531094857358,-0.015553256286772621
8671.5,8681.5498046875,8541.349609375,8573.349609375,212300.0,14.289999961853027,16.010000228881836,14.289999961853027,15.43000030517578,0.0,-0.0155532562867726,1,39.822862246317165,8713.856057116995,-14.296560572794988,91.35334231433754,140.2001953125,0.0797760914181924,-0.0156380293318026,-0.0223283639267184,0.0011723284023095193
8594.0,8604.4501953125,8549.7998046875,8583.400390625,162800.0,15.43000030517578,15.43000030517578,14.329999923706056,14.890000343322754,0.0,0.0011723284023095,0,40.69119230463353,8701.43170792728,-22.498672273750344,88.73170290795629,54.650390625,-0.0349967563948713,-0.013129969632875,-0.0183612441861309,-0.007339748483457642
8612.9501953125,8615.400390625,8506.150390625,8520.400390625,197400.0,14.890000343322754,16.049999237060547,14.350000381469728,15.65999984741211,0.0,-0.0073397484834576,2,37.07948601825629,8684.190630088968,-33.69407406482787,90.197295557388,109.25,0.0517125242669758,-0.0216332236689026,-0.0217174731535146,0.01848504680288232
8556.0498046875,8685.099609375,8555.900390625,8677.900390625,216600.0,15.65999984741211,15.65999984741211,14.300000190734863,14.539999961853027,0.0,0.0184850468028823,1,49.21531538293987,8683.591559663828,-29.517319638294797,95.51886149971742,129.19921875,-0.0715197890467519,0.0121948580209154,-0.0022649029197396,-0.002166512682066579
8697.5,8698.75,8636.7001953125,8659.099609375,172100.0,14.539999961853027,14.949999809265137,13.149999618530272,14.609999656677246,0.0,-0.0021665126820665,1,48.024565183626585,8681.258992969653,-27.40833140225732,93.12821458455905,62.0498046875,0.0048142843884366,0.0088192575558609,-0.0057068937657458,0.004654153788272275
8693.349609375,8727.0,8678.2998046875,8699.400390625,161000.0,14.609999656677246,14.609999656677246,12.75,14.170000076293944,0.0,0.0046541537882722,1,50.773962598219896,8682.986745127306,-22.228767397924457,91.32622715887624,48.7001953125,-0.0301163306449638,0.0210084023981964,0.0147026293098047,-0.0007300027188475999
8708.599609375,8709.099609375,8652.0498046875,8693.0498046875,157300.0,14.170000076293944,14.350000381469728,12.43000030517578,13.829999923706056,0.0,-0.0007300027188475,1,50.32222706085115,8683.945131752087,-18.42398459298784,88.87791126806364,57.0498046875,-0.0239943649087696,0.0017457464802046,0.012774589215512,0.0018290923188344355
8709.849609375,8736.9501953125,8684.150390625,8708.9501953125,157100.0,13.829999923706056,14.449999809265137,13.100000381469728,14.329999923706056,0.0,0.0018290923188344,1,51.48605419124048,8686.326566376887,-13.964662236208824,86.30090365516624,52.7998046875,0.036153290148827,0.0057570172634955,0.0221292188210968,-0.0020266955521803798
8721.7001953125,8722.650390625,8663.4501953125,8691.2998046875,189800.0,14.329999923706056,14.8100004196167,12.84000015258789,14.479999542236328,0.0,-0.0020266955521803,0,50.0833976121468,8686.800208120754,-11.719758077921142,84.36513877354722,59.2001953125,0.0104675240285332,-0.0009311660084331,0.0015440847969372,-0.008750107164233856
8657.2998046875,8657.2998046875,8596.599609375,8615.25,219300.0,14.479999542236328,14.9399995803833,13.600000381469728,14.449999809265137,0.0,-0.0087501071642338,1,44.46274803675553,8679.985902585444,-15.8940226232462,85.10335709775813,60.7001953125,-0.0020718048287008,-0.0089496559246156,-0.0050639917951197,0.0
8607.099609375,8624.849609375,8550.25,8615.25,242800.0,14.449999809265137,14.81999969482422,12.75,14.09000015258789,0.0,0.0,1,44.46274803675552,8673.820578529689,-18.983329345388483,84.3530894032754,74.599609375,-0.0249134713791774,-0.0107590689131432,-0.0096731253703055,0.0026406662604103737
8625.0,8653.75,8581.75,8638.0,175500.0,14.09000015258789,14.880000114440918,13.479999542236328,14.649999618530272,0.0,0.0026406662604103,1,46.544079287639285,8670.409094860195,-19.37257729754674,83.47072587447,72.0,0.0397444613114166,-0.006132547016587,-0.0063326227186476,-0.0013602685806899384
8653.150390625,8669.599609375,8614.5,8626.25,165000.0,15.489999771118164,15.890000343322754,14.3100004196167,15.739999771118164,0.0,-0.0013602685806899,0,45.59368747678173,8666.203466778272,-20.394095467499938,81.44421755307928,55.099609375,0.0744027427283471,0.0012768056643741,-0.0094960004889007,-0.013012606868569754
8542.7998046875,8549.5,8504.849609375,8514.0,155300.0,15.739999771118164,17.260000228881836,15.119999885559082,16.799999237060547,0.0,-0.0130126068685697,1,37.67844265616498,8651.707898513674,-29.9164348260947,84.29822991535934,44.650390625,0.0673443126655828,-0.0117524157743535,-0.0203996880411232,-0.003412004309079175
8499.849609375,8537.650390625,8476.150390625,8484.9501953125,170500.0,16.799999237060547,16.799999237060547,15.489999771118164,16.469999313354492,0.0,-0.0034120043090791,0,35.9395460036215,8635.826212494514,-39.353392420280215,82.66978492140511,61.5,-0.0196428534935929,-0.0177181991997569,-0.0151243207901685,-0.00603423639902867
8503.599609375,8504.0,8400.25,8433.75,224800.0,16.469999313354492,17.43000030517578,14.600000381469728,16.850000381469727,0.0,-0.0060342363990286,2,33.044882266449974,8616.580858923608,-50.3828945213354,84.17551456987619,103.75,0.0230723183945196,-0.0223156064338502,-0.0210672934621746,0.007505534867348507
8535.75,8535.849609375,8481.4501953125,8497.0498046875,172800.0,16.850000381469727,16.850000381469727,14.9399995803833,16.510000228881836,0.0,0.0075055348673485,2,39.52950201582176,8605.19694899636,-53.4005212120901,85.45580705595646,54.3994140625,-0.0201780501418739,-0.0019908615589029,-0.016317457202188,0.005472487636161372
8540.0,8559.400390625,8480.099609375,8543.5498046875,195700.0,16.510000228881836,17.3799991607666,15.06999969482422,16.770000457763672,0.0,0.0054724876361613,0,43.83295975019321,8599.325792395515,-51.446803990176704,85.016162355531,79.30078125,0.0157480451409688,0.0069062997455628,-0.0095870390160845,-0.013056610804363489
8067.5,8476.2001953125,8002.25,8432.0,314300.0,16.770000457763672,22.790000915527344,15.84000015258789,16.6200008392334,0.0,-0.0130566108043634,2,37.025627220733945,8583.39000264356,-58.22838541257988,117.60785109352878,473.9501953125,-0.0089445208369586,-0.0002074996294649,-0.0096311956777073,0.011118358633776193
8555.599609375,8598.4501953125,8510.7001953125,8525.75,263100.0,16.6200008392334,16.6200008392334,14.239999771118164,15.460000038146973,0.0,0.0111183586337761,0,44.78646911111512,8577.900478582269,-55.3993864083368,121.09658996631244,87.75,-0.0697954718719455,0.0033776658925392,0.0048084907687542,-0.026912611243878892
8456.650390625,8460.599609375,8284.9501953125,8296.2998046875,266900.0,15.460000038146973,17.709999084472656,14.170000076293944,17.360000610351562,0.0,-0.0269126112438788,0,33.80562371664767,8551.081366782768,-70.85532144238095,129.64681958925442,175.6494140625,0.1228978374848905,-0.0289399612166296,-0.0162976369127019,-0.022642577269069153
8284.849609375,8288.5498046875,8093.2001953125,8108.4501953125,359200.0,17.360000610351562,20.84000015258789,16.450000762939453,20.149999618530277,0.0,-0.0226425772690691,1,27.796790451611106,8508.926017118933,-97.14235822612136,134.8934474310934,195.349609375,0.1607142229312519,-0.0383716561536409,-0.0457334743596093,0.0003884715658204474
8205.650390625,8210.0498046875,8089.39990234375,8111.60009765625,269500.0,20.149999618530277,20.190000534057617,16.899999618530273,19.5,0.0,0.0003884715658204,1,28.027803989293066,8471.085453360582,-116.37930528309698,133.87605135342602,120.64990234375,-0.0322580461953221,-0.048576360125942,-0.0505585754055365,-0.003901807530291679
8105.10009765625,8151.25,8060.2998046875,8079.9501953125,191300.0,19.5,19.5,17.440000534057617,18.709999084472656,0.0,-0.0039018075302916,1,27.08992105129667,8433.834476403621,-132.64950609552398,130.80991877907417,90.9501953125,-0.0405128674629406,-0.0260778436734844,-0.0417516371783088,-0.000724026450019899
8097.5498046875,8128.9501953125,8048.2998046875,8074.10009765625,161200.0,18.709999084472656,18.709999084472656,15.859999656677246,17.809999465942383,0.0,-0.0007240264500198,0,26.91067090707853,8399.574059380062,-144.35181359811577,127.22709533949744,80.650390625,-0.048102600885597,-0.0042363333101691,-0.0529748001458816,-0.017958657713704862
8102.10009765625,8102.4501953125,7916.39990234375,7929.10009765625,218800.0,17.809999465942383,19.770000457763672,15.720000267028809,19.100000381469727,0.0,-0.0179586577137048,2,22.8711540621905,8354.767015406365,-163.44220479133764,131.42875231301548,186.05029296875,0.0724312719938133,-0.0224986436464897,-0.0442606602552837,0.009231779915716665
7989.14990234375,8019.0498046875,7938.14990234375,8002.2998046875,210200.0,19.100000381469727,20.1299991607666,17.950000762939453,18.46999931335449,0.0,0.0092317799157166,1,28.6905512698652,8321.198709623615,-170.69718189132436,128.46596336431796,80.89990234375,-0.0329843484572096,-0.0096102560966339,-0.013091329177352,0.0038738863522509437
8051.2001953125,8055.2001953125,7973.10009765625,8033.2998046875,181000.0,18.46999931335449,23.09000015258789,16.34000015258789,18.040000915527344,0.0,0.0038738863522509,0,31.062755746420976,8293.779766296368,-171.96307925580004,125.15411581374168,82.10009765625,-0.0232809103309626,-0.0050532310072045,-0.0096528788433953,-0.008439844937436325
8011.7998046875,8024.85009765625,7952.5498046875,7965.5,260500.0,18.040000915527344,18.57999992370605,16.639999389648438,17.15999984741211,0.0,-0.0084398449374363,2,28.80573555751367,8262.515026649095,-176.40371740240334,121.98239325561724,72.30029296875,-0.0487805445374341,0.004590672572605,-0.0141647154432829,0.018680535394827613
8007.9501953125,8122.25,7976.75,8114.2998046875,177900.0,17.15999984741211,18.8700008392334,16.8700008392334,17.610000610351562,0.0,0.0186805353948276,1,39.240204840044605,8248.399291224181,-166.00248119002663,124.46579373735888,145.5,0.0262238209173013,0.0139959764984554,0.0049788467501064,0.001552826240037497
8080.64990234375,8146.5,8066.5,8126.89990234375,189700.0,17.610000610351562,18.61000061035156,16.81999969482422,18.059999465942383,0.0,0.0015528262400374,1,40.04157252384042,8236.827920854617,-154.95646233664047,121.28966561326182,80.0,0.025553596819656,0.0116515130683449,0.0249460597358288,0.0018764842908427504
8131.5498046875,8197.349609375,8128.7001953125,8142.14990234375,189700.0,18.059999465942383,18.21999931335449,16.520000457763672,17.709999084472656,0.0,0.0018764842908427,2,41.05488630599413,8227.810966710726,-143.31976423399738,117.65824000026096,68.6494140625,-0.0193798666566827,0.0221768755688593,0.0174762382152102,0.01011404833415619
8172.14990234375,8234.25,8139.25,8224.5,248000.0,17.709999084472656,17.989999771118164,16.040000915527344,16.850000381469727,0.0,0.0101140483341561,1,46.32969526144701,8227.4956365478,-126.00018084500152,116.03979428595662,95.0,-0.0485600647916993,0.0135809864024052,0.0238009535260881,-0.00384213136056899
8244.0,8250.7998046875,8185.0498046875,8192.900390625,157700.0,16.850000381469727,16.889999389648438,14.34000015258789,16.690000534057617,0.0,-0.0038421313605689,0,44.67754147265179,8224.200851221818,-113.51557374285404,112.447666122674,65.75,-0.0094955396907921,0.0081212379965718,0.0285481627801142,-0.012950308300941793
8153.5498046875,8159.2998046875,8070.0498046875,8086.7998046875,171500.0,16.690000534057617,18.190000534057617,15.829999923706056,17.93000030517578,0.0,-0.0129503083009417,2,39.57451959493978,8211.115037266169,-110.90442604538477,113.190731823733,89.25,0.0742959695290494,-0.0067979708455523,-0.0033890786219303,0.00518749027126697
8088.75,8141.89990234375,8056.85009765625,8128.75,126500.0,17.93000030517578,18.299999237060547,16.920000076293945,17.290000915527344,0.0,0.0051874902712669,1,42.37695281518055,8203.270748002724,-104.2483326273341,111.18066559971636,85.0498046875,-0.0356943323343776,-0.0116420451091251,0.0002276510943264,0.0017714780678148578
8153.14990234375,8178.7001953125,8130.85009765625,8143.14990234375,115300.0,17.290000915527344,17.360000610351562,14.960000038146973,17.110000610351562,0.0,0.0017714780678148,0,43.348220544548695,8197.54495317806,-96.69671927662512,106.80706057920092,47.85009765625,-0.0104106590887529,-0.0060723902292499,0.0001228176847631,-0.005047198952388254
8168.39990234375,8190.4501953125,8077.5,8102.0498046875,169800.0,17.110000610351562,17.110000610351562,15.510000228881836,16.850000381469727,0.0,-0.0050471989523882,2,41.21298962886648,8188.45017713134,-92.95689644421508,107.24585591729372,112.9501953125,-0.015195804769553,0.0018857892328631,-0.014888466814092,0.017871996368588716
8152.10009765625,8256.25,8151.75,8246.849609375,142500.0,16.850000381469727,16.850000381469727,14.15999984741211,15.529999732971191,0.0,0.0178719963685887,1,50.46965803618834,8194.012027821213,-77.41651639880274,110.5997373026656,104.5,-0.0783383156447975,0.0145286310164538,0.0065848742420613,0.0018067979083868924
8271.7001953125,8274.9501953125,8241.9501953125,8261.75,149700.0,15.529999732971191,15.640000343322754,14.529999732971191,15.06999969482422,0.0,0.0018067979083868,0,51.319124183835655,8200.46326326681,-63.17013031451825,105.05689892390376,33.0,-0.0296200931137405,0.014564400640852,0.0216340455480412,-0.011008587201561393
8230.650390625,8230.650390625,8154.4501953125,8170.7998046875,108100.0,15.06999969482422,16.309999465942383,14.220000267028809,16.190000534057617,0.0,-0.0110085872015613,2,46.11973615953311,8197.638171973544,-58.5438305262378,105.21710647844634,76.2001953125,0.0743198979372283,0.0084855069590197,0.0051729730508995,0.006241739024219095
8196.150390625,8228.849609375,8155.7998046875,8221.7998046875,184000.0,16.190000534057617,16.479999542236328,13.760000228881836,15.920000076293944,0.0,0.006241739024219,1,49.22618370246158,8199.939279851063,-50.18369444680138,102.91944206480731,73.0498046875,-0.016676988811439,-0.0030374998786231,0.0096584126888188,-0.004786009184091999
8229.349609375,8229.400390625,8165.10009765625,8182.4501953125,144600.0,15.920000076293944,16.670000076293945,14.43000030517578,16.59000015258789,0.0,-0.0047860091840919,1,46.97576610673968,8198.273652752152,-46.20083650625384,100.16093141508894,64.30029296875,0.0420854317263241,-0.0095984270508669,0.0099234628968194,-0.003525850688682164
8128.39990234375,8225.900390625,8121.9501953125,8153.60009765625,181800.0,16.59000015258789,16.59000015258789,15.260000228881836,15.65999984741211,0.0,-0.0035258506886821,1,45.33920439210203,8194.019028457304,-44.855290793148015,100.43159312204686,103.9501953125,-0.0560578840640161,-0.0021050212270997,-0.0113072889813273,-0.001735417750965862
8178.2001953125,8178.7001953125,8127.4501953125,8139.4501953125,203000.0,15.65999984741211,15.65999984741211,13.449999809265137,15.25,0.0,-0.0017354177509658,1,44.51997733315904,8188.821996729227,-44.41868404485285,96.9186221847578,51.25,-0.0261813442788675,-0.0100160076055427,-0.0148031354964142,-0.004312342580149231
8126.0,8132.5,8094.85009765625,8104.35009765625,107400.0,15.25,15.59000015258789,13.25,14.84000015258789,0.0,-0.0043123425801492,1,42.46998576549253,8180.777053960372,-46.37042519133229,93.18158471843584,37.64990234375,-0.0268852358958759,-0.0095448301904716,-0.0081325829318603,-0.0027084460873485483
8110.60009765625,8124.10009765625,8062.75,8082.39990234375,128000.0,14.84000015258789,14.93000030517578,13.399999618530272,14.539999961853027,0.0,-0.0027084460873485,1,41.19257426721293,8171.407801425455,-49.12214195277648,90.90790707113683,61.35009765625,-0.0202156460680728,-0.0087323629390367,-0.0169549132374001,-0.0026106228238139684
8105.85009765625,8112.5498046875,8053.25,8061.2998046875,123700.0,14.539999961853027,14.859999656677246,13.34000015258789,14.710000038146973,0.0,-0.0026106228238139,0,39.94868435309044,8160.92132554565,-52.40144758229417,88.65018547230564,59.2998046875,0.0116918897345223,-0.0096014336042017,-0.0148061262498614,-0.010196830414798908
8043.85009765625,8046.4501953125,7964.9501953125,7979.10009765625,122600.0,14.710000038146973,15.699999809265137,12.760000228881836,15.550000190734863,0.0,-0.0101968304147989,1,35.456758947565504,8143.605018127611,-60.93077822236046,89.20014432249809,81.5,0.0571040211019404,-0.0154546630501836,-0.0214015892256183,0.0008334150796909245
7972.5,8022.60009765625,7942.0498046875,7985.75,124100.0,15.550000190734863,15.779999732971191,12.609999656677246,15.130000114440918,0.0,0.0008334150796909,0,36.08290659509069,8128.571206877363,-66.38845784487876,88.58229779723037,80.55029296875,-0.0270096508773159,-0.0119580698197974,-0.0188833633260654,-0.009704786651222541
7965.10009765625,7970.0498046875,7893.7998046875,7908.25,106900.0,15.130000114440918,16.90999984741211,13.4399995803833,16.600000381469727,0.0,-0.0097047866512225,2,32.16639439028772,8107.588234793805,-76.09019022326265,88.82286190546391,76.25,0.0971579812233944,-0.0189857477572666,-0.0241968936797241,0.01575571051196545
7915.0498046875,8044.64990234375,7903.7001953125,8032.85009765625,118800.0,16.600000381469727,16.760000228881836,14.949999809265137,15.079999923706056,0.0,0.0157557105119654,1,42.897707738855225,8100.47031697118,-72.8845289947385,92.5462079858772,140.94970703125,-0.0915662905321629,0.0067363486285612,-0.006130580679772,0.00024897763255693484
8047.5498046875,8100.5498046875,8028.39990234375,8034.85009765625,126700.0,15.079999923706056,15.630000114440918,14.260000228881836,15.539999961853027,0.0,0.0002489776325569,2,43.05343755958849,8094.22077227452,-69.38283396960014,91.08932901143956,72.14990234375,0.030503981463809,0.006148464158814,-0.0032810722429489,0.008556475748073389
8030.60009765625,8111.10009765625,8020.7998046875,8103.60009765625,178500.0,15.539999961853027,16.079999923706055,14.65999984741211,15.279999732971191,0.0,0.0085564757480733,2,48.27549860399588,8095.114041358494,-60.3643226653503,91.03296929410456,90.30029296875,-0.0167310315006482,0.0247020640035722,0.0156032633349931,0.01014360358861044
8119.64990234375,8197.0,8114.75,8185.7998046875,127600.0,15.279999732971191,15.579999923706056,14.529999732971191,15.470000267028809,0.0,0.0101436035886104,1,53.73788216167374,8103.750780723161,-46.05338335992292,91.2020359405078,82.25,0.01243459014254,0.0190405279784664,0.0250508474078827,-0.0007696016073948098
8210.099609375,8212.0,8133.7998046875,8179.5,118300.0,15.470000267028809,16.3799991607666,14.640000343322754,15.829999923706056,0.0,-0.0007696016073948,1,53.2735391353477,8110.964992082861,-34.818832615814244,90.27333303850726,78.2001953125,0.0232708242057702,0.0180028128198612,0.0342996238105774,0.0015587749862460143
8196.0498046875,8219.099609375,8148.60009765625,8192.25,127300.0,15.829999923706056,16.420000076293945,14.899999618530272,15.960000038146973,0.0,0.001558774986246,1,54.13728488940788,8118.706421408302,-24.602944339195343,88.86091722995317,70.49951171875,0.0082122624805724,0.0109395702250152,0.0198435051576846,-0.00021361652781592966
8202.650390625,8218.5,8180.89990234375,8190.5,132400.0,15.960000038146973,16.100000381469727,14.899999618530272,15.890000343322754,0.0,-0.0002136165278159,2,53.989766204704495,8125.543905083702,-16.458268973306986,85.1994301175458,37.60009765625,-0.0043859457805079,0.0005741888910852,0.0193718489395531,0.01017029542610337
8226.650390625,8282.650390625,8223.7001953125,8273.7998046875,159100.0,15.890000343322754,15.890000343322754,14.449999809265137,15.050000190734863,0.0,0.0101702954261033,1,59.62889273358496,8139.663514569777,-3.244555774554101,85.69592729664967,58.9501953125,-0.0528634445839312,0.0115287981768446,0.0210029746014337,-0.0036259035398709116
8281.849609375,8306.849609375,8233.25,8243.7998046875,139400.0,15.050000190734863,15.09000015258789,13.920000076293944,14.90999984741211,0.0,-0.0036259035398709,1,56.92302047059415,8149.581256485751,4.7518811278823705,84.83190458796041,73.599609375,-0.0093023482756459,0.0062925087353902,0.0070854408101681,-0.0009401004613908137
8259.349609375,8263.0,8227.75,8236.0498046875,99100.0,14.90999984741211,15.640000343322754,13.81999969482422,15.479999542236328,0.0,-0.0009401004613908,2,56.213352565596594,8157.81635631449,10.344509685313824,81.29033997453466,35.25,0.0382293561809226,0.0055612971964471,0.0069136016489395,0.0063804622280927425
8262.7001953125,8293.7998046875,8261.0,8288.599609375,142900.0,15.479999542236328,15.479999542236328,14.029999732971191,15.199999809265137,0.0,0.0063804622280927,2,59.866971493245295,8170.271904225015,18.800319787315857,79.60888711921075,32.7998046875,-0.0180878385821153,0.0017887554735267,0.0117610680063473,0.01110570972035907
8327.7998046875,8389.0,8322.25,8380.650390625,186500.0,15.199999809265137,15.199999809265137,13.539999961853027,14.8100004196167,0.0,0.011105709720359,1,65.3250356182425,8190.307950548823,32.55407583831675,81.09399451248142,66.75,-0.0256578549040976,0.0166004256750249,0.0232159685763995,0.003167988574872327
8391.0498046875,8417.2001953125,8382.2998046875,8407.2001953125,172600.0,14.8100004196167,14.869999885559082,13.460000038146973,14.609999656677246,0.0,0.0031679885748723,1,66.73044307171548,8210.964354812031,45.07675715433288,77.91226666783989,34.900390625,-0.0135044400589308,0.0207806405599431,0.0161232316195785,-0.0008148474852923693
8457.650390625,8461.0498046875,8373.150390625,8400.349609375,185300.0,14.609999656677246,14.649999618530272,13.380000114440918,14.380000114440918,0.0,-0.0008148474852923,1,65.98725731432091,8229.00104572279,53.82779398349885,78.62563433888704,87.8994140625,-0.0157426110637319,0.0134823740157026,0.018990005628046,0.0014821044232022906
8390.9501953125,8426.7001953125,8374.400390625,8412.7998046875,124100.0,14.380000114440918,15.25,13.43000030517578,15.06999969482422,0.0,0.0014821044232022,1,66.712834001859,8246.505689433716,61.0637752394432,76.74521793521653,52.2998046875,0.0479832805905457,0.0038361478601307,0.0214605307388262,-0.0017592008642893786
8415.0498046875,8440.900390625,8378.2998046875,8398.0,122000.0,15.06999969482422,15.619999885559082,13.979999542236328,15.390000343322754,0.0,-0.0017592008642893,1,64.93940234205866,8260.933719011457,64.85649664450466,75.73488707823678,62.6005859375,0.021234283674766,-0.0010943233298559,0.0131988991845208,0.002262443438914019
8403.849609375,8460.2998046875,8397.400390625,8417.0,163800.0,15.390000343322754,15.390000343322754,13.609999656677246,15.18000030517578,0.0,0.002262443438914,1,66.18228913767467,8275.7971743437,68.6045661596454,74.81806757711273,62.8994140625,-0.0136452263458255,0.0019821068645069,0.0043373255870049,0.0021503634757038537
8418.400390625,8445.150390625,8404.0498046875,8435.099609375,165900.0,15.18000030517578,15.279999732971191,14.039999961853027,15.020000457763672,0.0,0.0021503634757038,0,67.36899475110825,8290.96883482287,72.20311292467522,72.4096760314261,41.1005859375,-0.010540174189427,0.0026506995536819,0.0033185142989762,-0.010165855054597661
8404.349609375,8423.650390625,8340.9501953125,8349.349609375,202600.0,15.020000457763672,15.869999885559082,13.850000381469728,15.789999961853027,0.0,-0.0101658550545976,2,57.13888762705217,8296.52890858974,67.35920383260782,73.96251446221709,82.7001953125,0.0512649454475448,-0.0057930924773755,-0.0060711758880943,0.005048344194100052
8329.599609375,8404.150390625,8327.2001953125,8391.5,195000.0,15.789999961853027,16.3700008392334,15.5,15.90999984741211,0.0,0.0050483441941,2,60.327908553795424,8305.573774438337,66.15891643047144,74.17592023723729,76.9501953125,0.0075997394457878,-0.0030295829868124,-0.0025318330617628,0.010045856484240057
8407.0498046875,8480.9501953125,8398.150390625,8475.7998046875,179200.0,15.90999984741211,15.960000038146973,14.390000343322754,15.289999961853027,0.0,0.01004585648424,2,65.80735053841485,8321.78577731921,71.1893432964007,75.26693988547035,82.7998046875,-0.0389691949406227,0.0048250995479963,0.009264087245475,0.014977960574563243
8499.4501953125,8612.599609375,8493.9501953125,8602.75,292500.0,15.289999961853027,15.43000030517578,14.40999984741211,15.170000076293944,0.0,0.0149779605745632,1,72.06476656106457,8348.54427471738,84.44636746647302,79.66214451418675,118.6494140625,-0.0078482593759626,0.0303497161432155,0.0220684329333491,0.00447531312661642
8610.5,8672.7001953125,8606.900390625,8641.25,275400.0,15.170000076293944,16.1299991607666,14.93000030517578,16.010000228881836,0.0,0.0044753131266164,1,73.640256025029,8376.421010458582,96.94179816990072,78.96843385692341,65.7998046875,0.0553724553963947,0.0297622594291842,0.0244395917264426,-0.0009836539852451365
8635.5498046875,8662.599609375,8617.75,8632.75,304700.0,16.010000228881836,16.860000610351562,15.390000343322754,16.670000076293945,0.0,-0.0009836539852451,0,72.6658578036112,8400.833295176812,104.94885301538125,76.53137496535746,44.849609375,0.0412242247330814,0.0185174495539288,0.0339428103845103,-0.008276643631809133
8629.4501953125,8631.75,8552.400390625,8561.2998046875,521000.0,16.670000076293945,17.09000015258789,15.710000038146973,16.829999923706055,0.0,-0.0082766436318091,2,64.89288012524315,8416.115819892115,104.32645757861792,76.80410599461764,79.349609375,0.0095980711865528,-0.0048182494333207,0.0202347380906273,0.01811647640847469
8570.349609375,8722.400390625,8537.5,8716.400390625,327700.0,16.829999923706055,17.43000030517578,13.800000190734863,13.970000267028809,0.0,0.0181164764084746,1,71.9157490464202,8444.714350438104,115.0226166407956,84.5252691825021,184.900390625,-0.1699346208937747,0.0086967036742369,0.0283867707451557,0.002047818890261066
8724.75,8757.599609375,8685.7998046875,8734.25,283500.0,13.970000267028809,13.970000267028809,12.640000343322754,13.520000457763672,0.0,0.002047818890261,1,72.59518144553157,8472.289174205904,123.51589965514358,83.6163074328591,71.7998046875,-0.0322118683366957,0.0117575511858909,0.0152858097701316,0.0007671174184962215
8735.150390625,8748.25,8707.75,8740.9501953125,191000.0,13.520000457763672,13.600000381469728,11.779999732971191,13.130000114440918,0.0,0.0007671174184962,2,72.86059745781981,8497.875938120818,129.297081133991,80.53657118765489,40.5,-0.0288461782631672,0.0209840088214918,0.0115377052292782,0.006875638006406781
8785.4501953125,8814.099609375,8770.2001953125,8801.0498046875,194400.0,13.130000114440918,13.609999656677246,11.0600004196167,13.399999618530272,0.0,0.0068756380064067,1,75.18241738928896,8526.749639698597,137.1472966458059,80.00891710728668,43.8994140625,0.0205635568725091,0.009711510516835,0.0194955031348642,-0.0037211469911869743
8805.7001953125,8809.2998046875,8741.0498046875,8768.2998046875,226300.0,13.399999618530272,13.720000267028809,12.239999771118164,13.510000228881836,0.0,-0.0037211469911869,1,71.58828122582645,8549.754417316588,139.1222826263347,79.1689944567662,68.25,0.0082090010061977,0.0038984234121417,0.0241785715630076,8.55353964515082e-05
8774.5498046875,8791.25,8715.0,8769.0498046875,218700.0,13.510000228881836,13.760000228881836,11.4399995803833,13.350000381469728,0.0,8.55353964515082e-05,1,71.62173912435807,8570.639692304294,139.14402625636467,78.96049485271146,76.25,-0.0118430677055104,0.0032147087841856,0.0060402702610045,0.0010663168924529565
8795.5498046875,8821.400390625,8724.099609375,8778.400390625,187500.0,13.350000381469728,13.779999732971191,11.399999618530272,13.239999771118164,0.0,0.0010663168924529,1,72.06344807589346,8590.426425477694,138.32129064235414,80.27051530966064,97.30078125,-0.0082397458583033,-0.0025734900455212,0.0050548576723816,0.0017257602055471555
8812.349609375,8822.099609375,8771.2001953125,8793.5498046875,225900.0,13.239999771118164,13.329999923706056,11.369999885559082,13.18000030517578,0.0,0.0017257602055471,1,72.8020795610501,8609.771509211962,137.30888647519714,78.17257950629201,50.8994140625,-0.0045316817960424,0.0028796916805355,0.0060176077199487,0.001307776751758416
8819.7998046875,8826.900390625,8754.2001953125,8805.0498046875,204900.0,13.18000030517578,13.760000228881836,11.56999969482422,13.6899995803833,0.0,0.0013077767517584,1,73.37750681344004,8628.369442114394,135.8682976094733,77.78169492102116,72.7001953125,0.038694936524944,0.0041053478771162,0.0004544912355648,-0.0014480326951941125
8819.900390625,8820.4501953125,8772.5,8792.2998046875,188300.0,13.6899995803833,14.010000228881836,12.100000381469728,13.800000190734863,0.0,-0.0014480326951941,0,71.56958252607657,8643.981857597546,132.1741804342255,75.65087352041249,47.9501953125,0.0080351069191546,0.0015833652424128,0.0027371326864495,-0.007688501401983627
8778.9501953125,8807.900390625,8712.849609375,8724.7001953125,216100.0,13.800000190734863,14.460000038146973,11.729999542236328,14.210000038146973,0.0,-0.0076885014019836,2,62.74284557938153,8651.669318332304,122.38110918798702,77.03658121538304,95.05078125,0.0297101334598079,-0.0078295581311541,-0.0050575159638497,0.006109070053333943
8739.0,8783.9501953125,8719.599609375,8778.0,184600.0,14.210000038146973,14.210000038146973,11.4399995803833,13.729999542236328,0.0,0.0061090700533339,1,66.27463258519045,8663.700811824467,117.56565477711048,76.13043869553425,64.3505859375,-0.0337790636609482,-0.0030720785557737,-4.561088662891066e-05,0.004978377228582742
8883.7001953125,8896.4501953125,8804.25,8821.7001953125,298300.0,13.729999542236328,13.770000457763672,12.470000267028809,13.43000030517578,0.0,0.0049783772285827,2,68.87943474301582,8678.74837215666,115.93913878466084,79.15327845388894,92.2001953125,-0.0218499087445478,0.0033438794488473,0.0032012544706341,0.0065180179247708026
8818.5498046875,8886.25,8809.7998046875,8879.2001953125,167800.0,13.43000030517578,13.850000381469728,12.40999984741211,13.609999656677246,0.0,0.0065180179247708,1,71.94937386396231,8697.839021981026,117.93045373320274,78.96020108664688,76.4501953125,0.0134027808943604,0.0177083448761949,0.0084213482342285,0.003226575978951818
8890.75,8920.7998046875,8860.9501953125,8907.849609375,175700.0,13.609999656677246,14.279999732971191,11.890000343322754,13.529999732971191,0.0,0.0032265759789518,1,73.35949777631248,8717.840030304262,120.43208732199491,77.59515882152924,59.849609375,-0.0058780254022127,0.0147926189764182,0.0131421593046561,0.0021386509747480797
8931.599609375,8960.75,8905.25,8926.900390625,247100.0,13.529999732971191,14.039999961853027,12.720000267028809,13.699999809265137,0.0,0.002138650974748,1,74.28521705788725,8737.750540811,122.53933165997296,76.01693319142,55.5,0.012564676988106,0.0119251610215,0.0231756038357782,0.0014114204061503877
8956.400390625,8982.150390625,8927.5498046875,8939.5,377200.0,13.699999809265137,13.960000038146973,12.920000076293944,13.399999618530272,0.0,0.0014114204061503,1,74.90627345121541,8756.964775019474,123.798943992746,74.53358082060429,54.6005859375,-0.0218978244460978,0.0067911302100536,0.0183982683982684,-0.004787717958219084
8943.7001953125,8951.7998046875,8888.650390625,8896.7001953125,189900.0,13.399999618530272,14.270000457763672,13.399999618530272,13.68000030517578,0.0,-0.004787717958219,1,68.82539559518779,8770.272910285476,119.96077614172464,73.72042605216826,63.1494140625,0.0208955742251146,-0.0012516392340936,0.0085017625105705,-0.0019221268068030373
8898.9501953125,8914.75,8867.599609375,8879.599609375,293600.0,13.68000030517578,14.029999732971191,13.170000076293944,13.789999961853027,0.0,-0.001922126806803,2,66.50244698798534,8780.68497686543,114.22244089999369,71.82256637879911,47.150390625,0.008040910396444,-0.0052986791809254,4.4983112635677e-05,0.007455313102474381
8904.400390625,8960.7998046875,8898.599609375,8945.7998046875,205900.0,13.789999961853027,13.800000190734863,13.210000038146973,13.579999923706056,0.0,0.0074553131024743,0,70.63446132612245,8796.41019856277,113.70584122385117,72.4923970169206,62.2001953125,-0.015228429204343,0.0007047155531629,0.0042603093874149,-0.0051476453411544165
8982.849609375,8992.5,8879.7998046875,8899.75,218800.0,13.579999923706056,13.619999885559082,13.029999732971191,13.359999656677246,0.0,-0.0051476453411544,1,64.65951026022958,8806.252084413934,108.33181613244231,75.364382609462,112.7001953125,-0.0162003143052131,0.0003428017827449,-0.003041412969446,-0.0002472199008398679
8883.5,8907.099609375,8860.099609375,8897.5498046875,202600.0,13.359999656677246,13.600000381469728,12.56999969482422,13.350000381469728,0.0,-0.0002472199008398,2,64.37930124752552,8814.947105392368,102.71133284635472,73.33835528021471,47.0,-0.0007484487623112,0.0020215095389604,-0.0046926780370826,0.00740657732427441
8915.099609375,8967.7998046875,8914.0,8963.4501953125,174800.0,13.350000381469728,13.729999542236328,12.8100004196167,13.640000343322754,0.0,0.0074065773242744,1,68.74788388553897,8829.090256813333,102.39433199860468,73.11775847448509,53.7998046875,0.0217228429637768,0.001973036621695,0.0075027817656674,-0.0018463654426456033
8977.75,8977.849609375,8932.7998046875,8946.900390625,173400.0,13.640000343322754,14.010000228881836,13.09000015258789,13.880000114440918,0.0,-0.0018463654426456,1,66.54081541429358,8840.310269557302,99.65887019696493,71.11290463255759,45.0498046875,0.0175952906948166,0.0052979455181325,0.0075792585488814,-0.0025260799775062015
8950.7001953125,8957.0498046875,8891.9501953125,8924.2998046875,177800.0,13.880000114440918,14.289999961853027,12.6899995803833,14.079999923706056,0.0,-0.0025260799775062,1,63.54081864439766,8848.309272903034,94.57709275397792,70.68338354273205,65.099609375,0.0144092080415081,0.0030064456605691,-0.0024033625242467,0.0003025666294942386
8914.5,8945.7998046875,8899.5,8927.0,171500.0,14.079999923706056,14.779999732971191,12.600000381469728,14.390000343322754,0.0,0.0003025666294942,1,63.7510936919723,8855.80362786465,89.73324175942616,68.9416993387869,46.2998046875,0.0220170753761697,-0.0040665362687641,0.0030618837607798,0.0008457269729471584
8953.7001953125,8975.7001953125,8903.9501953125,8934.5498046875,152700.0,14.390000343322754,14.390000343322754,13.579999923706056,13.960000038146973,0.0,0.0008457269729471,2,64.36985568467136,8863.303263752541,85.51786438253293,69.14229224315928,71.75,-0.0298818828990028,-0.001380431814178,0.004158448203404,0.017062996865551794
9091.650390625,9122.75,9060.5,9087.0,270300.0,13.960000038146973,13.960000038146973,11.09000015258789,12.399999618530272,0.0,0.0170629968655517,1,74.01531850669193,8884.607714823727,93.401924874197,77.64642817668361,62.25,-0.1117478807560068,0.0182311440531213,0.0137837330486993,-0.0002421255983823256
9086.849609375,9106.5498046875,9075.5,9084.7998046875,240600.0,12.399999618530272,12.529999732971191,11.199999809265137,12.420000076293944,0.0,-0.0002421255983823,2,73.7052043601202,8903.673628144086,98.33897178861662,74.31809792745621,31.0498046875,0.0016129401918516,0.017676689222303,0.0154130937019258,0.0075841396735512046
9129.650390625,9158.4501953125,9128.5498046875,9153.7001953125,208600.0,12.420000076293944,12.420000076293944,11.34000015258789,11.90999984741211,0.0,0.0075841396735512,1,76.96068200300122,8927.485682160126,106.5826839020374,74.27040454870932,29.900390625,-0.0410628201086143,0.0245284200564892,0.0257051416520663,0.0006936658662091144
9207.7998046875,9218.400390625,9147.599609375,9160.0498046875,286700.0,11.90999984741211,12.109999656677246,10.390000343322754,11.850000381469728,0.0,0.0006936658662091,1,77.24033583488563,8949.634646210352,112.333336774067,74.02257431308723,70.80078125,-0.0050377385987473,0.0080389352577858,0.0261061728114149,-0.0036244557639315556
9166.9501953125,9167.599609375,9116.2998046875,9126.849609375,332100.0,11.850000381469728,12.3100004196167,11.4399995803833,12.020000457763672,0.0,-0.0036244557639315,1,72.29881481677444,8966.512261749842,112.9102334235322,72.399519339831,51.2998046875,0.0143459975376694,0.0046285890268933,0.0215231666834081,-0.0005861397529225432
9133.9501953125,9147.75,9087.2001953125,9121.5,247700.0,12.020000457763672,12.15999984741211,11.029999732971191,11.9399995803833,0.0,-0.0005861397529225,0,71.50500032597917,8981.272998726048,111.64874220532327,71.55311115037878,60.5498046875,-0.0066556467831662,-0.0035177244857755,0.0037966325519973,-0.009981889457600146
9047.2001953125,9072.900390625,9019.2998046875,9030.4501953125,232300.0,11.9399995803833,12.359999656677246,11.579999923706056,12.270000457763672,0.0,-0.0099818894576001,2,59.525641827914846,8985.95654125809,102.1248117635023,73.7421885905303,53.6005859375,0.02763826540853,-0.0141483520437497,-0.0059824773845822,0.006184587497530369
9048.75,9099.0498046875,9048.599609375,9086.2998046875,191800.0,12.270000457763672,12.270000457763672,11.239999771118164,11.84000015258789,0.0,0.0061845874975303,1,63.55855225334244,8995.513042537083,97.95446687445838,73.37486150370671,50.4501953125,-0.0350448483401404,-0.0044429136474263,-0.0073631852897602,0.002388232369495924
9104.0,9133.5498046875,9089.400390625,9108.0,203700.0,11.84000015258789,12.100000381469728,10.710000038146973,11.979999542236328,0.0,0.0023882323694959,0,65.01710628562043,9006.22608610498,95.30188213589643,71.50879996772765,44.1494140625,0.0118242726219761,-0.0014800197335964,-0.005682262192599,-0.006895015885759803
9093.4501953125,9094.849609375,9024.650390625,9045.2001953125,202700.0,11.979999542236328,12.56999969482422,11.34000015258789,12.4399995803833,0.0,-0.0068950158857598,2,57.80633576213177,9009.937906029503,87.12791386553363,72.35457206824711,70.19921875,0.0383973335328777,0.0016333626431666,-0.0089460676528109,0.006146863328001739
9081.5,9110.400390625,9079.7998046875,9100.7998046875,183300.0,12.4399995803833,12.4399995803833,11.460000038146973,12.119999885559082,0.0,0.0061468633280017,1,61.84135083222141,9018.59142018741,84.16619344584069,71.8435451571223,30.6005859375,-0.025723449004679,0.0015958091095034,-0.0022693850038371,0.004724859454424246
9128.7001953125,9153.150390625,9109.099609375,9143.7998046875,243400.0,12.119999885559082,12.239999771118164,11.449999809265137,12.09000015258789,0.0,0.0047248594544242,1,64.65642471036685,9030.516028235035,84.31679775011617,70.45119092714928,44.05078125,-0.0024752255160443,0.0039305890082894,0.0125519333946204,0.003275464899958447
9142.599609375,9183.150390625,9136.349609375,9173.75,323400.0,12.09000015258789,12.449999809265137,11.75,12.149999618530272,0.0,0.0032754648999584,1,66.50966681936687,9044.157358879318,85.86310675702589,68.76187595021005,46.80078125,0.0049627349201926,0.0142119358236114,0.0096244012625894,0.0
9158.900390625,9191.7001953125,9152.099609375,9173.75,190900.0,12.149999618530272,12.510000228881836,11.489999771118164,12.420000076293944,0.0,0.0,2,66.50966681936687,9056.499515176523,86.09610547461125,66.67892666358792,39.6005859375,0.0222222605959498,0.0080158004656827,0.0072189284145804,0.006987285393105225
9220.599609375,9245.349609375,9192.400390625,9237.849609375,139100.0,12.420000076293944,12.760000228881836,11.40999984741211,11.489999771118164,0.0,0.0069872853931052,1,70.36649107859776,9073.770952719236,90.41086128070128,67.03040400011734,52.94921875,-0.0748792511644885,0.0102856369011148,0.021298524068305,0.002955317785461098
9264.400390625,9273.900390625,9215.400390625,9265.150390625,184800.0,11.489999771118164,11.890000343322754,10.890000343322754,11.550000190734863,0.0,0.002955317785461,1,71.85325799951002,9091.997565853118,94.93888486061952,66.42108942868039,58.5,0.0052219687390699,0.0099632528273607,0.0180589167396967,-0.00034540133484917135
9245.7998046875,9267.9501953125,9218.849609375,9261.9501953125,186100.0,11.550000190734863,11.770000457763672,11.029999732971191,11.289999961853027,0.0,-0.0003454013348491,0,71.4010373134536,9108.183530563536,97.14927083294242,65.1839106078818,49.1005859375,-0.0225108419556911,0.0096144101716855,0.012921366734695,-0.006872244968150865
9223.7001953125,9250.5,9188.099609375,9198.2998046875,190000.0,11.289999961853027,11.8100004196167,10.3100004196167,11.6899995803833,0.0,-0.0068722449681508,1,62.919088384357686,9116.766032861056,92.696416478404,65.80295884571167,62.400390625,0.0354295500338177,-0.0042812782584555,0.0026760926216105,-0.0018318178068531532
9225.599609375,9225.650390625,9174.849609375,9181.4501953125,135800.0,11.6899995803833,11.920000076293944,11.239999771118164,11.619999885559082,0.0,-0.0018318178068531,2,60.8580659203117,9122.926429285004,86.80721512252967,64.73137473173226,50.80078125,-0.0059879980613244,-0.0090338733624003,0.0008393727006403,0.006050221207523521
9184.5498046875,9242.7001953125,9172.849609375,9237.0,200100.0,11.619999885559082,11.829999923706056,10.239999771118164,11.399999618530272,0.0,0.0060502212075235,1,64.93599110846111,9133.79057887691,85.63523591425292,65.09703267500139,69.8505859375,-0.0189328975211279,-0.0026938382075437,-9.197047050191198e-05,-0.003632110499891761
9242.5,9246.400390625,9161.7998046875,9203.4501953125,161800.0,11.399999618530272,12.06999969482422,10.789999961853027,11.630000114440918,0.0,-0.0036321104998917,0,60.81501644184709,9140.424828061252,81.06478076558233,66.49014362232272,84.6005859375,0.0201754827725422,0.0005599285448789,-0.0066593841126347,-0.005720723153564311
9202.5,9202.650390625,9144.9501953125,9150.7998046875,166500.0,11.630000114440918,11.779999732971191,10.59000015258789,11.579999923706056,0.0,-0.0057207231535643,1,54.92421218105843,9141.412921073275,72.3600935107479,65.9194190778711,57.7001953125,-0.0042992424972359,-0.003338295146517,-0.0120007545150969,-0.0012567207506942735
9144.75,9160.0,9120.25,9139.2998046875,0.0,11.579999923706056,12.210000038146973,10.6899995803833,11.890000343322754,0.0,-0.0012567207506942,1,53.70065499304837,9141.211671893678,63.79818647621141,64.05017485802315,39.75,0.0267703300223758,-0.0105770483179062,-0.0064142288523726,-0.003736545992832463
9163.0,9217.900390625,9095.4501953125,9105.150390625,174200.0,11.890000343322754,12.59000015258789,10.760000228881836,12.380000114440918,0.0,-0.0037365459928324,1,50.12938325105275,9137.777264153803,53.6389250113898,68.22160489048579,122.4501953125,0.0412110813262793,-0.0106807558688768,-0.0083102127729728,-0.00018125901870869043
9112.2001953125,9120.5,9075.150390625,9103.5,173700.0,12.380000114440918,12.520000457763672,10.75,12.220000267028809,0.0,-0.0001812590187086,1,49.95647200131911,9134.512762805822,44.93646478240953,66.58789092509394,45.349609375,-0.012924058637566,-0.0051689257438755,-0.0144527443975316,0.003614037526775471
9108.099609375,9143.900390625,9102.650390625,9136.400390625,170300.0,12.220000267028809,12.220000267028809,10.859999656677246,11.5600004196167,0.0,0.0036140375267754,1,53.4067410782879,9134.692536883838,40.23073405705691,64.77804157330152,41.25,-0.054009806300322,-0.0003172468487151,-0.007285290110186,-0.0018606890321317682
9179.099609375,9183.650390625,9088.75,9119.400390625,155200.0,11.5600004196167,11.739999771118164,10.5600004196167,11.420000076293944,0.0,-0.0018606890321317,2,51.43348456367353,9133.236142002044,34.72931273027643,66.92963793413712,94.900390625,-0.0121107559031902,0.0015650482846139,-0.0034313300184335,0.010806610135114969
9135.349609375,9225.400390625,9130.5498046875,9217.9501953125,167700.0,11.420000076293944,11.859999656677246,10.970000267028809,11.630000114440918,0.0,0.0108066101351149,2,60.53631807183657,9141.30414707923,37.88482958344866,69.72037808169875,94.8505859375,0.01838879481121,0.0125721091132531,0.0086057348271539,0.00961704198701141
9273.0498046875,9309.2001953125,9250.349609375,9306.599609375,168700.0,11.630000114440918,11.630000114440918,10.970000267028809,11.15999984741211,0.0,0.0096170419870114,1,66.60064397790633,9157.04657205978,46.99711280293195,71.25820821872027,58.8505859375,-0.0404127482720495,0.0186286952709127,0.0221247546836149,0.004862141050359314
9336.2001953125,9367.0,9301.349609375,9351.849609375,185700.0,11.15999984741211,11.869999885559082,9.920000076293944,11.739999771118164,0.0,0.0048621410503593,1,69.20219359338294,9175.599242280276,57.21047301417639,70.85764981916883,65.650390625,0.0519713200390903,0.0254895287840375,0.0272806732987311,-0.001037144431864756
9359.150390625,9367.150390625,9322.650390625,9342.150390625,209400.0,11.739999771118164,11.739999771118164,10.359999656677246,11.06999969482422,0.0,-0.0010371444318647,1,67.97989485814347,9191.461256408344,63.78669535331028,68.97496054637105,44.5,-0.0570698542892843,0.0134737325198022,0.0225198099035943,-0.004078352878555069
9340.9501953125,9342.650390625,9282.25,9304.0498046875,162200.0,11.06999969482422,11.06999969482422,10.529999732971191,10.859999656677246,0.0,-0.004078352878555,1,63.253584602657135,9202.183975292077,65.17272941484407,68.36249126627311,60.400390625,-0.0189701936708416,-0.0002739781224638,0.0202479775153117,0.0010479307618374012
9339.849609375,9352.5498046875,9269.900390625,9313.7998046875,161600.0,10.859999656677246,11.8100004196167,10.350000381469728,11.449999809265137,0.0,0.0010479307618374,1,63.94441576588221,9212.814054282117,66.29372214778596,69.38298575171788,82.6494140625,0.0543278242393985,-0.0040686929620163,0.0103981478901611,-0.00019858805361794296
9344.7001953125,9346.2998046875,9298.400390625,9311.9501953125,151600.0,11.449999809265137,11.65999984741211,9.949999809265137,11.529999732971191,0.0,-0.0001985880536179,2,63.69976035553453,9222.255591523104,66.2689616078078,67.84844491677374,47.8994140625,0.0069868930164802,-0.0032326813474129,0.0005749238349213,0.005149318274558334
9360.9501953125,9365.650390625,9323.25,9359.900390625,269600.0,11.529999732971191,11.779999732971191,10.609999656677246,11.329999923706056,0.0,0.0051493182745583,0,67.20308395371477,9235.364620009,69.31944728821873,66.83785565932563,42.400390625,-0.0173460376320059,0.0060028253405697,0.0008608758252408,-0.007970232889681239
9374.5498046875,9377.099609375,9272.0,9285.2998046875,231900.0,11.329999923706056,12.15999984741211,10.449999809265137,11.989999771118164,0.0,-0.0079702328896812,1,57.84896484063792,9240.120351883144,64.96841984295133,69.57083806758808,105.099609375,0.0582524141091276,-0.0030599755843642,-0.0060853854370135,0.0030962920535411165
9311.4501953125,9338.7001953125,9297.9501953125,9314.0498046875,174300.0,11.989999771118164,11.989999771118164,10.609999656677246,11.670000076293944,0.0,0.0030962920535411,1,60.15099730042282,9247.161252150228,63.11256164688166,68.41580610740321,40.75,-0.0266888824798013,0.0002254747212948,0.0010748007813716,0.0003006001413146109
9337.349609375,9338.9501953125,9307.7001953125,9316.849609375,132300.0,11.670000076293944,11.670000076293944,10.539999961853027,11.109999656677246,0.0,0.0003006001413146,2,60.37793927453389,9253.798238552585,61.1626564638118,65.76110567116012,31.25,-0.04798632527469,-0.0045994913891519,0.0003274501010817,0.009708238203339103
9339.650390625,9414.75,9336.0,9407.2998046875,152700.0,11.109999656677246,11.109999656677246,9.960000038146973,10.949999809265137,0.0,0.0097082382033391,1,66.93025320988176,9268.41743532734,66.1533428385992,68.05676888214869,78.75,-0.0144014268547657,0.0131390480185045,0.0102394887617631,0.0016051987553300506
9448.599609375,9450.650390625,9411.2998046875,9422.400390625,171100.0,10.949999809265137,11.260000228881836,9.899999618530272,10.84000015258789,0.0,0.00160519875533,1,67.88509891784375,9283.08247868902,70.51414565330742,66.2920415289595,39.3505859375,-0.0100456309217623,0.0116330262570605,0.0066774214886518,-0.002281796475279485
9436.650390625,9437.75,9372.5498046875,9400.900390625,154300.0,10.84000015258789,10.84000015258789,9.470000267028809,10.630000114440918,0.0,-0.0022817964752794,1,65.00708831851446,9294.303232206734,71.41204933259905,66.2140525134981,65.2001953125,-0.0193726969733333,0.0090213736159725,0.0124498495868858,0.004733589140501593
9433.5498046875,9449.25,9423.099609375,9445.400390625,140800.0,10.630000114440918,11.140000343322754,8.84000015258789,10.68000030517578,0.0,0.0047335891405015,2,68.02835556635993,9308.693437770378,74.85158014306944,64.93802086074824,26.150390625,0.0047036867541456,0.0040501086101789,0.014102413954389,0.007077477566896029
9461.0,9517.2001953125,9456.349609375,9512.25,166500.0,10.68000030517578,11.020000457763672,9.06999969482422,10.5600004196167,0.0,0.007077477566896,1,71.94681047979452,9328.079777030342,82.02609215106531,65.4281482769448,60.8505859375,-0.0112359440196764,0.0095357452082378,0.0209727964727883,0.0014192225814082526
9517.599609375,9532.599609375,9486.099609375,9525.75,205500.0,10.5600004196167,10.8100004196167,9.239999771118164,10.640000343322754,0.0,0.0014192225814082,0,72.67513916735682,9346.905512551262,87.78930136358576,64.07613768573445,46.5,0.0075757500499189,0.0132806012389521,0.012591306514275,-0.010109419697924005
9453.2001953125,9489.099609375,9418.099609375,9429.4501953125,193300.0,10.640000343322754,12.75,9.81999969482422,11.789999961853027,0.0,-0.010109419697924,1,60.59067768489999,9354.766910909477,83.62215263634607,67.18858432425341,71.0,0.1080826674269768,-0.0016886732857117,0.0007481962552253,-0.00016435790585866972
9469.900390625,9505.75,9390.75,9427.900390625,252100.0,11.789999961853027,11.899999618530272,10.399999618530272,11.300000190734863,0.0,-0.0001643579058586,1,60.41656368319163,9361.732004215715,79.28070237484826,70.6036854439496,115.0,-0.041560625335333,-0.0088674718783673,0.0028720653212033,0.001097763971423804
9480.25,9498.650390625,9427.900390625,9438.25,196800.0,11.300000190734863,11.850000381469728,10.199999809265137,11.199999809265137,0.0,0.0010977639714238,0,61.21803750366493,9369.019432385649,75.80140730672429,70.61413648366748,70.75,-0.0088495911311328,-0.0091856284282078,-0.0007570235595408,-0.00552004973114717
9445.0498046875,9448.0498046875,9370.0,9386.150390625,224400.0,11.199999809265137,12.770000457763672,9.869999885559082,12.199999809265137,0.0,-0.0055200497311471,1,55.16297388069718,9370.650952217968,68.05553598062579,71.14525564108409,78.0498046875,0.089285715806241,-0.0045919755437092,-0.0132565491208704,-0.0027274851639997877
9410.900390625,9431.900390625,9341.650390625,9360.5498046875,211800.0,12.199999809265137,12.789999961853027,10.449999809265137,11.829999923706056,0.0,-0.0027274851639997,2,52.41931106026043,9369.688938167446,59.169059727490094,72.50988023814952,90.25,-0.0303278599462017,-0.0071437523888641,-0.017342486976091,0.015939255537936958
9384.0498046875,9523.2998046875,9379.2001953125,9509.75,289200.0,11.829999923706056,11.920000076293944,10.1899995803833,10.449999809265137,0.0,0.0159392555379369,2,63.73885143051634,9383.028086913404,63.43443938625933,78.9556030782817,144.099609375,-0.1166525886171432,0.0075755569093847,0.0085158522527026,0.008974958266515953
9507.75,9604.900390625,9495.400390625,9595.099609375,218800.0,10.449999809265137,11.1899995803833,9.890000343322754,10.859999656677246,0.0,0.0089749582665159,1,68.37395814584286,9403.22537476689,72.86187730966776,81.1373457155473,109.5,0.0392344358751659,0.0222614394671005,0.0177345126510097,0.00102143611312
9560.0498046875,9637.75,9547.7001953125,9604.900390625,235000.0,10.859999656677246,11.880000114440918,10.260000228881836,11.789999961853027,0.0,0.00102143611312,1,68.86610585434948,9422.432519134329,80.19954054242953,81.77394992782963,90.0498046875,0.0856353899241582,0.0261042984692134,0.0176569163377744,0.0020457696866569286
9590.650390625,9635.2998046875,9581.2001953125,9624.5498046875,193900.0,11.789999961853027,12.270000457763672,10.859999656677246,11.770000457763672,0.0,0.0020457696866569,1,69.8781644345298,9441.681784425104,86.60194174069147,79.79721131691323,54.099609375,-0.0016963107849079,0.0120718004876574,0.0253990618241761,-0.0003428528870922376
9636.5498046875,9649.599609375,9609.25,9621.25,414300.0,11.770000457763672,12.25,11.020000457763672,11.760000228881836,0.0,-0.0003428528870922,1,69.4697591864959,9458.78351924176,90.36791903786798,76.97952546391943,40.349609375,-0.0008496370852083,0.0027253902189248,0.027850949009635,-0.0005353140834091219
9603.5498046875,9634.650390625,9589.900390625,9616.099609375,176100.0,11.760000228881836,11.90999984741211,10.609999656677246,11.3100004196167,0.0,-0.0005353140834091,1,68.79393058616537,9473.766004016354,91.87777984434253,74.6774165022109,44.75,-0.0382652891587506,0.0011659900982348,0.0111832182102578,0.00388935141525959
9657.150390625,9673.5,9637.4501953125,9653.5,162200.0,11.3100004196167,11.3100004196167,10.3100004196167,10.8100004196167,0.0,0.0038893514152595,1,71.00019001276499,9490.883527443368,94.99718594093063,73.44334322526727,36.0498046875,-0.0442086632581173,0.0030079531926159,0.0060864809123961,0.002237489964779682
9656.2998046875,9687.2001953125,9640.7001953125,9675.099609375,127700.0,10.8100004196167,11.140000343322754,10.050000190734863,11.020000457763672,0.0,0.0022374899647796,1,72.22164771320283,9508.427916198762,98.08162182497108,71.51881870917676,46.5,0.0194264597590476,0.0055969452384045,0.0073086878463122,-0.003922359487981697
9704.25,9709.2998046875,9630.2001953125,9637.150390625,145900.0,11.020000457763672,11.31999969482422,9.489999771118164,11.130000114440918,0.0,-0.0039223594879816,1,66.89085662438052,9520.687199477452,96.35317526033032,72.06030375673556,79.099609375,0.0099818196105201,0.0021891184685187,0.0013092130222405,0.002775716774745085
9663.9501953125,9678.5498046875,9630.5498046875,9663.900390625,160700.0,11.130000114440918,11.1899995803833,10.220000267028809,10.890000343322754,0.0,0.002775716774745,1,68.64757076426898,9534.326551015314,96.03484048449718,70.34171063125446,48.0,-0.021563321531935,0.001077369930595,0.0044329365337143,-0.0017229472523487832
9682.400390625,9688.7001953125,9641.5,9647.25,155400.0,10.890000343322754,11.130000114440918,9.529999732971191,11.06999969482422,0.0,-0.0017229472523487,1,66.28988594077715,9545.081165204332,93.36278247084374,68.68874525134342,47.2001953125,0.0165288655488273,-0.0028784829613551,0.0032393997452595,0.0021767861307626646
9638.5498046875,9676.25,9608.150390625,9668.25,159000.0,11.06999969482422,11.229999542236328,10.279999732971191,10.859999656677246,0.0,0.0021767861307626,0,67.79233371148757,9556.811530422969,91.88054006731728,68.64666411731889,68.099609375,-0.0189701936708416,0.0032270544833723,0.0015279432330241,-0.005362874292141773
9646.7001953125,9647.0498046875,9598.5,9616.400390625,141400.0,10.859999656677246,11.5,10.350000381469728,11.420000076293944,0.0,-0.0053628742921417,1,60.609574995191295,9562.486659966018,85.53601618202083,68.72547382322469,48.5498046875,0.0515654178011308,-0.0049151996688707,-0.0060670402497067,-0.0009878956380873216
9615.5498046875,9654.150390625,9595.400390625,9606.900390625,129700.0,11.420000076293944,11.460000038146973,9.899999618530272,11.34000015258789,0.0,-0.0009878956380873,1,59.36841170092473,9566.716539076398,78.83263118719333,68.01293997870864,58.75,-0.0070052472129243,-0.0041824985747234,-0.0031388946705062,0.0011710332721861505
9621.5498046875,9627.400390625,9580.4501953125,9618.150390625,181800.0,11.34000015258789,11.529999732971191,10.4399995803833,11.18000030517578,0.0,0.0011710332721861,1,60.40252652046237,9571.615001128646,73.57974971047952,66.5084582168366,46.9501953125,-0.0141093337971072,-0.0051818694567269,-0.0047341133652807,-0.0041692616884621
9617.900390625,9621.400390625,9560.7998046875,9578.0498046875,171100.0,11.18000030517578,11.43000030517578,9.890000343322754,11.329999923706056,0.0,-0.0041692616884621,1,55.02651883783616,9572.227839562824,65.42682147347477,66.08646733974113,60.6005859375,0.0134167812554379,-0.0039880396385,-0.0071730488286817,0.001044053873587636
9595.4501953125,9615.849609375,9565.5,9588.0498046875,213200.0,11.329999923706056,11.329999923706056,9.710000038146973,10.920000076293944,0.0,0.0010440538735876,2,56.07639179666533,9573.734693384222,59.09131562997027,64.96240605654533,50.349609375,-0.0361871006330949,-0.0019621922962681,-0.0082952132301605,0.007248606485755094
9626.400390625,9673.2998046875,9614.900390625,9657.5498046875,141700.0,10.920000076293944,10.920000076293944,9.739999771118164,10.630000114440918,0.0,0.007248606485755,1,62.60938672421889,9581.717084936914,58.99835446335055,66.41151990964924,58.3994140625,-0.0265567728779217,0.0040963607827242,0.004279087017073,-0.0004193408027297618
9670.5,9676.5,9643.75,9653.5,159500.0,10.630000114440918,10.869999885559082,9.81999969482422,10.65999984741211,0.0,-0.0004193408027297,1,62.03042080885128,9588.55355303816,57.93011437809764,64.00712563038859,32.75,0.0028221761663422,0.0078774068678963,0.0048506393821334,-0.0020614689620345183
9648.099609375,9650.4501953125,9608.599609375,9633.599609375,144000.0,10.65999984741211,11.0600004196167,9.779999732971191,10.920000076293944,0.0,-0.0020614689620345,1,59.136533493529534,9592.84365364167,54.84550634830521,62.6423588442894,41.8505859375,0.0243902657226542,0.0047506850314056,0.0016062567253116,-0.00037365154469337636
9642.650390625,9698.849609375,9617.75,9630.0,198800.0,10.920000076293944,11.420000076293944,10.06999969482422,11.210000038146973,0.0,-0.0003736515446933,0,58.60395664489311,9596.382353294845,51.516622313873086,63.960733882197296,81.099609375,0.0265567728779219,-0.0028526702160136,0.0054238802649653,-0.005716490621754944
9643.25,9647.650390625,9565.2998046875,9574.9501953125,175200.0,11.210000038146973,11.779999732971191,8.760000228881836,11.5600004196167,0.0,-0.0057164906217549,0,51.03433804306634,9594.341195391764,43.93000086095526,65.27429474329035,82.3505859375,0.0312221570275375,-0.0081369249171284,-0.0013662433593738,-0.006637089842891464
9594.0498046875,9615.400390625,9473.4501953125,9511.400390625,203300.0,11.5600004196167,12.869999885559082,10.93000030517578,12.510000228881836,0.0,-0.0066370898428914,1,43.97315026993592,9586.442071128262,32.41593979472418,70.75114478394819,141.9501953125,0.0821799113132417,-0.0126846893897355,-0.0151331773605312,-0.0021185514012070916
9520.2001953125,9522.5,9474.349609375,9491.25,172400.0,12.510000228881836,12.760000228881836,11.09000015258789,11.989999771118164,0.0,-0.002118551401207,1,41.98930457543524,9577.376159592235,21.418100792183395,69.13680520116618,48.150390625,-0.041566782434036,-0.0144080996884735,-0.0168073755632671,0.0013538374160411148
9522.9501953125,9575.7998046875,9493.7998046875,9504.099609375,259300.0,11.989999771118164,11.989999771118164,10.600000381469728,11.380000114440918,0.0,0.0013538374160411,1,43.73258951118424,9570.39744052393,13.582519406520078,70.23773373590431,82.0,-0.0508757021119073,-0.0073995774904589,-0.0134425350077842,0.0017677404426008625
9478.5,9535.7998046875,9448.75,9520.900390625,179600.0,11.380000114440918,12.100000381469728,11.079999923706056,11.729999542236328,0.0,0.0017677404426008,2,46.01683554614245,9565.68343577165,8.628977857564678,71.43859594673258,87.0498046875,0.0307556611841568,0.0009988013972541,-0.0113291390835928,0.009883477981521338
9587.9501953125,9624.0,9543.5498046875,9615.0,183000.0,11.729999542236328,11.75,10.460000038146973,11.199999809265137,0.0,0.0098834779815213,1,56.63537083271803,9570.380251412447,12.15618362709938,73.70009690589453,80.4501953125,-0.0451832697062617,0.0130383247728169,0.0041827689826634,-0.00017682738559543498
9645.900390625,9650.650390625,9595.5,9613.2998046875,144800.0,11.199999809265137,11.649999618530272,10.420000076293944,11.279999732971191,0.0,-0.0001768273855954,1,56.41943204307076,9574.467827914834,14.645503807623754,72.37511788583063,55.150390625,0.0071428504525397,0.0114897991183491,0.010713397594211,0.0025277277502206985
9619.75,9643.650390625,9607.349609375,9637.599609375,130800.0,11.279999732971191,11.420000076293944,10.449999809265137,11.149999618530272,0.0,0.0025277277502206,1,58.835212396739685,9580.480378530088,18.36737151606758,69.79837955469988,36.30078125,-0.0115248331133316,0.0122571620290146,0.0154194241406557,0.003833962481337938
9653.599609375,9700.7001953125,9639.9501953125,9674.5498046875,147400.0,11.149999618530272,11.18000030517578,10.289999961853027,10.979999542236328,0.0,0.0038339624813379,1,62.26095048258362,9589.43937149746,24.02164388788333,69.31996572489989,60.75,-0.015246644135433,0.0061934274245969,0.0179343864561736,-0.0009044348498532528
9670.349609375,9684.25,9642.650390625,9665.7998046875,141800.0,10.979999542236328,11.130000114440918,9.619999885559082,10.869999885559082,0.0,-0.0009044348498532,2,60.9670541378045,9596.711793706036,27.4798727388752,67.3399402713356,41.599609375,-0.0100181840859022,0.0054611840956422,0.0152190872835071,0.010888907501369838
9719.2998046875,9782.150390625,9646.4501953125,9771.0498046875,37500.0,10.869999885559082,11.09000015258789,9.56999969482422,10.90999984741211,0.0,0.0108889075013698,1,69.2461358064719,9613.315413799508,38.27216175046124,72.22281563141878,135.7001953125,0.0036798493352485,0.0138468291609339,0.0162298288806552,0.001535147225716127
9797.4501953125,9830.0498046875,9778.849609375,9786.0498046875,179700.0,10.90999984741211,11.079999923706056,9.899999618530272,10.890000343322754,0.0,0.0015351472257161,1,70.21573352337215,9629.766308169792,47.48809004443501,71.27832880060315,51.2001953125,-0.0018331351392364,0.0115250840867009,0.0179698962385179,0.0030706776776372458
9807.2998046875,9824.9501953125,9787.7001953125,9816.099609375,145500.0,10.890000343322754,11.300000190734863,9.670000076293944,11.050000190734863,0.0,0.0030706776776372,2,72.11259278019074,9647.512336856003,56.564507286357184,68.9656189309172,37.25,0.0146923638538003,0.0155496500780629,0.018521209350341,0.007701693029408263
9855.7998046875,9897.25,9853.4501953125,9891.7001953125,181300.0,11.050000190734863,11.399999618530272,9.859999656677246,11.25,0.0,0.0077016930294082,1,76.21645666770058,9670.768323375669,69.06186659870218,69.83595976620883,43.7998046875,0.0180995299378212,0.012347740829969,0.0224455292503416,-0.0005409167111671831
9913.2998046875,9913.2998046875,9845.4501953125,9886.349609375,159600.0,11.25,11.479999542236328,10.06999969482422,11.170000076293944,0.0,-0.0005409167111671,1,75.3710796985749,9691.299874423225,77.63938779029922,69.6940775954082,67.849609375,-0.007111104329427,0.0102492636650446,0.0228175432084309,0.0029940865038224906
9908.150390625,9928.2001953125,9894.7001953125,9915.9501953125,163500.0,11.170000076293944,11.56999969482422,10.479999542236328,11.460000038146973,0.0,0.0029940865038224,0,76.89773129437778,9712.695143079349,85.83618888083583,67.70525676270047,33.5,0.0259623956913388,0.010172124358043,0.0148295621782099,-0.008955249163058343
9832.7001953125,9885.349609375,9792.0498046875,9827.150390625,293900.0,11.460000038146973,11.789999961853027,10.289999961853027,11.489999771118164,0.0,-0.0089552491630583,2,64.06764175791875,9723.5956428456,84.1962487472847,71.71919489572187,93.2998046875,0.0026177777374634,-0.0065256531650735,0.0041999158759453,0.007372352703497453
9855.9501953125,9905.0498046875,9851.650390625,9899.599609375,200200.0,11.489999771118164,11.6899995803833,9.079999923706056,11.260000228881836,0.0,0.0073723527034974,1,68.66171362236406,9740.35792537221,87.73131881362133,72.16063912192031,53.3994140625,-0.0200173669989504,0.0013402317866075,0.0085064336470519,-0.002656653372384299
9920.2001953125,9922.5498046875,9863.4501953125,9873.2998046875,161100.0,11.260000228881836,11.56999969482422,10.369999885559082,11.31999969482422,0.0,-0.0026566533723842,1,65.39321538031334,9753.019056735571,87.40318337697863,71.22770842571171,59.099609375,0.0053285492649,-0.0043011904845147,-0.0018601848278538,0.004248852576378193
9899.599609375,9924.7001953125,9838.0,9915.25,187500.0,11.31999969482422,11.720000267028809,9.010000228881836,11.09000015258789,0.0,0.0042488525763781,2,68.00914253284598,9768.469622760756,89.49650386177746,72.33288606048231,86.7001953125,-0.0203179813106787,0.0089649192159555,0.0029232620498869,0.005158759549683589
9936.7998046875,9982.0498046875,9919.599609375,9966.400390625,174500.0,11.09000015258789,11.800000190734863,10.359999656677246,11.3100004196167,0.0,0.0051587595496835,1,70.89776261044392,9787.32017208116,94.19703963207212,71.93766596241214,62.4501953125,0.0198377154194602,0.0067478265673228,0.0050877822416199,-0.00018568247962835738
10010.5498046875,10011.2998046875,9949.099609375,9964.5498046875,185500.0,11.3100004196167,11.510000228881836,10.239999771118164,10.90999984741211,0.0,-0.0001856824796283,2,70.64921084847839,9804.199184710336,96.65869995131106,71.24213234456127,62.2001953125,-0.0353669811992939,0.0092420975565512,0.0139816130415157,0.0056300171143817135
9983.650390625,10025.9501953125,9965.9501953125,10020.650390625,197600.0,10.90999984741211,11.779999732971191,10.90999984741211,11.170000076293944,0.0,0.0056300171143817,1,73.66350178963275,9824.813585273636,101.9610879690772,70.53915079316404,60.0,0.0238313687001112,0.0106301294092432,0.0122278461782801,-1.0037865166290239e-05
10063.25,10114.849609375,10005.5,10020.5498046875,287900.0,11.170000076293944,11.920000076293944,10.8100004196167,11.220000267028809,0.0,-1.003786516629024e-05,1,73.64889730658827,9843.45512997972,104.94540690571192,73.31132640615233,109.349609375,0.0044762927836481,0.0054331967350456,0.014913960166599,-0.0006037397952625145
9996.5498046875,10026.0498046875,9944.5,10014.5,191600.0,11.220000267028809,12.020000457763672,10.979999542236328,11.140000343322754,0.0,-0.0006037397952625,2,72.71511149185653,9859.745117600698,105.60498396753974,73.8997891405343,81.5498046875,-0.0071301178076744,0.0050127899695981,0.0100098333375355,0.006250897136651945
10034.7001953125,10085.900390625,10016.9501953125,10077.099609375,237700.0,11.140000343322754,12.029999732971191,11.140000343322754,11.899999618530272,0.0,0.0062508971366519,1,76.09283471617212,9880.445545388728,109.9119720548133,73.72126067513899,68.9501953125,0.0682225540202121,0.0056332889133436,0.0111072417734823,0.0037263481265050746
10101.0498046875,10128.599609375,10065.75,10114.650390625,184300.0,11.899999618530272,12.390000343322754,11.59000015258789,11.90999984741211,0.0,0.003726348126505,1,77.86314666752713,9902.750768744563,115.02933875219604,72.9447141537005,62.849609375,0.0008403553951601,0.0093907607637937,0.0150634588495799,-0.0032774628232060676
10136.2998046875,10137.849609375,10054.2001953125,10081.5,161500.0,11.90999984741211,12.170000076293944,10.920000076293944,11.9399995803833,0.0,-0.003277462823206,0,72.74206502495592,9919.774505054604,115.08332037404944,73.7093355757576,83.6494140625,0.0025188692993736,0.0066902990663537,0.00607242115062,-0.006730110536626532
10081.150390625,10081.150390625,9998.25,10013.650390625,192700.0,11.9399995803833,12.229999542236328,11.210000038146973,11.640000343322754,0.0,-0.0067301105366265,2,63.53194509308001,9928.71506558512,108.40161838548556,74.39081160606064,82.900390625,-0.0251255651259341,-0.0062963770538668,-0.0006885264977448,0.0052678092346210015
10008.599609375,10075.25,9988.349609375,10066.400390625,178600.0,11.640000343322754,11.75,10.75,11.390000343322754,0.0,0.005267809234621,1,67.02731955632191,9941.827953684156,106.13929781455226,75.2843529645563,86.900390625,-0.021477662596755,-0.004770308229805,0.0051825244021168,-0.000894063384204502
10074.7998046875,10088.099609375,10046.349609375,10057.400390625,137400.0,11.390000343322754,12.0,10.640000343322754,11.899999618530272,0.0,-0.0008940633842045,0,65.86732522849496,9952.834852440428,102.4393110673609,72.88904203851656,41.75,0.044776054419217,-0.00239047853742,-0.0019548500574185,-0.007840056363968673
10068.349609375,10083.7998046875,9947.0,9978.5498046875,203300.0,11.899999618530272,13.050000190734863,10.489999771118164,12.770000457763672,0.0,-0.0078400563639686,0,56.6217415173103,9955.28389551158,92.08298626394937,77.45409651344396,136.7998046875,0.0731093165649066,-0.0035052737581453,-0.0134557874648487,-0.007065154895241621
9961.150390625,9969.7998046875,9893.0498046875,9908.0498046875,169200.0,12.770000457763672,13.68000030517578,10.520000457763672,13.449999809265137,0.0,-0.0070651548952416,0,49.88017052341264,9950.78541067119,77.29574618989318,78.02880390534082,76.75,0.0532497515368568,-0.0157306067504502,-0.0172048004079253,-0.008861461782919355
9872.849609375,9892.650390625,9776.2001953125,9820.25,235500.0,13.449999809265137,14.170000076293944,12.229999542236328,13.800000190734863,0.0,-0.0088614617829193,0,43.01178762173644,9938.353466797742,57.825465459480256,81.87314715317362,116.4501953125,0.0260223335637987,-0.0235796907167044,-0.0193136751414914,-0.011145357329243155
9712.150390625,9771.650390625,9685.5498046875,9710.7998046875,285900.0,13.800000190734863,15.539999961853027,11.670000076293944,15.199999809265137,0.0,-0.0111453573292431,2,36.301269461488126,9916.68168945391,33.180922634832314,85.64650773598264,86.1005859375,0.1014492463174177,-0.02683255635746,-0.0353254959209328,0.008583287433983067
9755.75,9818.2998046875,9752.099609375,9794.150390625,195600.0,15.199999809265137,15.199999809265137,11.859999656677246,14.380000114440918,0.0,0.008583287433983,2,43.52706579245898,9905.012041946396,20.14343955486765,87.20747146912673,66.2001953125,-0.0539473490206485,-0.0114956440780721,-0.0261747558788042,0.010531736796816515
9825.849609375,9903.9501953125,9773.849609375,9897.2998046875,219500.0,14.380000114440918,14.699999809265137,12.619999885559082,14.239999771118164,0.0,0.0105317367968165,1,50.94348726801411,9904.277543159831,17.927775704554733,90.27126535972482,130.1005859375,-0.0097357678865496,0.0078460125442325,-0.0081424657480621,0.0006921671640436333
9945.5498046875,9947.7998046875,9883.75,9904.150390625,197600.0,14.239999771118164,14.619999885559082,10.789999961853027,14.34000015258789,0.0,0.0006921671640436,0,51.39998236064476,9904.26543339461,16.534037085169984,88.39830388313734,64.0498046875,0.0070224988115905,0.0199108816808444,-0.0003935601999754,-0.006739598791147605
9865.9501953125,9865.9501953125,9783.650390625,9837.400390625,246300.0,14.34000015258789,14.890000343322754,11.170000076293944,14.56999969482422,0.0,-0.0067395987911476,0,46.82753252369355,9897.897334083218,9.928868228556894,90.69128217719896,82.2998046875,0.0160390195110855,0.0044159011527329,0.0017464311626484,-0.008442350412935062
9864.25,9884.349609375,9740.099609375,9754.349609375,205300.0,14.56999969482422,14.970000267028809,13.149999618530272,14.81999969482422,0.0,-0.008442350412935,1,41.84031756728993,9884.226122206246,-1.9844046588605124,94.51690487882762,144.25,0.017158545314782,-0.0144433530491616,0.0044846774275459,0.0011482257414410224
9815.75,9828.4501953125,9752.599609375,9765.5498046875,183600.0,14.81999969482422,14.81999969482422,11.15999984741211,14.109999656677246,0.0,0.001148225741441,2,42.726206587767216,9872.92361577589,-10.40208829605217,93.18359638301852,75.8505859375,-0.0479082356793121,-0.0139941923810744,-0.0029201701828958,0.008903768559017866
9803.0498046875,9857.900390625,9786.75,9852.5,168600.0,14.109999656677246,14.109999656677246,12.260000228881836,13.18000030517578,0.0,0.0089037685590178,1,49.19592647259433,9870.97850951152,-9.942399345321974,93.12409563691004,71.150390625,-0.0659106572735714,0.0015349186548705,-0.0045264673771205,0.00046179189926420783
9881.2001953125,9881.5,9848.849609375,9857.0498046875,184700.0,13.18000030517578,13.199999809265137,11.9399995803833,12.56999969482422,0.0,0.0004617918992642,2,49.51727711743131,9869.651966194946,-9.105993105769812,88.80454527891648,32.650390625,-0.0462822910642889,0.010528656386664,-0.0047556412291642,0.005655850493267112
9907.150390625,9925.75,9882.0,9912.7998046875,159600.0,12.56999969482422,13.68000030517578,11.369999885559082,12.640000343322754,0.0,0.0056558504932671,0,53.406334231140576,9873.761284146618,-3.899623623436128,87.36852028131531,43.75,0.0055688663642019,0.0150785161045741,0.0076645669657153,-0.011777701789638884
9886.400390625,9887.349609375,9783.75,9796.0498046875,173300.0,12.640000343322754,13.850000381469728,12.279999732971191,13.539999961853027,0.0,-0.0117777017896388,2,45.50101619284917,9866.360190864798,-9.08950937233567,90.34575488175707,103.599609375,0.0712024995320281,-0.0057295301002283,0.0042750359565153,0.009019001301445284
9859.5,9909.4501953125,9850.7998046875,9884.400390625,157800.0,13.539999961853027,14.130000114440918,11.75,12.890000343322754,0.0,0.0090190013014452,1,51.36765097520222,9868.078305127674,-6.004165033898971,91.992514577703,58.650390625,-0.0480058803812076,0.0027747233177712,0.0121703937120316,0.0033891787742403867
9905.7001953125,9925.099609375,9856.9501953125,9917.900390625,327700.0,12.890000343322754,13.699999809265137,11.789999961853027,11.949999809265137,0.0,0.0033891787742403,2,53.4153383388696,9872.82326565123,-0.8460842555341515,90.2894359694742,68.1494140625,-0.0729247873561581,0.0005145454400368,0.0066379488074093,0.00569677026131532
9937.650390625,9983.4501953125,9909.849609375,9974.400390625,157800.0,11.949999809265137,12.15999984741211,10.529999732971191,11.68000030517578,0.0,0.0056967702613153,0,56.72485986396935,9882.497277553495,7.71191161646675,89.09737525290461,73.6005859375,-0.0225941011212417,0.0182063780292498,0.011905244293449,-0.006170875324781666
9984.150390625,9988.400390625,9861.0,9912.849609375,148800.0,11.68000030517578,13.960000038146973,11.489999771118164,13.170000076293944,0.0,-0.0061708753247816,1,52.36072910018352,9885.38797582221,9.41897527268884,91.83330492234,127.400390625,0.1275684702215203,0.0028781936815289,5.024280574694728e-06,0.003969654285916446
9933.25,9963.099609375,9901.0498046875,9952.2001953125,139200.0,13.170000076293944,13.4399995803833,12.479999542236328,12.890000343322754,0.0,0.0039696542859164,1,54.75722072924098,9891.751044345094,13.788157639128258,89.70591204842285,62.0498046875,-0.0212604199961389,0.0034583735807551,0.0159401384985078,-0.0036172905783141696
9899.25,9931.5498046875,9882.5498046875,9916.2001953125,149200.0,12.890000343322754,13.5,12.039999961853027,13.119999885559082,0.0,-0.0036172905783141,1,52.17150852492684,9894.07953491342,14.18238134344574,88.27337480389265,49.0,0.0178432533832686,-0.0058349567927112,0.0032171708379662,0.0013815972895521167
9945.849609375,9964.849609375,9917.2001953125,9929.900390625,188800.0,13.119999885559082,13.130000114440918,11.18000030517578,13.010000228881836,0.0,0.0013815972895521,1,53.07955864096949,9897.491044981189,15.422516562995952,85.44309189379318,47.6494140625,-0.0083841202467022,0.0017200685899516,0.001209933506828,0.0004934001218306339
9958.650390625,9963.599609375,9913.2998046875,9934.7998046875,163600.0,13.010000228881836,13.100000381469728,11.770000457763672,12.960000038146973,0.0,0.0004934001218306,2,53.42014195323671,9901.044260191316,16.609213750673007,82.93285709334366,50.2998046875,-0.003843212133376,-0.0017483963629666,-0.0039702222075144,0.007171760015373785
9971.75,10028.650390625,9968.7998046875,10006.0498046875,173000.0,12.960000038146973,12.960000038146973,11.550000190734863,12.359999656677246,0.0,0.0071717600153737,2,58.17485330159972,9911.04478823857,23.033444154118115,83.71269486792626,59.8505859375,-0.0462963255944183,0.0090608910273386,0.0094019579621542,0.008694739852208588
10056.849609375,10097.5498046875,10028.0498046875,10093.0498046875,182600.0,12.359999656677246,12.359999656677246,11.520000457763672,11.760000228881836,0.0,0.0086947398522085,1,63.1245882296715,9928.378599328944,34.74435465078568,84.26893094878868,69.5,-0.0485436443739116,0.0164301158767445,0.0141526101375393,-0.0013623236054590704
10099.25,10131.9501953125,10063.150390625,10079.2998046875,215000.0,11.760000228881836,11.869999885559082,10.68000030517578,11.760000228881836,0.0,-0.001362323605459,1,61.87820863468524,9942.75204745833,42.42675626896198,83.16399335869663,68.7998046875,0.0,0.0145448325925823,0.0164477931226216,0.0007242372812548137
10107.400390625,10126.5,10070.349609375,10086.599609375,225600.0,11.760000228881836,11.880000114440918,10.359999656677246,11.470000267028809,0.0,0.0007242372812548,1,62.30375132170063,9956.45181525992,48.54455669965501,81.23445030628973,56.150390625,-0.0246598602218395,0.0080501103092416,0.0157805428640496,-0.00011889227256378643
10062.349609375,10115.150390625,10043.650390625,10085.400390625,266600.0,11.470000267028809,12.020000457763672,10.020000457763672,11.68000030517578,0.0,-0.0001188922725637,2,62.1809511298484,9968.732631961357,52.68882669008781,80.53913242726904,71.5,0.0183086341114244,-0.0007578892614744,0.0151588948844689,0.006712596042585561
10133.099609375,10171.7001953125,10131.2998046875,10153.099609375,156100.0,11.68000030517578,11.68000030517578,10.84000015258789,11.4399995803833,0.0,0.0067125960425855,1,66.2277762485646,9986.291391715034,60.73582687700764,80.95060901728553,40.400390625,-0.0205480067227505,0.0073219178035739,0.0146960896215619,-0.0005466118624873895
10175.599609375,10178.9501953125,10129.9501953125,10147.5498046875,187500.0,11.4399995803833,11.640000343322754,10.399999618530272,11.470000267028809,0.0,-0.0005466118624873,1,65.60799373652785,10001.649335807651,65.90559101559666,78.66842265890799,49.0,0.0026224377400285,0.0060426900712753,0.0053997553816378,-0.0006306363787978997
10160.9501953125,10171.0498046875,10134.2001953125,10141.150390625,199400.0,11.470000267028809,11.880000114440918,10.119999885559082,11.630000114440918,0.0,-0.0006306363787978,1,64.85431679400875,10014.93515055216,68.69442058909954,75.68136456720026,36.849609375,0.0139494196763045,0.0055277924366614,0.0061363970847196,-0.0018982067377479872
10139.599609375,10158.900390625,10058.599609375,10121.900390625,191800.0,11.630000114440918,12.18000030517578,9.260000228881836,11.630000114440918,0.0,-0.0018982067377479,0,62.52743515887118,10025.122316273384,68.56094608869353,77.43989433025739,100.30078125,0.0,-0.0030728762595012,0.0034997702513333,-0.01556031910231781
10094.349609375,10095.0498046875,9952.7998046875,9964.400390625,226600.0,11.630000114440918,12.989999771118164,11.010000228881836,12.8100004196167,0.0,-0.0155603191023178,0,47.50844515739778,10019.339275735443,55.11094816286277,83.98708658791757,142.25,0.1014617621293554,-0.0180486341617064,-0.0119975405351756,-0.009212875602266135
9960.099609375,9960.5,9816.0498046875,9872.599609375,221400.0,12.8100004196167,13.84000015258789,11.510000228881836,13.34000015258789,0.0,-0.0092128756022661,1,41.28397832083744,10005.364069415402,36.62201626185197,88.58447939860204,144.4501953125,0.0413739044192045,-0.0264812936309732,-0.0276270312310338,-0.00011137992205778602
9875.25,9891.349609375,9813.0,9871.5,190900.0,13.34000015258789,13.630000114440918,12.630000114440918,12.93000030517578,0.0,-0.0001113799220577,0,41.21432268718069,9992.61511042346,21.631322813631414,87.85341725405904,78.349609375,-0.0307346208937314,-0.0247384760728255,-0.0272035920001085,-0.013751709466646389
9920.599609375,9921.0498046875,9714.400390625,9735.75,200100.0,12.93000030517578,14.170000076293944,11.770000457763672,13.859999656677246,0.0,-0.0137517094666463,1,33.66313375581072,9968.151766573606,-1.1890931109119265,96.33884559751912,206.6494140625,0.0719257022081578,-0.0229467285196734,-0.039975779375067,0.003410132276660871
9736.400390625,9789.2001953125,9687.5498046875,9768.9501953125,385000.0,13.859999656677246,13.970000267028809,12.81999969482422,13.170000076293944,0.0,0.0034101322766608,1,36.7169309127752,9949.180188358265,-16.40633680907922,96.7182416709106,101.650390625,-0.0497835207413503,-0.0104986951931155,-0.0348699534367484,0.002011415113154058
9814.2998046875,9854.0,9775.349609375,9788.599609375,196300.0,13.170000076293944,13.170000076293944,11.90999984741211,12.489999771118164,0.0,0.002011415113154,2,38.52080837492152,9933.886799883669,-26.57423731052768,95.88478188638126,78.650390625,-0.0516325209746797,-0.008397952755407,-0.0176428861103776,0.007243159742390093
9893.2998046875,9895.400390625,9831.0498046875,9859.5,162800.0,12.489999771118164,12.869999885559082,11.4399995803833,12.460000038146973,0.0,0.00724315974239,2,44.651494789638114,9926.80234275189,-28.58182919416504,96.66449612663976,64.3505859375,-0.0024019002018368,0.0127108851398196,-0.0013268652526494,0.005618985813175215
9884.349609375,9938.2998046875,9850.650390625,9914.900390625,156200.0,12.460000038146973,12.579999923706056,11.579999923706056,11.800000190734863,0.0,0.0056189858131752,1,48.93640042650857,9925.668823501708,-25.409605586541147,96.02056169348693,87.6494140625,-0.0529694899993165,0.014940212857522,0.0043965345312262,-0.0026425071639926134
9927.0,9945.9501953125,9881.849609375,9888.7001953125,147800.0,11.800000190734863,11.899999618530272,10.59000015258789,11.710000038146973,0.0,-0.0026425071639926,2,47.08009645018264,9922.148001769405,-24.724721125878204,93.74056342520213,64.1005859375,-0.0076271314519602,0.0102262417436738,0.0157101605230722,0.009202422785872022
9908.150390625,9989.349609375,9906.599609375,9979.7001953125,195800.0,11.710000038146973,11.710000038146973,10.75,11.119999885559082,0.0,0.009202422785872,1,53.65569106617603,9927.629163059222,-16.647108273496997,94.23405275643768,82.75,-0.0503842998006731,0.0121913074002231,0.0215734542388317,0.0009068212982741297
9988.2001953125,10015.75,9959.4501953125,9988.75,143900.0,11.119999885559082,11.56999969482422,10.40999984741211,11.390000343322754,0.0,0.0009068212982741,1,54.264321425377936,9933.45019514882,-9.406861838313487,91.52446360865645,56.2998046875,0.0242806169552489,0.0074483460716183,0.0204472956921546,0.0028231956263296
10013.7001953125,10034.0,10002.2998046875,10016.9501953125,148600.0,11.390000343322754,11.449999809265137,10.75,11.109999656677246,0.0,0.0028231956263296,1,56.19486588921802,9941.40257611679,-1.3775151551835734,88.21914477946669,31.7001953125,-0.0245830270593148,0.0129693485965722,0.0159693894530654,-0.0032095987299651796
10042.599609375,10067.25,9955.7998046875,9984.7998046875,189700.0,11.109999656677246,12.18000030517578,10.1899995803833,11.729999542236328,0.0,-0.0032095987299651,2,53.42603490492181,9945.535645504477,2.3642781809448934,89.87850553182622,111.4501953125,0.0558055719818546,0.000510998253975,0.007049936086962,0.011177047924897598
10011.2001953125,10104.4501953125,9977.099609375,10096.400390625,200900.0,11.729999542236328,11.729999542236328,10.460000038146973,11.039999961853027,0.0,0.0111770479248975,2,60.670173376997646,9959.903716468336,14.171550149496396,92.55508270366006,127.3505859375,-0.0588234959344041,0.0107771633712927,0.0210037913183933,0.007037142143597297
10123.7001953125,10191.900390625,10120.099609375,10167.4501953125,230100.0,11.039999961853027,11.350000381469728,10.09000015258789,11.260000228881836,0.0,0.0070371421435972,2,64.46017906875024,9979.670047786827,28.92855334608976,92.76543393911292,71.80078125,0.0199275604881326,0.0150245331229088,0.0188131904090853,0.006235527378509298
10207.400390625,10242.9501953125,10175.099609375,10230.849609375,203000.0,11.260000228881836,11.579999923706056,10.029999732971191,11.3100004196167,0.0,0.0062355273785092,1,67.47233695229954,10003.591910795223,45.218140979790405,91.53218865774772,67.8505859375,0.0044405141845924,0.0246424374549791,0.0242372278187961,0.00035193420634405115
10227.650390625,10251.849609375,10212.599609375,10234.4501953125,195700.0,11.3100004196167,11.729999542236328,10.109999656677246,11.609999656677246,0.0,0.000351934206344,1,67.64007924174834,10025.578414082584,57.75255819232007,87.79774661076574,39.25,0.0265251304978035,0.0136731705703436,0.0217131957091871,-0.0023059945074831445
10209.400390625,10236.4501953125,10175.75,10210.849609375,254200.0,11.609999656677246,11.75,10.130000114440918,11.539999961853027,0.0,-0.0023059945074831,0,65.26433382038229,10043.223289824718,65.03215390293553,85.86220723231818,60.7001953125,-0.0060292589917485,0.004268465862022,0.0226393927879633,-0.006297204164917303
10210.349609375,10211.9501953125,10123.349609375,10146.5498046875,30200.0,11.539999961853027,12.8100004196167,10.829999923706056,12.399999618530272,0.0,-0.0062972041649173,1,59.166911901132686,10053.06391028784,64.86510453985284,86.05780571125975,88.6005859375,0.0745233673760907,-0.0082397657971877,0.0049670587657226,0.00377466285828576
10176.650390625,10224.150390625,10124.5,10184.849609375,218100.0,12.399999618530272,12.9399995803833,10.880000114440918,12.329999923706056,0.0,0.0037746628582857,1,61.47566292637372,10065.614929248524,67.05027701347899,87.02870463366978,99.650390625,-0.0056451368530376,-0.0048464338573085,0.0017112858905885,0.0022435859942857572
10218.5498046875,10237.75,10182.400390625,10207.7001953125,217200.0,12.329999923706056,12.470000267028809,11.359999656677246,11.59000015258789,0.0,0.0022435859942857,2,62.82614235159792,10079.146859349856,69.82103977257611,84.76591211519336,55.349609375,-0.0600162024085187,-0.0003084380030049,-0.0022627069057185,0.008586597606260904
10321.150390625,10340.5498046875,10240.900390625,10295.349609375,594200.0,11.59000015258789,12.489999771118164,11.1899995803833,11.760000228881836,0.0,0.0085865976062609,1,67.52827160922618,10099.737597447487,78.18815998172431,88.20046191946527,99.6494140625,0.0146678234733228,0.014665064238758,0.0059504333794493,0.004706027201677676
10291.7998046875,10355.650390625,10271.849609375,10343.7998046875,429700.0,11.760000228881836,12.649999618530272,11.289999961853027,11.619999885559082,0.0,0.0047060272016776,1,69.80213499905713,10122.981617184632,87.7175357262804,87.88619901450348,83.80078125,-0.0119047908671737,0.0156065333715078,0.0130204831525901,-0.002006032637116295
10362.2998046875,10366.150390625,10311.2998046875,10323.0498046875,312700.0,11.619999885559082,12.149999618530272,11.1899995803833,11.479999542236328,0.0,-0.0020060326371162,1,67.61824816046277,10142.035730280144,92.52867016174424,85.5265123661461,54.8505859375,-0.0120482224355906,0.0113002544322344,0.0173950755081753,0.00393300300838062
10353.849609375,10384.5,10344.2998046875,10363.650390625,236900.0,11.479999542236328,12.260000228881836,11.479999542236328,12.109999656677246,0.0,0.0039330030083806,1,69.62102873884106,10163.141888408223,98.4824128835553,83.8067754337428,40.2001953125,0.0548780609374652,0.0066341390862341,0.0175555642064086,-0.002735579151063039
10364.900390625,10367.7001953125,10323.9501953125,10335.2998046875,232600.0,12.109999656677246,12.529999732971191,11.529999732971191,12.4399995803833,0.0,-0.002735579151063,2,66.5268567053634,10179.537880434822,99.76313422462044,80.94557718847545,43.75,0.0272502009134325,-0.0008217483091801,0.0125003288628711,0.010178727013297362
10390.349609375,10451.650390625,10383.0498046875,10440.5,260300.0,12.4399995803833,12.4399995803833,11.789999961853027,12.140000343322754,0.0,0.0101787270132973,1,71.57511854728486,10204.391415631506,108.02168493870704,83.47450638483436,68.6005859375,-0.024115695110924,0.0113774705668054,0.0140986363875224,-0.0015995589591015769
10440.5,10453.0,10412.5498046875,10423.7998046875,201500.0,12.140000343322754,12.369999885559082,11.40999984741211,12.010000228881836,0.0,-0.0015995589591015,1,69.77607530760855,10225.287452684455,111.928833764543,80.40134130823904,40.4501953125,-0.0107084111008629,0.0058038829751447,0.0077341017334602,0.0027533333189682097
10461.5498046875,10461.7001953125,10403.599609375,10452.5,199900.0,12.010000228881836,12.300000190734863,11.06999969482422,11.90999984741211,0.0,0.0027533333189682,1,71.1195558438249,10246.926742904983,116.003922256843,78.8084302103291,58.1005859375,-0.0083264262751006,0.0113397963801054,0.0125399177337803,-6.698831021290097e-05
10431.75,10490.4501953125,10413.75,10451.7998046875,193600.0,11.90999984741211,13.260000228881836,11.369999885559082,13.020000457763672,0.0,-6.698831021290097e-05,0,71.0365933731945,10266.43846307475,117.81881734973648,78.65784200334132,76.7001953125,0.09319904488435,0.0010823049363057,0.0085056337043403,-0.009725541625559164
10477.150390625,10485.75,10340.7998046875,10350.150390625,286900.0,13.020000457763672,13.68000030517578,11.68000030517578,13.239999771118164,0.0,-0.0097255416255591,1,60.07962904786292,10274.411027603344,109.78929395200612,83.39301009685265,144.9501953125,0.016897028081386,-0.0070655054243635,0.0014368800342652,-0.004540996818999998
10361.9501953125,10384.25,10285.5,10303.150390625,274500.0,13.239999771118164,13.859999656677246,11.239999771118164,13.609999656677246,0.0,-0.0045409968189999,1,55.79437842419044,10277.148109795882,98.49790902270615,84.48993794707746,98.75,0.0279456111748734,-0.0142884103683329,-0.013155462801111,0.0005629156585715833
10358.650390625,10368.4501953125,10266.9501953125,10308.9501953125,240200.0,13.609999656677246,13.720000267028809,11.079999923706056,13.270000457763672,0.0,0.0005629156585715,1,56.209456233917805,10280.176879845085,88.99156155718447,85.70494237942908,101.5,-0.0249815729236088,-0.0136674651298749,-0.0110180175681571,0.0012416205767800115
10304.349609375,10344.9501953125,10254.099609375,10321.75,279400.0,13.270000457763672,13.81999969482422,11.170000076293944,13.479999542236328,0.0,0.00124162057678,0,57.165376408089614,10284.13622462174,81.55048671958502,86.07248834786273,90.8505859375,0.0158251000172193,-0.0027439592231166,-0.0125089691461373,-0.009378235734008311
10322.0,10334.150390625,10216.25,10224.9501953125,210300.0,13.479999542236328,14.380000114440918,11.170000076293944,14.050000190734863,0.0,-0.0093782357340083,1,48.53630906675652,10278.499459925622,67.06931276383693,88.34590993908682,117.900390625,0.0422849160129847,-0.0075899304919061,-0.0217043584467874,-0.0037506868204679744
10223.400390625,10248.0,10175.5498046875,10186.599609375,305000.0,14.050000190734863,14.739999771118164,12.460000038146973,14.170000076293944,0.0,-0.0037506868204679,0,45.59951673944896,10269.747093206515,51.90003499991326,87.21050175147347,72.4501953125,0.0085409170056962,-0.0118683846191374,-0.0158017782425791,-0.00672940994209803
10171.9501953125,10175.4501953125,10094.0,10118.0498046875,207400.0,14.170000076293944,14.579999923706056,11.579999923706056,14.270000457763672,0.0,-0.006729409942098,2,40.842470283963685,10255.29973239518,33.95545934085749,87.59543801029679,81.4501953125,0.007057189903409,-0.0197350444752585,-0.0179654357084728,0.009557197007243445
10152.900390625,10232.25,10139.2001953125,10214.75,182600.0,14.270000457763672,14.270000457763672,11.06999969482422,13.460000038146973,0.0,0.0095571970072434,2,48.93535385166868,10251.437853119449,27.22333776007872,89.49577781759702,93.0498046875,-0.0567624662671971,-0.0009975789727735,-0.0091377098082531,0.006740214824151325
10324.5498046875,10343.599609375,10268.0498046875,10283.599609375,203300.0,13.460000038146973,13.859999656677246,11.630000114440918,13.710000038146973,0.0,0.0067402148241513,1,53.78323150013892,10254.50087752474,27.130922594111325,92.30676578598296,75.5498046875,0.0185735512103621,0.0095223139928586,-0.0036961165136726,0.0014732575363192169
10287.2001953125,10309.849609375,10261.5,10298.75,147200.0,13.710000038146973,15.609999656677246,11.119999885559082,13.43000030517578,0.0,0.0014732575363192,1,54.8001252735223,10258.71507966524,27.95791141599693,89.16696889948416,48.349609375,-0.0204230293356757,0.0178591921171198,0.0072176199666313,0.0027333793542905216
10329.25,10358.7001953125,10315.0498046875,10326.900390625,186100.0,13.43000030517578,13.93000030517578,11.010000228881836,13.720000267028809,0.0,0.0027333793542905,1,56.70622973886486,10265.208918804265,30.53284366059961,87.08005650041386,43.650390625,0.0215934441744773,0.0109792594654789,0.0137730731186171,0.00149119420929833
10350.7998046875,10368.7001953125,10309.5498046875,10342.2998046875,157600.0,13.720000267028809,14.34000015258789,12.1899995803833,14.039999961853027,0.0,0.0014911942092983,1,57.755728067844366,10272.550907936002,33.4307313710633,85.08508036645573,59.150390625,0.0233235924632759,0.00570813698921,0.022163361945116,0.0006236712756650942
10358.4501953125,10374.2998046875,10307.2998046875,10348.75,153000.0,14.039999961853027,14.460000038146973,12.81999969482422,13.869999885559082,0.0,0.000623671275665,1,58.21266303149202,10279.80796432305,35.8347247147758,83.7932889117089,67.0,-0.0121082675752022,0.0048549581259862,0.0131182848332069,0.003957018510689636
10366.7998046875,10404.5,10362.25,10389.7001953125,129200.0,13.869999885559082,13.989999771118164,12.489999771118164,13.510000228881836,0.0,0.0039570185106896,1,61.090153378547086,10290.27389108395,40.57650459914112,81.79019684658684,42.25,-0.0259552746681752,0.006081186252606,0.0103174559461429,0.000948016707878141
10361.0498046875,10407.150390625,10340.2001953125,10399.5498046875,141900.0,13.510000228881836,13.899999618530272,11.529999732971191,13.029999732971191,0.0,0.0009480167078781,1,61.77201816728167,10300.681120950956,44.61488782507695,80.73019673700921,66.9501953125,-0.035529273706783,0.0055355192830566,0.0097875766173078,-0.0028174108723719726
10387.900390625,10409.5498046875,10355.2001953125,10370.25,196000.0,13.029999732971191,13.359999656677246,12.039999961853027,13.149999618530272,0.0,-0.0028174108723719,1,58.48849851871641,10307.306728479436,44.93312516006881,78.84586906829426,54.349609375,0.0092095079062384,0.0020775455972943,0.0041977367588781,-0.0008630645657047298
10376.650390625,10392.9501953125,10345.900390625,10361.2998046875,152500.0,13.149999618530272,13.289999961853027,12.260000228881836,13.0600004196167,0.0,-0.0008630645657047,0,57.483322402139095,10312.448926213538,43.95642230460544,76.57472161252325,47.0498046875,-0.0068440457432981,-0.0027335139697114,0.0018371155699226,-0.013005125084696312
10332.7001953125,10332.7001953125,10211.25,10226.5498046875,342500.0,13.0600004196167,13.90999984741211,11.970000267028809,13.550000190734863,0.0,-0.0130051250846963,0,44.95640513145571,10304.268057496773,31.940983630902338,81.82294183216445,121.4501953125,0.0375191236887069,-0.0166353354951982,-0.0118082082679067,-0.010242946252702612
10263.7001953125,10272.7001953125,10108.5498046875,10121.7998046875,143400.0,13.550000190734863,15.020000457763672,12.619999885559082,14.800000190734863,0.0,-0.0102429462527026,1,38.020135738051,10286.890128657797,13.807053232632825,87.70347388879556,164.150390625,0.0922509212106665,-0.0239579754887779,-0.0257851897156635,0.0005878594150563465
10175.0498046875,10179.2001953125,10095.7001953125,10127.75,148600.0,14.800000190734863,15.260000228881836,14.140000343322754,14.859999656677246,0.0,0.0005878594150563,1,38.59965392248828,10271.73392592848,-0.0831279745034407,87.40322575388159,83.5,0.0040540179168337,-0.0225405894134865,-0.0261357279682422,-0.0009380168349337747
10118.25,10147.9501953125,10069.099609375,10118.25,155500.0,14.859999656677246,15.34000015258789,13.550000190734863,15.010000228881836,0.0,-0.0009380168349337,0,37.98892218892641,10257.116409173386,-11.72263600887527,86.79232290985432,78.8505859375,0.0100942513909942,-0.0105900628027899,-0.0243002820568453,-0.007328380957675518
10088.7998046875,10104.2001953125,10033.349609375,10044.099609375,166100.0,15.010000228881836,15.260000228881836,13.550000190734863,15.09000015258789,0.0,-0.0073283809576755,2,33.529589869663965,10236.829094906872,-26.6234482678974,86.65718488950758,70.8505859375,0.0053297749824228,-0.0076765196715821,-0.0306139385300864,0.012206229598028528
10063.4501953125,10182.650390625,10061.900390625,10166.7001953125,166200.0,15.09000015258789,15.09000015258789,13.920000076293944,14.270000457763672,0.0,0.0122062295980285,2,45.02100357476176,10230.15015208836,-28.214368985587495,90.36387034382848,120.75,-0.0543406021558979,0.0038458883081138,-0.0058523754851872,0.009732773998600175
10198.4501953125,10270.849609375,10195.25,10265.650390625,200000.0,14.270000457763672,14.270000457763672,12.90999984741211,13.670000076293944,0.0,0.0097327739986001,2,52.20313441275528,10233.531127187089,-21.245822696906544,91.34855203801928,75.599609375,-0.0420462762594582,0.0145677751216861,0.0142119572322385,0.0055134947345070184
10310.5,10329.2001953125,10282.0498046875,10322.25,147400.0,13.670000076293944,14.489999771118164,12.15999984741211,14.149999618530272,0.0,0.005513494734507,0,55.7629243839372,10241.980543645464,-11.02894924199245,89.36292722726792,47.150390625,0.0351133532960783,0.0276929143917867,0.0192046604625903,-0.007953654423696332
10324.900390625,10326.099609375,10230.2001953125,10240.150390625,175100.0,14.149999618530272,15.369999885559082,12.15999984741211,15.260000228881836,0.0,-0.0079536544236963,1,49.95146115168799,10241.8062433578,-9.447846864299208,89.82981914407021,95.8994140625,0.0784452749311703,0.0072245855490422,0.0120475764707335,-0.004609326378225087
10236.599609375,10296.5498046875,10169.849609375,10192.9501953125,181600.0,15.260000228881836,16.309999465942383,12.699999809265137,15.949999809265137,0.0,-0.004609326378225,2,46.92371323907072,10237.153286401106,-11.866681415374842,92.4634174418152,126.7001953125,0.0452162234622626,-0.0070818888766066,0.0148197042767841,0.005802972930222028
10229.2998046875,10276.099609375,10141.5498046875,10252.099609375,154300.0,15.949999809265137,17.389999389648438,12.800000190734863,16.40999984741211,0.0,0.005802972930222,2,50.93714316054655,10238.576745731953,-8.908075096669563,95.46958795936412,134.5498046875,0.0288401281283881,-0.0067960367773498,0.0083999146647282,0.007915489872025061
10345.650390625,10373.099609375,10319.650390625,10333.25,255100.0,16.40999984741211,16.40999984741211,13.399999618530272,14.9399995803833,0.0,0.007915489872025,2,55.867706082033,10247.593246138433,-0.0150267333337978,97.29318881940956,53.44921875,-0.0895795417853481,0.0090916252031059,0.0065850293749274,0.005371011056540809
10263.099609375,10443.5498046875,10074.7998046875,10388.75,230400.0,14.9399995803833,18.26000022888184,12.81999969482422,13.119999885559082,0.0,0.0053710110565408,2,58.909124157785406,10261.0367465062,11.379982972792275,116.68296104659456,368.75,-0.1218205987913103,0.019209335956291,0.0064423938579283,0.007166424768379365
10414.7998046875,10472.2001953125,10406.0,10463.2001953125,169100.0,13.119999885559082,13.119999885559082,12.079999923706056,12.1899995803833,0.0,0.0071664247683793,1,62.62965001877756,10280.290408297278,26.117057633884546,114.3091920655878,66.2001953125,-0.070884170220109,0.0205909612646038,0.0217818875874815,-0.001815888030940238
10494.400390625,10494.4501953125,10437.150390625,10444.2001953125,175200.0,12.1899995803833,12.420000076293944,11.199999809265137,12.1899995803833,0.0,-0.0018158880309402,1,61.1089751367498,10295.90086420349,35.849898948030386,110.23709296715298,57.2998046875,0.0,0.0107372022657441,0.0246493895472523,-0.00037345038892977467
10473.9501953125,10473.9501953125,10426.900390625,10440.2998046875,151900.0,12.1899995803833,12.239999771118164,10.15999984741211,12.09000015258789,0.0,-0.0003734503889297,2,60.78270629088853,10309.653144249583,42.75565629303856,105.72371523289203,47.0498046875,-0.0082033987889822,0.0049620796233906,0.0183572343698652,0.0050477664720738336
10457.2998046875,10501.099609375,10448.25,10493.0,138800.0,12.09000015258789,12.130000114440918,10.729999542236328,11.59000015258789,0.0,0.0050477664720738,1,63.609822041279365,10327.114749559149,51.88291017752636,102.51486447964976,52.849609375,-0.0413564924474358,0.0028480583503363,0.0154598020951781,0.003669112741827796
10512.2998046875,10545.4501953125,10477.9501953125,10531.5,155600.0,11.59000015258789,12.260000228881836,10.31999969482422,12.050000190734863,0.0,0.0036691127418277,1,65.56292617476238,10346.580011505896,61.51385940124237,100.01380273110335,67.5,0.0396893901717732,0.0083586874107106,0.0137408254121045,-0.003869344347908643
10531.0498046875,10552.400390625,10469.25,10490.75,165200.0,12.050000190734863,12.739999771118164,11.510000228881836,12.489999771118164,0.0,-0.0038693443479086,1,61.7831766513851,10360.310486600572,65.10774999644673,98.80927329495312,83.150390625,0.0365144874206402,0.004832255419509,0.0026330189782513,-0.0012248513571480046
10498.2001953125,10534.5498046875,10460.4501953125,10477.900390625,272900.0,12.489999771118164,12.6899995803833,11.329999923706056,12.300000190734863,0.0,-0.001224851357148,2,60.59685683233802,10371.50952507909,66.15646752121938,97.04429730067076,74.099609375,-0.0152121364183412,-0.0014390173806346,0.0032266899027486,0.005039158869532878
10492.349609375,10538.7001953125,10488.650390625,10530.7001953125,152000.0,12.300000190734863,12.760000228881836,11.479999542236328,12.670000076293944,0.0,0.0050391588695328,1,63.68268905742239,10386.670541291796,70.43614267927478,94.45540497115856,50.0498046875,0.0300812910424008,-7.594404287136758e-05,0.0086587925937158,0.0
10492.349609375,10538.7001953125,10488.650390625,10530.7001953125,152000.0,12.670000076293944,13.609999656677246,12.550000190734863,13.350000381469728,0.0,0.0,0,63.6826890574224,10400.387651198527,72.98647344208985,91.28357637946866,50.0498046875,0.0536701105825632,0.0038081352918046,0.003592890051701,-0.008403999578242116
10477.5498046875,10495.2001953125,10404.650390625,10442.2001953125,153400.0,13.350000381469728,13.84000015258789,12.609999656677246,13.6899995803833,0.0,-0.0084039995782421,1,55.268715613873376,10404.369798257005,67.09301209168007,93.76687840147088,90.5498046875,0.025468104059795,-0.0034071897977234,-0.0084793053874091,9.576525840304662e-05
10482.650390625,10503.599609375,10429.5498046875,10443.2001953125,167300.0,13.6899995803833,13.720000267028809,12.770000457763672,13.619999885559082,0.0,9.576525840304662e-05,2,55.34051733323348,10408.067931309906,61.79080719216472,92.35851599333012,74.0498046875,-0.0051131991942879,-0.0083090391310303,-0.0045325457843814,0.0058985376343401175
10469.400390625,10513.0,10441.4501953125,10504.7998046875,174900.0,13.619999885559082,13.789999961853027,12.18000030517578,13.420000076293944,0.0,0.0058985376343401,2,59.638399428975205,10417.2804906792,61.8464182644293,90.8721794714851,71.5498046875,-0.0146842739313963,-0.0024595126767096,0.0025672523177036,0.005145248428569005
10534.25,10566.099609375,10520.099609375,10558.849609375,180900.0,13.420000076293944,13.420000076293944,12.420000076293944,13.109999656677246,0.0,0.005145248428569,2,63.00282004487456,10430.763263888326,65.49685103669617,88.75986698691473,46.0,-0.0230998821053888,0.0111709612802544,0.0026730809481243,0.006132296831134809
10591.7001953125,10631.2001953125,10588.5498046875,10623.599609375,169000.0,13.109999656677246,13.859999656677246,11.8100004196167,13.739999771118164,0.0,0.0061322968311348,1,66.59519136605908,10449.128630125151,72.77571601739692,87.58777548338512,42.650390625,0.0480549298962065,0.0172743422215992,0.0088217699050867,0.0012613794869653638
10645.099609375,10659.150390625,10603.599609375,10637.0,205000.0,13.739999771118164,14.130000114440918,12.25,13.850000381469728,0.0,0.0012613794869653,1,67.30278789233577,10467.021141541803,78.7181546017946,85.29941875242903,55.55078125,0.0080058669711762,0.0125847420008431,0.0186550536327532,-0.0004512366915013777
10652.0498046875,10655.5,10592.7001953125,10632.2001953125,176400.0,13.850000381469728,14.229999542236328,12.520000457763672,14.039999961853027,0.0,-0.0004512366915013,1,66.75732349315425,10482.752479996156,82.09394793812316,83.69230346207696,62.7998046875,0.0137183808772674,0.0069468349916048,0.0180979006880317,0.0017870242895141608
10637.0498046875,10664.599609375,10612.349609375,10651.2001953125,153800.0,14.039999961853027,14.279999732971191,12.989999771118164,14.010000228881836,0.0,0.0017870242895141,1,67.86750138030095,10498.795119550095,85.31892621657971,81.44642464335719,52.25,-0.0021367331234117,0.0025980446319855,0.0139365236222466,0.00282125996474325
10682.5498046875,10690.400390625,10597.099609375,10681.25,175200.0,14.010000228881836,14.550000190734863,11.920000076293944,13.729999542236328,0.0,0.0028212599647432,2,69.59687017931113,10516.171774831038,89.27045856119184,82.29316440097453,93.30078125,-0.019985773167104,0.0041600075209176,0.0115922089198357,0.005645388385020489
10718.5,10782.650390625,10713.7998046875,10741.5498046875,175900.0,13.729999542236328,14.479999542236328,11.8100004196167,14.3100004196167,0.0,0.0056453883850204,1,72.76451951457886,10537.636349103082,96.15930212750028,83.6579662741192,68.8505859375,0.0422433282387351,0.0102847583158949,0.0111026581996194,-0.003826227138756466
10761.5,10762.349609375,10687.849609375,10700.4501953125,211000.0,14.3100004196167,14.59000015258789,12.350000381469728,14.09000015258789,0.0,-0.0038262271387564,2,67.59511422556446,10553.142429694455,97.1821104173141,83.00382582596784,74.5,-0.0153738826399489,0.0046238920588193,0.0059650460949984,0.008233261943837888
10702.4501953125,10803.0,10666.75,10788.5498046875,252700.0,14.09000015258789,14.449999809265137,10.350000381469728,13.859999656677246,0.0,0.0082332619438378,1,72.16073335846349,10575.562179693792,103.9038565726696,86.80712398125584,136.25,-0.0163236688019765,0.0100456224400233,0.014705292084693,0.002637073177355065
10873.400390625,10887.5,10782.400390625,10817.0,312000.0,13.859999656677246,14.220000267028809,11.65999984741211,13.960000038146973,0.0,0.002637073177355,2,73.46110638067515,10598.556257818193,110.25562362446908,88.11373008080899,105.099609375,0.0072150349167974,0.0070241442514724,0.0155663025431131,0.007183155709762357
10829.2001953125,10906.849609375,10793.900390625,10894.7001953125,207600.0,13.960000038146973,14.199999809265137,10.75,13.979999542236328,0.0,0.0071831557097623,2,76.66669611832447,10626.76044234146,120.17391112731092,89.88769355717977,112.94921875,0.0014326292288471,0.0181534418136064,0.0199836344353423,0.006562824007838586
10883.2001953125,10975.099609375,10881.400390625,10966.2001953125,231600.0,13.979999542236328,15.59000015258789,12.06999969482422,15.390000343322754,0.0,0.0065628240078385,2,79.16110901329526,10659.088037862512,132.2788496423309,90.15994535666694,93.69921875,0.1008584297035586,0.0164665681524511,0.020914150630942,0.010714741469905364
10997.400390625,11092.900390625,10994.5498046875,11083.7001953125,284600.0,15.390000343322754,16.299999237060547,14.109999656677246,16.229999542236328,0.0,0.0107147414699053,1,82.47646606999444,10699.527290952989,149.62854392455847,92.769963210655,98.3505859375,0.0545808434161616,0.0246556527052324,0.035816250064683,0.00020749430668232094
11069.349609375,11110.099609375,11046.150390625,11086.0,283400.0,16.229999542236328,18.5,14.640000343322754,18.040000915527344,0.0,0.0002074943066823,1,82.53503418095704,10736.33421562413,161.69990085664904,90.71133860632251,63.94921875,0.1115219608343633,0.0175589783342369,0.027570915525946,-0.001474797886974577
11095.599609375,11095.599609375,11009.2001953125,11069.650390625,330300.0,18.040000915527344,18.239999771118164,17.040000915527344,17.510000228881836,0.0,-0.0014747978869745,2,80.47579909120053,10768.07861324326,168.01054043043223,90.40334399604949,86.3994140625,-0.0293791939993377,0.0094335497683801,0.0233567893708976,0.005487978197707966
11079.349609375,11171.5498046875,11075.9501953125,11130.400390625,241700.0,17.510000228881836,18.489999771118164,16.360000610351562,17.889999389648438,0.0,0.0054879781977079,0,82.2480946639441,10802.585449184378,175.8862775274938,91.2244918579388,95.599609375,0.0217018364248684,0.004213411991444,0.0216343902160713,-0.0072549052294663685
11120.849609375,11121.099609375,11033.900390625,11049.650390625,228000.0,17.889999389648438,18.010000228881836,16.149999618530273,16.420000076293945,0.0,-0.0072549052294663,1,72.7897710332262,10826.115443607296,173.61072935536504,91.60131386808602,87.19921875,-0.0821687738125395,-0.0032788751014793,0.0076097639862684,-0.001986505865481769
11018.7998046875,11058.5,10979.2998046875,11027.7001953125,245900.0,16.420000076293945,16.420000076293945,14.289999961853027,15.93000030517578,0.0,-0.0019865058654817,1,70.41916314634945,10845.313991388744,168.09840988668293,90.71551968554417,79.2001953125,-0.0298416424385765,-0.0037896585557957,-0.0050524643407157,-0.000979334267002474
11044.5498046875,11117.349609375,10878.7998046875,11016.900390625,306200.0,15.93000030517578,16.770000457763672,13.899999618530272,14.109999656677246,0.0,-0.0009793342670024,0,69.2245921306527,10861.65555322077,161.00246679641168,101.27511147139816,238.5498046875,-0.1142498815839446,-0.0101972971336772,-0.0062330515402309,-0.023264327729431322
10938.2001953125,10954.9501953125,10736.099609375,10760.599609375,282700.0,14.109999656677246,15.489999771118164,11.5,15.25,0.0,-0.0232643277294313,0,48.28890623156601,10852.03117761641,133.16253491034513,114.09837359844114,218.8505859375,0.0807937895861872,-0.0261592693914771,-0.0279187481396646,-0.00874020111347329
10604.2998046875,10702.75,10586.7998046875,10666.5498046875,240100.0,15.25,18.34000015258789,15.079999923706056,16.049999237060547,0.0,-0.0087402011134732,0,43.13380486940214,10834.366284956512,102.330552176556,118.36276153337391,115.9501953125,0.0524589663646259,-0.0327493842078253,-0.0416742048496472,-0.015778279553294694
10295.150390625,10594.150390625,10276.2998046875,10498.25,266500.0,16.049999237060547,23.15999984741211,16.049999237060547,20.020000457763672,0.0,-0.0157782795532946,1,35.773979754095095,10802.355210198752,63.58265476416818,137.78327856670435,317.8505859375,0.247352112736312,-0.0470777053649639,-0.0499020666837415,-0.0020527044686019513
10607.2001953125,10614.0,10446.400390625,10476.7001953125,250400.0,20.020000457763672,20.020000457763672,16.799999237060547,19.46999931335449,0.0,-0.0020527044686019,2,34.95162074524072,10771.340446876253,30.78095408407171,139.91301648158262,167.599609375,-0.0274725840076537,-0.026383233682922,-0.0499650870300419,0.009559251691416026
10518.5,10637.7998046875,10479.5498046875,10576.849609375,232200.0,19.46999931335449,24.040000915527344,15.260000228881836,17.770000457763672,0.0,0.009559251691416,0,41.66322543236464,10752.81750997137,12.719962888595546,141.42634454539814,158.25,-0.0873137604285784,-0.0084094854432762,-0.0399432477055404,-0.011525115565078292
10416.5,10480.2001953125,10398.2001953125,10454.9501953125,191600.0,17.770000457763672,20.420000076293945,15.149999618530272,19.229999542236328,0.0,-0.0115251155650782,2,36.69969959828641,10724.449194289571,-11.299512963427333,144.08513522519112,82.0,0.0821608917761611,-0.0041244783356749,-0.0284044965111617,0.008110971654893273
10518.2001953125,10555.5,10485.400390625,10539.75,217400.0,19.229999542236328,19.229999542236328,16.56999969482422,17.8799991607666,0.0,0.0081109716548932,1,41.88642118776871,10706.858794833424,-23.224764462580424,140.97546875821317,70.099609375,-0.0702028296206984,0.00601809763686,-0.0118876119278772,-0.0036860086221209842
10585.75,10590.5498046875,10456.650390625,10500.900390625,229200.0,17.8799991607666,17.8799991607666,15.520000457763672,17.18000030517578,0.0,-0.0036860086221209,1,40.25890393746176,10687.243708718335,-35.40235468171886,140.47003627994795,133.8994140625,-0.0391498259757641,-0.0071807032864191,0.000252460231467,0.004247217640005241
10537.900390625,10618.099609375,10511.0498046875,10545.5,210600.0,17.18000030517578,17.18000030517578,14.09000015258789,16.31999969482422,0.0,0.0042472176400052,0,42.99718323827281,10673.74430788802,-40.98195248523916,138.8078350278088,107.0498046875,-0.050058241855355,0.0086609503628336,0.0065669345695587,-0.00883791146104973
10596.2001953125,10612.900390625,10434.0498046875,10452.2998046875,184300.0,16.31999969482422,16.969999313354492,12.56999969482422,16.3799991607666,0.0,-0.0088379114610497,0,38.97668473826835,10652.654355202256,-52.32117486352399,141.6680315213582,178.8505859375,0.0036764379328642,-0.0082971792796319,-0.0117756996920049,-0.0070701582851038225
10488.900390625,10489.349609375,10302.75,10378.400390625,187300.0,16.3799991607666,18.040000915527344,13.960000038146973,16.670000076293945,0.0,-0.0070701582851038,1,36.094696838551656,10626.534930004424,-66.50403824906061,144.87742993947546,186.599609375,0.0177045745046162,-0.0116656663184202,-0.0073218717695873,-0.001734371321447492
10391.0,10429.349609375,10347.650390625,10360.400390625,187700.0,16.670000076293945,17.540000915527344,16.329999923706055,16.8700008392334,0.0,-0.0017343713214474,1,35.4079382654064,10601.18878339686,-78.29398491010579,140.36470056879864,81.69921875,0.0119976461922077,-0.0175524735076573,-0.0170164955881306,0.003576097765586983
10426.0,10426.099609375,10349.599609375,10397.4501953125,234100.0,16.8700008392334,16.8700008392334,15.729999542236328,15.920000076293944,0.0,0.0035760977655869,1,38.02188743850587,10581.785108341206,-83.68334348815915,135.80293624245587,76.5,-0.0563130240474026,-0.0052476115687384,-0.0098515547680899,-0.0014186170381128571
10354.349609375,10397.5498046875,10340.650390625,10382.7001953125,313600.0,15.920000076293944,16.459999084472656,14.5,14.829999923706056,0.0,-0.0014186170381128,2,37.37344430431283,10562.82464043371,-88.12875726312086,130.16697037245902,56.8994140625,-0.0684673459399652,0.000414303218768,-0.0154378459710302,0.010435590678416817
10408.099609375,10499.099609375,10396.650390625,10491.0498046875,210600.0,14.829999923706056,14.829999923706056,13.539999961853027,14.199999809265137,0.0,0.0104355906784168,2,44.81825512465708,10555.988941791216,-81.96404129891198,129.18357349317623,102.44921875,-0.0424814644424812,0.012610459937506,0.0037073180758384,0.008726467454819975
10526.5498046875,10592.9501953125,10520.2001953125,10582.599609375,171900.0,14.199999809265137,14.329999923706056,13.529999732971191,13.699999809265137,0.0,0.0087264674548199,1,50.20465554801561,10558.523291084908,-68.89695415759161,127.23477471687792,72.75,-0.0352112680785926,0.0178071941278421,0.0196754038256663,-0.0026741826897078713
10615.2001953125,10631.650390625,10537.25,10554.2998046875,187500.0,13.699999809265137,14.420000076293944,12.449999809265137,13.920000076293944,0.0,-0.0026741826897078,0,48.624608482756926,10558.121054285157,-60.13159162413467,124.88946156745808,94.400390625,0.016058413875307,0.0165274549150973,0.0187154363491546,-0.005822290104475547
10488.9501953125,10535.5,10461.5498046875,10492.849609375,286000.0,13.920000076293944,14.399999618530272,12.529999732971191,13.8100004196167,0.0,-0.0058222901044755,1,45.29137275193322,10551.904726198472,-57.480891924855314,122.59378574121106,73.9501953125,-0.0079022741432722,0.0001715562046704,0.0091752701162741,-0.0032879533476946055
10479.9501953125,10525.5,10447.150390625,10458.349609375,176000.0,13.8100004196167,14.25,12.40999984741211,14.06999969482422,0.0,-0.0032879533476946,0,43.48889945538984,10542.994715072427,-57.50121675390983,119.43348742933884,78.349609375,0.0188268839469547,-0.0117409714612966,0.0072861021352281,-0.009513929416818057
10428.2998046875,10428.7001953125,10323.900390625,10358.849609375,194000.0,14.06999969482422,15.989999771118164,12.229999542236328,15.399999618530272,0.0,-0.009513929416818,0,38.70473477823148,10525.457085958386,-64.79917818118702,120.50603966652892,104.7998046875,0.0945273598119058,-0.0185185373667038,-0.0126012360796754,-0.010580287725753812
10420.5,10441.349609375,10215.900390625,10249.25,222900.0,15.399999618530272,16.450000762939453,13.15999984741211,16.25,0.0,-0.0105802877257538,0,34.236939661019164,10499.151649200445,-78.52149083724726,128.001981029634,225.44921875,0.0551948313327845,-0.0232157724968584,-0.0314997847107141,-0.00927383024977435
10232.9501953125,10243.349609375,10141.5498046875,10154.2001953125,249500.0,16.25,16.459999084472656,13.449999809265137,15.699999809265137,0.0,-0.0092738302497743,2,30.905085326578305,10466.299129782545,-95.96007929399092,126.55185347841017,101.7998046875,-0.0338461655836839,-0.0290819704277103,-0.037908683359298,0.008710700361544088
10216.25,10270.349609375,10146.400390625,10242.650390625,226400.0,15.699999809265137,15.699999809265137,12.489999771118164,14.59000015258789,0.0,0.008710700361544,1,37.04488680028862,10444.999249862778,-101.47337285432876,126.36595099780943,123.94921875,-0.0707006159339056,-0.0112173864021384,-0.023844735039989,-0.001542645765246653
10271.2998046875,10296.7001953125,10211.900390625,10226.849609375,186500.0,14.59000015258789,14.760000228881836,12.90999984741211,14.529999732971191,0.0,-0.0015426457652466,2,36.422243407278806,10424.223093625847,-105.89697431494278,123.39694054707306,84.7998046875,-0.0041124344749274,-0.0021855638827231,-0.0221354237185262,0.019023530088059015
10301.599609375,10433.650390625,10295.4501953125,10421.400390625,216400.0,14.529999732971191,14.65999984741211,12.010000228881836,14.489999771118164,0.0,0.019023530088059,1,48.00936001137192,10423.954264768625,-92.63623536739216,129.35435774013928,138.2001953125,-0.0027529224079928,0.0263142532324551,0.0060383907102377,0.0005228873803659884
10389.5,10478.599609375,10377.849609375,10426.849609375,266700.0,14.489999771118164,14.619999885559082,12.390000343322754,14.460000038146973,0.0,0.0005228873803659,1,48.29360992593316,10424.230011873991,-80.75638842424269,127.31118933012932,100.75,-0.0020703749789553,0.0179835503239078,0.0173280590652975,-0.001529629691374823
10393.0498046875,10420.349609375,10336.2998046875,10410.900390625,181400.0,14.460000038146973,14.949999809265137,11.739999771118164,14.359999656677246,0.0,-0.0015296296913748,1,47.47545755356654,10422.960524135991,-71.80081766052899,124.68537614137009,84.0498046875,-0.0069156556850563,0.0179968209448664,0.0252801983784995,-0.004874698450260895
10405.4501953125,10420.0,10346.2001953125,10360.150390625,173900.0,14.359999656677246,14.65999984741211,11.300000190734863,14.329999923706056,0.0,-0.0048746984502608,0,44.870578813377016,10416.978606658757,-68.01453495208625,121.05069246609364,73.7998046875,-0.0020891179448769,-0.0058773291212474,0.0114716402023784,-0.01592640973139836
10345.150390625,10346.2998046875,10180.25,10195.150390625,328500.0,14.329999923706056,15.619999885559082,11.630000114440918,15.220000267028809,0.0,-0.0159264097313983,0,37.63961615048327,10395.852109893638,-77.43537288761217,125.25424233458696,166.0498046875,0.0621074911417431,-0.0222214021905211,-0.0030996074021604,-0.009896900659531527
10215.349609375,10224.5498046875,10075.2998046875,10094.25,210200.0,15.220000267028809,16.010000228881836,13.140000343322754,15.81999969482422,0.0,-0.0098969006595315,1,34.028279125123646,10367.128099427578,-91.9829508882358,126.96822502497362,149.25,0.0394217751162062,-0.0304152742552549,-0.031392171719964,0.002981856935879268
10051.5498046875,10155.650390625,10049.099609375,10124.349609375,203000.0,15.81999969482422,16.1299991607666,15.170000076293944,15.609999656677246,0.0,0.0029818569358792,1,36.00092543338346,10344.006338470192,-99.93127876321704,125.50983618390408,106.55078125,-0.0132743389505676,-0.0227603627707353,-0.0290116393093476,0.003052086486265315
10181.9501953125,10227.2998046875,10132.9501953125,10155.25,204800.0,15.609999656677246,15.609999656677246,12.390000343322754,15.109999656677246,0.0,0.0030520864862653,1,38.04891674291638,10326.029544330171,-102.55479475486209,123.89843326451808,94.349609375,-0.0320307502240156,-0.0039136637613202,-0.0245560307977985,-0.003988084980675044
10167.5,10207.849609375,10105.400390625,10114.75,230500.0,15.109999656677246,15.359999656677246,11.989999771118164,15.25,0.0,-0.003988084980675,0,36.40459660573569,10305.907682965391,-106.67230962290525,122.36634651348108,102.44921875,0.0092654100929039,0.0020308591524877,-0.0236869525414481,-0.011537625281148767
9968.7998046875,10027.7001953125,9951.900390625,9998.0498046875,285700.0,15.25,16.3799991607666,15.25,15.550000190734863,0.0,-0.0115376252811487,2,32.09984359956238,10276.587885034163,-117.99206124390366,125.25800814644673,75.7998046875,0.0196721436547451,-0.0124748561201945,-0.0193327786629557,0.013262645068574441
9989.150390625,10143.5,9958.5498046875,10130.650390625,262600.0,15.550000190734863,16.3799991607666,14.859999656677246,15.199999809265137,0.0,0.0132626450685744,2,40.68270149788784,10262.689076042816,-114.9383491201097,129.5217358011648,184.9501953125,-0.0225080628409424,-0.0024223538933064,0.0036060520221907,0.005281003483202706
10188.0,10207.900390625,10139.650390625,10184.150390625,225700.0,15.199999809265137,16.110000610351562,14.5,15.550000190734863,0.0,0.0052810034832027,0,43.77096804143627,10255.20920124112,-106.96819461719316,125.78804038679588,68.25,0.0230263411751088,0.0068613055809585,0.0059066294189036,-0.006917631084606968
10143.599609375,10158.349609375,10096.900390625,10113.7001953125,344400.0,15.550000190734863,15.970000267028809,14.81999969482422,15.760000228881836,0.0,-0.0069176310846069,2,40.76145523197997,10241.73215305744,-105.12471940915566,123.03532321631045,61.44921875,0.013504825438658,0.0115672949109313,-0.0040914605438073,0.009699675438319622
10151.650390625,10220.099609375,10127.75,10211.7998046875,225400.0,15.760000228881836,16.450000762939453,15.199999809265137,15.350000381469728,0.0,0.0096996754383196,1,46.29836346104568,10238.881453212683,-94.65678886116076,121.84704399103828,92.349609375,-0.0260152183666052,0.0080102866976434,0.0095948792295903,0.0032511600254110373
10186.849609375,10255.349609375,10171.0498046875,10245.0,205300.0,15.350000381469728,15.779999732971191,14.880000114440918,15.1899995803833,0.0,0.003251160025411,0,48.06749553087725,10239.464171954334,-82.72826030020951,119.16509832649984,84.2998046875,-0.0104235046977312,0.0059749323253333,0.0246998364817825,-0.011381123413860439
10274.599609375,10279.849609375,10111.2998046875,10128.400390625,231100.0,15.1899995803833,16.489999771118164,13.68000030517578,16.34000015258789,0.0,-0.0113811234138604,2,42.74190524508486,10228.886668970588,-81.7411681835074,122.69257735228555,168.5498046875,0.0757077421970258,0.0014534932842198,-0.0002220982773309,0.019425574859986305
10228.4501953125,10331.7998046875,10227.4501953125,10325.150390625,236800.0,16.34000015258789,16.34000015258789,13.859999656677246,14.800000190734863,0.0,0.0194255748599863,1,52.337932328556434,10238.054642461484,-64.34112543471383,128.45735140301517,104.349609375,-0.0942472428073463,0.0110999616233633,0.0138450429924716,0.0006246125727966678
10322.75,10350.4501953125,10290.849609375,10331.599609375,200200.0,14.800000190734863,15.15999984741211,13.010000228881836,14.75,0.0,0.0006246125727966,1,52.61824502235067,10246.963686929435,-49.46091351831092,123.53901101262124,59.6005859375,-0.0033783912223301,0.008452865727184,0.021544974623975,0.004621743176794313
10333.7001953125,10397.7001953125,10328.5,10379.349609375,221600.0,14.75,15.140000343322754,14.460000038146973,14.869999885559082,0.0,0.0046217431767943,1,54.740654174783096,10259.571870019492,-33.42985388559282,119.65766703404115,69.2001953125,0.0081355854616327,0.0247767869625574,0.0164074705626906,0.002206341580816895
10412.900390625,10424.849609375,10381.5,10402.25,251700.0,14.869999885559082,14.869999885559082,14.010000228881836,14.5,0.0,0.0022063415808168,1,55.76405894229428,10273.160263350968,-18.662128096304517,114.36069081732394,43.349609375,-0.0248823058780521,0.0074671657514069,0.0153489507076622,0.0014324199692374862
10428.150390625,10428.150390625,10355.599609375,10417.150390625,250400.0,14.5,14.90999984741211,12.739999771118164,14.720000267028809,0.0,0.0014324199692374,1,56.45402328383734,10286.873608805638,-5.690663589355609,111.37426870537224,72.55078125,0.0151724322088833,0.0082804971625469,0.0285089440448336,0.003983815001590951
10410.650390625,10469.900390625,10395.25,10458.650390625,238600.0,14.720000267028809,14.989999771118164,11.8100004196167,14.5600004196167,0.0,0.0039838150015909,1,58.40018061591773,10303.233302312245,7.847556905711826,108.75113455677425,74.650390625,-0.0108695546541864,0.0076402457027147,0.0129295937540256,0.002098666456015641
10495.2998046875,10519.900390625,10451.4501953125,10480.599609375,213100.0,14.5600004196167,14.5600004196167,13.449999809265137,14.140000343322754,0.0,0.0020986664560156,1,59.43284712602139,10320.125331556315,20.115928796085427,105.87249603932608,68.4501953125,-0.0288461582547813,0.0075319867696892,0.0144217745202588,0.004556037037927396
10398.2998046875,10540.150390625,10396.349609375,10528.349609375,195000.0,14.140000343322754,14.859999656677246,13.40999984741211,14.260000228881836,0.0,0.0045560370379273,1,61.662471736731696,10339.956215158096,33.30777653018049,108.58165926865992,143.80078125,0.0084865546425356,0.0106746292969019,0.0143554274215234,0.001932932196645476
10557.2998046875,10560.4501953125,10495.650390625,10548.7001953125,206100.0,14.260000228881836,14.399999618530272,13.350000381469728,14.039999961853027,0.0,0.0019329321966454,1,62.60577213207503,10359.83659422042,44.887102533046345,105.45438394143422,64.7998046875,-0.0154277884640721,0.0086100788652634,0.0140787036758873,-0.002132964212026689
10578.900390625,10594.2001953125,10509.7001953125,10526.2001953125,205400.0,14.039999961853027,14.369999885559082,13.170000076293944,14.109999656677246,0.0,-0.0021329642120266,1,60.82384451790035,10375.68074670538,51.65281831838911,103.95764223133176,84.5,0.0049857332631346,0.0043509520101034,0.0104682951285448,0.0037145036812440413
10563.650390625,10572.2001953125,10546.2001953125,10565.2998046875,262600.0,14.109999656677246,14.109999656677246,12.5,13.75,0.0,0.003714503681244,1,62.80507046042928,10393.73970460844,59.48401384601311,99.8178106433795,26.0,-0.0255137962747493,0.0035095904565705,0.0101972443937985,-0.00011831183431687542
10560.349609375,10582.349609375,10527.4501953125,10564.0498046875,244600.0,13.75,13.770000457763672,9.739999771118164,12.9399995803833,0.0,-0.0001183118343168,1,62.69590791218773,10409.959714139775,64.84197029818642,96.60935374474523,54.8994140625,-0.058909121426669,0.0014551185540205,0.0079623493333198,0.0019547797489403163
10592.7998046875,10638.349609375,10514.9501953125,10584.7001953125,194200.0,12.9399995803833,13.489999771118164,11.529999732971191,13.149999618530272,0.0,0.0019547797489403,1,63.814861663963,10426.601664727656,69.9481842031837,98.52292948172772,123.3994140625,0.0162287515422587,0.0055575610300524,0.0053522715362075,0.0028011576629851653
10578.099609375,10636.7998046875,10569.0,10614.349609375,219200.0,13.149999618530272,13.390000343322754,11.489999771118164,11.899999618530272,0.0,0.0028011576629851,1,65.4187314638693,10444.482421360735,75.5168442624763,96.32842056785432,67.7998046875,-0.0950570369780519,0.0046425378923689,0.0062234600327035,-0.00412647089076601
10612.400390625,10612.599609375,10536.4501953125,10570.5498046875,189200.0,11.899999618530272,13.31999969482422,11.899999618530272,12.399999618530272,0.0,-0.004126470890766,1,61.10960637770911,10456.488838820427,75.52516223400198,95.012062960329,76.1494140625,0.0420168080695915,0.000615294335049,0.0042132591582999,0.0044699661676110836
10586.5,10628.400390625,10559.650390625,10617.7998046875,335100.0,12.399999618530272,13.579999923706056,11.739999771118164,12.039999961853027,0.0,0.004469966167611,2,63.87412594628222,10471.851787950623,78.44022432298698,93.1362013203055,68.75,-0.0290322312703357,0.0031271182711116,0.0049690970413076,0.007016519558704637
10651.650390625,10719.7998046875,10647.5498046875,10692.2998046875,0.0,12.039999961853027,12.630000114440918,11.4399995803833,12.020000457763672,0.0,0.0070165195587046,1,67.76497581279705,10492.84683716366,85.7732191297655,93.76932979742654,72.25,-0.0016610883847775,0.0073438503706013,0.012140230533852,0.004400344691688707
10705.75,10759.0,10704.599609375,10739.349609375,173800.0,12.020000457763672,12.550000190734863,12.020000457763672,12.359999656677246,0.0,0.0044003446916887,1,69.96505912419495,10516.32329165998,94.29423117134684,91.83582019136036,54.400390625,0.0282861219605004,0.0159688765302108,0.014610656060999,-0.0019833421447520427
10783.849609375,10784.650390625,10689.7998046875,10718.0498046875,229700.0,12.359999656677246,13.199999809265137,12.359999656677246,12.84000015258789,0.0,-0.001983342144752,1,67.71196656609348,10535.535340519742,98.19652990496252,92.0511606017989,94.8505859375,0.0388349926572477,0.0094416924263105,0.0097698115408699,-0.003582686660562606
10720.150390625,10720.599609375,10647.4501953125,10679.650390625,185200.0,12.84000015258789,13.210000038146973,12.470000267028809,12.989999771118164,0.0,-0.0035826866605626,0,63.72760204308546,10549.26058338691,97.0716365669996,90.70103584899184,73.1494140625,0.0116822131423448,-0.0011830395979876,0.0103211836615271,-0.0057492884485150775
10700.4501953125,10700.4501953125,10601.599609375,10618.25,186500.0,12.989999771118164,13.460000038146973,10.989999771118164,13.25,0.0,-0.005749288448515,2,57.86438220790039,10555.831004016727,90.18604354219131,91.28314656959957,98.8505859375,0.0200154144313318,-0.0112762517079512,4.240005658240342e-05,0.00915875968262192
10653.150390625,10725.650390625,10635.650390625,10715.5,168400.0,13.25,13.960000038146973,12.829999923706056,13.760000228881836,0.0,0.0091587596826219,1,63.57986943470816,10571.037575062754,91.52142173024912,92.43437828784246,90.0,0.0384905833118367,-0.0002378981936046,0.0021698040399436,0.00021462411343375898
10757.900390625,10758.5498046875,10689.400390625,10717.7998046875,269800.0,13.760000228881836,14.4399995803833,11.09000015258789,14.0600004196167,0.0,0.0002146241134337,1,63.705251008849146,10585.01493026511,91.70813924034884,90.77116655746086,69.1494140625,0.0218023390802837,0.0035721594497128,-0.0020066210218808,0.0022299717349214543
10693.349609375,10766.25,10689.849609375,10741.7001953125,215400.0,14.0600004196167,14.5600004196167,12.119999885559082,14.270000457763672,0.0,0.0022299717349214,1,65.0517808951684,10599.9373364601,92.7159047554942,89.74468256228509,76.400390625,0.0149359908875947,0.0116262279860146,0.0022065945816613,-0.0023413789407356056
10779.650390625,10785.5498046875,10705.0,10716.5498046875,192100.0,14.270000457763672,14.649999618530272,12.5600004196167,14.43000030517578,0.0,-0.0023413789407356,2,62.427139035375454,10611.043285815089,90.4425741576124,89.08790557122902,80.5498046875,0.0112123225143319,9.79706674910652e-05,0.0034551144197465,0.00839357787271755
10741.9501953125,10812.0498046875,10724.4501953125,10806.5,203100.0,14.43000030517578,14.81999969482422,13.0,13.979999542236328,0.0,0.0083935778727175,1,67.48066574865152,10629.658210975558,94.80630423653383,89.54591231614123,87.599609375,-0.0311850833972641,0.0082759705283641,0.0177289101311421,9.217542682682378e-06
10815.150390625,10834.849609375,10774.75,10806.599609375,171400.0,13.979999542236328,14.5,12.109999656677246,14.25,0.0,9.217542682682378e-06,1,67.48588099801864,10646.509772727886,97.15271340250912,87.44260496320257,60.099609375,0.019313338097612,0.0060418195334497,0.0085016666861088,-0.0004395462191344457
10812.599609375,10929.2001953125,10781.400390625,10801.849609375,254300.0,14.25,14.25,11.489999771118164,13.170000076293944,0.0,-0.0004395462191344,0,66.93461364714435,10661.304042884754,97.5049973541718,91.75383351493812,147.7998046875,-0.0757894683302494,0.0079596331134661,0.007842076379402,-0.005624036826737067
10751.9501953125,10790.4501953125,10699.7001953125,10741.099609375,231100.0,13.170000076293944,13.649999618530272,10.859999656677246,13.4399995803833,0.0,-0.005624036826737,0,60.165465943987485,10668.90362064573,91.82368139203572,92.4963749826211,90.75,0.020501101178834,-0.0060519493476148,-5.591162726381605e-05,-0.005437005165795927
10775.599609375,10777.25,10664.5,10682.7001953125,214100.0,13.4399995803833,13.68000030517578,11.09000015258789,13.40999984741211,0.0,-0.0054370051657959,0,54.46336868850148,10670.217580137803,81.66744148062389,93.94306248386246,112.75,-0.002232123058618,-0.011465161895608,-0.0031586294088974,-0.008078463600931896
10671.849609375,10674.9501953125,10589.099609375,10596.400390625,223000.0,13.40999984741211,14.350000381469728,11.609999656677246,14.149999618530272,0.0,-0.0080784636009318,0,47.32550001003016,10663.187371612776,65.89527546122008,93.918599873408,85.8505859375,0.05518268303791,-0.0190198184736518,-0.01944196635127,-0.007521440524559053
10616.7001953125,10621.7001953125,10505.7998046875,10516.7001953125,0.0,14.149999618530272,14.539999961853027,11.760000228881836,14.40999984741211,0.0,-0.007521440524559,1,41.86814696622589,10649.23621196513,46.429371683640056,95.488727784236,115.900390625,0.0183745749746417,-0.0208916612100534,-0.0268261455537784,0.0019017372016476575
10518.4501953125,10558.599609375,10490.5498046875,10536.7001953125,241700.0,14.40999984741211,14.40999984741211,11.75,13.600000381469728,0.0,0.0019017372016476,0,43.62497353530801,10638.518496093451,32.24463941706017,93.52880470589773,68.0498046875,-0.0562109281415329,-0.0136669566056027,-0.0245466678069998,-0.010093348388598211
10521.099609375,10533.5498046875,10417.7998046875,10430.349609375,290900.0,13.600000381469728,14.9399995803833,11.880000114440918,14.15999984741211,0.0,-0.0100933483885982,2,37.18887936017753,10618.692887834552,12.279977487636645,95.34106084297646,115.75,0.0411764301643251,-0.0156704895180169,-0.0289309299141748,0.008005484296034426
10464.849609375,10535.150390625,10419.7998046875,10513.849609375,297600.0,14.15999984741211,14.220000267028809,10.899999618530272,13.149999618530272,0.0,0.0080054842960344,2,44.15516813386919,10608.707813695546,3.1591742382297525,96.77031263544244,115.3505859375,-0.0713277005484166,-0.0002710532661918,-0.0158059837728657,0.00868385840031305
10533.0498046875,10628.0498046875,10524.0,10605.150390625,260800.0,13.149999618530272,13.170000076293944,11.0,12.649999618530272,0.0,0.008683858400313,2,50.60594886553168,10608.369011498353,3.260496985980353,98.01530425523228,104.0498046875,-0.0380228147912207,0.0064963597752312,0.0008257521117964,0.007873532851907061
10648.349609375,10709.7998046875,10640.5498046875,10688.650390625,232600.0,12.649999618530272,13.149999618530272,11.350000381469728,13.0600004196167,0.0,0.007873532851907,0,55.65146120458143,10616.01485712946,9.963692905317656,98.48916924146567,69.25,0.0324111314980466,0.0247643454844346,0.0163502041628174,-0.005178444790938985
10689.400390625,10717.25,10616.099609375,10633.2998046875,225800.0,13.0600004196167,13.869999885559082,11.979999542236328,13.06999969482422,0.0,-0.0051784447909389,1,51.8691262330891,10617.66104261118,10.686506865276897,98.6792564831467,101.150390625,0.0007656412623464,0.0113612235052313,0.0091679185688489,-0.0017821556488181178
10579.0,10648.7001953125,10558.4501953125,10614.349609375,238700.0,13.06999969482422,13.850000381469728,12.18000030517578,13.40999984741211,0.0,-0.0017821556488181,2,50.60112481716195,10617.34566801726,9.619334052678823,98.07716673435051,90.25,0.0260137842790104,0.0008674293537724,0.0176408276703032,0.011475105468772284
10670.099609375,10763.7998046875,10620.400390625,10736.150390625,610300.0,13.40999984741211,14.229999542236328,12.130000114440918,13.220000267028809,0.0,0.0114751054687722,1,57.75029385714092,10628.66040350371,18.38990959491639,101.7466687756469,143.3994140625,-0.0141684998169456,0.004443966100871,0.0211436143286449,-0.0037210912532843476
10738.4501953125,10764.75,10681.5,10696.2001953125,220600.0,13.220000267028809,14.59000015258789,12.15999984741211,13.56999969482422,0.0,-0.0037210912532843,0,54.94166816859656,10635.092764628358,21.864961352708637,100.42547814881496,83.25,0.0264749940034663,0.0059154158897383,0.0085854326750507,-0.006329368754912523
10765.9501953125,10770.2998046875,10618.349609375,10628.5,203800.0,13.56999969482422,15.470000267028809,12.18000030517578,13.880000114440918,0.0,-0.0063293687549125,1,50.46281488932864,10634.4648822828,18.937821521460137,104.1058150890782,151.9501953125,0.0228445413845468,0.0013331377941896,-0.0056275009871926,-0.003325926459519235
10630.7001953125,10633.150390625,10550.900390625,10593.150390625,167700.0,13.880000114440918,14.489999771118164,13.130000114440918,13.31999969482422,0.0,-0.0033259264595192,2,48.25099066825331,10630.530168791582,13.608750859981228,102.54468543985833,82.25,-0.0403458512247466,-0.0133194855508795,-0.0037758188709021,0.0086376570355291
10603.4501953125,10698.349609375,10587.5,10684.650390625,189900.0,13.31999969482422,13.510000228881836,12.149999618530272,12.550000190734863,0.0,0.0086376570355291,2,53.88528839863023,10635.68447563286,16.577612867540665,103.13789429236844,110.849609375,-0.0578077719017182,-0.0010798044610796,0.006623183128235,0.007833594520176401
10722.599609375,10818.0,10722.599609375,10768.349609375,220900.0,12.550000190734863,13.649999618530272,11.609999656677246,12.779999732971191,0.0,0.0078335945201764,1,58.35226923301733,10648.319250274968,25.391586444771747,105.29587394112784,95.400390625,0.0183266564733701,0.0131579817824716,0.0029991400621693,-6.493276828523076e-05
10736.400390625,10779.4501953125,10709.0498046875,10767.650390625,209400.0,12.779999732971191,13.170000076293944,10.800000190734863,12.699999809265137,0.0,-6.493276828523076e-05,1,58.30146143441436,10659.684120784495,31.951980356338023,102.80333941854728,70.400390625,-0.0062597750686693,0.0164729087726758,0.0066799605474674,0.0017923877528847054
10781.849609375,10850.5498046875,10777.0498046875,10786.9501953125,211400.0,12.699999809265137,13.81999969482422,11.31999969482422,13.18000030517578,0.0,0.0017923877528847,2,59.35347321123587,10671.804699310973,38.26735054296478,101.3816304645439,73.5,0.037795315206262,0.0095744643902677,0.0149080486722021,0.005182133323169635
10816.150390625,10856.5498046875,10789.400390625,10842.849609375,198300.0,13.18000030517578,13.899999618530272,10.449999809265137,12.729999542236328,0.0,0.0051821333231696,1,62.31874275546073,10688.09469074564,47.23840750279487,99.11148610100506,67.1494140625,-0.0341426974597821,0.0069184232219894,0.0235717618972903,0.0012773935299743577
10887.5,10893.25,10842.650390625,10856.7001953125,213400.0,12.729999542236328,13.140000343322754,11.220000267028809,12.640000343322754,0.0,0.0012773935299743,1,63.03825595397375,10704.152357847244,54.8335739990689,95.64635204914757,50.599609375,-0.0070698509151527,0.0082701240713602,0.0161025207561738,-0.0044811397339686865
10832.900390625,10833.7001953125,10773.5498046875,10808.0498046875,184300.0,12.640000343322754,12.640000343322754,10.43000030517578,12.100000381469728,0.0,-0.0044811397339686,1,58.79174179937384,10714.047352784411,56.27837614430791,94.75378337599416,60.150390625,-0.0427215148089999,0.0019560310368511,0.0036867483646645,0.000892889170515776
10808.650390625,10834.0,10755.400390625,10817.7001953125,305400.0,12.100000381469728,12.510000228881836,10.5,12.06999969482422,0.0,0.0008928891705157,1,59.37633098426123,10723.9190520728,57.53882635189439,93.59991380449458,78.599609375,-0.0024793955123713,-0.0023194469137296,0.0046481639793094,-0.00165012762557748
10830.2001953125,10830.2001953125,10787.349609375,10799.849609375,196600.0,12.06999969482422,12.550000190734863,9.81999969482422,12.380000114440918,0.0,-0.0016501276255774,0,57.744521065024514,10731.150533720627,56.44666707961187,89.97496181399495,42.8505859375,0.0256835482563957,-0.0052364516763616,0.0011958351368031,-0.008277838793689818
10789.4501953125,10789.4501953125,10701.2001953125,10710.4501953125,224500.0,12.380000114440918,13.0,11.479999542236328,12.920000076293944,0.0,-0.0082778387936898,2,50.29022453312114,10729.179072919856,47.81614268660451,90.59456554603103,88.25,0.0436187364185185,-0.0090302701355678,-0.0122107581339157,0.005751355755517995
10734.650390625,10781.7998046875,10724.0498046875,10772.0498046875,193500.0,12.920000076293944,12.920000076293944,10.609999656677246,12.170000076293944,0.0,0.0057513557555179,1,54.635706957475925,10733.26199975487,45.42335147200902,89.21992581952883,57.75,-0.0580495352609266,-0.0042199718794925,-0.0077970644028236,-0.0028731945983977436
10808.4501953125,10809.599609375,10725.900390625,10741.099609375,223600.0,12.170000076293944,12.59000015258789,10.90999984741211,12.449999809265137,0.0,-0.0028731945983977,2,52.16812523239309,10734.00843876631,40.56205102000786,88.82558960027677,83.69921875,0.0230073731483868,-0.0054398905656057,-0.0061944750923949,0.007517852262492797
10742.7001953125,10837.0,10710.4501953125,10821.849609375,229800.0,12.449999809265137,12.539999961853027,10.390000343322754,12.020000457763672,0.0,0.0075178522624927,0,57.55443270374509,10742.374264538566,42.73268968559023,91.52017639222127,126.5498046875,-0.0345381010513321,0.0104010020149531,0.0003835763598161,-0.005488841206131911
10822.900390625,10831.0498046875,10753.0498046875,10762.4501953125,229600.0,12.020000457763672,12.779999732971191,9.739999771118164,12.579999923706056,0.0,-0.0054888412061319,1,52.84068344468819,10744.286257945609,39.20793549910377,90.55444950706264,78.0,0.0465889720978072,-0.000891159022568,-0.0034629569313664,0.0006225529680423669
10742.7001953125,10805.25,10732.5498046875,10769.150390625,220000.0,12.579999923706056,12.970000267028809,12.329999923706056,12.800000190734863,0.0,0.0006225529680423,0,53.3052476677396,10746.65427058174,36.534050386480885,89.27914563602245,72.7001953125,0.0174880976441211,0.0026115372047679,0.0054806468675043,-0.009076853461448153
10785.5,10785.5,10652.400390625,10671.400390625,246000.0,12.800000190734863,13.8100004196167,12.09000015258789,13.510000228881836,0.0,-0.0090768534614481,0,46.16084398317718,10739.487234395385,26.225062900677585,92.40917876023514,133.099609375,0.0554687521536834,-0.0139023571922183,-0.0093435711760915,-0.007712275637441368
10660.7998046875,10674.2001953125,10557.7001953125,10589.099609375,352300.0,13.510000228881836,14.079999923706056,12.520000457763672,13.949999809265137,0.0,-0.0077122756374413,2,41.15897362014142,10725.164603441062,11.284055250538586,94.12995170593264,116.5,0.0325684361901537,-0.0161069814764858,-0.0141512513176333,0.011823497741172861
10612.849609375,10723.0498046875,10612.349609375,10714.2998046875,242800.0,13.949999809265137,13.949999809265137,12.630000114440918,12.9399995803833,0.0,0.0118234977411728,0,50.02965136365799,10724.12986070263,9.437024321649004,96.97425482068743,110.7001953125,-0.0724014510889833,-0.0050933067092506,-0.0099382091388822,-0.005319993003655044
10732.349609375,10736.150390625,10604.650390625,10657.2998046875,295400.0,12.9399995803833,13.9399995803833,12.470000267028809,13.369999885559082,0.0,-0.005319993003655,1,46.58624113135779,10717.765093463093,3.3353673338115186,99.44037947635262,131.5,0.0332303183245576,-0.001321343537057,-0.0097701163505311,0.003997315147197256
10668.599609375,10713.2998046875,10630.25,10699.900390625,202100.0,13.369999885559082,13.75,12.1899995803833,13.0,0.0,0.0039973151471972,2,49.38989213697285,10716.063693192798,1.9151943003616907,98.26962413429172,83.0498046875,-0.0276738884611897,0.0104636640826292,-0.0064304051376499,0.006542116977213297
10715.0,10777.150390625,10677.75,10769.900390625,173900.0,13.0,13.34000015258789,12.579999923706056,12.65999984741211,0.0,0.0065421169772132,1,53.6912087085719,10721.190997710151,6.364743128280679,98.35039316934233,99.400390625,-0.0261538578913762,0.0051893811962564,0.0092302787257925,-0.0018709913642785958
10786.0498046875,10786.0498046875,10726.25,10749.75,220500.0,12.65999984741211,12.949999809265137,11.229999542236328,12.579999923706056,0.0,-0.0018709913642785,1,52.312910658098914,10723.910902690135,8.170885628749602,95.59677970635356,59.7998046875,-0.0063191093736393,0.0086748235488165,0.0151712984626917,0.0021303184376380013
10744.150390625,10816.349609375,10735.0498046875,10772.650390625,0.0,12.579999923706056,12.68000030517578,11.670000076293944,12.4399995803833,0.0,0.002130318437638,2,53.76552392296174,10728.552758683934,11.31965082138231,94.57556720500688,81.2998046875,-0.011128803193308,0.0067991287156039,0.0054460475253801,0.007449420253147654
10838.2998046875,10860.349609375,10807.150390625,10852.900390625,183600.0,12.4399995803833,12.579999923706056,11.220000267028809,12.390000343322754,0.0,0.0074494202531476,2,58.53250891189418,10740.39539029737,20.05934262961091,94.08439945822067,53.19921875,-0.0040192314105372,0.0077066636635052,0.0183536720860069,0.008693492612951825
10902.75,10956.900390625,10876.650390625,10947.25,197000.0,12.390000343322754,12.520000457763672,11.020000457763672,12.399999618530272,0.0,0.0086934926129518,1,63.32076979979296,10760.095829316668,34.20454758472442,94.79265663977635,80.25,0.0008070439814724,0.0183725202911695,0.023117001125704,9.589665783638068e-05
10956.400390625,10976.650390625,10923.0,10948.2998046875,222300.0,12.399999618530272,12.859999656677246,10.020000457763672,12.779999732971191,0.0,9.589665783638068e-05,2,63.37145052840639,10778.020017447225,44.980922808561445,91.85392335300662,53.650390625,0.0306451714621873,0.0163051252656785,0.0165646299029649,0.006841280560560881
11006.9501953125,11078.2998046875,10999.650390625,11023.2001953125,248300.0,12.779999732971191,12.869999885559082,10.649999618530272,12.510000228881836,0.0,0.0068412805605608,1,66.88691373175588,10801.37051057725,58.88630865705636,94.57864311350616,78.6494140625,-0.0211267222011579,0.0156916398896105,0.0254378190481174,-0.0003900686380828855
11056.900390625,11071.349609375,10999.75,11018.900390625,0.0,12.510000228881836,12.510000228881836,11.31999969482422,12.300000190734863,0.0,-0.0003900686380828,0,66.49238008726743,10822.08764201037,68.7667683221789,92.93728356075572,71.599609375,-0.0167865734855979,0.0065450584050787,0.0228588129263251,-0.0074463674542162295
11018.9501953125,11019.5,10926.25,10936.849609375,210500.0,12.300000190734863,13.050000190734863,11.170000076293944,12.949999809265137,0.0,-0.0074463674542162,2,59.30378569545876,10833.017353187955,69.17884085670812,92.95962044927316,93.25,0.0528454966220157,-0.0010458423240837,0.0077351874363942,0.006510119262449043
10939.650390625,11018.5,10925.599609375,11008.0498046875,210600.0,12.949999809265137,12.949999809265137,11.239999771118164,12.829999923706056,0.0,0.006510119262449,1,63.03808959955405,10849.687110473627,74.39311451003778,92.95538974753936,92.900390625,-0.0092664005657534,-0.0013744094597358,0.00555388839092,-0.002507220612614547
11060.2001953125,11076.2001953125,10956.2998046875,10980.4501953125,225500.0,12.829999923706056,13.899999618530272,10.649999618530272,13.68000030517578,0.0,-0.0025072206126145,1,60.71246327522439,10862.14073760114,75.42890862435524,94.880032667358,119.900390625,0.0662510044056334,-0.0034894766219335,0.0029365646902759,-0.0021265599790679657
10999.5,11006.5,10935.4501953125,10957.099609375,215400.0,13.68000030517578,13.800000190734863,10.989999771118164,13.59000015258789,0.0,-0.0021265599790679,1,58.738059304875534,10871.18443967484,73.51811472318695,93.17787352593956,71.0498046875,-0.006578958375742,0.0018515386718531,-0.0059964969125398,0.00484622644956767
10963.5,11030.25,10946.2001953125,11010.2001953125,187300.0,13.59000015258789,13.899999618530272,11.31999969482422,13.539999961853027,0.0,0.0048462264495676,2,61.78184514008444,10884.424035449854,75.41918487855764,92.52586860890816,84.0498046875,-0.0036791898582386,0.0001953471017259,-0.0007895701934017,0.006770976309698584
11019.849609375,11093.400390625,11010.9501953125,11084.75,229100.0,13.539999961853027,13.619999885559082,12.06999969482422,13.010000228881836,0.0,0.0067709763096985,1,65.61665985185545,10903.502698740343,81.99614238415052,91.85974908773616,82.4501953125,-0.0391432595616239,0.009498682005955,0.0135231255715742,0.00447008770495505
11109.0,11143.400390625,11092.5,11134.2998046875,205800.0,13.010000228881836,13.079999923706056,12.149999618530272,12.470000267028809,0.0,0.004470087704955,1,67.92064867100842,10925.483375497215,90.16729131791544,89.48765205468358,50.900390625,-0.041506529773477,0.0161721807439703,0.0114688797961506,-0.0002065513528324292
11148.400390625,11157.150390625,11113.25,11132.0,205900.0,12.470000267028809,13.260000228881836,11.220000267028809,12.210000038146973,0.0,-0.0002065513528324,1,67.69391520456405,10945.151625449864,95.35818094829663,86.23141909542048,43.900390625,-0.020850058004352,0.0110624514111337,0.013801784261286,0.0031710209025781477
11132.9501953125,11185.849609375,11125.7001953125,11167.2998046875,365400.0,12.210000038146973,13.050000190734863,11.609999656677246,12.029999732971191,0.0,0.0031710209025781,2,69.38333550706676,10966.308594901067,101.15435318707569,84.36841873592616,60.1494140625,-0.0147420396898785,0.0074471507871174,0.019183926659994,0.009944194803553685
11232.75,11283.400390625,11210.25,11278.349609375,314600.0,12.029999732971191,12.5,11.25,12.3100004196167,0.0,0.0099441948035536,1,73.99123764286293,10996.026786755729,113.40143148954304,86.63500210746714,73.150390625,0.0232752030640612,0.0129374821240986,0.0243546356383839,0.0036530340643325943
11296.650390625,11328.099609375,11261.4501953125,11319.5498046875,278800.0,12.3100004196167,13.0600004196167,12.3100004196167,12.59000015258789,0.0,0.0036530340643325,1,75.46650570287997,11026.838502749231,124.9910220193724,85.2074601042552,66.6494140625,0.0227457127072876,0.0168478085418164,0.0211822372798213,0.0032642813495284972
11311.0498046875,11366.0,11267.75,11356.5,256500.0,12.59000015258789,12.800000190734863,12.289999961853027,12.479999542236328,0.0,0.0032642813495284,1,76.7407400093503,11058.234835820736,135.59438035662424,86.1390700968084,98.25,-0.008737141304081,0.0169423404602322,0.0199563689868449,-0.0009069523785937283
11359.7998046875,11390.5498046875,11313.5498046875,11346.2001953125,269700.0,12.479999542236328,12.770000457763672,12.0,12.529999732971191,0.0,-0.0009069523785937,0,75.5626085287186,11085.660108153284,141.5349828924318,85.4862793756078,77.0,0.0040064256866072,0.0060160030755829,0.0192418429134477,-0.008945726168478219
11328.900390625,11328.900390625,11234.9501953125,11244.7001953125,210000.0,12.529999732971191,12.800000190734863,10.890000343322754,12.5600004196167,0.0,-0.0089457261684782,2,64.97630115983549,11100.806783120826,136.47950074364962,87.32654513449295,93.9501953125,0.0023943086420477,-0.0066124192804914,0.006930985285495,0.010324829240302646
11297.7998046875,11368.0,11294.5498046875,11360.7998046875,218300.0,12.5600004196167,12.5600004196167,10.90999984741211,12.079999923706056,0.0,0.0103248292403026,1,70.13104396061969,11125.568023270032,140.2248382610578,89.89606367399345,73.4501953125,-0.0382165987161083,0.0003786205862281,0.0073104840839446,0.0023149606664707445
11401.5,11427.650390625,11370.599609375,11387.099609375,203700.0,12.079999923706056,12.739999771118164,11.850000381469728,12.5600004196167,0.0,0.0023149606664707,1,71.16630930083312,11150.475793375268,143.65920576958342,88.24995812138677,57.05078125,0.0397351406409101,0.0036046793956092,0.0059675345621543,0.00020642534254866618
11423.150390625,11428.9501953125,11359.7001953125,11389.4501953125,226400.0,12.5600004196167,12.81999969482422,10.579999923706056,12.579999923706056,0.0,0.0002064253425486,2,71.26218172717486,11173.235260226433,144.90031872689724,86.89281825557342,69.25,0.0015923171513687,0.0128727309297531,0.0029014392913748,0.005316306199962151
11412.5,11459.9501953125,11379.2998046875,11450.0,210500.0,12.579999923706056,12.779999732971191,10.479999542236328,12.539999961853027,0.0,0.0053163061999621,1,73.68907611701947,11199.593806871537,149.05159883972556,86.44693056767531,80.650390625,-0.0031796472254066,0.0078515770760871,0.0091484199908955,0.001807877319869089
11493.25,11495.2001953125,11454.099609375,11470.7001953125,302200.0,12.539999961853027,12.760000228881836,10.880000114440918,12.68000030517578,0.0,0.001807877319869,1,74.48245804029156,11225.413462913531,152.25673019134774,83.50073519230565,41.1005859375,0.0111643017343412,0.0073416926878089,0.0200983570993036,-0.003591776841080363
11474.9501953125,11478.75,11419.650390625,11429.5,0.0,12.68000030517578,12.989999771118164,10.0600004196167,12.850000381469728,0.0,-0.0035917768410803,0,69.96067511381713,11244.850275969386,149.74612828872705,81.75779763392667,59.099609375,0.0134069457572925,0.0035163949093857,0.0060471266542478,-0.006452600726191027
11369.599609375,11406.2998046875,11340.2998046875,11355.75,246900.0,12.850000381469728,13.5,11.289999961853027,13.399999618530272,0.0,-0.006452600726191,2,62.63088270620788,11255.412154448491,140.18943302839943,82.28939746811048,66.0,0.0428014957768927,-0.0082314410480349,-0.0027530811576628,0.006987615029830696
11381.7001953125,11452.4501953125,11370.7998046875,11435.099609375,232600.0,13.399999618530272,13.420000076293944,10.760000228881836,13.279999732971191,0.0,0.0069876150298306,1,66.6762586694883,11272.525245393874,137.43427671442805,83.31874017128116,81.650390625,-0.0089552155951661,-0.0031036105321667,0.0040080436965506,-0.004376857779749166
11397.150390625,11449.849609375,11366.25,11385.0498046875,290600.0,13.279999732971191,13.869999885559082,11.470000267028809,13.649999618530272,0.0,-0.0043768577797491,2,62.1091248446282,11283.241870088505,129.7168988669946,83.3388022572611,83.599609375,0.0278614377258199,-0.0038890761024104,-0.0056725061408297,0.0075274326228431665
11437.150390625,11486.4501953125,11431.7998046875,11470.75,234700.0,13.649999618530272,13.649999618530272,10.300000190734863,13.15999984741211,0.0,0.0075274326228431,2,66.35838619872027,11301.099787222933,129.02874777080615,84.62891571209958,54.650390625,-0.0358974201327431,0.0101270281575414,4.34190473574958e-06,0.007061438877143944
11502.099609375,11565.2998046875,11499.650390625,11551.75,232600.0,13.15999984741211,13.550000190734863,11.350000381469728,13.029999732971191,0.0,0.0070614388771439,1,69.80506488541911,11324.971236058844,133.48072343310014,85.3375506389139,65.6494140625,-0.0098784282635445,0.0102010821601732,0.0106960059495166,0.00165779129785526
11576.2001953125,11581.75,11539.599609375,11570.900390625,224200.0,13.029999732971191,13.640000343322754,9.93000030517578,12.899999618530272,0.0,0.0016577912978552,1,70.57269459645931,11348.39306030324,136.97525719634177,82.25275349506289,42.150390625,-0.0099769851960905,0.0163240907265052,0.0189463831649163,0.0010240870610727093
11620.7001953125,11620.7001953125,11546.7001953125,11582.75,248500.0,12.899999618530272,13.119999885559082,9.529999732971191,12.760000228881836,0.0,0.0010240870610727,1,71.0629062892427,11370.712768845788,139.09743616672858,81.6632711025584,74.0,-0.0108526661851473,0.0097639648671621,0.0129120336218102,-0.0022145337355118366
11566.599609375,11604.599609375,11532.0,11557.099609375,218800.0,12.760000228881836,12.84000015258789,9.43000030517578,12.40999984741211,0.0,-0.0022145337355118,2,68.4064371577133,11388.463896515235,137.1287710233937,81.01586669344708,72.599609375,-0.0274294964883708,0.0004630994762697,0.0151119061961997,0.011668203138797129
11605.849609375,11700.9501953125,11595.599609375,11691.9501953125,199500.0,12.40999984741211,12.529999732971191,9.520000457763672,12.239999771118164,0.0,0.0116682031387971,1,73.92503850237689,11417.367353543546,144.78096021923193,85.50406092516515,105.3505859375,-0.0136986364531983,0.0104615717533596,0.0192838476396486,0.003981355027167455
11731.9501953125,11760.2001953125,11710.5,11738.5,241900.0,12.239999771118164,12.600000381469728,10.380000114440918,12.43000030517578,0.0,0.0039813550271674,1,75.51497809206849,11447.951415110829,152.83971440506866,84.27162800193908,49.7001953125,0.0155229197394224,0.0134467203384343,0.0161663817170558,-0.003969809547642367
11744.9501953125,11753.2001953125,11678.849609375,11691.900390625,251600.0,12.43000030517578,12.670000076293944,10.729999542236328,12.4399995803833,0.0,-0.0039698095476423,1,70.85708691646462,11471.184650874082,153.69444227112217,83.56298214019343,74.3505859375,0.0008044468995995,0.0116638936935917,0.0104572674480922,-0.0012915424723947133
11694.75,11698.7998046875,11639.7001953125,11676.7998046875,313800.0,12.4399995803833,12.630000114440918,10.619999885559082,12.40999984741211,0.0,-0.0012915424723947,1,69.36399500866528,11490.76704647536,151.4079920940003,81.81559837125103,59.099609375,-0.0024115541787074,-0.0012957967124316,0.0081198165105436,0.00031688436681198695
11675.849609375,11727.650390625,11640.099609375,11680.5,346500.0,12.40999984741211,12.800000190734863,11.600000381469728,12.600000381469728,0.0,0.0003168843668119,0,69.53340642757846,11508.836851572943,148.18633882239192,82.22525429116168,87.55078125,0.01531027690522,-0.0049410060910678,0.0106774532361821,-0.00840292715423141
11751.7998046875,11751.7998046875,11567.400390625,11582.349609375,234400.0,12.600000381469728,13.720000267028809,11.170000076293944,13.390000343322754,0.0,-0.0084029271542314,0,60.04790157332273,11515.83806660171,136.1438575047814,89.52340856054299,184.3994140625,0.0626984077726573,-0.0093698011093082,-0.0093740209380502,-0.00535727264157837
11598.75,11602.5498046875,11496.849609375,11520.2998046875,254800.0,13.390000343322754,13.880000114440918,12.199999809265137,13.779999732971191,0.0,-0.0053572726415783,1,54.94488172651672,11516.262994038452,120.2075260984784,90.67889332853991,105.7001953125,0.0291261672627902,-0.0134026447843333,-0.018588422312263,-0.0037628889968090995
11514.849609375,11542.650390625,11393.849609375,11476.9501953125,246100.0,13.779999732971191,14.149999618530272,11.949999809265137,13.649999618530272,0.0,-0.003762888996809,2,51.64293693366731,11512.518917969312,102.89382152973847,94.83045675150136,148.80078125,-0.0094339707518186,-0.0174264633095757,-0.0183845387089386,0.005223530144531363
11514.150390625,11562.25,11436.0498046875,11536.900390625,247900.0,13.649999618530272,14.199999809265137,12.0600004196167,13.720000267028809,0.0,0.0052235301445313,1,55.61544285474664,11514.84096298414,92.93872587796432,97.07115236300127,126.2001953125,0.005128252780572,-0.0039240068106053,-0.011980972218633,0.0045245444601755835
11558.25,11603.0,11484.400390625,11589.099609375,295900.0,13.720000267028809,14.140000343322754,11.09000015258789,13.890000343322754,0.0,0.0045245444601755,0,58.78987910240491,11521.913215021366,88.24405897554607,98.60889929242975,118.599609375,0.0123906758735625,0.005972049847132,-0.0078250409336072,-0.013029485041085365
11570.25,11573.0,11427.2998046875,11438.099609375,286700.0,13.890000343322754,15.31999969482422,12.609999656677246,15.199999809265137,0.0,-0.0130294850410853,0,48.07773622673607,11513.93096686457,71.51468679871505,103.12253539207764,145.7001953125,0.0943124142233826,-0.0033850966743209,-0.0124542951011633,-0.013166488710376734
11476.849609375,11479.400390625,11274.0,11287.5,0.0,15.199999809265137,15.449999809265137,13.4399995803833,15.329999923706056,0.0,-0.0131664887103767,2,40.20864153354368,11492.366112877467,45.57900258696827,110.42809648014352,205.400390625,0.0085526392152766,-0.0216176253742872,-0.0202077904771866,0.0073001453488372725
11340.099609375,11380.75,11250.2001953125,11369.900390625,268200.0,15.329999923706056,15.329999923706056,12.979999542236328,14.25,0.0,0.0073001453488372,2,45.46788428556291,11480.702710758183,31.31285378047687,111.86536135209757,130.5498046875,-0.0704500932211983,-0.0189142578921902,-0.0093273738114871,0.012779338401883056
11443.5,11523.25,11430.5498046875,11515.2001953125,276600.0,14.25,14.25,12.31999969482422,13.84000015258789,0.0,0.012779338401883,0,53.27290441041676,11483.988185477643,31.36969763900379,114.82852192516202,92.7001953125,-0.0287719191166392,0.0067406814567609,-0.001880938083693,-0.011936413868727347
11464.9501953125,11464.9501953125,11366.900390625,11377.75,201400.0,13.84000015258789,14.640000343322754,11.729999542236328,14.5,0.0,-0.0119364138687273,0,46.49367175105083,11473.870263051202,20.092056048661107,117.2193278367576,98.0498046875,0.0476878497207746,0.0079955703211516,-0.0182369309522569,-0.008687975159851424
11381.5498046875,11411.4501953125,11268.9501953125,11278.900390625,240900.0,14.5,14.619999885559082,11.869999885559082,14.420000076293944,0.0,-0.0086879751598514,1,42.32248527234292,11455.301703772517,3.14188874370484,119.02509013413204,142.5,-0.0055172361176589,-0.00800358814709,-0.0139183277106204,-0.003949922395540484
11326.650390625,11332.0498046875,11210.900390625,11234.349609375,250600.0,14.420000076293944,14.479999542236328,11.75,14.010000228881836,0.0,-0.0039499223955404,0,40.55648362495419,11434.25864716323,-13.72787034130124,119.17682755758688,121.1494140625,-0.0284327215841099,-0.0243895530406693,-0.0047087832225913,-0.00812241056873042
11271.2998046875,11346.7998046875,10866.4501953125,11143.099609375,719000.0,14.010000228881836,16.920000076293945,10.979999542236328,15.539999961853027,0.0,-0.0081224105687304,0,37.13823654059448,11406.529214992925,-34.067677369825105,144.97488340168783,480.349609375,0.1092076879354415,-0.0206236198391597,-0.0199474730171785,-0.015767535507102526
11164.400390625,11170.150390625,10943.599609375,10967.400390625,0.0,15.539999961853027,17.860000610351562,13.800000190734863,17.43000030517578,0.0,-0.0157675355071025,2,31.61322053569647,11364.707422195976,-63.63108007171832,150.80173324799586,226.55078125,0.1216216440130149,-0.027617940509424,-0.0475718871922429,0.009122472156029238
10969.9501953125,11080.599609375,10882.849609375,11067.4501953125,405000.0,17.43000030517578,18.309999465942383,16.219999313354492,16.68000030517578,0.0,0.0091224721560292,1,37.33062267924198,11336.397210111836,-78.0869686514452,154.15518087313902,197.75,-0.0430292591433455,-0.0148561705720127,-0.0272725103546395,-0.0012333817079910325
11145.5498046875,11145.5498046875,10993.0498046875,11053.7998046875,340500.0,16.68000030517578,17.579999923706055,15.100000381469728,17.09000015258789,0.0,-0.001233381707991,0,36.87761771233443,11309.483171499996,-89.61184734751077,154.0369536679148,152.5,0.0245803261337402,-0.0080139106548388,-0.0199576712393526,-0.006898080420062014
11079.7998046875,11089.4501953125,10953.349609375,10977.5498046875,405700.0,17.09000015258789,17.3700008392334,15.600000381469728,16.920000076293945,0.0,-0.006898080420062,1,34.36873300726546,11277.870469898804,-103.70271416240575,152.75578454431374,136.1005859375,-0.0099473419997718,0.0009254165710204,-0.0228584487412784,-0.004290539347394984
11008.099609375,11034.099609375,10850.2998046875,10930.4501953125,478100.0,16.920000076293945,17.690000534057617,15.93000030517578,17.0,0.0,-0.0042905393473949,2,32.88067221379541,11244.782824700109,-117.3180035639598,154.97321455454133,183.7998046875,0.0047281278572888,-0.0123786416547891,-0.0190835065212547,0.007122269255513958
10930.900390625,11035.650390625,10821.5498046875,11008.2998046875,387000.0,17.0,18.86000061035156,16.270000457763672,16.84000015258789,0.0,0.0071222692555139,0,37.68336659056767,11222.260632317955,-120.43807054023272,159.19659822475268,214.1005859375,-0.009411755730124,-0.0041162315949222,0.0037291803532093,-0.01363060666494631
10982.7001953125,10989.0498046875,10843.75,10858.25,386800.0,16.84000015258789,18.649999618530277,15.579999923706056,18.1200008392334,0.0,-0.0136306066649463,0,32.81021316749366,11187.59295304958,-133.47983882389053,159.57897011494893,145.2998046875,0.0760095412735968,-0.0108676168006596,-0.0189022938093821,-0.023852830796859514
10754.7001953125,10754.7001953125,10547.25,10599.25,425100.0,18.1200008392334,19.68000030517578,17.489999771118164,18.920000076293945,0.0,-0.0238528307968595,0,26.451612464532843,11131.560290854382,-162.83757934443565,170.39475796388115,207.4501953125,0.0441500662256255,-0.0303006911329721,-0.0411215882971521,-0.026681114672028716
10514.099609375,10540.650390625,10261.900390625,10316.4501953125,606400.0,18.920000076293945,20.479999542236328,18.450000762939453,19.729999542236328,0.0,-0.0266811146720287,1,21.542411198164917,11053.930757945633,-206.54248776900204,182.3201044932468,278.75,0.0428118109236839,-0.0628479984784208,-0.0602228749709434,0.003063031253653259
10310.150390625,10398.349609375,10198.400390625,10348.0498046875,456200.0,19.729999542236328,21.770000457763672,18.479999542236328,20.149999618530277,0.0,0.0030630312536532,1,23.256323435227728,10986.704000492478,-235.9096980344675,183.57932694015773,199.94921875,0.0212873839857341,-0.0469873317811341,-0.0532823790620043,-0.004541918611438267
10390.2998046875,10397.599609375,10279.349609375,10301.0498046875,430500.0,20.149999618530277,20.36000061035156,17.469999313354492,19.76000022888184,0.0,-0.0045419186114382,2,22.47007643839125,10921.403600892005,-259.9790542477604,178.91294644443218,118.25,-0.0193548087856928,-0.0281340845165931,-0.0642469784206678,0.015440154906845027
10331.849609375,10482.349609375,10318.25,10460.099609375,0.0,19.76000022888184,19.76000022888184,17.729999542236328,17.90999984741211,0.0,0.015440154906845,0,30.97454507891709,10877.469887414194,-263.1863539925307,179.083436318937,164.099609375,-0.0936235000020753,0.0139243064564757,-0.0366680073331338,-0.021553257346415555
10169.7998046875,10335.9501953125,10138.599609375,10234.650390625,483500.0,17.90999984741211,20.850000381469727,17.6299991607666,20.549999237060547,0.0,-0.0215532573464155,2,26.53185759942994,10816.24898295808,-280.6844740462111,189.2560480104415,197.3505859375,0.1474036522691484,-0.0109585299841842,-0.0343986234285444,0.02323964183406524
10331.5498046875,10492.4501953125,10322.150390625,10472.5,343500.0,20.549999237060547,20.549999237060547,16.670000076293945,18.6299991607666,0.0,0.0232396418340652,1,36.82655894425001,10783.51098458112,-272.2213858868872,194.1520306302314,170.2998046875,-0.0934306641156148,0.0166439536322289,0.0151263081518491,0.003819527333492445
10524.2001953125,10526.2998046875,10410.150390625,10512.5,259500.0,18.6299991607666,19.81999969482422,15.979999542236328,18.88999938964844,0.0,0.0038195273334924,2,38.390093467539785,10757.700414621013,-259.29764005394645,188.5804151611077,116.1494140625,0.0139559978848189,0.0050095498687254,0.015891902186053,0.006872770511296089
10550.150390625,10604.900390625,10525.2998046875,10584.75,265200.0,18.88999938964844,18.88999938964844,14.279999732971191,17.3700008392334,0.0,0.006872770511296,0,41.219956327442944,10741.22894656187,-240.45370653749703,181.7104134085286,79.6005859375,-0.0804657808114057,0.0342072856436497,0.0275409012374061,-0.012442447418455793
10688.7001953125,10710.150390625,10436.4501953125,10453.0498046875,284800.0,17.3700008392334,18.200000762939453,14.84000015258789,17.979999542236328,0.0,-0.0124424474184557,0,37.8106772968247,10713.783314002409,-233.45572626848295,188.28111211595515,273.7001953125,0.03511794320845,-0.0018572638159465,-0.000673971085436,-0.014302046081609565
10339.7001953125,10380.099609375,10249.599609375,10303.5498046875,357500.0,17.979999542236328,20.049999237060547,17.450000762939453,19.790000915527344,0.0,-0.0143020460816095,0,34.33868947342117,10674.713455972416,-237.23844000337704,189.36461805856555,130.5,0.1006674871731332,-0.0198763562722948,0.0067319753418848,-0.0056582251546914986
10405.849609375,10408.5498046875,10224.0,10245.25,297300.0,19.790000915527344,21.670000076293945,17.079999923706055,21.36000061035156,0.0,-0.0056582251546914,0,33.063645782503826,10633.812174451234,-242.149229314864,189.02070281777517,184.5498046875,0.0793329773720419,-0.0320744467276034,-0.0216996896634041,-0.009609350217173795
10152.599609375,10222.099609375,10102.349609375,10146.7998046875,302600.0,21.36000061035156,22.350000381469727,18.76000022888184,19.040000915527344,0.0,-0.0096093502171737,2,30.97219566833118,10587.430043997543,-251.09075527540332,185.72639480400548,119.75,-0.108614214818884,-0.029297669648782,-0.0347871767241378,0.007682244334463961
10278.150390625,10290.650390625,10126.7001953125,10224.75,351400.0,19.040000915527344,19.809999465942383,17.709999084472656,18.8799991607666,0.0,0.0076822443344639,0,34.50477341259284,10552.88908742635,-249.016542025538,184.17095198318364,163.9501953125,-0.0084034531022663,-0.0076478307167158,-0.0340111953518033,-0.009765481735494741
10135.0498046875,10166.599609375,10079.2998046875,10124.900390625,0.0,18.8799991607666,20.32999992370605,18.5,18.959999084472656,0.0,-0.0097654817354947,0,32.22949270339245,10512.128259159555,-252.51886182805904,181.40518364956336,87.2998046875,0.0042372842829514,-0.0117468689758668,-0.0313926959302678,-0.0093729702973544
10122.349609375,10128.849609375,10004.5498046875,10030.0,364300.0,18.959999084472656,21.040000915527344,18.65999984741211,19.229999542236328,0.0,-0.0093729702973544,2,30.191745349172194,10466.21128209674,-259.9555382835606,177.32622800941598,124.2998046875,0.0142405311604043,-0.0115109992249519,-0.026549083555946,0.022018904224825553
10078.099609375,10275.2998046875,10020.349609375,10250.849609375,364400.0,19.229999542236328,20.809999465942383,19.229999542236328,19.82999992370605,0.0,0.0220189042248255,0,39.74029077798021,10445.700646599433,-245.20190526255828,182.8707971024934,254.9501953125,0.031201268629877,0.0025525914447785,0.0005465566360021,-0.005116572845048073
10239.400390625,10285.099609375,10175.349609375,10198.400390625,289800.0,19.82999992370605,20.770000457763672,19.549999237060547,20.5,0.0,-0.005116572845048,2,38.39704551136671,10422.148241268536,-235.03245062772655,177.64788302374387,109.75,0.0337871951019517,0.0072593306762855,0.0050854049484312,0.01845379780568379
10209.5498046875,10396.0,10105.099609375,10386.599609375,375000.0,20.5,22.81999969482422,19.57999992370605,19.799999237060547,0.0,0.0184537978056837,1,45.513688262848426,10418.762657278674,-209.37345361322517,185.73734785240504,290.900390625,-0.0341463786799732,0.0355533010343969,0.0158291996748087,-0.0005920526730374132
10441.7001953125,10441.900390625,10341.900390625,10380.4501953125,348500.0,19.799999237060547,20.1299991607666,18.899999618530277,19.190000534057617,0.0,-0.0005920526730374,2,45.32941837390232,10415.113851377131,-187.37478010983432,179.61325157723326,100.0,-0.0308080164902818,0.012642911648901,0.0252397351902959,0.01662257430466929
10462.2998046875,10606.9501953125,10457.7001953125,10553.0,421200.0,19.190000534057617,19.190000534057617,17.489999771118164,18.229999542236328,0.0,0.0166225743046692,1,51.28886593904468,10428.245865531691,-154.23937023769395,182.9623050360023,149.25,-0.0500261055291541,0.0347701203907397,0.0521435692921237,-0.0027480337344830685
10558.75,10558.7998046875,10477.0,10524.0,301900.0,18.229999542236328,19.81999969482422,17.739999771118164,19.479999542236328,0.0,-0.002748033734483,1,50.29653040033041,10437.365306909624,-128.83425571977205,175.73641215396643,81.7998046875,0.0685682957426261,0.0132286210879817,0.0266466098941875,0.0005701254275940482
10552.0,10600.25,10491.4501953125,10530.0,0.0,19.479999542236328,19.479999542236328,16.18000030517578,18.51000022888184,0.0,0.000570125427594,2,50.509880028939385,10446.187658632518,-106.98313459354176,170.95522590636168,108.7998046875,-0.0497946271123543,0.0144068707882276,0.0325148647507336,0.006495763592117676
10614.4501953125,10616.4501953125,10582.2998046875,10598.400390625,31200.0,18.51000022888184,18.51000022888184,16.809999465942383,17.719999313354492,0.0,0.0064957635921176,1,52.98736914476193,10460.684109298469,-83.18768791095681,164.9191522925144,34.150390625,-0.0426796815644916,0.0043021312067659,0.0203917344670556,-0.0012454893970770264
10614.7001953125,10619.5498046875,10544.849609375,10585.2001953125,296600.0,17.8799991607666,18.76000022888184,16.760000228881836,17.770000457763672,0.0,-0.001245489397077,0,52.44176581265262,10472.542784156947,-64.6495308721951,158.47494107965625,74.7001953125,0.0028217351211461,0.0058152979202299,0.0197245780431043,-0.009730567027500525
10607.7998046875,10645.5,10464.0498046875,10482.2001953125,259700.0,17.770000457763672,19.459999084472656,16.479999542236328,19.3700008392334,0.0,-0.0097305670275005,2,48.265545275100784,10473.462537600331,-57.605111188013325,160.11603066771653,181.4501953125,0.0900394113817082,-0.0045393926578822,-0.0067089741957263,0.009568583199961456
10451.900390625,10596.25,10440.5498046875,10582.5,254600.0,19.3700008392334,19.68000030517578,17.1200008392334,18.700000762939453,0.0,0.0095685831999614,1,52.253033798755,10483.847057828872,-43.42838643259347,159.8006138566296,155.7001953125,-0.0345895739424481,-0.0015002632509586,0.0055587229190421,-0.0005858913595558901
10634.900390625,10651.599609375,10532.7001953125,10576.2998046875,384500.0,18.700000762939453,19.51000022888184,14.770000457763672,18.82999992370605,0.0,-0.0005858913595558,1,51.986287537432254,10492.652081339216,-32.32095798609589,156.87909958562037,118.8994140625,0.0069518264953358,-0.0008408334713349,0.0043969425154319,0.0038198983927342223
10580.599609375,10646.5,10557.5,10616.7001953125,0.0,18.82999992370605,18.920000076293945,15.5,18.450000762939453,0.0,0.0038198983927342,2,53.64676046518979,10504.46618743191,-20.02740359227573,152.03059247236175,89.0,-0.0201805184443044,0.012831275638119,0.0017266572325091,0.006169525256907837
10644.0,10695.150390625,10631.150390625,10682.2001953125,342800.0,18.450000762939453,18.8700008392334,16.899999618530273,18.350000381469727,0.0,0.0061695252569078,2,56.28627894952536,10521.39323580149,-4.942397687233097,146.77484981808593,64.0,-0.0054200746522784,0.0094212327250178,0.0091637378802675,0.0076014485618920435
10731.25,10774.7001953125,10688.7998046875,10763.400390625,272100.0,18.350000381469727,19.649999618530277,13.520000457763672,19.26000022888184,0.0,0.007601448561892,0,59.37473403987742,10544.441536260872,13.410171211300622,142.89807483107978,85.900390625,0.0495912713076043,0.0176905524042136,0.0268264476992385,-0.009959695953136949
10740.099609375,10740.849609375,10640.849609375,10656.2001953125,295200.0,19.26000022888184,19.649999618530277,18.25,19.32999992370605,0.0,-0.0099596959531369,0,53.95499521583774,10555.085218075314,19.08455951187534,141.4446967181455,100.0,0.0036344597088451,0.0037205533992039,0.0069643463560122,-0.00526926949530282
10670.9501953125,10671.2998046875,10562.349609375,10600.0498046875,300900.0,19.32999992370605,20.100000381469727,15.539999961853027,19.559999465942383,0.0,-0.0052692694953028,0,51.312919294640494,10559.367559657429,18.83358403355669,139.12366090345654,108.9501953125,0.0118985795728978,-0.0076903998355178,0.0022455868724025,-0.006915043423200262
10612.650390625,10646.25,10512.0,10526.75,239500.0,19.559999465942383,20.0,17.09000015258789,19.15999984741211,0.0,-0.0069150434232002,2,48.00799210547055,10556.26112540434,12.575045218965895,138.77554226749535,134.25,-0.0204498788063234,-0.0219865824959112,-0.0084725191121263,0.009675313783931383
10568.2998046875,10637.7998046875,10489.75,10628.599609375,0.0,19.15999984741211,20.530000686645508,15.020000457763672,20.399999618530277,0.0,0.0096753137839313,2,52.5783774249302,10563.150504830115,15.65308142298818,139.43798958320997,148.0498046875,0.0647181514088397,-0.002590096416323,-0.0050177477446098,0.0053628890065369195
10621.4501953125,10695.150390625,10596.349609375,10685.599609375,0.0,20.399999618530277,20.399999618530277,16.610000610351562,18.31999969482422,0.0,0.0053628890065369,1,54.964388533165,10574.812324310582,22.43327410223173,136.53533184512352,98.80078125,-0.1019607824804414,0.0080706983706499,-0.007228271589503,0.004047503329813518
10708.75,10757.7998046875,10699.849609375,10728.849609375,424500.0,18.31999969482422,19.36000061035156,16.670000076293945,17.959999084472656,0.0,0.0040475033298135,2,56.74287137240162,10589.482541935764,30.93988347654158,131.93996494993613,57.9501953125,-0.0196506886653098,0.0191986709454485,0.0068175721862335,0.012102936537020215
10808.7001953125,10883.0498046875,10782.349609375,10858.7001953125,691300.0,17.959999084472656,18.850000381469727,14.93000030517578,18.700000762939453,0.0,0.0121029365370202,1,61.64073188794284,10615.122318447837,47.61046595596963,133.52998140440496,100.7001953125,0.0412027681619742,0.0216491912758232,0.0244008655988221,0.001662243580064171
10892.099609375,10922.4501953125,10835.099609375,10876.75,453900.0,18.700000762939453,19.920000076293945,16.809999465942383,19.15999984741211,0.0,0.0016622435800641,1,62.28007330821364,10640.039240500422,61.56876467183611,130.23145315676888,87.3505859375,0.0245988805189947,0.0178885975156035,0.0332486284940747,0.000643574597191332
10930.7001953125,10941.2001953125,10845.349609375,10883.75,409700.0,19.15999984741211,19.61000061035156,16.309999465942383,18.21999931335449,0.0,0.0006435745971913,1,62.54082727713809,10663.24978902419,72.36151990880171,127.7756769268211,95.8505859375,-0.0490605710617779,0.0144377446105354,0.0240060214894108,-0.0013092913747559942
10877.099609375,10890.9501953125,10833.349609375,10869.5,322100.0,18.21999931335449,19.6200008392334,16.90999984741211,18.11000061035156,0.0,-0.0013092913747559,0,61.60715863180912,10682.89266625998,78.85599743168132,122.76317042758389,57.6005859375,-0.0060372506667607,0.00099457619174,0.017210114298467,-0.007967211865771207
10820.4501953125,10821.0498046875,10747.9501953125,10782.900390625,312300.0,18.11000061035156,18.82999992370605,16.6200008392334,18.38999938964844,0.0,-0.0079672118657712,0,56.12362376285582,10692.417211437602,76.13738850451773,122.67650144614932,73.099609375,0.0154610033053688,-0.0086284606500103,0.0050378915930342,-0.01685539079615528
10718.150390625,10722.650390625,10588.25,10601.150390625,318500.0,18.38999938964844,19.549999237060547,15.90999984741211,19.309999465942383,0.0,-0.0168553907961552,2,46.72396135452368,10683.725133264972,58.64118619970759,127.81749353035296,134.400390625,0.0500271944985384,-0.0259652793729183,-0.0237182904081539,0.008730166187373989
10644.7998046875,10704.5498046875,10599.349609375,10693.7001953125,325800.0,19.309999465942383,19.6299991607666,15.979999542236328,18.59000015258789,0.0,0.0087301661873739,0,51.20546265147631,10684.67513917426,51.64795016730932,126.20197222907773,105.2001953125,-0.0372863455860977,-0.0161736790733244,-0.0168294577596708,-0.019193543511718203
10508.7001953125,10558.849609375,10474.9501953125,10488.4501953125,381300.0,18.59000015258789,20.649999618530277,16.889999389648438,20.440000534057617,0.0,-0.0191935435117182,2,42.63917363245714,10665.987049282665,29.207119085887825,132.81254564128645,83.8994140625,0.0995158884499627,-0.0273071422943408,-0.0363201841908809,0.005787336945131116
10350.0498046875,10567.150390625,10333.849609375,10549.150390625,425500.0,20.440000534057617,20.440000534057617,17.200000762939453,17.950000762939453,0.0,0.0057873369451311,2,45.540786063078535,10654.859748458126,16.13460753322579,139.99027675619456,233.30078125,-0.1218199464803959,-0.0049051280364804,-0.0294723408965453,0.01786392380162427
10591.0,10752.2001953125,10560.7998046875,10737.599609375,360500.0,17.950000762939453,17.950000762939453,15.420000076293944,15.8100004196167,0.0,0.0178639238016242,2,53.418906556360064,10662.739735212115,20.74172724230084,144.4945287512878,191.400390625,-0.1192200697696411,0.0041051659632036,-0.0042011684805496,0.005024418610784842
10810.75,10838.599609375,10749.5,10791.5498046875,376200.0,15.8100004196167,15.90999984741211,11.90999984741211,15.550000190734863,0.0,0.0050244186107848,1,55.407721074701406,10675.007360876436,28.418640290095937,141.38777669762436,89.099609375,-0.0164453018330874,0.028898417185645,0.0179602596932195,0.001288081033454791
10784.5,10815.75,10752.099609375,10805.4501953125,340100.0,15.550000190734863,15.600000381469728,12.670000076293944,15.15999984741211,0.0,0.0012880810334547,2,55.929814409732536,10687.430487965585,35.21831967608887,135.83510626386547,63.650390625,-0.0250804076230897,0.0242957769296068,0.0104500778924945,0.007672000015183311
10853.2001953125,10900.349609375,10844.849609375,10888.349609375,296900.0,15.15999984741211,15.90999984741211,13.869999885559082,14.539999961853027,0.0,0.0076720000151833,1,59.01197070973796,10706.565642385527,46.7574141096884,132.91112824948223,55.5,-0.0408970904880925,0.0140394506672032,0.0381275981308681,0.0018690239262686426
10850.900390625,10915.400390625,10819.099609375,10908.7001953125,286100.0,14.539999961853027,15.3100004196167,11.979999542236328,14.579999923706056,0.0,0.0018690239262686,2,59.75605219226241,10725.816552188098,56.88857570242908,130.29610346380494,96.30078125,0.002751029020493,0.0108557522084653,0.0340832949928395,0.005371823253533137
10930.5498046875,10985.150390625,10928.0,10967.2998046875,312100.0,14.579999923706056,14.869999885559082,11.869999885559082,14.65999984741211,0.0,0.0053718232535331,1,61.9008260372522,10748.81495718804,68.85240532548596,126.44996716728316,57.150390625,0.0054869632458625,0.0149785160682349,0.0213921363869769,-0.001422374664029169
10885.2001953125,10962.5498046875,10880.0498046875,10951.7001953125,318900.0,14.65999984741211,14.920000076293944,13.720000267028809,14.329999923706056,0.0,-0.0014223746640291,0,60.96929825920128,10768.137360818942,76.19672003357482,123.64996951247724,82.5,-0.0225102269536727,0.0058181991036505,0.0148403513418837,-0.018052009440243655
10944.25,10963.650390625,10738.650390625,10754.0,377500.0,14.329999923706056,16.229999542236328,12.9399995803833,15.989999771118164,0.0,-0.0180520094402436,0,50.580594677040175,10766.790945502851,65.31151831232273,130.88925740444316,225.0,0.115840883199586,-0.0141813591484506,-0.0047615040912242,-0.008415473312255894
10780.900390625,10782.2998046875,10649.25,10663.5,223400.0,15.989999771118164,17.1299991607666,14.899999618530272,15.75,0.0,-0.0084154733122558,2,46.661089872788224,10756.95371259782,48.81956233911842,131.04358221037575,133.0498046875,-0.0150093667638233,-0.0277005106177232,-0.0206504766508784,0.006222123071693231
10635.4501953125,10747.5,10534.5498046875,10729.849609375,263700.0,15.75,17.479999542236328,14.8100004196167,15.920000076293944,0.0,0.0062221230716932,1,49.73630936181812,10754.372369433742,40.63501225511027,136.89405457481325,212.9501953125,0.0107936556377108,-0.0202571821708975,-0.016395224246272,0.004655255863871277
10817.900390625,10834.2001953125,10764.4501953125,10779.7998046875,456100.0,15.920000076293944,16.3799991607666,12.5600004196167,16.06999969482422,0.0,0.0046552558638712,2,51.98086224443406,10756.7940299341,37.74416936800844,134.5695211007194,69.75,0.0094220865459437,0.0023990891470615,-0.0170962774191566,0.007430619064249022
10820.9501953125,10893.599609375,10817.150390625,10859.900390625,245500.0,16.06999969482422,16.06999969482422,15.020000457763672,15.270000457763672,0.0,0.007430619064249,1,55.41889112428323,10766.613683333231,41.43892131907705,133.0859699283466,76.44921875,-0.0497821563318515,0.0184180044661697,-0.008382242304879,0.00024396301689710853
10913.2001953125,10923.5498046875,10853.2001953125,10862.5498046875,180900.0,15.270000457763672,16.149999618530273,14.649999618530272,16.0,0.0,0.0002439630168971,1,55.53229781533679,10775.750456795544,44.07278084904101,128.60480131739328,70.349609375,0.0478061244500602,0.0123673863235282,0.010093900380091,0.0
10913.2001953125,10923.5498046875,10853.2001953125,10862.5498046875,180900.0,16.0,16.399999618530273,15.149999618530272,15.329999923706056,0.0,0.0,0,55.53229781533679,10784.017061356682,45.63409209503334,124.4437161786509,70.349609375,-0.0418750047683715,0.0076763948773905,0.0186664607950015,-0.006448744166611009
10868.849609375,10895.349609375,10735.0498046875,10792.5,309700.0,15.329999923706056,16.950000762939453,14.84000015258789,16.389999389648438,0.0,-0.006448744166611,0,51.51402211775175,10784.824960275097,40.74927640562783,127.0048653578544,160.2998046875,0.0691454319124436,-0.0062063544047958,0.0058388880465072,-0.011141996757007222
10796.7998046875,10814.0498046875,10661.25,10672.25,286200.0,16.389999389648438,17.149999618530273,15.4399995803833,16.790000915527344,0.0,-0.0111419967570072,2,45.43606491471768,10774.103535486993,26.865169795346446,128.84736102425765,152.7998046875,0.0244052190832624,-0.017518889037027,-0.0099769760696978,0.0051628859308019415
10699.7001953125,10741.0498046875,10628.650390625,10727.349609375,296600.0,16.790000915527344,16.969999313354492,15.489999771118164,16.15999984741211,0.0,0.0051628859308019,1,48.438057179408894,10769.650780619182,20.07656314432279,127.67250766984638,112.3994140625,-0.0375223962931777,-0.0124464511319577,-0.0122055245888283,0.004143632577580325
10804.849609375,10835.9501953125,10750.150390625,10771.7998046875,269400.0,16.15999984741211,16.450000762939453,15.300000190734863,16.299999237060547,0.0,0.0041436325775803,1,50.79020844582168,10769.85544957807,18.074946013670345,126.31022754610736,85.7998046875,0.0086633286491557,-0.001918016707204,-0.008354392074763,0.0028175965472634346
10786.25,10818.4501953125,10733.25,10802.150390625,277700.0,16.299999237060547,16.56999969482422,14.739999771118164,15.699999809265137,0.0,0.0028175965472634,1,52.38732512496534,10772.931158249205,18.72187453579681,123.37379667227826,85.2001953125,-0.0368097825692665,0.0121717904495304,-0.0055603348337639,0.004906430486840696
10862.400390625,10870.400390625,10749.400390625,10855.150390625,333000.0,15.699999809265137,16.31999969482422,13.899999618530272,15.270000457763672,0.0,0.0049064304868406,1,55.12619553521961,10780.761561332614,23.24329289887646,123.20423976711552,121.0,-0.027388494058943,0.0119135467663242,0.0058049933402826,-0.0030907707440862575
10859.349609375,10859.349609375,10801.7998046875,10821.599609375,254400.0,15.270000457763672,15.609999656677246,14.149999618530272,15.350000381469728,0.0,-0.0030907707440862,1,53.045959275819015,10784.650899241413,23.844418264265187,118.5146372614287,57.5498046875,0.0052390256259213,0.0046231647069627,0.0139942007894304,-0.0024626132017869784
10834.75,10850.150390625,10739.400390625,10794.9501953125,260800.0,15.350000381469728,15.829999923706056,14.359999656677246,15.350000381469728,0.0,-0.0024626132017869,0,51.38721501693358,10785.631784581516,21.91777498413649,117.9600203141838,110.75,0.0,-0.0006665520338199,0.0063017043723849,-0.005312723532749919
10807.0,10808.0,10692.349609375,10737.599609375,298800.0,15.350000381469728,16.549999237060547,15.350000381469728,16.15999984741211,0.0,-0.0053127235327499,2,47.91479957347509,10781.057291704705,15.58354590088311,117.79504676495638,115.650390625,0.0527686935382882,-0.010829032949329,-0.0031749750211303,0.013895116296032572
10777.5498046875,10896.9501953125,10777.5498046875,10886.7998046875,310700.0,16.15999984741211,16.15999984741211,12.989999771118164,15.579999923706056,0.0,0.0138951162960325,1,56.205839701980814,10791.128007226876,22.345250422968093,120.7632995629952,119.400390625,-0.035891084726646,0.0060250053287884,0.0078363484122536,0.0003214902508350548
10899.650390625,10928.150390625,10876.900390625,10890.2998046875,276500.0,15.579999923706056,16.309999465942383,12.800000190734863,16.079999923706055,0.0,0.000321490250835,1,56.38124844831844,10800.572940318363,27.667437721778697,115.79806387992411,51.25,0.0320924263445736,0.0088327975256805,0.0032380402663843,0.001368225934293088
10920.849609375,10930.650390625,10844.650390625,10905.2001953125,271700.0,16.079999923706055,16.43000030517578,12.989999771118164,16.239999771118164,0.0,0.001368225934293,1,57.16778670353951,10810.537440793996,32.7105792995153,113.66963074564384,86.0,0.0099502393141326,0.0156087572674219,0.0077253445844618,0.0001604738994844812
10914.849609375,10928.2001953125,10852.2001953125,10906.9501953125,323800.0,16.239999771118164,16.90999984741211,12.3100004196167,16.6200008392334,0.0,0.0001604738994844,2,57.26525263516841,10819.719607890996,36.42858960344347,110.9789428352407,76.0,0.0233990808787474,0.0018509011818443,0.0103752215594874,0.0050334340103701525
10919.349609375,10987.4501953125,10885.75,10961.849609375,288800.0,16.6200008392334,18.34000015258789,14.359999656677246,18.149999618530277,0.0,0.0050334340103701,1,60.31603823828705,10833.25579850852,43.30586045505879,110.31617515504492,101.7001953125,0.0920576836365218,0.0065700491235973,0.0208845559676305,-0.0035668806605010372
10949.7998046875,10949.7998046875,10864.150390625,10922.75,300800.0,18.149999618530277,18.46999931335449,15.510000228881836,17.989999771118164,0.0,-0.003566880660501,0,57.18490639723584,10841.779055793424,45.081464386321386,109.41496398325602,85.6494140625,-0.0088154187754779,0.0016093060533675,0.0033021820881671,-0.008354123274816327
10931.0498046875,10944.7998046875,10811.9501953125,10831.5,298900.0,17.989999771118164,18.290000915527344,12.020000457763672,18.09000015258789,0.0,-0.0083541232748163,1,50.5850314191734,10840.80009809881,38.67965590641143,111.08886722552344,132.849609375,0.0055586649662036,-0.0069176253637727,-0.0053992824570532,0.001689498655541799
10844.0498046875,10866.599609375,10798.650390625,10849.7998046875,361100.0,18.09000015258789,18.3799991607666,14.539999961853027,17.43000030517578,0.0,0.0016894986555417,0,51.786793711382565,10841.65721301202,34.68301367179629,108.00746376298603,67.94921875,-0.0364842366967969,-0.0102217972952001,-0.0050801809808878,-0.006382606245884936
10859.75,10931.7001953125,10756.4501953125,10780.5498046875,463400.0,17.43000030517578,18.13999938964844,14.369999885559082,17.690000534057617,0.0,-0.0063826062458849,0,47.11701965828175,10835.837459838256,25.632276722488317,112.81050206562988,175.25,0.0149168229678475,-0.0130187173845872,-0.0115889766031317,-0.011038398055380982
10792.4501953125,10804.4501953125,10630.9501953125,10661.5498046875,419700.0,17.690000534057617,19.280000686645508,14.59000015258789,18.899999618530277,0.0,-0.0110383980553809,1,40.37884048346,10819.238635538184,8.756260289583224,117.1454662037992,173.5,0.068400172297514,-0.0156903656291833,-0.0273949940373814,-0.0008769465552643796
10653.7001953125,10690.349609375,10583.650390625,10652.2001953125,356900.0,18.899999618530277,19.799999237060547,18.040000915527344,18.43000030517578,0.0,-0.0008769465552643,1,39.89608610176839,10803.330212659548,-5.311314134085478,116.39930567138497,106.69921875,-0.0248676890391937,-0.0182122816026181,-0.024769385428349,-3.758759858607519e-05
10702.25,10710.2001953125,10612.849609375,10651.7998046875,410100.0,18.43000030517578,18.43000030517578,15.979999542236328,17.850000381469727,0.0,-3.758759858607519e-05,2,39.87410049799679,10788.89874523364,-16.304330223749275,115.0386828332503,97.3505859375,-0.0314704239881737,-0.0119428046187419,-0.0165905179626552,0.016818790618479573
10690.5498046875,10838.0498046875,10678.5498046875,10830.9501953125,604800.0,17.850000381469727,17.850000381469727,16.450000762939453,17.1200008392334,0.0,0.0168187906184795,2,52.48984980605314,10792.90364524115,-10.440088532190202,120.12520548801815,159.5,-0.0408963320244042,0.0158889086228835,-0.0017373232423013,0.005788983808607595
10851.349609375,10983.4501953125,10813.4501953125,10893.650390625,482300.0,17.1200008392334,17.18000030517578,15.550000190734863,15.720000267028809,0.0,0.0057889838086075,1,55.97176773455313,10802.498573372945,-0.7248968283201975,123.68769081030256,170.0,-0.0817757303490459,0.0226666971034537,0.0104911704863441,0.0017073807867935553
10876.75,10927.900390625,10814.150390625,10912.25,318300.0,15.720000267028809,16.450000762939453,14.970000267028809,15.720000267028809,0.0,0.0017073807867935,1,56.9790059184689,10812.951090194569,8.378711058794579,122.97785575242382,113.75,0.0,0.0244512852370624,0.0235144233160431,0.0020252110586724825
10908.650390625,10956.7001953125,10886.7001953125,10934.349609375,268100.0,15.720000267028809,15.979999542236328,14.609999656677246,15.779999732971191,0.0,0.0020252110586724,2,58.20254057334866,10824.51285392604,17.178615295893906,119.19372319867924,70.0,0.0038167598551652,0.0095466613914676,0.0264874306611941,0.011715428033110209
10965.099609375,11072.599609375,10962.7001953125,11062.4501953125,298500.0,15.779999732971191,15.970000267028809,12.829999923706056,15.630000114440918,0.0,0.0117154280331102,1,64.5043118424932,10847.173553105702,34.096209627141434,120.55488582734502,109.8994140625,-0.0095056794086542,0.0154952471058524,0.0385522069654638,0.0006282690714798367
11070.4501953125,11118.099609375,11043.599609375,11069.400390625,263500.0,15.630000114440918,16.219999313354492,13.600000381469728,15.4399995803833,0.0,0.0006282690714798,0,64.81427482673527,10868.338013821824,47.5166058417708,117.2652511253918,74.5,-0.0121561441245333,0.0144012821026826,0.0220156303013652,-0.011364733121095205
11023.5,11041.2001953125,10925.4501953125,10943.599609375,352800.0,15.4399995803833,15.81999969482422,12.970000267028809,15.56999969482422,0.0,-0.0113647331210952,0,55.3865006258321,10875.50578482689,47.45427154164463,119.1713185673281,115.75,0.0084196967599716,0.0008459579518171,0.0045851681446456,-0.005007475295473629
10930.900390625,10930.900390625,10857.099609375,10888.7998046875,286000.0,15.56999969482422,16.360000610351562,13.460000038146973,15.84000015258789,0.0,-0.0050074752954736,0,51.84852171061343,10876.771881956472,42.4931503167154,116.8376529553761,73.80078125,0.0173410702026812,-0.0156972811229993,-0.0021489789284977,-0.005271417887377283
10879.7001953125,10910.900390625,10823.7998046875,10831.400390625,292300.0,15.84000015258789,15.979999542236328,13.229999542236328,15.75,0.0,-0.0052714178873772,0,48.363674550094736,10872.450787543952,33.543108915368066,114.71357673981352,87.1005859375,-0.0056818277601585,-0.0215007129204187,-0.0094152119172897,-0.007879921603800577
10786.099609375,10792.7001953125,10718.75,10746.0498046875,627000.0,15.729999542236328,16.579999923706055,12.09000015258789,15.770000457763672,0.0,-0.0078799216038005,1,43.66412874356865,10860.41259870048,19.340116814848443,114.56620630304111,73.9501953125,0.0012698703342013,-0.0180516294216636,-0.0286012940206563,-0.002014639281967212
10780.25,10785.75,10620.400390625,10724.400390625,521900.0,15.770000457763672,17.540000915527344,12.449999809265137,16.459999084472656,0.0,-0.0020146392819672,0,42.53509144092747,10847.459055074243,6.264997473959738,118.19359223675248,165.349609375,0.0437538748687413,-0.0150980288931134,-0.0311669998216155,-0.00778133902809619
10738.650390625,10759.900390625,10628.400390625,10640.9501953125,345400.0,16.459999084472656,18.190000534057617,11.850000381469728,18.0,0.0,-0.0077813390280961,1,38.41205710072472,10827.791544620746,-10.707433515755838,119.14404993412732,131.5,0.0935602066333092,-0.0175831553117861,-0.027655380758195,-0.0034395975233135756
10636.7001953125,10722.849609375,10585.650390625,10604.349609375,291500.0,18.0,18.61000061035156,15.260000228881836,18.46999931335449,0.0,-0.0034395975233135,2,36.73038830826466,10806.511360311628,-26.802605009655963,120.4337048495468,137.19921875,0.0261110729641385,-0.0131862589405354,-0.0261231908396412,0.012362906803977669
10655.4501953125,10752.7001953125,10646.400390625,10735.4501953125,289200.0,18.46999931335449,18.46999931335449,15.239999771118164,17.059999465942383,0.0,0.0123629068039776,2,45.87152077675763,10799.74363031171,-28.649172914312658,122.4277677844006,106.2998046875,-0.0763400054050151,0.0010303424233544,-0.0088585216917609,0.005067269008080633
10744.099609375,10808.849609375,10721.5,10789.849609375,279600.0,17.059999465942383,17.170000076293945,12.130000114440918,16.049999237060547,0.0,0.0050672690080806,1,49.15424078765718,10798.801342603452,-25.429873450988453,119.92218504087198,87.349609375,-0.0592028288686727,0.0139930561960615,0.0040758981657049,0.00016689586186968697
10782.7001953125,10801.5498046875,10758.400390625,10791.650390625,396800.0,16.049999237060547,16.049999237060547,12.31999969482422,15.449999809265137,0.0,0.0001668958618696,2,49.26393311117261,10798.120299557884,-22.47417908854186,114.43841568527398,43.1494140625,-0.0373831436957311,0.0176626373280275,0.0062707468530165,0.008196078963680797
10813.25,10887.099609375,10788.0498046875,10880.099609375,385900.0,15.449999809265137,16.040000915527344,11.699999809265137,15.359999656677246,0.0,0.0081960789636807,1,54.460617712821445,10805.9278528738,-12.846569997296683,113.33922918543296,99.0498046875,-0.0058252526665999,0.0134739960999175,0.0224744416309596,-0.004117591409631749
10775.2998046875,10888.75,10729.2998046875,10835.2998046875,415000.0,15.359999656677246,18.100000381469727,13.119999885559082,17.110000610351562,0.0,-0.0041175914096317,1,51.57891882290884,10808.72518161796,-8.730945356752272,116.63286962308062,159.4501953125,0.1139323563014249,0.0042123103618616,0.0217788175437296,-0.002644081343287419
10881.2001953125,10939.7001953125,10751.2001953125,10806.650390625,381100.0,17.110000610351562,19.979999542236328,14.130000114440918,18.899999618530277,0.0,-0.0026440813432874,1,49.76541702315083,10808.527582475775,-7.692378508243564,121.76623607857486,188.5,0.1046171212346867,0.0013899634863108,0.0066322505360407,-0.0013094150466157473
10865.7001953125,10865.7001953125,10784.849609375,10792.5,644200.0,18.899999618530277,18.899999618530277,17.06999969482422,18.280000686645508,0.0,-0.0013094150466157,2,48.85180100796611,10807.001146049512,-7.919830189515778,118.84368963992664,80.8505859375,-0.032804176952305,-0.0080513609727909,0.0002456374019057,0.006578642575862936
10842.650390625,10877.900390625,10823.099609375,10863.5,308500.0,18.280000686645508,18.280000686645508,15.899999618530272,16.270000457763672,0.0,0.0065786425758629,2,53.467785884565366,10812.381989282892,-2.3439609347933583,116.4548825674319,54.80078125,-0.1099562447144898,0.0026026225227566,0.0066578889024626,0.011409784628572783
10864.849609375,10994.900390625,10817.0,10987.4501953125,373200.0,16.270000457763672,16.860000610351562,15.449999809265137,15.65999984741211,0.0,0.0114097846285727,2,60.21768966663341,10829.055151761902,11.939074271867868,120.84384742868676,177.900390625,-0.0374923536071865,0.0167304204496472,0.0098666914634677,0.005965879573721855
11024.849609375,11062.2998046875,10998.849609375,11053.0,372600.0,15.65999984741211,15.739999771118164,14.289999961853027,15.609999656677246,0.0,0.0059658795737218,1,63.25346177241545,10850.383232546485,28.222472892934093,117.55854471056628,63.4501953125,-0.0031928602312933,0.0241371322677785,0.0200917555800643,0.00047047817900125466
11077.9501953125,11089.0498046875,11027.099609375,11058.2001953125,321200.0,15.609999656677246,15.6899995803833,14.3100004196167,15.289999961853027,0.0,0.0004704781790012,1,63.49147788343238,10870.175324238484,41.07332815781047,113.58651975356152,61.9501953125,-0.0204996605933516,0.0179224186783726,0.0232773149491098,-0.0020618006804727917
11038.849609375,11049.0,11008.9501953125,11035.400390625,326600.0,15.289999961853027,15.40999984741211,12.920000076293944,14.9399995803833,0.0,-0.0020618006804727,2,61.60731535820317,10885.911044846724,48.85480210071546,108.99105405687855,40.0498046875,-0.0228908032925403,0.0043640876145183,0.0225064063585822,0.012020353532001593
11068.75,11180.900390625,11059.849609375,11168.0498046875,352200.0,14.9399995803833,15.380000114440918,13.670000076293944,14.899999618530272,0.0,0.0120203535320015,2,67.62666136425938,10912.781402926796,64.97636825355221,111.59883590995864,121.05078125,-0.0026773736932059,0.0104089210791187,0.0280342251288718,0.011922438828049886
11231.349609375,11320.400390625,11227.0,11301.2001953125,391300.0,14.899999618530272,15.199999809265137,13.84000015258789,15.100000381469728,0.0,0.0119224388280498,1,72.31821522625026,10949.773668868293,87.48843707553533,114.50967519764018,93.400390625,0.0134228703395886,0.0219746428630407,0.0285553057736591,0.0035836901656514097
11326.2001953125,11352.2998046875,11276.599609375,11341.7001953125,383000.0,15.100000381469728,15.600000381469728,12.300000190734863,15.279999732971191,0.0,0.0035836901656514,1,73.57273827288088,10987.10000472012,107.35984783833736,111.73756949155872,75.7001953125,0.0119204865532556,0.0277561115904514,0.0261196232075002,0.00013664659273393553
11382.5,11383.4501953125,11313.75,11343.25,294500.0,15.279999732971191,15.520000457763672,13.760000228881836,15.149999618530272,0.0,0.0001366465927339,2,73.62200265122962,11021.019051889634,121.82877404821556,108.73489990734024,69.7001953125,-0.0085078610414111,0.0156876266113143,0.0257772331530343,0.007369987382364052
11376.849609375,11487.0,11370.7998046875,11426.849609375,463700.0,15.149999618530272,16.389999389648438,11.850000381469728,15.869999885559082,0.0,0.007369987382364,1,76.19939641549459,11059.669581173956,138.4453799571147,111.23597848538738,116.2001953125,0.0475247712975623,0.0111182362838433,0.0354721355722218,0.0030936423551506387
11473.849609375,11530.150390625,11412.5,11462.2001953125,320300.0,15.869999885559082,17.190000534057617,14.270000457763672,16.899999618530273,0.0,0.0030936423551506,2,77.21330174613476,11098.005830139531,152.70635292397492,111.694150781074,117.650390625,0.0649023150849825,0.0106245093702797,0.026338563649809,0.006124495656707252
11500.2998046875,11543.849609375,11451.25,11532.400390625,326100.0,16.899999618530273,17.18000030517578,14.550000190734863,16.489999771118164,0.0,0.0061244956567072,1,79.11591803944899,11139.376740661955,167.73925213463554,110.33025496635442,92.599609375,-0.0242603465483253,0.0166751495933705,0.0204580213885952,-0.0009842344657688962
11553.349609375,11556.099609375,11503.099609375,11521.0498046875,366300.0,16.489999771118164,16.489999771118164,14.489999771118164,16.030000686645508,0.0,-0.0009842344657688,0,77.98213597913622,11175.726556283436,176.70014634586914,106.23523675447196,53.0,-0.0278956392272565,0.0082437590878254,0.015813291330794,-0.005568018119008533
11549.2001953125,11572.7998046875,11434.5498046875,11456.900390625,386200.0,16.030000686645508,16.809999465942383,12.68000030517578,16.270000457763672,0.0,-0.0055680181190085,0,71.72606310313834,11202.505016696918,176.58978090129858,108.52200555772396,138.25,0.0149719127160179,-0.0004623723715511,0.0100192088356512,-0.008959700017030503
11395.650390625,11395.650390625,11311.599609375,11354.25,294500.0,16.270000457763672,17.030000686645508,14.260000228881836,16.670000076293945,0.0,-0.0089597000170305,2,63.01443521612256,11216.95691986864,166.30225794300168,111.14906096431513,84.05078125,0.0245851018608547,-0.0154478152501384,-0.0063534230218131,0.011361384503600025
11375.2001953125,11496.75,11352.4501953125,11483.25,282600.0,16.670000076293945,16.670000076293945,15.520000457763672,16.489999771118164,0.0,0.0113613845036,1,68.2356967055686,11242.318165595436,166.6376486971203,113.5169712302569,144.2998046875,-0.0107978586893803,-0.0032809340579467,0.0018364541125452,-0.0033266013813597617
11531.4501953125,11546.2001953125,11413.0,11445.0498046875,350400.0,16.489999771118164,17.420000076293945,14.550000190734863,17.049999237060547,0.0,-0.0033266013813597,2,65.29607903981542,11261.62594074706,161.95410565964085,114.92291580755996,133.2001953125,0.0339599438274831,-0.0010343623086046,-0.007574362923482,0.010917400749215211
11463.650390625,11588.5,11452.4501953125,11570.0,527700.0,17.049999237060547,17.329999923706055,15.75,16.649999618530273,0.0,0.0109174007492152,2,69.86858961203455,11290.99489877115,166.40656922318703,116.9605786293414,136.0498046875,-0.02346038923338,0.0190016954004006,0.0042487617137618,0.008569610252809001
11665.2001953125,11738.099609375,11644.75,11669.150390625,379600.0,17.18000030517578,18.21999931335449,17.18000030517578,18.010000228881836,0.0,0.008569610252809,1,72.91789400772782,11327.009707519135,175.90802831316432,120.61336653974558,93.349609375,0.0816817202108508,0.0161888307426034,0.0185259531603922,0.0037748939051200914
11711.5498046875,11729.349609375,11655.849609375,11713.2001953125,386100.0,18.010000228881836,18.549999237060547,17.440000534057617,18.07999992370605,0.0,0.00377489390512,0,74.16862272810654,11363.789753975649,184.86148605601736,117.2481260726209,73.5,0.0038867126004786,0.0234293773466303,0.0316137301285861,-0.005912133221091298
11735.2998046875,11761.0,11629.150390625,11643.9501953125,365800.0,18.07999992370605,18.8799991607666,17.290000915527344,18.780000686645508,0.0,-0.0059121332210912,1,68.7900529544038,11390.471700769634,184.24540324992088,118.291089165648,131.849609375,0.0387168565206479,0.0063915466994382,0.013994313048353,-0.003946272059030087
11660.2001953125,11662.5498046875,11559.2001953125,11598.0,349000.0,18.780000686645508,19.32999992370605,18.25,18.649999618530277,0.0,-0.00394627205903,2,65.40096369184212,11410.236300696335,177.99751192961776,117.22384060917314,103.349609375,-0.0069223143430275,-0.0060973068512478,0.0133638732834397,0.005858785593421345
11638.400390625,11689.650390625,11609.5,11665.9501953125,266700.0,18.649999618530277,19.07999992370605,16.760000228881836,18.38999938964844,0.0,0.0058587855934213,0,67.91809323627578,11434.590004945494,176.49450710895871,115.39716561030365,80.150390625,-0.0139410313243923,-0.0040339103927301,0.0082930160166379,-0.005267483083991831
11704.349609375,11710.2998046875,11549.099609375,11604.5,260900.0,18.38999938964844,20.459999084472656,18.38999938964844,20.149999618530277,0.0,-0.0052674830839918,2,63.42428644615983,11450.7719092364,168.4035959326975,118.66881058903196,161.2001953125,0.0957042026805354,-0.0033880422580629,-0.0055402825793504,0.005812417192683883
11612.0498046875,11683.900390625,11569.7001953125,11671.9501953125,300500.0,20.149999618530277,20.65999984741211,16.549999237060547,20.280000686645508,0.0,0.0058124171926838,0,66.0774387083349,11471.836507910311,165.52607602257558,118.34962378356538,114.2001953125,0.0064516660335658,0.0063761161676583,-0.003521667803177,-0.007509489773200095
11646.849609375,11680.0498046875,11571.75,11584.2998046875,359900.0,20.280000686645508,21.280000686645508,18.700000762939453,21.1299991607666,0.0,-0.0075094897732,1,59.98784961517939,11482.547298079568,154.39321785484572,117.63177956241783,108.2998046875,0.0419131383304549,-0.006999034734248,-0.005122865490185,0.0010704480058416621
11592.5498046875,11606.7001953125,11550.5498046875,11596.7001953125,279800.0,21.1299991607666,21.34000015258789,19.40999984741211,20.959999084472656,0.0,0.0010704480058416,1,60.541884764878624,11493.419002577944,144.90063115956036,113.24025178117373,56.150390625,-0.0080454369638403,-0.0006721362133224,-0.0001120714508967,0.0040313191867198395
11612.849609375,11657.349609375,11578.7998046875,11643.4501953125,246000.0,20.959999084472656,21.299999237060547,18.68000030517578,21.0,0.0,0.0040313191867198,1,62.642077150193714,11507.70768760028,139.541474846621,110.76236270305417,78.5498046875,0.0019084407096647,-0.0024417513374453,-0.0019286898729466,0.0040279653604204935
11667.0,11704.599609375,11648.25,11690.349609375,290000.0,21.0,22.239999771118164,18.76000022888184,21.38999938964844,0.0,0.0040279653604204,2,64.67347127661137,11525.10215634073,137.493753217861,107.2185806573003,56.349609375,0.0185713995070684,0.0091546149940446,0.0073979584967038,0.008280400884877803
11736.2001953125,11810.9501953125,11731.5498046875,11787.150390625,354300.0,21.38999938964844,21.88999938964844,19.670000076293945,21.690000534057617,0.0,0.0082804008848778,1,68.48285303047359,11550.05913103447,142.04453217575065,108.17443817731456,79.400390625,0.0140252993440646,0.0164227920102204,0.0098698326659039,-0.0029142400664389223
11856.150390625,11856.150390625,11738.5,11752.7998046875,339700.0,21.690000534057617,23.049999237060547,18.5,22.739999771118164,0.0,-0.0029142400664389,0,65.7724281319237,11569.367766620471,141.25099849617072,108.8512919235778,117.650390625,0.0484093688892186,0.0093915126135912,0.0145455489620371,-0.013473352052831178
11727.0498046875,11727.0498046875,11583.9501953125,11594.4501953125,260400.0,22.739999771118164,24.559999465942383,20.40999984741211,24.049999237060547,0.0,-0.0134733520528311,1,54.97150883798531,11571.756569353049,126.3877084153446,113.13688602725082,143.099609375,0.0576077167602349,-0.0082032973578133,-0.0001940207095212,-0.0015955909670886115
11612.9501953125,11645.9501953125,11564.7998046875,11575.9501953125,272500.0,24.049999237060547,26.31999969482422,22.780000686645508,24.649999618530277,0.0,-0.0015955909670886,2,53.85872118399474,11572.155962301567,111.82658133303994,110.85213635566149,81.150390625,0.0249480416009801,-0.0179178332602322,-0.00579725071759,0.012975193636658888
11601.5,11740.849609375,11578.849609375,11726.150390625,335200.0,24.649999618530277,25.1299991607666,23.450000762939453,23.709999084472656,0.0,0.0129751936366588,0,60.79734814526206,11586.82209833237,111.12569585094388,114.71265619186424,162.0,-0.0381338964951133,-0.0022674949378335,0.0030624217791819,-0.007193374050953438
11735.7001953125,11796.75,11624.2998046875,11641.7998046875,604400.0,23.709999084472656,25.540000915527344,22.729999542236328,23.229999542236328,0.0,-0.0071933740509534,2,55.728989160358495,11592.05807036619,102.58135768219654,118.8367661290525,172.4501953125,-0.020244603997082,0.0040838167034555,-0.0123312744065016,0.009693568677590747
11683.75,11762.900390625,11661.75,11754.650390625,333500.0,23.229999542236328,23.959999084472656,21.43000030517578,21.71999931335449,0.0,0.0096935686775907,1,60.476232218168114,11607.543053247982,103.7203832637224,118.99846754394162,101.150390625,-0.0650021635229214,0.0154371945540039,0.0001574591559674,-0.0005529726349993158
11748.75,11756.25,11655.900390625,11748.150390625,532600.0,21.71999931335449,22.780000686645508,20.76000022888184,21.82999992370605,0.0,-0.0005529726349993,1,60.07663555363701,11620.934228236269,102.91226503541655,117.66640624616008,100.349609375,0.0050644849829222,0.0018761485455267,0.0132563590962371,-0.001991836148409698
11725.5498046875,11789.2998046875,11699.5498046875,11724.75,380300.0,21.82999992370605,23.270000457763672,21.770000457763672,22.979999542236328,0.0,-0.0019918361484096,1,58.576080712321264,11630.82144459472,99.2396368005884,115.6723772285772,89.75,0.0526797811520578,0.0071252037231477,0.0128542194961891,-0.0010661208128105448
11722.599609375,11770.900390625,11699.349609375,11712.25,305500.0,22.979999542236328,24.149999618530277,21.100000381469727,24.030000686645508,0.0,-0.0010661208128105,0,57.74634014650213,11638.576545109509,94.2341344878223,112.52083465867882,71.55078125,0.0456919567156353,-0.0036071162659858,-0.0011854180751521,-0.00973339879186319
11605.7998046875,11632.5498046875,11571.349609375,11598.25,299000.0,24.030000686645508,27.84000015258789,19.739999771118164,26.43000030517578,0.0,-0.0097333987918631,0,50.69364582270264,11634.735921765749,80.14453427710578,114.54794579913036,61.2001953125,0.0998751373263195,-0.0127594885697599,-0.0037408137417004,-0.008652133673183404
11651.5,11657.0498046875,11484.4501953125,11497.900390625,337500.0,26.43000030517578,26.809999465942383,23.09000015258789,26.479999542236328,0.0,-0.0086521336731834,0,45.43345087851035,11621.703966419009,60.18724864304386,118.69449319740674,172.599609375,0.0018917607447304,-0.0193479271946096,-0.0218424190824741,-0.012041345863927244
11478.7001953125,11479.099609375,11346.9501953125,11359.4501953125,372800.0,26.479999542236328,27.030000686645508,23.25,26.3700008392334,0.0,-0.0120413458639272,0,39.3644757819848,11596.727416789818,32.82084404848683,120.9984719199134,132.1494140625,-0.0041540296414083,-0.0301222911641657,-0.0330860758832881,-0.005075103956069027
11322.400390625,11357.599609375,11255.0498046875,11301.7998046875,373000.0,26.3700008392334,26.5,23.489999771118164,25.489999771118164,0.0,-0.005075103956069,1,37.139771826927074,11568.639072780074,6.407010495218856,119.81289468456244,102.5498046875,-0.0333712946571456,-0.025559907340547,-0.036073280480394,-0.0020261741013145596
11314.150390625,11345.7998046875,11251.0498046875,11278.900390625,387300.0,25.489999771118164,26.530000686645508,24.540000915527344,26.34000015258789,0.0,-0.0020261741013145,0,36.26309520833632,11541.04491257483,-16.187336692471945,118.0226879213794,94.75,0.0333464256218956,-0.0190469557536404,-0.0369996891609212,-0.011588026384304118
11258.7001953125,11300.2001953125,11125.599609375,11148.2001953125,357600.0,26.34000015258789,28.059999465942383,23.709999084472656,27.3799991607666,0.0,-0.0115880263843041,2,31.6683431154177,11503.631129978416,-44.131215890747626,122.06396635110232,174.6005859375,0.0394836371356865,-0.0185968507601866,-0.0388032508945315,0.006624352638199937
11151.650390625,11294.75,11108.2998046875,11222.0498046875,398100.0,27.3799991607666,27.76000022888184,22.38999938964844,27.1299991607666,0.0,0.0066243526381999,0,36.55959271952203,11476.81386090309,-59.630511769559234,126.66298270548783,186.4501953125,-0.0091307526538653,-0.007056398217824,-0.0239913876939149,-0.005796606308085428
11271.7001953125,11286.7998046875,11136.9501953125,11157.0,414200.0,27.1299991607666,29.07999992370605,23.18000030517578,28.65999984741211,0.0,-0.0057966063080854,2,34.2349808982067,11446.355397959938,-76.28344296854812,128.31917032473874,149.849609375,0.0563951615913826,-0.0108078257988981,-0.0178221825732411,0.008971910851931497
11180.349609375,11281.5498046875,11143.349609375,11257.099609375,350700.0,28.65999984741211,29.32999992370605,23.780000686645508,28.3700008392334,0.0,0.0089719108519314,2,40.50410887985484,11428.331037142329,-80.47613027723128,129.02495782386455,138.2001953125,-0.0101185976874629,0.0097683403737482,-0.0039551395428151,0.013329435330307948
11261.900390625,11426.150390625,11259.849609375,11407.150390625,412100.0,28.3700008392334,29.229999542236328,25.5,28.07999992370605,0.0,0.0133294353303079,2,48.438732514904295,11426.313832712103,-70.87402946178554,131.88394521144565,166.30078125,-0.0102220975307937,0.0164943650366069,0.0113707893108623,0.036915407876193296
11651.900390625,11845.2001953125,11591.7001953125,11828.25,452100.0,28.07999992370605,28.07999992370605,19.76000022888184,23.68000030517578,0.0,0.0369154078761932,0,63.25086869735919,11464.593467691904,-28.951343123908373,153.75293517402093,253.5,-0.1566951435357965,0.0601640225867168,0.0610008604773208,-0.010073374389702572
11863.650390625,11883.5498046875,11682.7998046875,11709.099609375,381000.0,23.68000030517578,28.100000381469727,20.239999771118164,25.649999618530277,0.0,-0.0100733743897025,1,58.15976363149034,11487.879766899818,-5.280878229572409,157.10986837587657,200.75,0.0831925374985702,0.0401524385218703,0.0434011444579454,0.0024596922232125173
11727.9501953125,11784.7998046875,11682.400390625,11737.900390625,355900.0,25.649999618530277,30.18000030517578,19.040000915527344,27.6299991607666,0.0,0.0024596922232125,0,59.01843616926654,11511.691254873644,15.622036966611631,153.20197878206395,102.3994140625,0.077192965757626,0.0289949714585886,0.0520660025656538,-0.006887993870017373
11901.2998046875,12041.150390625,11614.5,11657.0498046875,569000.0,27.6299991607666,27.6299991607666,18.959999084472656,19.40999984741211,0.0,-0.0068879938700173,2,55.57063367404828,11525.534926284488,25.371316524540816,172.73400819941654,426.650390625,-0.2975026986257217,-0.0144738397744805,0.0355287071440157,0.016046067214389392
11748.0,11859.0,11658.099609375,11844.099609375,374600.0,19.40999984741211,19.40999984741211,14.489999771118164,16.469999313354492,0.0,0.0160460672143893,2,61.21570409867133,11555.874419912156,47.64186109315233,174.82087870749393,200.900390625,-0.1514683440066899,0.0115294945387527,0.0383048529902005,0.006809330661248669
11855.5,11957.150390625,11812.400390625,11924.75,348400.0,16.469999313354492,17.34000015258789,13.479999542236328,16.190000534057617,0.0,0.0068093306612486,1,63.37640248329254,11591.00542753957,70.98101565012075,172.6729587998158,144.75,-0.01700053375654,0.0159184865399126,0.0081584342569696,0.0003354368016101894
11958.349609375,11958.5498046875,11864.900390625,11928.75,598300.0,16.190000534057617,16.540000915527344,15.380000114440918,15.920000076293944,0.0,0.0003354368016101,0,63.48505681985055,11623.171577297708,88.77686590814301,167.02841989000754,93.6494140625,-0.016676988811439,0.0233078008471101,0.0187589479936727,-0.005671205333752538
11905.7998046875,11931.900390625,11836.7998046875,11861.099609375,318100.0,15.920000076293944,16.510000228881836,14.479999542236328,16.40999984741211,0.0,-0.0056712053337525,2,60.23045966771931,11645.831389876495,96.31116909852426,161.89071746482844,95.1005859375,0.0307788799478594,0.0014353138322598,0.0104958480350028,0.007149487319284775
11865.2998046875,11968.5498046875,11859.400390625,11945.900390625,421200.0,16.40999984741211,16.40999984741211,14.850000381469728,15.609999656677246,0.0,0.0071494873192847,1,62.80458320160174,11674.409389947785,107.88128469955336,158.12348150751927,109.1494140625,-0.0487507738070469,0.0017736548460134,0.0247790470811362,-0.0019337668306382838
11999.7998046875,12039.25,11829.4501953125,11922.7998046875,438900.0,15.609999656677246,16.790000915527344,14.1899995803833,16.06999969482422,0.0,-0.0019337668306382,2,61.63425203799429,11698.065619922994,113.87399195093349,161.8146474489465,209.7998046875,0.0294682926498468,-0.0004988113014775,0.0066446752313875,0.013901936014629301
11953.75,12103.0498046875,11920.099609375,12088.5498046875,315300.0,16.06999969482422,16.229999542236328,14.079999923706056,15.970000267028809,0.0,0.0139019360146293,0,66.46321702935292,11735.254589900567,130.49364587208947,163.3243294392003,182.9501953125,-0.0062227398689757,0.0191761474739426,0.0137361206471833,-0.005534114111566901
12052.650390625,12095.2001953125,12005.849609375,12021.650390625,289200.0,15.970000267028809,15.970000267028809,14.670000076293944,15.630000114440918,0.0,-0.0055341141115669,0,63.01565339149292,11762.53038044575,136.6909297782986,158.04049061765028,89.3505859375,-0.0212899277960467,0.0063410875298648,0.0077879401131719,-0.014798333410505293
12039.7998046875,12039.7998046875,11830.25,11843.75,415200.0,15.630000114440918,15.93000030517578,13.979999542236328,15.529999732971191,0.0,-0.0147983334105052,1,54.86543852069982,11770.26558230806,125.79713609623286,161.71972733692525,209.5498046875,-0.0063979770145576,-0.0066301377178555,-0.0014627319512001,0.0022712730870713127
11865.2001953125,11897.5,11769.5,11870.650390625,302500.0,15.529999732971191,15.729999542236328,13.630000114440918,14.859999656677246,0.0,0.0022712730870713,1,55.79642710778295,11779.826040243006,117.97442706645052,159.31117538428774,128.0,-0.0431423108701987,-0.0180252733026757,-0.0062992321666314,0.004384747505377318
11934.900390625,11975.0498046875,11871.75,11922.7001953125,303300.0,14.859999656677246,15.449999809265137,13.449999809265137,14.979999542236328,0.0,0.0043847475053773,1,57.61806122111914,11793.433102630575,114.65320723680452,155.38890671844575,103.2998046875,0.0080753626064291,-0.0082309992469641,-8.354528854948029e-06,0.0035981290613484873
11959.849609375,12000.349609375,11904.349609375,11965.599609375,332200.0,14.979999542236328,14.979999542236328,13.479999542236328,14.489999771118164,0.0,0.0035981290613484,1,59.11360634767273,11809.829912796711,114.1666981531871,151.1468419528425,96.0,-0.0327102660942413,0.0102880936675462,-0.0101707977630884,-0.004964181988503125
11962.4501953125,11962.4501953125,11866.349609375,11906.2001953125,283700.0,14.489999771118164,14.710000038146973,13.3100004196167,14.119999885559082,0.0,-0.0049641819885031,1,56.15865145022801,11819.008034941073,107.74607027752243,147.4399246704966,96.1005859375,-0.0255348441272287,0.0029947646942392,-0.009603522940788,0.0006592875347493088
11873.900390625,11931.349609375,11817.0498046875,11914.0498046875,447900.0,14.119999885559082,14.289999961853027,13.279999732971191,13.65999984741211,0.0,0.0006592875347493,0,56.46833578649649,11828.059632059782,102.113968042715,145.0727732431397,114.2998046875,-0.0325779066483865,-0.0007255395575912,0.0059356035620052,-0.007617057296864349
11910.099609375,11911.849609375,11797.7001953125,11823.2998046875,390300.0,13.65999984741211,14.119999885559082,12.640000343322754,13.899999618530272,0.0,-0.0076170572968643,0,51.90359571923982,11827.606315167184,89.29834414885954,143.0211186811297,114.1494140625,0.0175695295606925,-0.0118924090169295,-0.0039888788212393,-0.012784029548381648
11844.0,11844.0498046875,11657.75,11672.150390625,295500.0,13.899999618530272,14.960000038146973,13.520000457763672,14.649999618530272,0.0,-0.0127840295483816,1,45.33081546250939,11812.800989020308,66.18246511422876,146.11245339587043,186.2998046875,0.0539568360131581,-0.0196578086079591,-0.0210145185723956,0.0016577587443133979
11677.0498046875,11727.2001953125,11641.150390625,11691.5,365500.0,14.649999618530272,14.970000267028809,11.739999771118164,14.600000381469728,0.0,0.0016577587443133,1,46.26886993769689,11801.248513875518,48.861076132803646,141.8222642024154,86.0498046875,-0.0034129172943666,-0.0186796100684369,-0.0229073024606509,-4.259905700743083e-06
11744.4501953125,11802.5,11625.099609375,11691.4501953125,446900.0,14.600000381469728,15.300000190734863,10.789999961853027,14.729999542236328,0.0,-4.259905700743083e-06,2,46.26666936154896,11790.79153115523,34.729392925759385,144.36355894688572,177.400390625,0.0089040518746559,-0.0111516760593963,-0.018036820856124,0.012000205478679637
11653.650390625,11843.5,11635.0498046875,11831.75,442000.0,14.729999542236328,15.1899995803833,12.84000015258789,14.0,0.0,0.0120002054786796,0,53.04197459901442,11794.692337711876,34.45379200726711,148.9411758301439,208.4501953125,-0.0495586941563135,0.0136735394964744,-0.0069077942460102,-0.009098433505187353
11827.599609375,11827.9501953125,11705.099609375,11724.099609375,468400.0,14.0,14.829999923706056,10.600000381469728,14.609999656677246,0.0,-0.0090984335051873,1,48.03697567160093,11787.96922072741,25.257734006941973,147.3489768869193,122.8505859375,0.0435714040483747,0.00278831710003,-0.0083902292043014,-0.002085381356743965
11725.7998046875,11754.0,11670.2001953125,11699.650390625,277600.0,14.609999656677246,15.670000076293944,11.859999656677246,15.220000267028809,0.0,-0.0020853813567439,2,46.95333618759836,11779.557903574798,15.814642807177734,142.8097503012465,83.7998046875,0.0417522672611954,0.0007013839323188,0.0023560354416001,0.008273734808782462
11681.0,11814.400390625,11651.0,11796.4501953125,300500.0,15.220000267028809,15.59000015258789,14.93000030517578,15.010000228881836,0.0,0.0082737348087824,1,51.607888483453095,11781.166693264102,15.957907422805874,144.28051032437176,163.400390625,-0.0137976369554931,-0.0029834812844676,0.0089766236421759,0.004331778503613437
11768.150390625,11871.849609375,11757.5498046875,11847.5498046875,327900.0,15.010000228881836,15.199999809265137,14.390000343322754,14.75,0.0,0.0043317785036134,1,53.90711375713864,11787.488894352044,19.96461740031737,142.1390313503095,114.2998046875,-0.0173218004608387,0.0105296098997473,0.0133516036733907,-0.0005064338279993086
11860.849609375,11911.150390625,11821.0498046875,11841.5498046875,480200.0,14.75,14.890000343322754,13.649999618530272,14.649999618530272,0.0,-0.0005064338279993,1,53.585177434451055,11792.637552479233,22.397628153064943,138.42199953510882,90.1005859375,-0.0067796868793035,0.0121285174620435,0.0008282633327698,-0.004450447465215945
11861.150390625,11871.7001953125,11775.5,11788.849609375,303900.0,14.649999618530272,15.06999969482422,14.0,14.949999809265137,0.0,-0.0044504474652159,2,50.72001698713116,11792.276795993115,19.84458534863188,135.40615637635105,96.2001953125,0.0204778292523233,-0.0006443112810767,0.0055228121695778,0.006510389269786421
11839.900390625,11884.650390625,11830.7998046875,11865.599609375,278400.0,14.949999809265137,15.020000457763672,14.470000267028809,14.600000381469728,0.0,0.0065103892697864,1,54.53289101850111,11799.259921077104,23.74069613890606,132.57720101018313,53.8505859375,-0.0234113332615898,0.0015235052804216,0.0141841177479093,0.003767209141051886
11890.2998046875,11917.4501953125,11814.7001953125,11910.2998046875,363200.0,14.600000381469728,14.829999923706056,14.029999732971191,14.25,0.0,0.0037672091410518,1,56.63722512307358,11809.83514808762,30.08848289537127,130.4466866523129,102.75,-0.023972628241431,0.0058058278801298,0.0096511753527548,0.0005415644793391738
11932.150390625,11945.2001953125,11887.0498046875,11916.75,340500.0,14.25,14.31999969482422,13.520000457763672,13.699999809265137,0.0,0.0005415644793391,1,56.94687446874472,11820.017514936417,35.23347689878028,125.28266550750484,58.150390625,-0.0385965046129728,0.010849268152788,0.0058408866350678,0.0025174649128327786
11928.7998046875,11969.25,11923.650390625,11946.75,333600.0,13.699999809265137,13.699999809265137,13.010000228881836,13.529999732971191,0.0,0.0025174649128327,0,58.43359268445701,11832.087275418662,41.25609639548202,120.08390368554022,45.599609375,-0.0124087648657467,0.006839131042386,0.0088839887554967,-0.011350334557515662
11964.75,11981.75,11797.900390625,11811.150390625,530700.0,13.529999732971191,13.970000267028809,12.670000076293944,13.06999969482422,0.0,-0.0113503345575156,0,50.024840445187934,11830.093286390696,34.68745512343412,124.63859694907306,183.849609375,-0.0339985252938328,-0.008324678277492,0.0018916842600371,-0.02138240331360608
11770.400390625,11771.900390625,11523.2998046875,11558.599609375,464000.0,13.06999969482422,14.039999961853027,12.109999656677246,13.850000381469728,0.0,-0.021382403313606,1,38.82012447081462,11804.236745722532,8.99928405418359,136.29659616253213,248.6005859375,0.0596787073342006,-0.0300543680638597,-0.0258731130416232,-0.00023352472109261502
11531.599609375,11582.5498046875,11461.0,11555.900390625,442500.0,13.850000381469728,14.220000267028809,13.350000381469728,13.6899995803833,0.0,-0.0002335247210926,1,38.7203020894648,11780.585664284672,-11.444654137440011,135.24325391431557,121.5498046875,-0.0115524040923851,-0.0327159779333291,-0.0297557089136429,-0.004932545113165099
11536.150390625,11593.7001953125,11475.650390625,11498.900390625,337600.0,13.6899995803833,13.960000038146973,12.399999618530272,13.640000343322754,0.0,-0.004932545113165,2,36.58111207090647,11753.758495364702,-31.878569767488443,134.01515039811443,118.0498046875,-0.0036522453318545,-0.0264368829176746,-0.0350640576814148,0.007305046321514741
11561.4501953125,11599.0,11519.5,11582.900390625,317300.0,13.640000343322754,13.640000343322754,12.18000030517578,12.470000267028809,0.0,0.0073050463215147,1,41.693423290008745,11737.486294913302,-40.82390458000555,131.59261175360626,79.5,-0.0857771295340692,0.0021023983935122,-0.0304559490551823,-0.0026245922523520093
11601.150390625,11639.5498046875,11538.599609375,11552.5,359400.0,12.470000267028809,12.550000190734863,11.550000190734863,12.0,0.0,-0.002624592252352,1,40.42338758947036,11719.868552540607,-49.79223048491076,129.40386772209868,100.9501953125,-0.0376904777036379,-0.0002942557922841,-0.0218988313644962,0.0031031905972733753
11614.75,11618.400390625,11532.2998046875,11588.349609375,368800.0,12.0,12.520000457763672,10.640000343322754,12.020000457763672,0.0,0.0031031905972733,2,42.64225027165846,11707.342938905787,-53.39146592482393,126.31077616605592,86.1005859375,0.0016667048136393,0.0077789367427625,0.0025738412096107,0.006407297199588324
11596.650390625,11670.0498046875,11573.9501953125,11662.599609375,480200.0,12.020000457763672,12.020000457763672,11.0600004196167,11.5600004196167,0.0,0.0064072971995883,1,47.041578508837866,11703.081669426663,-49.67985305381808,124.15283568098047,96.099609375,-0.0382695524649385,0.0068807652714089,0.0092333107021727,0.0021350634900458854
11670.75,11706.650390625,11651.150390625,11687.5,464800.0,11.5600004196167,11.90999984741211,9.15999984741211,11.800000190734863,0.0,0.0021350634900458,0,48.46901594707295,11701.59770090984,-44.21938613289967,119.2490617037676,55.5,0.0207612251216615,0.0116857822982039,0.0164015343179044,-0.007751838235294128
11675.599609375,11677.150390625,11582.400390625,11596.900390625,498300.0,11.800000190734863,11.979999542236328,9.220000267028809,11.75,0.0,-0.0077518382352941,0,43.83895128674713,11691.62652850176,-46.66463717197985,118.23838653742705,94.75,-0.004237304231073,0.0007378773974062,0.0012086782695059,-0.01531878214359883
11627.9501953125,11640.349609375,11399.2998046875,11419.25,446000.0,11.75,12.68000030517578,10.59000015258789,12.520000457763672,0.0,-0.0153187821435988,0,36.48019345053613,11665.685906739687,-62.22018254109207,127.01063069100368,241.0498046875,0.0655319538522274,-0.0208658118709128,-0.011534299935079,-0.006397075524881224
11392.849609375,11398.150390625,11301.25,11346.2001953125,516000.0,12.520000457763672,13.399999618530272,11.5600004196167,13.010000228881836,0.0,-0.0063970755248812,1,33.956130811184366,11635.258696127574,-79.52584857411784,126.36701421307484,96.900390625,0.0391373604794331,-0.0292021223262032,-0.0208959361966953,-0.0013352832106081625
11372.25,11398.150390625,11302.7998046875,11331.0498046875,458900.0,13.010000228881836,13.779999732971191,11.59000015258789,13.43000030517578,0.0,-0.0013352832106081,0,33.43936886805402,11606.286420752327,-93.3867195208004,124.1515550505338,95.3505859375,0.0322828646352792,-0.0229242795042384,-0.0284284649899996,-0.005273121293252303
11322.4501953125,11359.75,11229.7998046875,11271.2998046875,413200.0,13.43000030517578,14.479999542236328,11.850000381469728,12.760000228881836,0.0,-0.0052731212932523,1,31.409218448552124,11574.382933508055,-107.94852189189442,124.56574364067424,129.9501953125,-0.049888314301507,-0.0129562094982157,-0.0356107118983957,-0.0016989534831232112
11290.400390625,11361.400390625,11239.349609375,11252.150390625,553700.0,12.760000228881836,13.550000190734863,12.0,12.640000343322754,0.0,-0.0016989534831232,1,30.76456954013544,11543.694119900149,-119.65474741392607,124.3861034699118,122.05078125,-0.0094043795773189,-0.0082891014673225,-0.0297277710756831,0.0028571795564771296
11247.4501953125,11307.599609375,11210.0498046875,11284.2998046875,522700.0,12.640000343322754,13.3100004196167,11.920000076293944,12.130000114440918,0.0,0.0028571795564771,0,33.24183621214081,11518.989899403705,-124.89807913800904,122.4692249854538,97.5498046875,-0.040348118277643,-0.0041258313047622,-0.0118177809674453,-0.008427603929443195
11307.5,11310.9501953125,11152.400390625,11189.2001953125,482900.0,12.130000114440918,13.529999732971191,12.039999961853027,13.0600004196167,0.0,-0.0084276039294431,0,29.8405615128716,11487.581356156925,-135.1690562607182,125.04640924988568,158.5498046875,0.0766694391097824,-0.0072839522324529,-0.0138372316103555,-0.009276785013729971
11213.7001953125,11267.4501953125,11072.650390625,11085.400390625,479100.0,13.0600004196167,13.869999885559082,12.5,13.609999656677246,0.0,-0.0092767850137299,1,26.63692471724829,11449.278407058646,-149.95605630331556,130.02879463828668,194.7998046875,0.0421132633529186,-0.0148193895576557,-0.0216793164178731,0.00294076968140633
11034.0498046875,11145.2998046875,10999.400390625,11118.0,536700.0,13.609999656677246,14.550000190734863,13.420000076293944,13.59000015258789,0.0,0.0029407696814063,0,29.207464288619576,11417.72808257687,-157.23187318081182,131.16241031144477,145.8994140625,-0.0014694713147581,-0.0147372728096446,-0.0136008985071753,-0.012412304371289817
11060.2001953125,11076.75,10881.0,10980.0,499900.0,13.59000015258789,15.279999732971191,13.270000457763672,14.5600004196167,0.0,-0.0124123043712898,1,25.184617452186387,11376.039693760024,-172.149030299297,138.72223814634157,195.75,0.071376030620875,-0.01869661742223,-0.0241865226803001,0.0015801101434427256
10930.2998046875,11080.150390625,10848.9501953125,10997.349609375,547400.0,14.5600004196167,16.15999984741211,14.4399995803833,15.1899995803833,0.0,0.0015801101434427,0,26.554242395096537,11339.973971437645,-180.490434925754,145.32780651535288,231.2001953125,0.0432691718825641,-0.0079429500196009,-0.0254291538047669,-0.012252952282714391
10895.7998046875,10895.7998046875,10782.599609375,10862.599609375,506600.0,15.1899995803833,17.81999969482422,15.1899995803833,16.59000015258789,0.0,-0.0122529522827143,2,23.02815089158628,11294.509746479296,-195.71814014676056,150.2865346213991,113.2001953125,0.0921659388333744,-0.0229717926448101,-0.0291889125439298,0.007884888857643269
10815.400390625,11018.5498046875,10813.7998046875,10948.25,517900.0,16.59000015258789,16.790000915527344,15.59000015258789,16.1200008392334,0.0,0.0078848888576432,0,29.441626960227183,11261.53262776698,-198.58576247635935,154.17678214844202,204.75,-0.0283302778198695,-0.002891621129326,-0.0123721639085755,-0.00847167355513434
10958.099609375,10975.650390625,10835.900390625,10855.5,548500.0,16.1200008392334,16.90999984741211,15.739999771118164,16.739999771118164,0.0,-0.0084716735551343,2,26.83415998222289,11222.862853693936,-205.96824991434917,153.1462977092676,139.75,0.0384614701989214,-0.0128985268645162,-0.0236103615758229,0.016300510829763803
10899.2001953125,11058.0498046875,10842.9501953125,11032.4501953125,482500.0,16.739999771118164,16.739999771118164,15.520000457763672,16.09000015258789,0.0,0.0163005108297638,2,38.09793483435028,11204.728314800466,-195.2893484244341,157.5715342568199,215.099609375,-0.0388291294753617,0.0156362741926812,0.004776884818989,0.006997556657477588
11087.900390625,11181.4501953125,11062.7998046875,11109.650390625,538100.0,16.09000015258789,16.15999984741211,15.029999732971191,15.850000381469728,0.0,0.0069975566574775,0,42.27338877554709,11195.673274402803,-178.5387479339097,156.95928180990418,118.650390625,-0.0149160825880765,0.0147421177471285,0.010211622367108,-0.01654424529912324
11139.400390625,11145.900390625,10901.599609375,10925.849609375,624600.0,15.850000381469728,18.010000228881836,15.119999885559082,17.780000686645508,0.0,-0.0165442452991232,2,36.04033326251552,11169.975782495392,-178.04259906886728,163.1979603413396,244.30078125,0.121766577837572,0.0064805498940629,0.0058227314155454,0.009477595331455646
11003.25,11078.150390625,10935.599609375,11029.400390625,511500.0,17.780000686645508,17.780000686645508,16.110000610351562,16.360000610351562,0.0,0.0094775953314556,1,41.29227492145512,11156.587649936308,-167.36444177780504,162.41959040624394,142.55078125,-0.0798650180795832,-0.0002764394702453,0.0074121791724703,0.0016682152620135504
11043.650390625,11068.650390625,10924.2998046875,11047.7998046875,470900.0,16.360000610351562,17.43000030517578,15.989999771118164,16.649999618530273,0.0,0.0016682152620135,1,42.200457976785415,11146.226902769757,-155.62331751597412,161.1289472299051,144.3505859375,0.0177261000831026,-0.0055672846365798,0.0177145046002027,0.0005521991749806165
11094.7998046875,11146.900390625,11037.849609375,11053.900390625,369500.0,16.649999618530273,17.020000457763672,14.710000038146973,16.75,0.0,0.0005521991749806,1,42.51797167539677,11137.43390161311,-144.16428945808912,157.40907823134043,109.05078125,0.0060060290547054,0.0117199838756818,0.0019442820889972,-0.0033382235519596737
11063.900390625,11076.2998046875,10985.2998046875,11017.0,444700.0,16.75,17.100000381469727,15.109999656677246,16.6299991607666,0.0,-0.0033382235519596,0,41.04909363026445,11125.964006221386,-136.4871414915633,152.66557264338755,91.0,-0.0071642292079641,-0.001124303242771,-0.0083396315246052,-0.008922556475220111
11018.150390625,11034.2001953125,10906.650390625,10918.7001953125,557900.0,16.6299991607666,17.329999923706055,14.0,17.020000457763672,0.0,-0.0089225564752201,0,37.347559145690425,11106.224595658636,-136.75845281489455,150.87158921796703,127.5498046875,0.0234516726806071,-0.0116855493091234,-0.0006543577221093,-0.016242829527789215
10905.2998046875,10908.25,10718.2998046875,10741.349609375,668200.0,17.020000457763672,18.1200008392334,14.489999771118164,17.850000381469727,0.0,-0.0162428295277892,2,31.779651599682367,11071.474596964958,-149.5601428687587,154.4093607470408,189.9501953125,0.0487661516676076,-0.0282751581075472,-0.0261166310994425,0.008192639025843995
10699.599609375,10862.5498046875,10637.150390625,10829.349609375,667100.0,17.850000381469727,18.26000022888184,13.699999809265137,17.350000381469727,0.0,0.0081926390258439,2,36.81337855013534,11048.415074337345,-150.86562490105825,159.4800788410022,225.3994140625,-0.0280112038831693,-0.0170328029976399,-0.0197731855368896,0.021100066785376237
11000.2998046875,11070.2998046875,10756.5498046875,11057.849609375,684100.0,17.350000381469727,19.149999618530277,13.699999809265137,16.65999984741211,0.0,0.0211000667853762,1,47.62081464543669,11049.313601483787,-131.94125185056873,170.49935892378775,313.75,-0.0397694823565858,0.0127441372666536,0.0003572692543303,0.004295591066795668
11106.5498046875,11141.75,11049.5,11105.349609375,685600.0,16.65999984741211,16.829999923706055,14.420000076293944,16.010000228881836,0.0,0.0042955910667956,0,49.552469551355614,11054.650364140094,-111.82168604918296,164.91011900066005,92.25,-0.0390155837024956,0.0338877341523546,0.0080193890691657,-0.005335266523260329
11101.2998046875,11129.650390625,10987.650390625,11046.099609375,550000.0,16.010000228881836,17.3799991607666,14.119999885559082,16.84000015258789,0.0,-0.0053352665232603,0,47.21354177763638,11053.83600654342,-99.51066798770626,163.2736819291843,142.0,0.0518425928694707,0.0200150524101982,0.0116680018485344,-0.0088537862364102
10996.0498046875,11021.099609375,10922.400390625,10948.2998046875,649900.0,16.84000015258789,17.450000762939453,13.869999885559082,16.43000030517578,0.0,-0.0088537862364102,2,43.558760924178166,11043.7849397,-96.53295258141952,160.44693455924258,98.69921875,-0.0243467840675228,-0.0099069718396804,0.0192666846195821,0.006845829640179435
10987.7998046875,11042.599609375,10874.7998046875,11023.25,628200.0,16.43000030517578,17.3799991607666,15.1899995803833,16.280000686645508,0.0,0.0068458296401794,0,46.94810109174406,11041.829231157142,-87.1209610834012,160.97213956840383,167.7998046875,-0.0091296175133375,-0.0073927982695558,0.0179050818026171,-0.02044311880570615
10960.9501953125,10967.5,10772.7001953125,10797.900390625,483000.0,16.280000686645508,18.270000457763672,16.280000686645508,18.059999465942383,0.0,-0.0204431188057061,1,39.30550771428365,11018.597913011225,-96.73066922075486,167.37054421976785,194.7998046875,0.1093365297433315,-0.0224693989305826,-0.0235081166712207,0.004329545403159107
10790.400390625,10858.75,10746.349609375,10844.650390625,508800.0,18.059999465942383,18.309999465942383,17.1299991607666,17.239999771118164,0.0,0.0043295454031591,1,41.435446150267545,11002.031482307772,-99.42795429451508,163.44410467728443,112.400390625,-0.0454041926396829,-0.0094671698721771,-0.0234751023533668,0.000299686931614751
10860.9501953125,10920.099609375,10816.0,10847.900390625,595700.0,17.239999771118164,17.700000762939453,16.059999465942383,17.270000457763672,0.0,0.0002996869316147,2,41.5889076806507,10987.352330718935,-100.14887047145383,159.20521215569266,104.099609375,0.0017401790628657,-0.015907251434468,-0.017942914309933,0.009061643373168504
10883.7998046875,10957.0498046875,10867.4501953125,10946.2001953125,497200.0,17.270000457763672,17.270000457763672,15.890000343322754,16.270000457763672,0.0,0.0090616433731685,2,46.18239995090945,10983.433079727847,-91.73081330770036,155.6297980061789,89.599609375,-0.0579038780251134,0.0137341334261851,-0.0001917749250984,0.005193547382711383
10936.7001953125,11028.849609375,10889.7998046875,11003.0498046875,412500.0,16.270000457763672,16.639999389648438,13.670000076293944,15.850000381469728,0.0,0.0051935473827113,1,48.69523994818879,10985.301339247815,-79.55509240809079,154.4455127691304,139.0498046875,-0.0258143862616506,0.0146062259599841,-0.001832508136212,0.0029673946046386845
11028.5,11054.7998046875,11011.650390625,11035.7001953125,687100.0,15.850000381469728,15.850000381469728,14.649999618530272,15.369999885559082,0.0,0.0029673946046386,1,50.13529580028235,10990.101230301596,-66.50450963166622,147.11011899990677,43.1494140625,-0.0302839422308036,0.0173120878626247,0.0220227818450671,-0.00479356902496042
11058.2998046875,11081.75,10964.9501953125,10982.7998046875,551400.0,15.369999885559082,15.369999885559082,14.609999656677246,14.899999618530272,0.0,-0.0047935690249604,2,47.79454496191696,10989.405856433586,-59.7417820973551,144.94509654902058,116.7998046875,-0.0305790676986535,0.003343590352995,0.0127389458476161,0.008476944640087414
10986.7998046875,11084.4501953125,10945.75,11075.900390625,624300.0,14.899999618530272,15.199999809265137,13.890000343322754,14.119999885559082,0.0,0.0084769446400874,0,52.03860600676429,10997.643431118484,-46.33570344614418,144.4990321749834,138.7001953125,-0.0523489767074323,0.0066209448498963,0.0210178921072177,-0.006536749886833726
10994.849609375,11052.7001953125,10968.2001953125,11003.5,434500.0,14.119999885559082,15.3100004196167,14.119999885559082,14.949999809265137,0.0,-0.0065367498868337,0,48.721498464549306,10998.201199583393,-41.07985300350265,141.87054382766317,84.5,0.0587818647615514,-0.0029178207764448,0.005234675381877,-0.01689465993774708
11000.099609375,11000.099609375,10796.5,10817.599609375,482000.0,14.949999809265137,16.309999465942383,13.279999732971191,16.020000457763672,0.0,-0.016894659937747,1,41.42062785799316,10981.001048134973,-51.323535777746656,146.52264783997296,203.599609375,0.0715719506454717,-0.0150417196207102,-0.0168544356886847,0.002130859163064436
10872.7998046875,10885.150390625,10804.849609375,10840.650390625,519200.0,16.020000457763672,16.190000534057617,13.90999984741211,15.350000381469728,0.0,0.0021308591630644,0,42.56979814344618,10967.63431884831,-56.92552080568203,141.79251451211775,80.30078125,-0.0418227251653571,-0.0212398082054912,-0.0176744385254637,-0.012531589991591652
10845.2001953125,10845.2001953125,10670.25,10704.7998046875,642600.0,15.350000381469728,15.970000267028809,14.18000030517578,15.550000190734863,0.0,-0.0125315899915916,2,37.85634778068597,10942.602460356804,-71.50290030912947,144.16092028357363,174.9501953125,0.013029303211391,-0.0271459258701777,-0.0253123069657837,0.05319112930777714
10746.7998046875,11381.900390625,10691.0,11274.2001953125,1356800.0,15.550000190734863,17.049999237060547,13.829999923706056,15.399999618530272,0.0,0.0531911293077771,2,58.56480236557232,10974.18319701925,-36.68682288665332,183.2137395936755,690.900390625,-0.0096463389302056,0.0422090484419288,0.0179037186769346,0.028915576657539077
11542.7001953125,11694.849609375,11471.349609375,11600.2001953125,882800.0,15.399999618530272,17.639999389648438,14.210000038146973,16.790000915527344,0.0,0.028915576657539,1,65.6271755056625,11033.80386352337,17.014512106872644,200.173430627163,223.5,0.0902598267161338,0.0700649663367392,0.0542282178681783,-0.0010344649056013289
11590.7001953125,11655.0498046875,11539.2001953125,11588.2001953125,651700.0,16.790000915527344,18.530000686645508,15.899999618530272,16.729999542236328,0.0,-0.0010344649056013,0,65.18673343758601,11086.603514169954,57.93704508348674,194.1503005377228,115.849609375,-0.0035736372852444,0.0825237656698791,0.0712358206777836,-0.012771612287114875
11564.849609375,11564.9501953125,11416.099609375,11440.2001953125,629100.0,16.729999542236328,17.420000076293945,14.100000381469728,16.170000076293945,0.0,-0.0127716122871148,2,59.85159197671328,11120.279388564482,77.53233963686216,192.5753209234212,148.8505859375,-0.0334727723410043,0.0147238825924891,0.0553057042782221,0.01145084856589107
11469.849609375,11610.849609375,11466.349609375,11571.2001953125,844500.0,16.170000076293945,17.010000228881836,13.640000343322754,16.34000015258789,0.0,0.011450848565891,0,62.75711486957057,11163.22422730239,102.45136141359036,191.00918471906968,144.5,0.0105133008962179,-0.0024999568552031,0.0809356930005933,-0.005081564893442914
11556.349609375,11593.599609375,11499.75,11512.400390625,650000.0,16.34000015258789,16.81999969482422,15.93000030517578,16.110000610351562,0.0,-0.0050815648934429,1,60.63594526177763,11196.479099999782,116.1166919312418,184.0692150516361,93.849609375,-0.0140758592465436,-0.0065411197088364,0.0211279018631882,-0.003296462425282254
11491.150390625,11508.25,11390.7998046875,11474.4501953125,756800.0,16.110000610351562,16.510000228881836,15.800000190734863,15.869999885559082,0.0,-0.0032964624252822,0,59.24413321446216,11222.952537648613,122.4725143126616,179.60717011491212,117.4501953125,-0.0148976235691925,0.002993828728105,-0.0108403301566134,-0.009983032105041145
11515.400390625,11554.2001953125,11247.900390625,11359.900390625,1305400.0,15.869999885559082,18.21999931335449,14.949999809265137,16.760000228881836,0.0,-0.0099830321050411,1,55.13066019213908,11235.99519031303,116.91857290636652,188.6566440129541,306.2998046875,0.0560806773623616,-0.0182608373479785,-0.0197010580452215,-0.004040562773145462
11322.25,11370.400390625,11257.349609375,11314.0,1017500.0,16.760000228881836,18.049999237060547,16.420000076293945,17.700000762939453,0.0,-0.0040405627731454,0,53.52689039811083,11243.424219807026,107.57321929993668,183.25622524417167,113.05078125,0.0560859499534942,-0.0172336249516273,-0.0110312925611397,-0.012307760296977222
11388.4501953125,11400.2998046875,11158.349609375,11174.75,928500.0,17.700000762939453,17.950000762939453,16.350000381469727,17.579999923706055,0.0,-0.0123077602969772,1,48.88116153834146,11236.883817920643,87.91719331997228,187.4486516776237,241.9501953125,-0.0067797081390333,-0.0261189155219769,-0.034261804188048,-0.0043266837625002275
11196.2001953125,11233.849609375,11112.650390625,11126.400390625,733200.0,17.579999923706055,18.43000030517578,16.989999771118164,17.829999923706055,0.0,-0.0043266837625002,2,47.34465212854071,11226.36158674963,67.65831873230672,182.71654932565056,121.19921875,0.0142207054087004,-0.0205547576977612,-0.0335290631755941,0.01679783285706482
11152.9501953125,11321.599609375,11090.150390625,11313.2998046875,741100.0,17.829999923706055,18.32999992370605,16.34000015258789,17.15999984741211,0.0,0.0167978328570648,0,53.43761557467201,11234.641417029428,65.92430108903864,186.19745428453265,231.44921875,-0.0375771216579278,-6.188751215308042e-05,-0.0140442799334152,-0.006960833829169011
11280.5,11293.349609375,11208.5498046875,11234.5498046875,562000.0,17.15999984741211,17.540000915527344,15.729999542236328,17.229999542236328,0.0,-0.006960833829169,2,50.771765870702936,11234.63269204448,57.53241488888307,180.3797789784946,84.7998046875,0.0040792363313904,0.0053513326640417,-0.0110344793199901,0.006275284833450412
11257.7001953125,11362.900390625,11189.400390625,11305.0498046875,737800.0,17.229999542236328,18.280000686645508,15.779999732971191,17.139999389648438,0.0,0.0062752848334504,1,53.03081091063981,11241.339083724768,55.92586684159505,179.88836619431643,173.5,-0.0052234564700521,0.0160563531591968,-0.0007910725925843,0.003193315072573366
11335.900390625,11420.4501953125,11290.0498046875,11341.150390625,587600.0,17.139999389648438,17.959999084472656,17.059999465942383,17.43000030517578,0.0,0.0031933150725733,2,54.19006887537847,11250.84492247717,56.90966235691849,176.35351079650812,130.400390625,0.016919540598262,0.0024617562000752,0.0148907483948186,0.007684353972992053
11360.849609375,11462.349609375,11342.099609375,11428.2998046875,527400.0,17.43000030517578,17.43000030517578,16.690000534057617,16.850000381469727,0.0,0.007684353972992,1,56.95225139785635,11267.745387449584,63.983989168989865,172.41391850747183,120.25,-0.0332759560270246,0.0172459069004402,0.0271336104637109,0.003123841334461419
11464.9501953125,11481.0498046875,11411.099609375,11464.0,533500.0,16.850000381469727,16.950000762939453,15.5,16.360000610351562,0.0,0.0031238413344614,2,58.06765661544105,11286.436302930577,71.64526946925798,165.0950811364024,69.9501953125,-0.0290801044525212,0.0140601057101572,0.0133206224456334,0.010672506051552677
11466.2998046875,11599.099609375,11439.650390625,11586.349609375,797600.0,16.360000610351562,16.360000610351562,15.520000457763672,15.880000114440918,0.0,0.0106725060515526,2,61.72767874070563,11314.9994749729,86.59130954673856,164.69180525165936,159.44921875,-0.0293398825185208,0.0216203127817342,0.0313140989895932,0.006516288783389612
11580.2998046875,11684.7001953125,11553.150390625,11661.849609375,853400.0,15.880000114440918,16.149999618530273,14.989999771118164,15.93000030517578,0.0,0.0065162887833896,0,63.82594601611775,11348.032821106435,103.33716647870642,162.32451949707655,131.5498046875,0.0031486265978923,0.0204360936166292,0.0315610997608835,-0.006302602285396697
11657.150390625,11714.349609375,11573.650390625,11588.349609375,867600.0,15.93000030517578,17.1200008392334,13.56999969482422,16.809999465942383,0.0,-0.0063026022853966,1,60.356764486299234,11370.92013427487,109.41626046838246,160.77985515799966,140.69921875,0.0552416286194723,0.0108469652281053,0.0217966617349809,0.001359123648397631
11596.2001953125,11651.599609375,11554.400390625,11604.099609375,664200.0,16.809999465942383,16.850000381469727,14.829999923706056,16.540000915527344,0.0,0.0013591236483976,1,60.84785687925444,11393.127703332024,114.1885846999703,156.23838112885684,97.19921875,-0.0160617822125493,0.0015319751775517,0.015382848515699,-0.0018527934715960592
11661.650390625,11679.599609375,11534.650390625,11582.599609375,700500.0,16.540000915527344,16.780000686645508,14.710000038146973,16.239999771118164,0.0,-0.001852793471596,1,59.7595681044816,11411.17264676469,114.91119103868004,155.43201238750993,144.94921875,-0.0181379158285018,-0.0067956630084039,0.0103453950955163,0.00011230477560042473
11646.150390625,11646.900390625,11490.75,11583.900390625,812000.0,16.239999771118164,16.239999771118164,15.199999809265137,15.31999969482422,0.0,0.0001123047756004,2,59.806406950402575,11427.62290808472,114.27157238907968,155.48332511875924,156.150390625,-0.0566502518017338,-0.0003839389473028,-0.0002113883002475,0.017519938181983052
11643.9501953125,11809.400390625,11627.349609375,11786.849609375,951700.0,15.59000015258789,16.549999237060547,15.5,16.420000076293945,0.0,0.017519938181983,1,66.38134526263414,11461.83497487427,128.65788779307877,160.484516181705,182.05078125,0.0718015929100412,0.0157487445085662,0.0107187113697222,0.004857107869982835
11883.900390625,11883.9501953125,11784.4501953125,11844.099609375,725200.0,16.420000076293945,16.850000381469727,16.25,16.65999984741211,0.0,0.0048571078699828,1,67.97291284122429,11498.241130541006,143.02998233703147,156.12847931158322,99.5,0.0146163075519505,0.0225769696630402,0.0220695792430267,0.0028157974888274317
11890.4501953125,11945.0,11855.099609375,11877.4501953125,1414800.0,16.65999984741211,16.799999237060547,15.5,16.280000686645508,0.0,0.0028157974888274,1,68.89668339520946,11534.356279566862,155.32064466320844,152.18361583397012,89.900390625,-0.0228090734842131,0.0253411886142489,0.0235563805154395,0.0011070906504571099
11886.599609375,11918.2998046875,11843.349609375,11890.599609375,855300.0,16.280000686645508,16.469999313354492,15.170000076293944,15.729999542236328,0.0,0.0011070906504571,1,69.27300091387612,11568.284215739066,164.22900122958163,146.6669429395794,74.9501953125,-0.0337838526542781,0.0088021823844668,0.0265916124520702,0.004263888868356602
11928.900390625,11989.150390625,11905.349609375,11941.2998046875,823100.0,15.729999542236328,16.360000610351562,13.5,15.93000030517578,0.0,0.0042638888683566,1,70.7428336345817,11603.809509924631,173.38138732526204,143.23007424746658,83.80078125,0.0127146070413057,0.0082066344017879,0.0308531152729651,-0.002018173043904281
11974.599609375,11978.9501953125,11861.900390625,11917.2001953125,632000.0,15.93000030517578,16.34000015258789,13.510000228881836,15.920000076293944,0.0,-0.0020181730439042,1,69.05196883225292,11633.656241866332,176.65372796489282,141.36005499318324,117.0498046875,-0.0006277607464066,0.0033466778935169,0.0110589843984962,0.004099084396871566
11911.5,12002.900390625,11850.25,11966.0498046875,603400.0,15.920000076293944,16.149999618530273,13.380000114440918,15.779999732971191,0.0,0.0040990843968715,1,70.58661149325482,11665.312771658824,181.1012146501889,142.16650753831303,152.650390625,-0.008793991372602,0.0063453650607334,0.0102962824811074,0.003844209304726398
12021.099609375,12021.400390625,11946.849609375,12012.0498046875,563000.0,15.779999732971191,15.920000076293944,13.529999732971191,15.210000038146973,0.0,0.0038442093047263,0,71.99490356261941,11698.335346232983,186.19139692897988,137.33681280343353,74.55078125,-0.0361216542756489,0.0059248156530018,0.0113323657150017,-0.008649599006986697
11987.150390625,12034.150390625,11888.75,11908.150390625,789300.0,15.210000038146973,15.989999771118164,13.710000038146973,15.859999656677246,0.0,-0.0086495990069866,1,64.4848146267119,11718.317731413175,179.76931984978182,137.91278264783114,145.400390625,0.0427350175476701,-0.0007593901704411,0.0014760215486662,0.0004450569159482054
11879.2001953125,11932.650390625,11853.9501953125,11913.4501953125,549000.0,15.859999656677246,16.770000457763672,15.199999809265137,16.25,0.0,0.0004450569159482,0,64.68716655241118,11736.901775594062,173.1119012032632,133.68331212387892,78.7001953125,0.0245901861138162,-0.0043957371257468,-0.0023322092092578,-0.006127528029514329
11908.2998046875,11946.7998046875,11823.2001953125,11840.4501953125,659000.0,16.25,16.670000076293945,14.470000267028809,16.459999084472656,0.0,-0.0061275280295143,1,59.6460940522677,11746.763529852962,160.09982789099558,132.96304764181613,123.599609375,0.0129230205829327,-0.0142856225344684,-0.0064402710990949,0.002672990768123773
11858.75,11895.650390625,11802.650390625,11872.099609375,559500.0,16.459999084472656,16.459999084472656,14.09000015258789,15.649999618530272,0.0,0.0026729907681237,1,61.06285449518587,11758.70029933125,150.60542367821108,130.10854423882927,93.0,-0.0492101768527123,-0.0030274039265058,-0.0078513959782865,0.001966845520657623
11904.2001953125,11973.650390625,11879.25,11895.4501953125,580200.0,15.649999618530272,15.649999618530272,12.520000457763672,15.029999732971191,0.0,0.0019668455206576,1,62.11953320952235,11771.724098948513,143.31321157855928,128.06870402534148,94.400390625,-0.0396166070716689,-0.0015108973223459,-0.0097068869402705,-0.0009205364347466549
11915.150390625,11946.2001953125,11867.599609375,11884.5,514400.0,15.029999732971191,16.06999969482422,12.670000076293944,15.760000228881836,0.0,-0.0009205364347466,1,61.27967863095246,11782.464660953416,135.09322114417228,124.53526701906708,78.6005859375,0.0485695614690695,0.0037202812360073,-0.001986067512518,0.004678329704657314
11919.4501953125,11958.849609375,11881.75,11940.099609375,613900.0,15.760000228881836,15.760000228881836,12.609999656677246,15.40999984741211,0.0,0.0046783297046573,1,63.945150799764704,11797.477513184043,131.5488302851063,121.14700575877656,77.099609375,-0.0222081457098151,0.0057277147461181,0.0022369182416177,0.004941332311304558
12004.75,12038.599609375,11966.0498046875,11999.099609375,646700.0,15.40999984741211,15.40999984741211,11.609999656677246,15.15999984741211,0.0,0.0049413323113045,1,66.57466725543107,11816.679617583182,131.97930661734608,119.52936249029254,72.5498046875,-0.0162232318283885,0.008713366233364,0.013398934284214,-0.002558460196964596
12025.650390625,12028.2001953125,11956.900390625,11968.400390625,557700.0,15.15999984741211,15.600000381469728,12.609999656677246,14.979999542236328,0.0,-0.0025584601969645,1,63.960785176492095,11831.129215015735,128.363596189698,116.08439407580735,71.2998046875,-0.0118733711733188,0.0070596483339644,0.0081115206592399,-0.004511881140131235
11967.2998046875,11968.099609375,11883.5,11914.400390625,486800.0,14.979999542236328,15.880000114440918,12.239999771118164,14.869999885559082,0.0,-0.0045118811401312,2,59.53300633313859,11839.059803169,119.76024931687245,113.85696525789255,84.599609375,-0.0073431014712049,-0.0021523454234687,0.0015930624735807,0.013374538722098483
11922.4501953125,12084.5,11919.75,12073.75,534300.0,14.869999885559082,15.210000038146973,13.0,15.0,0.0,0.0133745387220984,1,66.83021434352095,11861.41125048624,124.36659596988102,117.8742969805431,164.75,0.0087424421951183,0.0062213326878854,0.0159241028230048,-0.0029858001604721185
12110.2001953125,12132.4501953125,12006.349609375,12037.7001953125,1201300.0,15.0,15.130000114440918,13.109999656677246,14.84000015258789,0.0,-0.0029858001604721,2,64.01771425539269,11878.200673803023,123.68250598255143,118.46188904889716,126.1005859375,-0.0106666564941406,0.0057902311441537,0.0081741852355123,0.005233557820665036
12068.5,12114.900390625,12055.150390625,12100.7001953125,584200.0,14.84000015258789,14.84000015258789,12.359999656677246,14.619999885559082,0.0,0.005233557820665,1,66.6584660523558,11899.391104422975,126.76269182173746,115.51462521058308,59.75,-0.014824815685089,0.0156365237510476,0.0084673508217332,0.004169196368656758
12132.099609375,12158.7998046875,12099.9501953125,12151.150390625,620500.0,14.619999885559082,14.619999885559082,12.890000343322754,13.989999771118164,0.0,0.0041691963686567,0,68.64309366906986,11923.368179299358,131.75587075974,111.46712407947,58.849609375,-0.0430916634317625,0.0064106338647893,0.0152693755251662,-0.007826467690735917
12146.2001953125,12147.400390625,12017.400390625,12056.0498046875,804400.0,13.989999771118164,14.289999961853027,13.140000343322754,13.899999618530272,0.0,-0.0078264676907359,1,61.242730645653744,11936.00452457442,126.58004260778034,113.05875807379356,130.0,-0.0064331775597089,0.0015243451055664,0.0118889251173697,-0.0006510929783939412
12137.0498046875,12137.150390625,12023.7001953125,12048.2001953125,720900.0,13.899999618530272,15.850000381469728,13.5,14.199999809265137,0.0,-0.0006510929783939,1,60.661406731310045,11946.689826549473,120.45621931797903,113.08671787655832,113.4501953125,0.0215827481271961,-0.0043385919122546,-0.002116144916658,-0.004481997238144242
12067.650390625,12068.599609375,11956.400390625,11994.2001953125,605800.0,14.199999809265137,16.34000015258789,12.06999969482422,14.5600004196167,0.0,-0.0044819972381442,1,56.67582352656414,11951.214623574522,109.97793931237538,113.02332508180416,112.19921875,0.0253521559990916,-0.0129164885847838,-0.0036136470666496,0.004085307832292884
11969.9501953125,12054.7001953125,11935.2998046875,12043.2001953125,747200.0,14.5600004196167,15.869999885559082,12.260000228881836,13.31999969482422,0.0,0.0040853078322928,1,59.2896188398142,11959.975154216234,104.42398273462275,113.478829763461,119.400390625,-0.0851648824901012,-0.001065822519247,-0.004751791141993,-0.00205923710353606
12071.25,12081.2001953125,11998.75,12018.400390625,562200.0,13.31999969482422,15.119999885559082,12.829999923706056,14.3100004196167,0.0,-0.002059237103536,0,57.40203852973368,11965.53946244564,96.90424335835633,111.2624987312495,82.4501953125,0.0743243804410271,-0.0024733822649373,-0.010924891531457,-0.008062669529681155
12047.349609375,12057.0498046875,11888.849609375,11921.5,609200.0,14.3100004196167,14.720000267028809,11.40999984741211,13.640000343322754,0.0,-0.0080626695296811,1,50.62068000749547,11961.345227927008,82.178442106484,115.32947705848169,168.2001953125,-0.0468204092695541,-0.006061279128967,-0.0111603557439838,0.001342112989137334
11939.099609375,11981.9501953125,11888.0498046875,11937.5,599100.0,13.640000343322754,15.359999656677246,12.470000267028809,14.600000381469728,0.0,0.0013421129891373,0,51.63665921706279,11959.07425383872,70.98098024696446,113.7988280275187,93.900390625,0.070381232696737,-0.0087767531551655,-0.0091881105491232,-0.006760225785340301
11950.5,11953.2001953125,11844.7001953125,11856.7998046875,650200.0,14.600000381469728,15.65999984741211,11.739999771118164,14.289999961853027,0.0,-0.0067602257853403,1,46.44594836201004,11949.333830110032,54.96151756575273,113.42034031126737,108.5,-0.0212329048984238,-0.0134460977072753,-0.0114555692240903,0.0044995771891509495
11867.349609375,11923.2001953125,11832.2998046875,11910.150390625,997700.0,14.289999961853027,14.449999809265137,11.710000038146973,13.380000114440918,0.0,0.0044995771891509,2,50.02271534976887,11945.6020739686,46.04020160750224,111.811772476534,90.900390625,-0.0636808852233269,-0.0009520286352387,-0.011047711781731,0.005176207859728388
11944.2998046875,12005.5,11934.0,11971.7998046875,752600.0,13.380000114440918,13.770000457763672,11.829999923706056,13.350000381469728,0.0,0.0051762078597283,2,53.85776821543335,11948.09709594183,43.44379391177972,110.63590368356726,71.5,-0.0022421324898803,0.0028732820680628,-0.0038774366324033,0.009597587037832866
12026.400390625,12098.849609375,12023.599609375,12086.7001953125,597700.0,13.350000381469728,14.670000076293944,12.1899995803833,13.300000190734863,0.0,0.0095975870378328,1,60.01607546520095,11961.297391119988,50.08032851442477,111.80832518384815,75.25,-0.0037453325322945,0.0193897505576599,0.0138573329960576,-0.0027095898360001147
12131.349609375,12134.650390625,12046.2998046875,12053.9501953125,437700.0,13.300000190734863,14.109999656677246,12.5,13.420000076293944,0.0,-0.0027095898360001,2,57.65414151469294,11970.121467709752,52.09664105479533,110.1327723805376,88.3505859375,0.0090225476570051,0.0120737186325279,0.0097549901832461,0.009212731336046609
12082.4501953125,12182.75,12070.349609375,12165.0,499600.0,13.420000076293944,13.43000030517578,11.960000038146973,12.520000457763672,0.0,0.0092127313360466,1,62.97505026940943,11988.681327927872,61.94135306514363,111.4661318310349,112.400390625,-0.0670640546507966,0.0161379406993469,0.0259935396050674,0.004656834412248179
12197.0,12237.7001953125,12163.4501953125,12221.650390625,518900.0,12.520000457763672,12.720000267028809,11.390000343322754,12.34000015258789,0.0,0.0046568344122481,1,65.36588088795172,12010.86885770855,73.46768163518755,108.80783670024668,74.25,-0.014377020654513,0.0111651809949615,0.0261541617682001,0.003113311498149862
12223.400390625,12268.349609375,12191.150390625,12259.7001953125,623100.0,12.34000015258789,12.420000076293944,11.329999923706056,12.119999885559082,0.0,0.0031133114981498,1,66.9113746717575,12034.567080337498,84.69635445989297,106.55007827522908,77.19921875,-0.0178282223912834,0.0170690932570811,0.0240482129104993,0.000986941701855537
12266.4501953125,12293.900390625,12252.75,12271.7998046875,810700.0,12.119999885559082,12.729999542236328,11.899999618530272,12.329999923706056,0.0,0.0009869417018555,1,67.40940863302887,12057.160673132736,93.49375808226978,101.87867201449842,41.150390625,0.0173267359843118,0.0087792687782572,0.0153143212277893,-0.0007374472230261553
12235.4501953125,12287.150390625,12213.25,12262.75,604800.0,12.329999923706056,14.510000228881836,10.699999809265137,11.960000038146973,0.0,-0.0007374472230261,1,66.60195103508794,12076.740609024857,98.59893310384903,99.88022334381996,73.900390625,-0.0300081012042594,0.0033628526476692,0.017322106139836,-0.003930618769240168
12269.25,12283.7001953125,12202.099609375,12214.5498046875,470300.0,11.960000038146973,13.3100004196167,10.890000343322754,11.630000114440918,0.0,-0.0039306187692401,0,62.32019160170209,12089.865294326062,97.63004971287592,98.57453495765424,81.6005859375,-0.0275919667770488,-0.0036828299147366,0.0040731446516646,-0.007204522590446127
12211.849609375,12221.5498046875,12118.849609375,12126.5498046875,520300.0,11.630000114440918,12.350000381469728,10.84000015258789,11.119999885559082,0.0,-0.0072045225904461,2,55.32677750378534,12093.359057217627,88.73841685997286,98.86922498300036,102.7001953125,-0.0438521258695923,-0.0118360796551226,-0.0077813210898627,0.009833794601157297
12172.900390625,12258.4501953125,12157.900390625,12245.7998046875,383800.0,11.119999885559082,11.470000267028809,10.43000030517578,10.529999732971191,0.0,0.0098337946011572,1,61.61319015017625,12107.877223643332,90.2735943471871,101.2285939574289,100.5498046875,-0.0530575682248064,-0.0013822507441234,-0.0011338279406143,0.0008206736062803532
12274.900390625,12286.4501953125,12213.7998046875,12255.849609375,411100.0,10.529999732971191,11.449999809265137,9.619999885559082,11.010000228881836,0.0,0.0008206736062803,0,62.09726230436471,12121.969831808252,91.24930364304235,99.18729371939826,72.650390625,0.0455840938350342,0.0033811974528648,-0.0012997437675285,-0.007131240742024536
12247.099609375,12247.099609375,12151.7998046875,12168.4501953125,426900.0,11.010000228881836,11.789999961853027,10.4399995803833,11.670000076293944,0.0,-0.0071312407420245,1,55.53801485951755,12126.396533094372,84.00183711323734,99.53461593140553,95.2998046875,0.0599454889819868,0.0034552606718196,-0.007689939425292,0.001154609211690083
12202.150390625,12222.2001953125,12165.2998046875,12182.5,304100.0,11.010000228881836,11.789999961853027,10.4399995803833,11.670000076293944,0.0,0.00115460921169,2,56.33646337854383,12131.739720418718,78.48711884286968,96.48931412380512,56.900390625,0.0,-0.0051691033413162,-0.0026239038851191,0.008183886337984836
12198.5498046875,12289.900390625,12195.25,12282.2001953125,407700.0,11.600000381469728,11.699999809265137,10.729999542236328,11.489999771118164,0.0,0.0081838863379848,1,61.60556694647791,12146.06928945622,81.225322458331,97.26867673103332,94.650390625,-0.0154241905740367,0.002150041553818,0.0128355049978712,-0.004522789386603554
12261.099609375,12265.599609375,12191.349609375,12226.650390625,428800.0,11.489999771118164,12.9399995803833,10.6899995803833,12.699999809265137,0.0,-0.0045227893866035,0,57.44599364459631,12153.743680043724,78.01367053003378,96.81024167435235,74.25,0.1053089697345763,0.0047828765683668,-0.0015637536435284,-0.019105853072941215
12170.599609375,12179.099609375,11974.2001953125,11993.0498046875,396500.0,12.699999809265137,15.100000381469728,12.699999809265137,14.779999732971191,0.0,-0.0191058530729412,1,43.99372257376941,12138.439501438368,55.97356976464653,107.92738121993432,204.8994140625,0.1637795240113795,-0.0155510113123332,-0.0214428059305226,0.004994592001242859
12079.099609375,12152.150390625,12005.349609375,12052.9501953125,447800.0,14.779999732971191,14.90999984741211,14.460000038146973,14.609999656677246,0.0,0.0049945920012428,1,47.39545053430729,12130.297662759716,42.846187850002025,111.58261012833188,146.80078125,-0.0115020351397374,-0.0186652225459973,-0.0094917592746932,-0.0022899444111396106
11939.099609375,12044.9501953125,11929.599609375,12025.349609375,446000.0,14.609999656677246,16.389999389648438,13.789999961853027,15.640000343322754,0.0,-0.0022899444111396,2,46.00876873872545,12120.30261005641,29.871170231263022,112.42317982898672,115.3505859375,0.0704997064236592,-0.0164640989002474,-0.0128996832033654,0.015845758122611686
12153.150390625,12224.0498046875,12132.5498046875,12215.900390625,477500.0,15.640000343322754,15.640000343322754,13.0,14.0,0.0,0.0158457581226116,1,55.655077770277934,12129.40716058675,34.5657780629499,118.58582379209484,91.5,-0.1048593546881171,0.0185816443329034,-0.0053980397349981,0.0033480474426501594
12271.0,12311.2001953125,12213.2001953125,12256.7998046875,660600.0,14.0,14.25,13.18000030517578,14.079999923706056,0.0,0.0033480474426501,2,57.41380237872576,12141.53979335825,41.11260893249892,117.1154078069452,98.0,0.005714280264718,0.0169128392693664,0.0024658768427383,0.0059354808073293075
12296.7001953125,12337.75,12285.7998046875,12329.5498046875,501000.0,14.079999923706056,14.5,13.579999923706056,14.279999732971191,0.0,0.0059354808073293,1,60.42072577193473,12159.44550872294,51.57679142080815,114.53217834305626,51.9501953125,0.0142045319850039,0.0252965780783076,0.0280579173337942,0.0026562202609821117
12333.099609375,12374.25,12308.7001953125,12362.2998046875,616300.0,14.279999732971191,14.279999732971191,13.0600004196167,13.90999984741211,0.0,0.0026562202609821,1,61.73071241142624,12178.764965481469,61.7999909040027,111.0334373676594,65.5498046875,-0.0259103566160989,0.0119843326632602,0.025665882988159,-0.0015369308543056182
12349.400390625,12355.150390625,12278.75,12343.2998046875,684400.0,13.90999984741211,14.460000038146973,13.59000015258789,14.119999885559082,0.0,-0.0015369308543056,1,60.480055461422296,12194.434950167755,67.58967721244517,109.070320747648,76.400390625,0.015097055388253,0.0070573070767558,0.0264399959785472,0.000988406301843714
12347.099609375,12389.0498046875,12315.7998046875,12355.5,395700.0,14.119999885559082,14.369999885559082,12.600000381469728,14.18000030517578,0.0,0.0009884063018437,1,61.02607591632,12209.77447872321,72.32873845096583,106.5117264085303,73.25,0.0042493215370393,0.0021047155592521,0.0114276970924005,-0.000254978804985595
12328.400390625,12385.4501953125,12321.400390625,12352.349609375,502100.0,14.18000030517578,14.529999732971191,12.5,14.130000114440918,0.0,-0.0002549788049855,0,60.792501695887495,12223.353062594808,74.96610582785797,103.47873199988528,64.0498046875,-0.0035261064639479,-0.0008048822201131,0.0077956567954187,-0.010346193941151438
12430.5,12430.5,12216.900390625,12224.5498046875,491600.0,14.130000114440918,15.5,12.470000267028809,15.40999984741211,0.0,-0.0103461939411514,1,52.08364232075005,12223.467038032206,65.9832484890685,111.34450895525062,213.599609375,0.0905873830576282,-0.0096206040426,-0.0085161260275764,-0.004474618385662321
12195.2998046875,12230.0498046875,12162.2998046875,12169.849609375,400.0,15.40999984741211,16.040000915527344,15.06999969482422,15.859999656677246,0.0,-0.0044746183856623,0,48.85748361724567,12218.36061625533,53.82990310196328,108.230615458447,67.75,0.0292018049137559,-0.0150257286734653,-0.015567507531206,-0.005172555189302153
12218.349609375,12225.0498046875,12087.900390625,12106.900390625,500.0,15.859999656677246,16.610000610351562,15.359999656677246,16.360000610351562,0.0,-0.0051725551893021,2,45.37426946161124,12207.74535667149,38.67301501403927,110.29624393016508,137.1494140625,0.0315259120112156,-0.0198706502416117,-0.0191520434408248,0.0060667236352978104
12123.75,12189.0,12094.099609375,12180.349609375,867700.0,16.360000610351562,16.709999084472656,15.779999732971191,15.859999656677246,0.0,0.0060667236352978,2,49.86551842096837,12205.136237881348,32.216439061799974,109.1965401226533,94.900390625,-0.0305624043411066,-0.0036156910494611,-0.0141759047084294,0.005574584704263197
12174.5498046875,12272.150390625,12149.650390625,12248.25,593200.0,15.859999656677246,16.219999313354492,14.59000015258789,15.5600004196167,0.0,0.0055745847042631,0,53.65873412486732,12209.242310464077,32.20728462985608,110.14678725674948,122.5,-0.0189154630236226,0.006442182372131,-0.0084275148183947,-0.010552527912150667
12197.099609375,12216.599609375,12107.0,12119.0,441200.0,15.5600004196167,17.34000015258789,14.68000030517578,17.18000030517578,0.0,-0.0105525279121506,0,46.45372523985976,12200.647804705592,21.522536460897754,112.3684453098388,109.599609375,0.1041131003773447,0.0009993977801592,-0.0086342488168379,-0.005214967844912932
12148.099609375,12163.5498046875,12024.5,12055.7998046875,478500.0,17.18000030517578,17.610000610351562,16.959999084472656,17.299999237060547,0.0,-0.0052149678449129,2,43.38600130490603,12186.852757084824,7.864412925122451,114.27425669395744,139.0498046875,0.0069848038273092,-0.0102254704242344,-0.0093715048540651,0.006113256399948197
12114.900390625,12169.599609375,12103.7998046875,12129.5,514400.0,17.299999237060547,17.299999237060547,15.649999618530272,16.5,0.0,0.0061132563999481,0,47.721635400430216,12181.390589743412,2.95319880749048,114.24036726492476,65.7998046875,-0.0462427325052573,-0.009695262588533,0.0018666717859923,-0.0077249841553650445
12147.75,12150.2998046875,12010.599609375,12035.7998046875,538100.0,16.5,17.139999389648438,15.380000114440918,16.799999237060547,0.0,-0.007724984155365,0,43.192704153561365,12167.52480069047,-8.402932663531828,116.05892641118014,139.7001953125,0.0181817719430634,-0.0068652690248782,-0.0118674594180977,-0.006123414854723341
12100.400390625,12103.5498046875,11945.849609375,11962.099609375,771300.0,16.799999237060547,17.59000015258789,14.899999618530272,17.3700008392334,0.0,-0.0061234148547233,0,39.978868024820684,12147.960496755662,-23.08364460833764,119.0333027612744,157.7001953125,0.0339286683368078,-0.0077722089641922,-0.0233625530688057,-0.021250384719316173
11627.4501953125,11749.849609375,11614.5,11707.900390625,669800.0,16.84000015258789,17.030000686645508,15.479999542236328,15.779999732971191,0.0,-0.0212503847193161,2,31.32212058444232,12106.050010457504,-54.60056578038166,135.35946751939767,135.349609375,-0.0915371922533758,-0.0347582018529205,-0.0339219085217427,0.02321082268667074
11786.25,11986.150390625,11783.400390625,11979.650390625,560400.0,15.779999732971191,15.779999732971191,14.3100004196167,14.380000114440918,0.0,0.0232108226866707,2,45.02645688054289,12094.011951425837,-56.99301894046948,145.565934125155,202.75,-0.0887198759328919,-0.0046652000676042,-0.0063164132862335,0.009140500467834434
12005.849609375,12098.150390625,11953.349609375,12089.150390625,758000.0,14.380000114440918,14.529999732971191,13.81999969482422,14.170000076293944,0.0,0.0091405004678344,1,49.40730497957798,12093.54894563528,-49.48291222611806,145.5112803483582,144.80078125,-0.0146036186700779,0.0106211104570996,-0.0033265682324086,0.004036661230167438
12120.0,12160.599609375,12084.650390625,12137.9501953125,565100.0,14.170000076293944,14.239999771118164,12.649999618530272,13.779999732971191,0.0,0.0040366612301674,1,51.27102384167317,12097.77763608073,-39.1421557400754,140.5425616627612,75.94921875,-0.0275229598604741,0.0367315906643568,0.0084872125062445,-0.0032625431230384194
12151.150390625,12154.7001953125,12073.9501953125,12098.349609375,473500.0,13.779999732971191,13.989999771118164,12.979999542236328,13.75,0.0,-0.0032625431230384,0,49.67193755666117,12097.832109727802,-33.753380097990885,136.27166440113538,80.75,-0.0021770488789931,0.0099084042421548,0.0113901408991126,-0.005525514763038308
12102.349609375,12103.5498046875,11990.75,12031.5,524700.0,13.75,14.600000381469728,12.970000267028809,14.210000038146973,0.0,-0.0055255147630383,2,47.00666693712265,12091.514765944205,-34.47948334737703,134.59510299301857,112.7998046875,0.0334545482288708,-0.0047687710684538,0.0276394228323055,0.006350030388978967
12108.400390625,12172.2998046875,12099.0,12107.900390625,480000.0,14.210000038146973,14.210000038146973,11.380000114440918,13.880000114440918,0.0,0.0063500303889789,2,50.289577518490894,12093.075301628089,-28.560821018862043,135.03829597119582,73.2998046875,-0.023223076905008,-0.0024756902280835,0.0107056546575319,0.0077056964194832656
12151.0,12231.75,12144.2998046875,12201.2001953125,411700.0,13.880000114440918,13.880000114440918,13.149999618530272,13.619999885559082,0.0,0.0077056964194832,1,54.0344745901251,12103.372910550412,-16.15549350983929,134.23910407146755,87.4501953125,-0.0187320048082224,0.008501207954662,0.0092686252604148,-0.0021759994314084485
12219.5498046875,12225.650390625,12139.7998046875,12174.650390625,501200.0,13.619999885559082,13.670000076293944,11.800000190734863,13.369999885559082,0.0,-0.0021759994314084,0,52.815158517941896,12110.161241986088,-8.370044769751985,130.7827813476127,85.8505859375,-0.0183553599192808,0.0118979670552299,0.0030235908635276,-0.005026854435148831
12190.150390625,12246.7001953125,12091.2001953125,12113.4501953125,622800.0,13.369999885559082,13.989999771118164,11.899999618530272,13.619999885559082,0.0,-0.0050268544351488,0,50.01353925174566,12110.474475636222,-7.057015955355382,132.5482969656404,155.5,0.018698579068054,0.0004583622683085,0.0012481525517991,-0.00558473346026378
12131.7998046875,12159.599609375,12037.0,12045.7998046875,0.0,13.619999885559082,14.619999885559082,13.380000114440918,14.420000076293944,0.0,-0.0055847334602637,1,47.0429200560632,12104.314983164915,-11.344480199570173,131.8376764234518,122.599609375,0.0587371657457267,-0.0127364839636597,0.0011885304980676,-0.004424762618648104
12028.25,12030.75,11908.0498046875,11992.5,676900.0,14.420000076293944,14.81999969482422,11.380000114440918,14.510000228881836,0.0,-0.0044247626186481,2,44.78587390441957,12093.66593714921,-18.826159053163792,132.25998525034808,122.7001953125,0.0062413420327125,-0.0149614473336551,-0.0095309993394356,0.011123651500938081
12090.599609375,12134.7001953125,12042.099609375,12125.900390625,513600.0,14.510000228881836,14.510000228881836,13.479999542236328,14.020000457763672,0.0,0.011123651500938,1,51.108476761242606,12096.735885099284,-13.83170352902016,132.9700002547875,92.6005859375,-0.0337697976146705,0.00102779927368,-0.0061715080059442,-0.003715252459506435
12119.0,12152.0,12071.4501953125,12080.849609375,502600.0,14.020000457763672,14.029999732971191,10.15999984741211,13.699999809265137,0.0,-0.0037152524595064,0,49.06510068818343,12095.222906458876,-13.354836838832853,129.22570057140982,80.5498046875,-0.0228245818866098,0.0029097117049763,-0.0077045975235748,-0.02081386879900149
12012.5498046875,12012.5498046875,11813.400390625,11829.400390625,490800.0,13.699999809265137,17.3799991607666,12.300000190734863,17.0,0.0,-0.0208138687990014,1,39.558454526258025,12069.90647637946,-32.887658599071074,139.0988090127377,199.1494140625,0.2408759296845475,-0.0136001341984574,-0.0234491247421331,-0.002662856861702312
11877.5,11883.0498046875,11779.900390625,11797.900390625,461000.0,17.0,17.31999969482422,15.619999885559082,16.899999618530273,0.0,-0.0026628568617023,0,38.5507517994206,12044.001134879034,-50.32918381180389,136.5309950877207,103.1494140625,-0.0058823753805721,-0.0270495377195733,-0.0205797388369374,-0.010120477938589723
11738.5498046875,11783.25,11639.599609375,11678.5,567600.0,16.899999618530273,18.86000061035156,16.5,18.26000022888184,0.0,-0.0101204779385897,1,34.91961628175686,12009.191502985794,-72.94546197634372,138.0859798135978,143.650390625,0.0804734107130018,-0.0333047444827695,-0.0261830310610798,-0.003870376787472707
11661.25,11663.849609375,11536.7001953125,11633.2998046875,608600.0,18.26000022888184,19.15999984741211,16.829999923706055,17.770000457763672,0.0,-0.0038703767874727,0,33.6282967385019,11973.392293624052,-93.43919450082832,138.35125301887652,127.1494140625,-0.0268345983009973,-0.0165773901856355,-0.0406238357621961,-0.03709607866493836
11382.0,11384.7998046875,11175.0498046875,11201.75,809900.0,17.770000457763672,23.700000762939453,17.479999542236328,23.239999771118164,0.0,-0.0370960786649383,0,24.364375692866812,11899.902551374144,-142.8563289665817,161.2011635175282,209.75,0.3078221256299778,-0.0505302105363358,-0.0727680285575941,-0.006159751824491688
11387.349609375,11433.0,11036.25,11132.75,680800.0,23.239999771118164,26.34000015258789,19.920000076293945,25.200000762939453,0.0,-0.0061597518244916,2,23.261005353943617,11826.840403624225,-185.44973826064412,178.02608040913333,396.75,0.0843373929055328,-0.0467311726677227,-0.0588914372343932,0.015319647408546855
11217.5498046875,11342.25,11152.5498046875,11303.2998046875,696500.0,25.200000762939453,26.489999771118164,21.540000915527344,24.540000915527344,0.0,0.0153196474085468,1,31.516426785664837,11776.97939420168,-203.1021430229648,180.27421752276663,189.7001953125,-0.0261904693424749,-0.0283668439342575,-0.0419227633359683,-0.004626950146523701
11351.349609375,11356.599609375,11082.150390625,11251.0,797700.0,24.540000915527344,26.290000915527344,22.43000030517578,24.229999542236328,0.0,-0.0046269501465237,1,30.435161457170253,11726.886118563423,-218.7898845295076,187.0010033247119,274.44921875,-0.0126324923278575,0.0043966344544379,-0.0366057284754035,0.0015998577904186018
11306.0498046875,11389.5,11244.599609375,11269.0,1352500.0,24.229999542236328,24.229999542236328,22.1299991607666,23.25,0.0,0.0015998577904186,0,31.308644567455147,11683.277916795478,-227.1516206439828,183.9938167033039,144.900390625,-0.0404457103075074,0.0122386651995238,-0.0313152597116692,-0.024806975302821943
10942.650390625,11035.099609375,10827.400390625,10989.4501953125,1811000.0,23.25,27.549999237060547,23.25,25.63999938964844,0.0,-0.0248069753028219,0,25.874739075141505,11617.19908617805,-253.4144852598074,202.39423046556792,207.69921875,0.102795672673051,-0.0277661934831495,-0.0189523783951168,-0.048956043335951605
10742.0498046875,10751.5498046875,10294.4501953125,10451.4501953125,1565500.0,25.63999938964844,34.349998474121094,21.43000030517578,30.799999237060547,0.0,-0.0489560433359516,1,19.029565645595525,11506.175382286094,-314.0202682464569,237.58035686088448,457.099609375,0.2012480487614731,-0.0710647768809439,-0.0611977997069457,0.0006649981756232659
10334.2998046875,10545.099609375,10334.0,10458.400390625,1218500.0,30.799999237060547,33.2400016784668,29.649999618530277,31.559999465942383,0.0,0.0006649981756232,0,19.326485249363746,11406.38728784218,-357.37042146466774,235.68887489760704,211.099609375,0.0246753327177799,-0.0719318137700771,-0.0747480318722607,-0.08301938801064712
10039.9501953125,10040.75,9508.0,9590.150390625,1343500.0,31.559999465942383,42.33000183105469,29.809999465942383,41.15999984741211,0.0,-0.0830193880106471,2,12.941799397984596,11233.412345250066,-456.5237275876007,286.73969744956366,532.75,0.3041825267402003,-0.1273311930822859,-0.1476179547929073,0.03806507612689369
9107.599609375,10159.400390625,8555.150390625,9955.2001953125,1388000.0,41.15999984741211,59.47999954223633,41.15999984741211,51.470001220703125,0.0,0.0380650761268936,0,24.269675340909828,11111.67785477982,-499.884610044026,380.8475762031663,1604.25,0.2504859429424717,-0.0474814490550382,-0.1165853052344928,-0.07612100106679087
9587.7998046875,9602.2001953125,9165.099609375,9197.400390625,897700.0,51.470001220703125,59.869998931884766,51.470001220703125,58.880001068115234,0.0,-0.0761210010667908,0,18.800759467282305,10929.365715336504,-588.6113871568232,410.0799340413329,437.1005859375,0.1439673532479253,-0.120572932083416,-0.1630700146811612,-0.02504518409052825
9285.400390625,9403.7998046875,8915.599609375,8967.0498046875,935600.0,58.880001068115234,63.43999862670898,57.25,62.93000030517578,0.0,-0.0250451840905282,0,17.50917593713632,10742.478485750884,-669.7943916116437,415.6599527035592,488.2001953125,0.0687839531859946,-0.0649729733692833,-0.1420281743571583,-0.05556454027271507
9088.4501953125,9127.5498046875,8407.0498046875,8468.7998046875,1516600.0,62.93000030517578,64.58000183105469,61.150001525878906,63.959999084472656,0.0,-0.055564540272715,0,15.093782594588744,10525.937658982944,-765.512763858449,437.4342417961621,720.5,0.01636737286353,-0.1493089401983985,-0.1902394736886336,-0.024247781753128472
8063.2998046875,8575.4501953125,7832.5498046875,8263.4501953125,925700.0,63.959999084472656,73.33999633789062,63.09999847412109,72.19999694824219,0.0,-0.0242477817531284,2,14.222934085426616,10310.462662442902,-848.1631637870469,459.2532524267934,742.900390625,0.1288304875190331,-0.1015450187712263,-0.138339873857394,0.058329146858465686
8284.4501953125,8883.0,8178.2001953125,8745.4501953125,1071500.0,72.19999694824219,72.97000122070312,65.37999725341797,67.0999984741211,0.0,0.0583291468584656,0,25.140575961431367,10161.41385604953,-864.801931095355,476.7922918739868,704.7998046875,-0.0706371009652135,-0.0247126551320323,-0.1215194045589984,-0.12980466070471242
7945.7001953125,8159.25,7583.60009765625,7610.25,653500.0,67.0999984741211,73.37000274658203,66.31999969482422,71.98999786376953,0.0,-0.1298046607047124,2,19.00521042600357,9918.445869759098,-958.5399902239968,525.7249922870055,575.64990234375,0.0728762965849305,-0.1013779785197296,-0.1725651078801351,0.02507142402516349
7848.2998046875,8036.9501953125,7511.10009765625,7801.0498046875,738400.0,71.98999786376953,86.63999938964844,71.98999786376953,83.61000061035156,0.0,0.0250714240251634,2,22.431626180128674,9716.78910165704,-1005.8374596491558,525.7339283848087,525.85009765625,0.1614113500679799,-0.0559573035107417,-0.1300316185810049,0.06624746894667499
7735.14990234375,8376.75,7714.75,8317.849609375,736900.0,83.61000061035156,84.5999984741211,75.97000122070312,77.62999725341797,0.0,0.0662474689466749,2,30.9520791034014,9583.55676905875,-990.2051511650316,535.4672192144652,662.0,-0.0715225847778934,-0.0488940622138229,-0.0178242724817924,0.038904356430389475
8451.0,8749.0498046875,8304.900390625,8641.4501953125,865600.0,77.62999725341797,79.41000366210938,70.68000030517578,71.52999877929688,0.0,0.0389043564303894,1,35.71383527221363,9493.83233346387,-940.8589350851308,528.9445188464676,444.1494140625,-0.0785778525047226,0.1355014875086233,0.0457436047977179,0.0021755381634551707
8949.099609375,9038.900390625,8522.900390625,8660.25,801500.0,71.52999877929688,73.02999877929688,65.62999725341797,70.38999938964844,0.0,0.0021755381634551,0,35.99001575772451,9414.443539800644,-889.9756311148667,528.0199103574342,516.0,-0.0159373606752861,0.1101390475415531,-0.0097422309211899,-0.04378053643081892
8385.9501953125,8576.0,8244.0,8281.099609375,593300.0,70.38999938964844,73.36000061035156,70.27999877929688,71.88999938964844,0.0,-0.0437805364308189,2,32.918463674323945,9306.50602261725,-870.2132374431221,520.0363453319032,332.0,0.0213098453332363,-0.0044182092398712,0.0881507978548667,0.03823772271336057
8529.349609375,8678.2998046875,8358.0,8597.75,712700.0,71.88999938964844,71.88999938964844,63.61000061035156,64.41000366210938,0.0,0.0382377227133605,0,37.70050757925763,9239.005449034656,-819.5530603861371,511.2623346162316,320.2998046875,-0.1040477923361357,-0.0050570441679111,0.1021273053318769,-0.04000467509668226
8584.099609375,8588.099609375,8198.349609375,8253.7998046875,506300.0,64.41000366210938,64.41000366210938,59.77999877929688,60.04999923706055,0.0,-0.0400046750966822,0,34.798668030191166,9145.176340049213,-797.9600248776878,503.2721957597151,389.75,-0.0676914171270836,-0.0469328478176149,-0.007700284051218,-0.020596574186770744
8356.5498046875,8356.5498046875,8055.7998046875,8083.7998046875,697000.0,60.04999923706055,60.59000015258789,54.900001525878906,55.29999923706055,0.0,-0.0205965741867707,2,33.42908389222889,9044.092860490951,-785.5100964892699,488.8063246340212,300.75,-0.079100750380501,-0.0238253147521783,-0.0645320377970232,0.08763210467115035
8446.2998046875,8819.400390625,8360.9501953125,8792.2001953125,814200.0,55.29999923706055,55.29999923706055,49.93999862670898,51.79999923706055,0.0,0.0876321046711503,1,43.42192178525951,9020.10308285491,-710.2936246081536,506.4344861556982,458.4501953125,-0.0632911401136945,0.0226164049097148,0.0152363032605871,-0.004941902407507137
8688.900390625,9131.7001953125,8653.900390625,8748.75,896500.0,51.79999923706055,53.72999954223633,46.97999954223633,52.2400016784668,0.0,-0.0049419024075071,2,42.99561125462685,8994.259932106823,-646.7349385768448,504.3891517651126,477.7998046875,0.0084942557507114,0.0599663436265327,0.0564720161191607,0.04150883161880259
8973.0498046875,9128.349609375,8904.5498046875,9111.900390625,742100.0,52.2400016784668,52.2400016784668,46.900001525878906,49.75,0.0,0.0415088316188025,0,47.62399006110949,9005.46378529903,-560.5987865813531,495.4756130229617,223.7998046875,-0.0476646554070301,0.1271803620546543,0.0598005746416212,-0.01295567073707915
9103.9501953125,9112.0498046875,8912.400390625,8993.849609375,644000.0,49.75,52.4900016784668,43.63999938964844,51.459999084472656,0.0,-0.0129556707370791,0,46.30773169443434,9004.357673306265,-496.1417635896578,474.3451702400716,199.6494140625,0.0343718408939226,0.0229350344149361,0.0896617100244194,-0.007621853562688519
9196.400390625,9261.2001953125,8874.099609375,8925.2998046875,879100.0,51.459999084472656,51.459999084472656,44.650001525878906,49.7400016784668,0.0,-0.0076218535626885,2,45.52095983826176,8996.82835248543,-445.45557029671,468.1134142184593,387.1005859375,-0.0334239688419435,0.0201800033933419,0.104097085570086,0.007562771164790316
8851.25,9053.75,8821.900390625,8992.7998046875,719400.0,49.7400016784668,49.7400016784668,42.2599983215332,46.09999847412109,0.0,0.0075627711647903,2,46.48512635797498,8996.444681266581,-395.2831331549787,451.23742815821225,231.849609375,-0.0731806007542118,-0.0130708832221255,0.0228156325969406,0.03046328187687486
9323.4501953125,9324.0,9091.349609375,9266.75,684200.0,46.09999847412109,46.09999847412109,40.310001373291016,42.59000015258789,0.0,0.0304632818768748,1,50.3274305937099,9022.188044955476,-329.6160157323393,442.6633400978043,232.650390625,-0.0761387947442903,0.03034300132621,0.0592084583511929,-0.0005288143766692954
9390.2001953125,9390.849609375,9230.7998046875,9261.849609375,726400.0,42.59000015258789,44.040000915527344,40.29999923706055,43.459999084472656,0.0,-0.0005288143766692,0,50.257917678021535,9045.012955852577,-274.8020259412988,422.4766589970682,160.0498046875,0.0204273052070393,0.0377073949393551,0.0164564154920172,-0.030274667144095657
9016.9501953125,9044.400390625,8909.400390625,8981.4501953125,655100.0,43.459999084472656,45.959999084472656,36.220001220703125,45.20000076293945,0.0,-0.0302746671440956,2,46.31587179823404,9038.959359610664,-251.09298975169256,417.47469897942045,135.0,0.0400368549268668,-0.0012620773976402,-0.0013786548142382,0.02291941778872575
9026.75,9209.75,8946.25,9187.2998046875,734400.0,45.20000076293945,45.43000030517578,40.470001220703125,42.81999969482422,0.0,0.0229194177887257,2,49.450538333925714,9053.087021046553,-213.23502401480252,406.4765061951761,263.5,-0.0526548899987332,-0.008573684982599,0.0293547562248159,0.01377995587701486
9232.349609375,9343.599609375,9170.150390625,9313.900390625,666700.0,42.81999969482422,42.81999969482422,37.0,39.22999954223633,0.0,0.0137799558770148,0,51.33268382561447,9077.926389577831,-171.0450038439958,389.8316999490921,173.44921875,-0.0838393315780855,0.0056199121606674,0.0357064087838501,-0.017124941572334906
9163.900390625,9296.900390625,9141.2998046875,9154.400390625,659400.0,39.22999954223633,39.95000076293945,34.97999954223633,39.119998931884766,0.0,-0.0171249415723349,2,48.86416310511413,9085.2096277728,-148.76456064642116,374.315191805407,155.6005859375,-0.0028039921395648,0.0192563774837568,-0.0121239495373243,0.013971358975458648
9259.7001953125,9377.099609375,9250.349609375,9282.2998046875,512800.0,39.119998931884766,40.16999816894531,35.209999084472656,38.040000915527344,0.0,0.0139713589754586,2,50.90303528792402,9103.980120812295,-119.41024806616952,363.48547944430646,126.75,-0.0276073120103581,0.0103403613705443,0.0022080033875522,0.010622430648890235
9389.7998046875,9404.400390625,9260.0,9380.900390625,614500.0,38.040000915527344,41.90999984741211,35.06999969482422,35.349998474121094,0.0,0.0106224306488902,2,52.47619025346106,9130.35347984208,-87.18548066422045,347.8365445286417,144.400390625,-0.0707150992814049,0.007193549124429,0.0444750220316287,0.018383013524196468
9408.599609375,9599.849609375,9392.349609375,9553.349609375,653000.0,35.349998474121094,35.349998474121094,31.479999542236328,33.84000015258789,0.0,0.0183830135241964,2,55.18105121836336,9170.63882551188,-47.18795621068057,338.6303069730244,207.5,-0.0427156545038789,0.0435800491268181,0.0398430237903781,0.03208830345213909
9753.5,9889.0498046875,9731.5,9859.900390625,931200.0,33.84000015258789,34.25,32.529998779296875,33.9900016784668,0.0,0.032088303452139,0,59.58463334583971,9236.28278409408,9.1410834604485,338.42101328298696,157.5498046875,0.004432669184472,0.0622260213622722,0.0586220570438547,-0.05744483901313502
9533.5,9533.5,9266.9501953125,9293.5,687500.0,33.9900016784668,43.91999816894531,33.9900016784668,43.66999816894531,0.0,-0.057444839013135,0,49.84069880923669,9241.732042751788,7.986412914062384,356.6016691422379,266.5498046875,0.2847895266981097,-0.0093168445442982,0.0151948356461939,-0.009458265521601117
9429.400390625,9450.900390625,9190.75,9205.599609375,725200.0,43.66999816894531,43.869998931884766,38.150001525878906,43.61000061035156,0.0,-0.0094582655216011,2,48.51475276188133,9238.290858620669,-0.0212537224397237,349.7122921052923,260.150390625,-0.0013738850723473,-0.0364008451714927,-0.0082630594708615,0.007093593467121684
9226.7998046875,9346.900390625,9116.5,9270.900390625,722200.0,43.61000061035156,43.630001068115234,40.20000076293945,41.25,0.0,0.0070935934671216,0,49.58772934722497,9241.396528335366,-1.0856452755688224,341.19001342812857,230.400390625,-0.0541160416721336,-0.0597369118008569,-0.0117259533114679,-0.007750119504051356
9234.0498046875,9277.849609375,9175.900390625,9199.0498046875,708700.0,41.25,41.720001220703125,39.65999984741211,39.93000030517578,0.0,-0.0077501195040513,2,48.39268564548517,9237.363507035569,-7.638868928726879,324.10138523683366,101.94921875,-0.0319999926017992,-0.0101630381785656,-0.0370864481228463,0.0057016970693835045
9376.9501953125,9382.650390625,9238.2001953125,9251.5,609100.0,39.93000030517578,39.93000030517578,36.54999923706055,38.40999984741211,0.0,0.0057016970693835,1,49.35224369956337,9238.709839698848,-8.50204716278131,314.06561385830986,144.4501953125,-0.0380666277522329,0.0049861380651679,-0.0617045169344184,-0.0013294930214019507
9348.150390625,9439.900390625,9219.9501953125,9239.2001953125,704600.0,38.40999984741211,38.4900016784668,36.95000076293945,38.040000915527344,0.0,-0.0013294930214019,1,49.12158588946341,9238.756540233482,-10.062617980342113,307.3430839621806,219.9501953125,-0.0096328803268582,-0.0034193221776556,-0.0058427723341583,-0.004616242718351149
9168.849609375,9240.849609375,9043.9501953125,9196.5498046875,805500.0,38.040000915527344,38.810001373291016,35.2400016784668,38.209999084472656,0.0,-0.0046162427183511,2,48.27897172455212,9234.736851133865,-14.572924078371216,299.4542503979177,196.8994140625,0.0044689317784931,-0.0002717671991215,-0.0009830760701653,0.02033371253039773
9584.2001953125,9584.5,9351.099609375,9383.5498046875,846400.0,38.209999084472656,39.04999923706055,33.439998626708984,38.84000015258789,0.0,0.0203337125303977,0,52.15425103883564,9248.909513377068,-3.0231875559893524,305.7753893203879,233.400390625,0.0164878587597572,0.0142733399651406,0.0121508601447615,-0.025661909373274727
9213.9501953125,9281.099609375,9119.75,9142.75,602600.0,38.84000015258789,38.84000015258789,35.79999923706055,38.18000030517578,0.0,-0.0256619093732747,1,47.2452490361211,9238.799083531632,-13.148897633969682,302.77713327518165,161.349609375,-0.0169927869417924,-0.0104392364353609,-0.0061201760924058,-0.0006453627874545287
9182.400390625,9182.400390625,9050.0,9136.849609375,575900.0,38.18000030517578,38.459999084472656,34.060001373291016,38.02000045776367,0.0,-0.0006453627874545,0,47.12819305691716,9229.08960980243,-21.402987714907795,290.60736594302585,132.400390625,-0.0041906717164279,-0.0064915861470211,-0.0123926272091012,-0.034322509703259896
9158.2998046875,9158.2998046875,8806.75,8823.25,773000.0,38.02000045776367,41.25,27.940000534057617,40.91999816894531,0.0,-0.0343225097032598,2,41.27489229073019,9190.438218392674,-52.64245177159864,294.96039728191687,351.5498046875,0.0762755832789439,-0.0597108574419891,-0.0450201518009677,0.00632982284022332
8961.7001953125,9030.349609375,8855.2998046875,8879.099609375,762200.0,40.91999816894531,40.91999816894531,37.95000076293945,39.45000076293945,0.0,0.0063298228402233,2,42.64120276565461,9160.786922295752,-72.06266187417168,288.6846267171371,175.0498046875,-0.0359236918813319,-0.028837099409368,-0.0345184011454703,0.021111396826158035
8889.150390625,9093.7998046875,8875.349609375,9066.5498046875,622300.0,39.45000076293945,39.45000076293945,34.099998474121094,35.810001373291016,0.0,0.021111396826158,1,47.09067251059408,9151.811958714014,-71.50340734984457,283.6678816168059,218.4501953125,-0.0922686772941197,-0.0076940967284137,-0.033782524374906,0.004378754451001221
9079.4501953125,9178.5498046875,9056.099609375,9106.25,631500.0,35.810001373291016,35.810001373291016,32.58000183105469,32.9900016784668,0.0,0.0043787544510012,0,48.01051853863924,9147.472724550777,-67.0834241807861,272.15233259506977,122.4501953125,-0.0787489412644234,0.0320743490210524,-0.0039922342839955,-0.0073575840768702605
9067.900390625,9149.599609375,8968.5498046875,9039.25,675800.0,32.9900016784668,34.36000061035156,26.34000015258789,32.380001068115234,0.0,-0.0073575840768702,1,46.53998157426691,9137.165798403084,-68.2007202827408,265.6450091731005,181.0498046875,-0.018490469212365,0.0180367827449423,-0.0106819761238989,-0.0011284338094974533
9099.75,9161.650390625,8996.650390625,9029.0498046875,655000.0,32.380001068115234,33.209999084472656,30.96999931335449,31.46999931335449,0.0,-0.0011284338094974,2,46.30743569416424,9126.869037096838,-69.11256933019467,258.4560799464505,165.0,-0.0281038210235522,-0.004136082722516,0.0233247164806051,0.03166450477176164
9082.2001953125,9334.0,9004.25,9314.9501953125,763500.0,31.46999931335449,32.02000045776367,28.86000061035156,31.270000457763672,0.0,0.0316645047717616,2,53.34428480065918,9144.781528355474,-46.23250458155962,263.5485028074183,329.75,-0.0063552227503846,0.0229183467741935,0.0490872504096369,0.018803043536468778
9364.9501953125,9511.25,9336.5,9490.099609375,837900.0,31.270000457763672,31.270000457763672,29.200000762939453,30.020000457763672,0.0,0.0188030435364687,2,57.05734198873415,9177.668964643048,-13.807628746939372,258.74502437028127,174.75,-0.0399744157883327,0.0498768824155764,0.0467156541144813,0.009504662651105722
9422.2001953125,9598.849609375,9376.900390625,9580.2998046875,967000.0,30.020000457763672,30.56999969482422,27.40999984741211,30.21999931335449,0.0,0.0095046626511057,2,58.8726126196685,9216.014758932995,18.94928532217091,256.1167525402612,221.94921875,0.0066621869600638,0.0610529360147968,0.0520576312628688,0.025662097319460564
9726.849609375,9931.599609375,9706.9501953125,9826.150390625,794200.0,30.21999931335449,32.16999816894531,28.82999992370605,30.739999771118164,0.0,0.0256620973194605,2,63.41239368803636,9274.122914332234,64.00960051865695,262.9155419793497,224.6494140625,0.0172071631230605,0.0548795414461527,0.087053725765412,0.015565527970742954
9880.849609375,9995.599609375,9824.0498046875,9979.099609375,770200.0,30.739999771118164,30.920000076293945,27.899999618530277,30.1200008392334,0.0,0.0155655279707429,2,65.93188351877032,9341.263551955357,110.78488941312573,256.3894178870747,171.5498046875,-0.0201691261060869,0.0515273832865705,0.1052214602021881,0.008262288035990828
10108.2998046875,10176.2001953125,10035.5498046875,10061.5498046875,794700.0,30.1200008392334,30.399999618530277,29.34000015258789,30.040000915527344,0.0,0.0082622880359908,1,67.24146403685339,9409.86224269175,152.74691322246326,252.15450131924797,140.650390625,-0.0026560398896752,0.0502332922571515,0.0801506818308814,-0.003225168681009971
10054.25,10123.849609375,9944.25,10029.099609375,775100.0,30.040000915527344,30.270000457763672,28.450000762939453,29.690000534057617,0.0,-0.0032251686810099,2,66.16347901831838,9468.837229994915,181.29381756983457,246.972009037516,179.599609375,-0.011651144167869,0.0206539906964615,0.0567960318843794,0.011272276241460544
10093.7998046875,10177.7998046875,10040.75,10142.150390625,987100.0,29.690000534057617,29.690000534057617,25.920000076293945,28.68000030517578,0.0,0.0112722762414605,1,68.08319054095142,9532.962292912069,210.6118953483201,239.9525937714434,137.0498046875,-0.0340181950392105,0.0163392277492471,0.0586464513002604,0.002494520758722585
10326.75,10328.5,10120.25,10167.4501953125,936500.0,28.68000030517578,30.149999618530277,27.799999237060547,29.649999618530277,0.0,0.0024945207587225,0,68.51371709753607,9593.3897121883,233.19998178404603,237.6881227877689,208.25,0.0338214540806487,0.0105252563154498,0.0347338266889472,-0.011881032349997822
10181.150390625,10291.150390625,10021.4501953125,10046.650390625,754200.0,29.649999618530277,30.34000015258789,27.239999771118164,30.209999084472656,0.0,-0.0118810323499978,2,64.06978429226535,9636.55739584894,238.6031991955515,239.97469939667823,269.7001953125,0.0188869974079999,0.0017499857348703,0.0067692260719132,0.006917728526201428
10072.599609375,10148.75,10036.849609375,10116.150390625,632400.0,30.209999084472656,30.209999084472656,28.729999542236328,29.440000534057617,0.0,0.0069177285262014,0,65.45795001877232,9682.232919160944,245.66152395732388,230.8265344844155,111.900390625,-0.025488201713015,-0.0025635589099559,0.0054266576220756,-0.021169158460066062
10094.099609375,10112.0498046875,9885.0498046875,9902.0,715500.0,29.440000534057617,30.420000076293945,28.38999938964844,29.65999984741211,0.0,-0.021169158460066,2,58.019624859698574,9703.163117336091,231.3087669093384,230.84610958820727,227.0,0.0074728026278392,-0.0261078431871621,-0.0126730827617057,0.00716020911179549
9544.9501953125,9996.0498046875,9544.349609375,9972.900390625,796300.0,29.65999984741211,32.880001068115234,29.65999984741211,30.81999969482422,0.0,0.0071602091117954,0,59.654274664857226,9728.852381458844,223.08360360924416,246.6214014256568,451.7001953125,0.0391099073964871,-0.0073407550907533,-0.0166877825196171,-0.015963279394844432
9919.349609375,9943.349609375,9726.349609375,9813.7001953125,716100.0,30.81999969482422,33.779998779296875,29.920000076293945,32.58000183105469,0.0,-0.0159632793948444,2,54.52070428085498,9736.933125635383,201.39739337929316,246.6163571273956,217.0,0.0571058453490522,-0.0298977559282621,-0.0347924005728682,0.010220386061458031
10014.7998046875,10046.150390625,9728.5,9914.0,899900.0,32.58000183105469,35.310001373291016,30.40999984741211,32.970001220703125,0.0,0.010220386061458,1,57.02963226806204,9753.796637479634,190.1127698593391,251.69021666293875,317.650390625,0.0119705146632833,0.0012118763886084,-0.0132034444782493,-0.0033134566648174157
9876.7001953125,10003.599609375,9833.7998046875,9881.150390625,685400.0,32.970001220703125,34.02000045776367,29.049999237060547,33.349998474121094,0.0,-0.0033134566648174,2,55.94115171465224,9765.925566350625,176.48453165442515,245.840901521836,169.7998046875,0.011525545627804,-0.0091999314548704,-0.0232301805455347,0.021303187551898528
9863.25,10111.2001953125,9845.0498046875,10091.650390625,622900.0,33.349998474121094,33.41999816894531,31.21999931335449,31.459999084472656,0.0,0.0213031875518985,2,61.06886509130928,9796.946978186275,180.5879401075072,247.29157931491915,266.150390625,-0.0566716484594456,0.0283226703262509,0.0191527358740657,0.015136275444292302
10119.0,10272.400390625,10072.650390625,10244.400390625,892100.0,31.459999084472656,31.90999984741211,29.68000030517578,29.96999931335449,0.0,0.0151362754442923,2,64.31447618560662,9839.561588894729,193.9300642219441,243.8957522209964,199.75,-0.0473617232828708,0.0333266482373411,0.0272237753678181,0.006520616350433883
10318.75,10393.650390625,10277.599609375,10311.2001953125,685400.0,29.96999931335449,30.979999542236328,29.96999931335449,30.459999084472656,0.0,0.0065206163504338,2,65.66264689262022,9884.479551410706,207.5020254921219,237.13534134806807,116.05078125,0.016349675753907,0.0435222405981716,0.0506944363592469,0.015497691991291696
10347.9501953125,10484.7001953125,10301.75,10471.0,669200.0,30.459999084472656,31.149999618530277,29.239999771118164,29.34000015258789,0.0,0.0154976919912916,0,68.70821862425261,9940.338641752543,228.5181958014673,233.26497377409893,182.9501953125,-0.0367694998538492,0.0375904430584921,0.0561831753076458,-0.015824677233549855
10529.25,10553.150390625,10281.9501953125,10305.2998046875,854800.0,29.34000015258789,30.530000686645508,27.790000915527344,29.57999992370605,0.0,-0.0158246772335498,1,62.51628048611904,9975.096847746348,229.1614111379749,235.97463245541329,271.2001953125,0.0081799512566462,0.0059446538343259,0.0429251045976308,-0.001591357298992957
10235.5498046875,10361.7998046875,10194.5,10288.900390625,994200.0,29.57999992370605,31.290000915527344,29.059999465942383,29.729999542236328,0.0,-0.0015913572989929,2,61.92150994168632,10004.982899449076,225.74561335802537,231.06928761484804,167.2998046875,0.0050709810316822,-0.0021626778905561,0.0195458614166066,0.00914574014738645
10378.900390625,10409.849609375,10311.25,10383.0,671900.0,29.729999542236328,30.06999969482422,28.31999969482422,28.739999771118164,0.0,0.0091457401473864,0,64.03582910723622,10040.984528072971,228.00334047933936,223.20356841021604,98.599609375,-0.0332996900895241,-0.0084041638811956,0.0135293042140209,-0.006799538608783573
10311.9501953125,10337.9501953125,10223.599609375,10312.400390625,574500.0,28.739999771118164,30.450000762939453,27.979999542236328,28.90999984741211,0.0,-0.0067995386087835,1,61.28632987291356,10066.833657839832,221.5420086672148,218.6461985684149,114.3505859375,0.0059151036063953,0.0006890227428677,0.0001163972466604,-0.0009988732845714887
10382.599609375,10401.0498046875,10267.349609375,10302.099609375,556200.0,28.90999984741211,29.6299991607666,28.40999984741211,29.1200008392334,0.0,-0.0009988732845714,2,60.875628106167305,10089.23993893842,213.13330166435844,212.57862690727816,133.7001953125,0.0072639568637038,0.0012828599995027,-0.0161303018455735,0.012419817334717198
10323.7998046875,10447.0498046875,10299.599609375,10430.0498046875,573600.0,29.1200008392334,29.15999984741211,27.940000534057617,28.1200008392334,0.0,0.0124198173347171,2,64.09433481718318,10121.698021390712,214.3232670099624,207.92659607907973,147.4501953125,-0.0343406583509674,0.0045314268214871,0.0121054217115794,0.011663452514898642
10493.0498046875,10598.2001953125,10485.5498046875,10551.7001953125,597400.0,28.1200008392334,28.1200008392334,26.31999969482422,26.51000022888184,0.0,0.0116634525148986,2,66.88386407954958,10162.650609383263,222.517450313384,205.08543854664543,112.650390625,-0.0572546430405958,0.0232050536851775,0.0255420690948624,0.005273976044848361
10614.9501953125,10631.2998046875,10562.650390625,10607.349609375,525200.0,26.51000022888184,26.780000686645508,25.6299991607666,25.770000457763672,0.0,0.0052739760448483,2,68.10461636614156,10205.002895096764,230.8408525952564,196.12216503438503,68.6494140625,-0.027913985844178,0.0296298824098166,0.0216073976090724,0.014735139974255018
10723.849609375,10811.400390625,10695.099609375,10763.650390625,571200.0,25.770000457763672,26.18000030517578,24.540000915527344,25.200000762939453,0.0,0.014735139974255,1,71.3041867191512,10258.207418480404,247.19981012270364,196.68849476407183,116.30078125,-0.0221187304889044,0.0319845630830615,0.0437579984200604,0.003344590235981215
10802.849609375,10813.7998046875,10689.7001953125,10799.650390625,636800.0,25.200000762939453,25.649999618530277,24.239999771118164,25.100000381469727,0.0,0.0033445902359812,0,72.00086846262644,10309.773415827509,260.0713602069136,191.50357437913817,124.099609375,-0.0039682689858007,0.0234986012417837,0.0482960561551186,-0.00869476207364206
10818.650390625,10847.849609375,10676.5498046875,10705.75,767900.0,25.100000381469727,26.36000061035156,25.030000686645508,26.100000381469727,0.0,-0.008694762073642,2,67.40410833390689,10347.485471462986,259.70150235742403,190.06044797259256,171.2998046875,0.0398406368447012,0.0092766236853389,0.0264332577960073,0.010060032721901813
10755.5498046875,10836.849609375,10733.0,10813.4501953125,618700.0,26.100000381469727,27.65999984741211,24.739999771118164,24.90999984741211,0.0,0.0100600327219018,1,69.78668182991183,10391.863064210558,265.0436349805313,185.848959501336,103.849609375,-0.0455938895273918,0.0046266650142106,0.024806428836585,-0.004198511095439339
10764.099609375,10819.400390625,10713.0,10768.0498046875,590700.0,24.90999984741211,25.479999542236328,23.489999771118164,24.940000534057617,0.0,-0.0041985110954393,1,67.54534740102072,10427.69037282741,262.5869426555528,180.1740617244548,106.400390625,0.0012043631806213,-0.0029260749000663,0.0151498914649206,0.003217889149241815
10851.849609375,10894.0498046875,10756.0498046875,10802.7001953125,554100.0,24.940000534057617,25.90999984741211,22.809999465942383,25.25,0.0,0.0032178891492418,0,68.3800439234457,10463.405594016464,260.4338736456066,177.1616287441366,138.0,0.0124298099159643,0.009055899429045,0.0036279332076329,-0.01808349601540049
10750.849609375,10755.650390625,10562.900390625,10607.349609375,532400.0,25.25,27.270000457763672,25.25,26.63999938964844,0.0,-0.0180834960154004,1,59.14459578163428,10477.114547860136,240.19556629925864,181.63578416866255,192.75,0.0550494807781558,-0.019059650917599,-0.0178062043024034,0.0010229309240368245
10701.0,10827.4501953125,10577.75,10618.2001953125,715900.0,26.63999938964844,26.63999938964844,23.739999771118164,26.290000915527344,0.0,0.0010229309240368,2,59.47201694375854,10490.551276188931,222.46764499102028,186.49752782179385,249.7001953125,-0.0131380811614092,-0.0139161326417498,-0.00817783010882,0.011466161662100571
10706.2001953125,10755.2998046875,10595.2001953125,10739.9501953125,694400.0,26.290000915527344,26.600000381469727,25.25,25.36000061035156,0.0,0.0114661616621005,2,63.050254334806205,10514.3035542007,215.7552548493368,184.61196221845145,160.099609375,-0.0353746775499922,-0.0058087328969129,-0.0067970905374735,0.01506059125586967
10752.0,10933.4501953125,10749.650390625,10901.7001953125,676900.0,25.36000061035156,25.5,23.770000457763672,24.15999984741211,0.0,0.0150605912558696,2,67.19429100409796,10551.198472401824,220.94064428421188,185.24682205999065,183.7998046875,-0.047318640932904,0.0277496826989982,0.0124117545005058,0.011053321760931656
10999.4501953125,11037.900390625,10953.0,11022.2001953125,554300.0,24.15999984741211,25.1200008392334,24.15999984741211,24.709999084472656,0.0,0.0110533217609316,2,69.90243034093051,10596.055779345696,232.09796484675644,181.743491578027,84.900390625,0.0227648692274085,0.0380478793551424,0.0203189939581258,0.012706156865764484
11126.099609375,11179.5498046875,11113.25,11162.25,772000.0,24.709999084472656,24.709999084472656,23.729999542236328,24.43000030517578,0.0,0.0127061568657644,1,72.72100820308586,10649.979038455633,249.3665284551971,180.00107142066796,66.2998046875,-0.0113313957778663,0.0393204621071534,0.0523128218697126,-0.0026563094918139463
11231.2001953125,11238.099609375,11056.5498046875,11132.599609375,765100.0,24.43000030517578,25.799999237060547,23.729999542236328,24.88999938964844,0.0,-0.0026563094918139,2,71.2007554278777,10695.942902352715,257.688972731552,180.11169522544168,181.5498046875,0.0188292705168406,0.0211801287804429,0.0484450664519948,0.007442159858846331
11135.0,11239.7998046875,11103.150390625,11215.4501953125,621600.0,24.88999938964844,24.940000534057617,24.01000022888184,24.63999938964844,0.0,0.0074421598588463,1,72.90523259922021,10745.419787396506,267.88194336209745,177.00724657094585,136.6494140625,-0.0100441947019079,0.0175327971344763,0.0442739483286929,-0.0018991484351116306
11149.9501953125,11225.400390625,11090.2998046875,11194.150390625,678900.0,24.63999938964844,25.299999237060547,22.739999771118164,24.540000915527344,0.0,-0.0018991484351116,0,71.7298620386482,10788.156035323029,271.1159736148056,174.01391366855685,135.1005859375,-0.004058379732067,0.0028578817554705,0.0268261087787249,-0.005569925698846956
11225.0,11225.0,11087.849609375,11131.7998046875,588100.0,24.540000915527344,25.71999931335449,23.290000915527344,25.020000457763672,0.0,-0.0055699256988469,2,68.26060982487715,10820.88401335774,265.58628136063635,171.38080487973136,137.150390625,0.0195598828169811,-7.184347911215472e-05,0.0099435328185755,0.0151592736988444
11154.099609375,11317.75,11151.400390625,11300.5498046875,683900.0,25.020000457763672,25.21999931335449,23.549999237060547,23.63999938964844,0.0,0.0151592736988444,0,72.18207637413308,10866.56646967486,271.68881556195083,172.42147562492912,166.349609375,-0.0551559169810894,0.0075877122980374,0.0123899576418284,-0.008645614328603224
11276.900390625,11341.400390625,11149.75,11202.849609375,600700.0,23.63999938964844,24.5,23.63999938964844,24.11000061035156,0.0,-0.0086456143286032,0,67.01926861135297,10898.593435360588,265.5800867139824,173.7949695535056,191.650390625,0.0198816088340902,0.0007771218401073,0.0063102961091712,-0.008988714680747911
11254.2998046875,11299.9501953125,11084.9501953125,11102.150390625,677800.0,24.11000061035156,25.13999938964844,22.09000015258789,24.729999542236328,0.0,-0.0089887146807479,1,62.08988316058935,10917.979812052436,249.7345057879229,176.73818601396948,215.0,0.0257154258062759,-0.0026634878979781,-0.0101021183023801,-0.002585102372305803
11139.5,11150.400390625,11026.650390625,11073.4501953125,642600.0,24.729999542236328,25.3700008392334,23.96999931335449,24.190000534057617,0.0,-0.0025851023723058,0,60.71912131546569,10932.78651522006,232.1844253133695,172.95331558440026,123.75,-0.0218357872290473,-0.0200963327714195,-0.0107824346735224,-0.016422215545293994
11057.5498046875,11058.0498046875,10882.25,10891.599609375,680900.0,24.190000534057617,25.690000534057617,23.26000022888184,25.190000534057617,0.0,-0.0164222155452939,2,52.76962346905621,10928.863952758627,201.28178645865228,174.25666413640738,175.7998046875,0.0413393955321363,-0.0277831097312538,-0.021577840019307,0.018697932161379383
10946.650390625,11112.25,10908.099609375,11095.25,625700.0,25.190000534057617,25.190000534057617,23.559999465942383,23.81999969482422,0.0,0.0186979321613793,1,59.21015228811212,10944.71024297209,191.0221229447434,177.57050174273542,204.150390625,-0.0543866935366323,-0.0006215364035085,-0.0181672403764231,0.0005768586219327965
11155.75,11225.650390625,11064.0498046875,11101.650390625,667600.0,23.81999969482422,23.93000030517578,21.82999992370605,23.56999969482422,0.0,0.0005768586219327,2,59.39754741976471,10959.65692370094,181.3176072165279,176.4297934709329,161.6005859375,-0.0104953821663701,0.002546649401506,-0.0090333461823242,0.008872554668374333
11185.7001953125,11256.7998046875,11127.2998046875,11200.150390625,600400.0,23.56999969482422,23.709999084472656,22.530000686645508,23.149999618530277,0.0,0.0088725546683743,1,62.27033554269729,10982.561063407997,179.50560649252475,174.90976637033054,129.5,-0.0178192652410671,0.0283292438499496,0.0088271187609523,0.0012410024488720417
11186.650390625,11231.900390625,11142.0498046875,11214.0498046875,452600.0,23.149999618530277,23.309999465942383,21.76000022888184,22.57999992370605,0.0,0.001241002448872,2,62.6716959541668,11004.60761019652,177.14908503576953,168.83411062512835,89.8505859375,-0.0246220174607677,0.0107072670455825,0.0126970011058087,0.005002705259437024
11270.25,11337.2998046875,11238.0,11270.150390625,492000.0,22.57999992370605,23.020000457763672,21.450000762939453,22.51000022888184,0.0,0.005002705259437,1,64.32143247125657,11029.897398808756,177.75927496596523,165.5781027233335,99.2998046875,-0.0031000750691202,0.0151779234682343,0.0347562153243459,0.004644978776729314
11322.25,11373.599609375,11299.150390625,11322.5,586100.0,22.51000022888184,22.51000022888184,20.21999931335449,21.36000061035156,0.0,0.0046449787767293,1,65.83863071211428,11057.76431320792,180.38763449143696,161.14032529666682,74.44921875,-0.0510883876871198,0.0109239255820539,0.020481737680539,-0.0012452735151247118
11289.0,11322.0,11242.650390625,11308.400390625,609900.0,21.36000061035156,21.920000076293945,16.850000381469727,20.850000381469727,0.0,-0.0012452735151247,1,65.03645391956533,11081.634415819071,179.26643582773067,155.33384558797633,79.349609375,-0.0238764145275669,0.0084136050383922,0.018623357133872,-0.0007030344733010008
11334.849609375,11359.2998046875,11269.9501953125,11300.4501953125,562400.0,20.850000381469727,21.190000534057617,19.459999084472656,20.56999969482422,0.0,-0.000703034473301,0,64.55881440288877,11102.474013866064,175.71087786596215,150.62068585847803,89.349609375,-0.0134292892816614,0.002688500475797,0.008955219455933,-0.010800437378868932
11353.2998046875,11366.25,11111.4501953125,11178.400390625,645100.0,20.56999969482422,22.96999931335449,16.34000015258789,21.670000076293945,0.0,-0.0108004373788689,2,57.56885056432847,11109.705097366914,161.18661438391064,158.06205148912244,254.7998046875,0.0534759551671994,-0.0127268367741223,-0.0031789955175336,0.0061457110453491115
11248.900390625,11267.099609375,11144.5,11247.099609375,634000.0,21.670000076293945,22.8799991607666,19.559999465942383,21.309999465942383,0.0,0.0061457110453491,2,60.18219182727299,11122.790288986733,153.45060073690183,155.52901990954226,122.599609375,-0.0166128569028196,-0.005420818076164,-0.0020452949118739,0.012292057935075373
11259.7998046875,11401.7001953125,11253.150390625,11385.349609375,579200.0,21.309999465942383,21.309999465942383,18.25,20.43000030517578,0.0,0.0122920579350753,1,64.8711207392964,11147.79593854752,156.66938661760105,155.4627031972535,148.5498046875,-0.0412951282412284,0.0075129231663457,0.0055508597372488,0.002024600213507588
11452.150390625,11460.349609375,11394.099609375,11408.400390625,626200.0,20.43000030517578,20.43000030517578,17.84000015258789,19.959999084472656,0.0,0.0020246002135075,0,65.59852945241131,11172.615410173945,159.24463005270445,149.71536725459254,66.25,-0.0230054436457376,0.0205753946864253,0.0088429836710506,-0.008432399987605033
11317.4501953125,11361.4501953125,11289.7998046875,11312.2001953125,791600.0,19.959999084472656,21.07999992370605,17.65999984741211,20.6200008392334,0.0,-0.008432399987605,2,60.01335081425239,11185.909199234758,151.7734276472711,147.49288287480022,71.650390625,0.0330662216950787,0.0057882110231544,0.0010397815836464,0.005250916093857194
11409.650390625,11418.5,11362.2001953125,11371.599609375,668700.0,20.6200008392334,20.6200008392334,14.890000343322754,19.940000534057617,0.0,0.0052509160938571,2,62.15590577030108,11203.594000200495,148.9287245750984,144.55052014713593,56.2998046875,-0.0329777050193884,-0.0012076923829091,0.017283261647349,0.008341006471886514
11412.0,11497.25,11410.650390625,11466.4501953125,532900.0,19.940000534057617,20.06999969482422,17.889999389648438,19.229999542236328,0.0,0.0083410064718865,1,65.34875453121465,11228.627923544496,152.56920367225393,143.2005108955548,86.599609375,-0.0356068692480024,0.0050883386539626,0.0195028579416742,0.0005058064691958464
11513.099609375,11525.900390625,11423.349609375,11472.25,638200.0,19.229999542236328,19.809999465942383,15.420000076293944,19.31999969482422,0.0,0.0005058064691958,2,65.54020259826785,11251.830026064068,154.1454129835911,140.29695877801518,102.55078125,0.0046801952537864,0.0141484239956981,0.0076326501694286,0.0067423225064831005
11512.849609375,11561.75,11461.849609375,11549.599609375,743400.0,19.31999969482422,19.59000015258789,17.219999313354492,19.299999237060547,0.0,0.0067423225064831,1,68.07364435020564,11280.189033998442,159.79403113510853,137.41148962422838,99.900390625,-0.0010352203974945,0.0156530308940223,0.0123767762276323,0.0008355606212675504
11609.2998046875,11617.349609375,11540.599609375,11559.25,719800.0,19.299999237060547,19.46999931335449,17.450000762939453,18.899999618530277,0.0,0.0008355606212675,2,68.3859286029593,11306.766268855734,163.1684037978648,133.07852607964065,76.75,-0.0207253696550505,0.0080931590079584,0.021839235552945,0.007643195654994939
11602.9501953125,11686.0498046875,11589.400390625,11647.599609375,807000.0,18.899999618530277,18.899999618530277,16.65999984741211,18.350000381469727,0.0,0.0076431956549949,0,71.16654948368819,11339.226587000425,171.00050616130102,132.63004598020203,96.6494140625,-0.0291004893207144,0.0152846747041774,0.0242709917233157,-0.022330747801946216
11777.5498046875,11794.25,11325.849609375,11387.5,1371800.0,18.350000381469727,23.8700008392334,16.399999618530273,22.84000015258789,0.0,-0.0223307478019462,2,55.64857181566873,11343.824054905146,154.43935819206854,156.613642026259,468.400390625,0.2446866309415598,-0.0140350847524983,-0.0068853214349436,0.007266739846322645
11464.2998046875,11553.5498046875,11366.900390625,11470.25,783800.0,22.84000015258789,23.239999771118164,21.11000061035156,21.799999237060547,0.0,0.0072667398463226,2,58.73168148104124,11355.864621104656,146.30524672680622,158.75905431456195,186.6494140625,-0.0455341903931426,-0.0076994614702511,-0.0001743337183203,0.005645038251127943
11478.5498046875,11554.75,11430.400390625,11535.0,593500.0,21.799999237060547,22.5,19.850000381469727,21.11000061035156,0.0,0.0056450382511279,1,61.01534201020169,11372.925133380402,143.43031327992685,156.30123681887898,124.349609375,-0.0316513142594964,-0.0096671943706212,-0.0012640792641114,-0.0006545127600779965
11566.2001953125,11584.9501953125,11507.650390625,11527.4501953125,607100.0,21.11000061035156,21.11000061035156,18.15999984741211,20.5,0.0,-0.0006545127600779,0,60.59429832352547,11387.641805945364,138.94107543872815,150.65827738092335,77.2998046875,-0.0288962857752093,0.012289808589462,-0.0027510266399204,-0.016794744948559814
11354.400390625,11452.0498046875,11303.650390625,11333.849609375,681300.0,20.5,22.649999618530277,19.86000061035156,22.149999618530277,0.0,-0.0167947449485598,1,50.89540245156961,11382.518739605328,118.3965708394844,155.88267218853596,148.3994140625,0.0804877862697694,-0.0118916667574813,-0.02693688060392,0.0018705202595032944
11359.599609375,11381.150390625,11251.7001953125,11355.0498046875,560300.0,22.149999618530277,23.25,17.25,22.01000022888184,0.0,0.0018705202595032,1,51.805125643298574,11379.902650565537,102.6423840035859,153.99463812596196,129.4501953125,-0.0063205143141996,-0.0156003637028608,-0.0028496329582875,-0.0033201259317187093
11378.5498046875,11437.25,11290.4501953125,11317.349609375,572200.0,22.01000022888184,23.06999969482422,17.56999969482422,22.71999931335449,0.0,-0.0033201259317187,1,50.03009103492273,11373.9452180712,86.12222336359628,153.4807214517861,146.7998046875,0.032258022584706,-0.0182261109245941,-0.0133301707133671,-0.003476927967516641
11218.599609375,11298.150390625,11185.150390625,11278.0,728900.0,22.71999931335449,23.270000457763672,20.200000762939453,22.229999542236328,0.0,-0.0034769279675166,2,48.17470342500019,11364.807578254897,69.05862754607188,151.96061411594425,113.0,-0.0215668919862224,-0.0049276822350636,-0.0222800173385349,0.015184429863450921
11363.2998046875,11464.0498046875,11327.400390625,11449.25,679400.0,22.229999542236328,22.229999542236328,17.700000762939453,21.26000022888184,0.0,0.0151844298634509,1,55.8487013785331,11372.84971365919,68.56368919848319,154.3955562996268,136.6494140625,-0.0436346978555497,0.0082958857013215,-0.0067838241751241,0.0013276149365679668
11447.7998046875,11493.5,11419.900390625,11464.4501953125,554800.0,21.26000022888184,21.350000381469727,18.170000076293945,20.709999084472656,0.0,0.0013276149365679,1,56.46490276808074,11381.573569054744,68.60711559839365,148.62441723358202,73.599609375,-0.02587023229012,0.0129977946263712,0.0115230561934993,-0.0021283524468515003
11540.150390625,11568.900390625,11383.5498046875,11440.0498046875,642300.0,20.709999084472656,21.739999771118164,17.530000686645508,21.190000534057617,0.0,-0.0021283524468515,2,55.13464420971932,11387.1427343531,65.91282175247397,151.2477149981476,185.3505859375,0.0231772800967839,0.0143686650724863,0.0074856562905527,0.007145947910690342
11487.2001953125,11535.9501953125,11442.25,11521.7998046875,506700.0,21.190000534057617,21.190000534057617,18.899999618530277,20.600000381469727,0.0,0.0071459479106903,2,58.64954771575366,11399.967217242092,69.57213202416096,147.2943346857799,93.7001953125,-0.0278433288210452,0.0063366425475468,0.018065200985144,0.0071820376506051
11538.4501953125,11618.099609375,11516.75,11604.5498046875,527800.0,20.600000381469727,20.600000381469727,16.329999923706055,19.65999984741211,0.0,0.0071820376506051,0,61.90309353284576,11419.451273189274,78.2474077980005,144.01256859215275,101.349609375,-0.0456310930412978,0.0122203513459617,0.0289545845617573,-0.007622027291120936
11539.400390625,11587.2001953125,11498.5,11516.099609375,0.0,19.65999984741211,20.68000030517578,17.549999237060547,20.100000381469727,0.0,-0.0076220272911209,1,56.76206160901898,11428.655876635534,77.09671189447727,141.30094259896325,88.7001953125,0.0223804952936219,0.0066476812588995,0.0058387762844727,-0.0009681588767627147
11584.099609375,11584.099609375,11446.099609375,11504.9501953125,764200.0,20.100000381469727,20.770000457763672,17.579999923706055,20.049999237060547,0.0,-0.0009681588767627,0,56.12926342755276,11435.922002223817,74.42716256457243,141.06516098475157,138.0,-0.0024876190776232,-0.0014624112257309,0.0035326595964069,-0.02211225483867385
11503.7998046875,11535.25,11218.5,11250.5498046875,602900.0,20.049999237060547,22.989999771118164,18.270000457763672,22.190000534057617,0.0,-0.0221122548386738,0,44.05953750111122,11418.267507220356,51.19341426405299,153.61407805726932,316.75,0.1067332358318238,-0.0305052764612209,-0.0165646131997041,-0.00861286032635733
11301.75,11302.2001953125,11084.650390625,11153.650390625,672200.0,22.190000534057617,23.280000686645508,15.760000228881836,21.40999984741211,0.0,-0.0086128603263573,1,40.48824759745873,11393.065877068417,24.677066590409595,158.18091567371434,217.5498046875,-0.0351509990028323,-0.031473261872009,-0.031952422390877,-0.0019545871070447696
11258.75,11259.5498046875,11024.400390625,11131.849609375,714900.0,21.40999984741211,22.479999542236328,19.3700008392334,20.989999771118164,0.0,-0.0019545871070447,0,39.70841160335347,11368.18813728809,1.8818365288334464,163.6786655586276,235.1494140625,-0.0196170051044961,-0.0324295698463357,-0.0407340399471213,-0.029312272096516434
11011.0,11015.2998046875,10790.2001953125,10805.5498046875,706100.0,20.989999771118164,23.81999969482422,20.93000030517578,23.51000022888184,0.0,-0.0293122720965164,2,30.301156174801665,11314.603534183272,-42.028733682846,176.39086188033278,225.099609375,0.120057193198789,-0.0395536225095943,-0.0617005608486624,0.022645788482354545
10910.400390625,11072.599609375,10854.849609375,11050.25,559600.0,23.51000022888184,23.51000022888184,18.670000076293945,20.68000030517578,0.0,0.0226457884823545,2,41.49492096902426,11289.427007118198,-56.43239865358737,182.8665006522733,217.75,-0.1203743043876888,-0.0092705425581486,-0.0395221350456397,0.016044868187371275
11140.849609375,11239.349609375,11099.849609375,11227.5498046875,472800.0,20.68000030517578,21.100000381469727,19.350000381469727,19.56999969482422,0.0,0.0160448681873712,1,48.01012473731542,11283.533940220035,-52.93064293019415,183.3117227038966,139.5,-0.0536750770779124,0.0085969716328095,-0.0020443445342037,-0.0004586409458945395
11288.599609375,11305.400390625,11181.0,11222.400390625,498300.0,19.56999969482422,20.200000762939453,18.43000030517578,19.770000457763672,0.0,-0.0004586409458945,1,47.84348006419632,11277.711697401464,-49.994683380613424,179.10377041254682,124.400390625,0.0102197632119711,0.03857745264907,0.0061639012872221,0.002241001317642377
11244.4501953125,11295.400390625,11184.5498046875,11247.5498046875,499300.0,19.770000457763672,20.21999931335449,17.68000030517578,19.530000686645508,0.0,0.0022410013176423,2,48.77859465030308,11274.839136190609,-45.11846912589135,174.22854295004348,110.8505859375,-0.0121395936045067,0.0178547819902263,0.0103936182550525,0.015061092732783665
11364.4501953125,11428.599609375,11347.0498046875,11416.9501953125,447700.0,19.530000686645508,19.530000686645508,17.3799991607666,18.350000381469727,0.0,0.0150610927327836,2,54.67353355632544,11288.373522773643,-27.27048127958915,174.71577593129038,81.5498046875,-0.0604198803732074,0.0168692541043928,0.0565820714055449,0.0075676439490797165
11487.7998046875,11578.0498046875,11452.2998046875,11503.349609375,530600.0,18.350000381469727,20.020000457763672,18.350000381469727,19.700000762939453,0.0,0.0075676439490797,2,57.36841912828583,11308.847435783298,-6.083979351949893,173.74319260584107,125.75,0.0735695015479667,0.0250346814380906,0.0410035618538042,0.013826475474619793
11603.4501953125,11680.2998046875,11564.2998046875,11662.400390625,561400.0,19.700000762939453,19.88999938964844,18.36000061035156,19.63999938964844,0.0,0.0138264754746197,2,61.863513719043056,11342.519145768223,23.27227655263596,173.97226422774528,116.0,-0.0030457548714359,0.0368836407165413,0.0387306753033462,0.006555187284725372
11679.25,11763.0498046875,11629.349609375,11738.849609375,513400.0,19.63999938964844,20.34000015258789,19.06999969482422,20.059999465942383,0.0,0.0065551872847253,2,63.83725711304312,11380.264904206964,52.10549419522795,171.0956878766563,133.7001953125,0.0213849332661035,0.0281948689059414,0.0460194967897806,0.008156676606839941
11835.400390625,11905.7001953125,11791.150390625,11834.599609375,608800.0,20.059999465942383,20.86000061035156,18.979999542236328,20.3799991607666,0.0,0.0081566766068399,2,66.19695422344722,11423.534876127733,81.74000381041878,170.7924663095737,114.5498046875,0.0159521287808361,0.0287959604157417,0.052193572367454,0.0067260903253916204
11852.0498046875,11938.599609375,11805.2001953125,11914.2001953125,611100.0,20.3799991607666,21.01000022888184,17.510000228881836,20.3799991607666,0.0,0.0067260903253916,1,68.06271133678887,11470.26490652628,110.3763187254808,168.1215340062113,133.3994140625,0.0,0.0215907357193732,0.0435536628866224,0.0014058853909966196
11973.5498046875,12022.0498046875,11867.2001953125,11930.9501953125,522600.0,20.3799991607666,22.100000381469727,19.38999938964844,21.1299991607666,0.0,0.0014058853909966,1,68.45724325984145,11514.139695934491,132.89051053955336,167.17353938969623,154.849609375,0.0368007865988444,0.0163645154618969,0.0371718325929182,0.0002975290843887368
11934.650390625,11988.2001953125,11888.900390625,11934.5,458300.0,21.1299991607666,21.649999618530277,20.530000686645508,20.71999931335449,0.0,0.0002975290843887,1,68.54592523371409,11554.174010607398,149.2985881405857,162.3254154823965,99.2998046875,-0.0194036849832621,0.0084413832256615,0.023331355489538,0.0030625333853533387
11917.400390625,11997.2001953125,11822.150390625,11971.0498046875,569200.0,20.71999931335449,20.959999084472656,18.43000030517578,20.209999084472656,0.0,0.0030625333853533,0,69.49684898423362,11593.876467186456,163.3681651177103,163.23430042561816,175.0498046875,-0.0246139114760071,0.0047715841972646,0.0197804898298601,-0.02428360085835335
12023.4501953125,12025.4501953125,11661.2998046875,11680.349609375,608900.0,20.209999084472656,22.280000686645508,19.040000915527344,22.059999465942383,0.0,-0.0242836008583533,2,55.20228844602238,11602.112004537745,149.3398333213809,177.58544972557402,364.150390625,0.0915388651794191,-0.0210042437387725,-0.013033816528766,0.007028949362235082
11727.400390625,11789.75,11667.849609375,11762.4501953125,555800.0,22.059999465942383,22.420000076293945,20.489999771118164,21.649999618530277,0.0,0.007028949362235,2,57.83979772729494,11617.382308421056,143.1964311247266,173.60794550410446,121.900390625,-0.0185856689636413,-0.0144161719961037,-0.0127369019751493,0.009402769621849272
11879.2001953125,11898.25,11820.400390625,11873.0498046875,541400.0,21.649999618530277,22.31999969482422,15.470000267028809,21.81999969482422,0.0,0.0094027696218492,1,61.15749965850859,11641.731593779765,145.57411697635143,170.90736401720417,77.849609375,0.0078521976577052,-0.0081864165297872,-0.0048529571976377,0.002000328507897331
11861.0,11949.25,11837.25,11896.7998046875,453600.0,21.81999969482422,22.790000915527344,18.790000915527344,22.690000534057617,0.0,0.0020003285078973,1,61.85173100643192,11666.023804342409,147.6725988603721,166.6996951588324,112.0,0.039871716379527,0.0185311401243306,-0.0031589254105743,0.0034337457642519276
11958.5498046875,12018.650390625,11775.75,11937.650390625,623700.0,22.690000534057617,23.549999237060547,18.3799991607666,22.920000076293945,0.0,0.0034337457642519,1,63.07422305656227,11691.893003035988,150.8925661792182,172.14260197784438,242.900390625,0.0101366036501893,0.0148948724460757,-0.002790015462923,-0.0034512817819539743
11890.0,11939.5498046875,11823.4501953125,11896.4501953125,544900.0,22.920000076293945,23.520000457763672,17.440000534057617,22.63999938964844,0.0,-0.0034512817819539,1,60.95269024009592,11711.374640395656,148.40913392627044,168.13953107764124,116.099609375,-0.0122164348042524,0.0019708828826576,0.0185012087107436,0.0028495402835257977
11957.900390625,11974.5498046875,11908.75,11930.349609375,502300.0,22.63999938964844,22.780000686645508,19.82999992370605,21.82999992370605,0.0,0.0028495402835257,0,62.08277745614919,11732.22939934607,147.4763794775081,161.70810809888116,65.7998046875,-0.0357773625344148,0.0028200697026339,0.0142741870337024,-0.013629073304543216
11937.400390625,11942.849609375,11711.7001953125,11767.75,519800.0,21.82999992370605,23.40999984741211,21.31999969482422,22.82999992370605,0.0,-0.0136290733045432,2,54.00864102366368,11735.612313694064,132.09403744383417,166.6682013819968,231.1494140625,0.0458085205448883,-0.0142323141544191,-0.0088688084712595,0.010337608346965288
11807.099609375,11899.0498046875,11723.0,11889.400390625,616300.0,22.82999992370605,23.170000076293945,22.1200008392334,22.200000762939453,0.0,0.0103376083469652,0,58.37080195116168,11750.258797211296,128.2413044764944,167.33831590381843,176.0498046875,-0.0275952327144962,-0.0005925973354873,-0.0006219667628251,-0.013440608945763599
11922.599609375,11929.400390625,11684.849609375,11729.599609375,704000.0,22.200000762939453,23.46999931335449,20.07999992370605,23.280000686645508,0.0,-0.0134406089457635,0,51.46537330679066,11748.291255512602,111.01370145961664,172.85349199997427,244.55078125,0.0486486435400939,-0.0168268329573718,-0.0174281181339829,-0.005012942184360991
11633.2998046875,11744.150390625,11606.4501953125,11670.7998046875,555000.0,23.280000686645508,24.36000061035156,22.280000686645508,24.020000457763672,0.0,-0.0050129421843609,1,49.16077432679908,11740.911117338785,91.5605955714982,170.34254223658326,137.7001953125,0.0317869308115039,-0.0082386348547938,-0.0189678758722422,-0.002433373422367602
11678.4501953125,11748.9501953125,11535.4501953125,11642.400390625,553700.0,24.020000457763672,26.299999237060547,21.729999542236328,24.75,0.0,-0.0024333734223676,1,48.04180612809751,11731.529143366042,73.01065228013431,173.42521779111303,213.5,0.0303913209127513,-0.0207748071294464,-0.0241358575547296,0.002297636149117599
11697.349609375,11725.650390625,11557.400390625,11669.150390625,568400.0,24.75,25.920000076293945,24.21999931335449,25.209999084472656,0.0,0.0022976361491175,2,49.21437647741627,11725.588309771658,59.77909383499173,173.0555593774621,168.25,0.0185858215948548,-0.0051535619938539,-0.0083787987826899,0.01237019016319918
11734.4501953125,11836.2001953125,11723.2998046875,11813.5,674300.0,25.209999084472656,25.32999992370605,22.920000076293945,24.239999771118164,0.0,0.0123701901631991,2,55.10257933441441,11733.960851698168,60.24631353512086,172.62657689960767,112.900390625,-0.0384767690829442,0.0122271136255105,-0.006383870349328,0.008041647267956087
11783.349609375,11929.650390625,11756.400390625,11908.5,667300.0,24.239999771118164,24.239999771118164,20.670000076293945,23.200000762939453,0.0,0.008041647267956,2,58.51182996710608,11750.583627726914,67.50414875846946,172.67110712106427,173.25,-0.0429042499174386,0.02285607782303,0.0152520458142502,0.017785598915690537
12062.400390625,12131.099609375,12027.599609375,12120.2998046875,632500.0,23.200000762939453,23.200000762939453,19.989999771118164,20.96999931335449,0.0,0.0177855989156905,2,64.90939896342613,11785.79469219935,89.31691976313232,176.2374287106311,103.5,-0.096120748976321,0.0386617190592515,0.0385149267850057,0.011819014571289532
12156.650390625,12280.400390625,12131.849609375,12263.5498046875,576800.0,20.96999931335449,20.96999931335449,19.280000686645508,20.5,0.0,0.0118190145712895,2,68.45268974742915,11831.295179102985,116.8161914076627,175.08479708397888,148.55078125,-0.0224129389005358,0.0380962292874678,0.0533523494487166,0.016104635537461442
12399.400390625,12474.0498046875,12367.349609375,12461.0498046875,553400.0,20.5,21.049999237060547,17.579999923706055,20.11000061035156,0.0,0.0161046355374614,2,72.56575955979193,11891.271810111031,152.78495191083857,177.61445443512324,106.7001953125,-0.0190243604706554,0.0463996141149178,0.0678626453129538,0.01364650710436388
12556.400390625,12643.900390625,12475.25,12631.099609375,847500.0,20.11000061035156,21.850000381469727,19.899999618530277,21.57999992370605,0.0,0.0136465071043638,2,75.5246347510992,11961.731600517129,192.78969225836045,177.98846382815017,168.650390625,0.0730979248502765,0.0421441559135318,0.0692089227896051,0.009346041508720315
12680.599609375,12769.75,12571.099609375,12749.150390625,880500.0,21.57999992370605,22.3799991607666,19.0,22.030000686645508,0.0,0.0093460415087203,1,77.35089304014515,12036.723866241686,231.35256035390196,179.46431574221086,198.650390625,0.0208526767622978,0.0395970655863353,0.0705924667779316,-0.004576821525331454
12702.150390625,12741.150390625,12624.849609375,12690.7998046875,622000.0,22.030000686645508,22.030000686645508,19.790000915527344,20.6200008392334,0.0,-0.0045768215253314,1,74.39598770720472,12099.016812760336,254.2743896376869,175.5240632784815,116.30078125,-0.0640036224904362,0.0184374513866059,0.047069792760354,0.002296970330761372
12659.7001953125,12735.9501953125,12607.7001953125,12719.9501953125,513900.0,20.6200008392334,29.530000686645508,19.559999465942383,19.700000762939453,0.0,0.0022969703307613,2,74.91161370755843,12158.153325384352,271.6607612387961,172.14734447287566,128.25,-0.0446168787027143,0.0070342716537168,0.0372160098742819,0.012126619808373373
12932.5,12934.0498046875,12797.099609375,12874.2001953125,707700.0,19.1299991607666,20.40999984741211,18.399999618530277,19.799999237060547,0.0,0.0121266198083733,1,77.49437002679376,12226.34826537751,294.4915565246938,175.1439348230274,136.9501953125,0.0050760644796123,0.0098084814168837,0.0331553438193934,0.004975051165572175
12860.099609375,12948.849609375,12819.349609375,12938.25,731300.0,19.799999237060547,19.799999237060547,15.720000267028809,19.1200008392334,0.0,0.0049750511655721,0,78.48482101264273,12294.148430579651,314.13228874342167,171.8836537642397,129.5,-0.0343433547489419,0.0194983924670453,0.0243169953625437,-0.01287266861341374
12839.5,12963.0,12745.75,12771.7001953125,768800.0,19.1200008392334,19.979999542236328,16.329999923706055,19.56999969482422,0.0,-0.0128726686134137,2,69.87357882788031,12339.6295510304,312.6544473585964,175.124107066794,217.25,0.0235355039664768,0.0040684121561318,0.0017687299934967,0.00683930941371913
12813.400390625,12892.4501953125,12730.25,12859.0498046875,664000.0,19.56999969482422,19.809999465942383,17.0,19.6200008392334,0.0,0.0068393094137191,2,71.63157101217426,12389.09814661679,314.90164078377893,174.20097051291586,162.2001953125,0.0025549895344354,-0.001176802472787,0.0132576356564899,0.005241475198302092
12960.2998046875,12968.849609375,12825.7001953125,12926.4501953125,633100.0,19.6200008392334,20.86000061035156,16.90999984741211,20.799999237060547,0.0,0.005241475198302,2,72.94354844482473,12440.274532206857,318.45030906380816,171.983002195029,143.1494140625,0.0601426272861083,-0.0009120093279616,0.0162343402945162,0.0099563448098976
13002.599609375,13079.099609375,12978.0,13055.150390625,571900.0,20.799999237060547,22.0,20.020000457763672,21.059999465942383,0.0,0.0099563448098976,0,75.29322762609576,12498.83413777049,327.8682236207951,170.6020316141341,101.099609375,0.012500011462432,0.0221936148655081,0.014055257225096,-0.015070680468092346
13130.0,13145.849609375,12833.650390625,12858.400390625,679000.0,21.059999465942383,23.5,20.68000030517578,23.1299991607666,0.0,-0.0150706804680923,2,65.87482174892432,12533.078542804253,315.81538489910963,180.71611640955308,312.19921875,0.0982905862923577,-5.050249220306391e-05,-0.0061715927096013,0.010001213639976747
12906.4501953125,13018.0,12790.400390625,12987.0,549800.0,23.1299991607666,23.1299991607666,19.440000534057617,20.020000457763672,0.0,0.0100012136399767,1,68.63639784806404,12576.309157775277,313.0319002109027,184.0649373356564,227.599609375,-0.1344573634173818,0.0046841788559597,0.0168575680132641,-0.001389836350773832
13012.0498046875,13035.2998046875,12914.2998046875,12968.9501953125,1162400.0,20.020000457763672,21.280000686645508,17.6299991607666,19.81999969482422,0.0,-0.0013898363507738,2,67.80697876779325,12613.703542302632,305.8439218024978,179.56029895453813,121.0,-0.0099900478704481,-0.0066027730614578,0.0085465405527038,0.010802694687318537
13062.2001953125,13128.400390625,12962.7998046875,13109.0498046875,583600.0,19.81999969482422,21.239999771118164,19.25,20.18000030517578,0.0,0.0108026946873185,1,70.76049063817396,12660.879376815476,307.90295118420363,178.56317659617827,165.6005859375,0.0181635023155712,0.019493047847946,0.0141260443985786,0.0003585458429504751
13121.400390625,13128.5,12983.5498046875,13113.75,717700.0,20.18000030517578,20.549999237060547,17.959999084472656,19.90999984741211,0.0,0.0003585458429504,1,70.85708984624678,12704.009912356858,306.3822296570888,176.16224936162982,144.9501953125,-0.0133796062279751,0.0097597597597598,0.0044886200175129,0.0015365849299400214
13215.2998046875,13216.599609375,13107.900390625,13133.900390625,713700.0,19.90999984741211,19.90999984741211,17.719999313354492,19.0,0.0,0.00153658492994,2,71.29492876437547,12744.95186266811,303.30668435485313,171.34346146079912,108.69921875,-0.0457056682263304,0.0127188548670746,0.0214256821712337,0.009490662358873525
13177.400390625,13280.0498046875,13152.849609375,13258.5498046875,640500.0,19.0,19.040000915527344,16.530000686645508,18.030000686645508,0.0,0.0094906623588735,2,73.90651836392229,12793.865952384242,307.3841256603082,169.54388664663492,127.2001953125,-0.05105259543971,0.0114043353429431,0.0209093558702933,0.007331133249439903
13264.849609375,13366.650390625,13241.9501953125,13355.75,591700.0,18.030000686645508,18.31999969482422,16.950000762939453,18.020000457763672,0.0,0.0073311332494399,1,75.75862160506092,12847.378718823838,314.82961091702964,166.34076583705385,124.7001953125,-0.000554643843649,0.0184539128777045,0.029825066706425,0.002785331809333158
13393.849609375,13435.4501953125,13311.0498046875,13392.9501953125,543200.0,18.020000457763672,18.799999237060547,16.270000457763672,18.6200008392334,0.0,0.0027853318093331,2,76.44763929307192,12899.337907060852,320.04270342609016,163.3450247504786,124.400390625,0.0332963577262965,0.0197237528063187,0.0216568244727763,0.010165752285866914
13458.099609375,13548.900390625,13449.599609375,13529.099609375,502600.0,18.6200008392334,19.6299991607666,16.219999313354492,18.920000076293945,0.0,0.0101657522858669,1,78.82036124654324,12959.315212043151,331.3407467880188,162.81682264776583,99.30078125,0.0161116661406603,0.0204056860420622,0.0316728326660946,-0.0037548548058806697
13488.5,13503.5498046875,13399.2998046875,13478.2998046875,553400.0,18.920000076293945,19.38999938964844,17.420000076293945,18.709999084472656,0.0,-0.0037548548058806,1,75.75382623662587,13008.74231610452,332.36412116445354,160.45846422203255,104.25,-0.0110994181276147,0.0091758085234823,0.026222173445775,0.002637558535026452
13512.2998046875,13579.349609375,13402.849609375,13513.849609375,787700.0,18.709999084472656,19.290000915527344,17.360000610351562,18.790000915527344,0.0,0.0026375585350264,1,76.44448259483276,13056.84777260647,332.2141667488195,161.6042882061731,176.5,0.0042758864227352,0.0090270935305063,0.019255484834189,0.0032781762806703973
13571.4501953125,13597.5,13472.4501953125,13558.150390625,558400.0,18.790000915527344,19.63999938964844,15.329999923706056,19.399999618530277,0.0,0.0032781762806703,1,77.31179928938644,13104.590879084426,331.8447301211981,158.99325366912504,125.0498046875,0.0324640060288048,0.0021472812004332,0.0151545507084962,0.0007153791977927426
13547.2001953125,13589.650390625,13447.0498046875,13567.849609375,497600.0,19.399999618530277,19.82999992370605,15.6899995803833,19.350000381469727,0.0,0.0007153791977927,2,77.50707179879299,13148.71075815972,328.5473059956112,157.82234883115183,142.6005859375,-0.002577280311531,0.0066439985743866,0.0130590655167011,0.008464907059269056
13663.099609375,13692.349609375,13606.4501953125,13682.7001953125,462200.0,19.350000381469727,19.399999618530277,18.61000061035156,19.200000762939453,0.0,0.008464907059269,1,79.73161729413962,13199.566895031414,331.38159530538724,155.44218105749812,85.8994140625,-0.0077519181174755,0.0124946326041961,0.0113533487351267,0.004238929390550483
13713.5498046875,13773.25,13673.5498046875,13740.7001953125,416000.0,19.200000762939453,21.6200008392334,14.050000190734863,19.15999984741211,0.0,0.0042389293905504,1,80.76614266838087,13251.10339982009,334.45254453321286,151.4606106471411,99.7001953125,-0.002083380934263,0.0134642115206013,0.0194683598396989,0.0014445849987885229
13764.400390625,13772.849609375,13658.599609375,13760.5498046875,519400.0,19.15999984741211,19.489999771118164,14.5600004196167,18.6200008392334,0.0,0.0014445849987885,0,81.1212855572509,13299.622105045555,334.63057849908,148.80270988663102,114.25,-0.0281836645344047,0.0142027071982984,0.0182553604223445,-0.0314049525779333
13741.900390625,13777.5,13131.4501953125,13328.400390625,687300.0,18.6200008392334,23.68000030517578,18.6200008392334,23.190000534057617,0.0,-0.0314049525779333,2,56.61273938026204,13302.36289414836,296.48315238189207,184.3203595152645,646.0498046875,0.2454349886598807,-0.0258939975026916,-0.0169455267407908,0.010346283876607965
13373.650390625,13492.0498046875,13192.900390625,13466.2998046875,696200.0,23.190000534057617,24.479999542236328,16.59000015258789,21.989999771118164,0.0,0.0103462838766079,2,60.693663070546194,13317.975933247326,274.2173654929902,192.52243484006704,299.1494140625,-0.0517464741398816,-0.0199698986750769,-0.0074845909713896,0.010010159185716239
13473.5,13619.4501953125,13432.2001953125,13601.099609375,458700.0,21.989999771118164,22.07999992370605,19.399999618530277,20.5,0.0,0.0100101591857162,2,64.23499072475894,13344.940092878533,264.40093721615267,192.1458323514908,187.25,-0.0677580621476467,-0.0115874872425651,-0.0059637779658034,0.01089253037474136
13672.150390625,13771.75,13626.900390625,13749.25,471400.0,20.5,20.950000762939453,15.649999618530272,19.96999931335449,0.0,0.0108925303747413,2,67.68130999579724,13383.445798318671,265.51515206659315,190.61044365674147,144.849609375,-0.0258536920314882,0.0315754026770549,0.0006222248186753,0.009015051389166695
13815.150390625,13885.2998046875,13811.5498046875,13873.2001953125,403600.0,19.96999931335449,21.020000457763672,18.600000381469727,20.43000030517578,0.0,0.0090150513891666,1,70.263105698386,13430.089074222848,273.25006358897554,186.7132551589385,73.75,0.0230346022853227,0.0302161986979794,0.0081864745394566,0.004281594241144937
13910.349609375,13967.599609375,13859.900390625,13932.599609375,439600.0,20.43000030517578,21.209999084472656,17.6299991607666,20.790000915527344,0.0,0.0042815942411449,1,71.44054276368817,13477.947220427814,280.9346334124748,181.06939541544287,107.69921875,0.0176211749864907,0.0243730293520902,0.0453317128119128,0.003542094606974411
13980.900390625,13997.0,13864.9501953125,13981.9501953125,380700.0,20.790000915527344,21.59000015258789,20.790000915527344,21.11000061035156,0.0,0.0035420946069744,1,72.41770642127621,13525.947503750163,287.6905723699183,177.56799607773266,132.0498046875,0.0153920000352294,0.0169245737267487,0.0382919137479402,-1.4318125132972703e-05
13970.0,14024.849609375,13936.4501953125,13981.75,452400.0,21.11000061035156,21.51000022888184,19.190000534057617,21.100000381469727,0.0,-1.4318125132972703e-05,1,72.40688352524103,13569.35726529777,289.6891919000227,171.1988116480732,88.3994140625,-0.0004737199712316,0.007824424297155,0.027986736481411,0.0026284263414808606
13996.099609375,14049.849609375,13991.349609375,14018.5,358100.0,21.11000061035156,21.51000022888184,19.190000534057617,21.100000381469727,0.0,0.0026284263414808,2,73.1987321771854,13612.132763840838,290.8853845016747,163.83458291428224,58.5,0.0,0.0061654244744964,0.0195828863392548,0.00816067272711063
14104.349609375,14147.9501953125,13953.75,14132.900390625,495000.0,19.559999465942383,21.030000686645508,19.34000015258789,20.030000686645508,0.0,0.0081606727271106,1,75.55085477841092,13661.729680677425,297.63359636761925,166.00355522844066,194.2001953125,-0.0507108850938176,0.0107960758838281,0.0187195594135698,0.004712380865514287
14075.150390625,14215.599609375,14048.150390625,14199.5,492500.0,20.030000686645508,21.01000022888184,20.030000686645508,20.459999084472656,0.0,0.0047123808655142,1,76.8259299513916,13712.94590156529,304.84161044216125,166.10681690855205,167.44921875,0.0214677175779549,0.0155738730845567,0.0191565392035961,-0.0037501320469031096
14240.9501953125,14244.150390625,14039.900390625,14146.25,632300.0,20.459999084472656,21.6299991607666,20.43000030517578,21.0,0.0,-0.0037501320469031,1,73.52424742749261,13754.212958559072,302.7670732020797,168.83132998651263,204.25,0.0263930078050276,0.0091129578770909,0.011750850374405,-0.0006291696120880319
14253.75,14256.25,14123.099609375,14137.349609375,559200.0,21.0,21.0,20.13999938964844,20.6200008392334,0.0,-0.000629169612088,2,72.95984931553407,13790.702163398684,296.9813838250684,166.2826914606903,133.150390625,-0.0180951981317429,0.0003148128570233,0.0111287649525273,0.014847223590326086
14258.400390625,14367.2998046875,14221.650390625,14347.25,613500.0,20.6200008392334,20.850000381469727,17.3799991607666,20.63999938964844,0.0,0.014847223590326,2,77.37148704227423,13843.706719265476,305.80822377812,170.83037030724813,145.6494140625,0.0009698617653297,0.0104052959611253,0.0234511538324357,0.009583718134137165
14474.0498046875,14498.2001953125,14383.099609375,14484.75,672900.0,20.63999938964844,22.75,20.63999938964844,22.3799991607666,0.0,0.0095837181341371,2,79.70713910661425,13904.758460287812,320.2075060914467,169.41035780762326,115.1005859375,0.0843023169850878,0.0239286029866572,0.0248957821572419,0.005433314024232416
14473.7998046875,14590.650390625,14432.849609375,14563.4501953125,929600.0,22.3799991607666,23.26000022888184,22.290000915527344,22.850000381469727,0.0,0.0054333140242324,1,80.92099110700667,13967.49100648064,334.1179849534092,168.5811023392216,157.80078125,0.0210009489869447,0.0301400614479347,0.0256311979515124,9.609083312889233e-05
14639.7998046875,14653.349609375,14435.7001953125,14564.849609375,874000.0,22.850000381469727,24.049999237060547,22.3700008392334,23.290000915527344,0.0,9.609083312889231e-05,1,80.9428202254787,14024.382301994388,341.3205300843929,172.0859817480272,217.6494140625,0.0192560405563246,0.0151666423443517,0.0295908533621984,0.002111247340323086
14550.0498046875,14617.7998046875,14471.5,14595.599609375,620200.0,23.290000915527344,23.700000762939453,22.809999465942383,23.030000686645508,0.0,0.002111247340323,0,81.44518658396966,14078.78395031635,345.52684857636814,170.24411195798956,146.2998046875,-0.0111635989120333,0.007652849332919,0.032414137915647,-0.011092344158201595
14594.349609375,14617.4501953125,14357.849609375,14433.7001953125,789600.0,23.030000686645508,24.68000030517578,23.030000686645508,24.01000022888184,0.0,-0.0110923441582015,0,70.85471045376131,14112.585497458842,331.969716374766,176.62671724224032,259.6005859375,0.0425531703437858,-0.0089092899182476,0.0060255585782988,-0.010558650142566628
14453.2998046875,14459.150390625,14222.7998046875,14281.2998046875,762000.0,24.01000022888184,25.40999984741211,23.56999969482422,24.399999618530277,0.0,-0.0105586501425666,2,62.6025515157873,14128.653526718714,305.4076048122606,180.8927078633303,236.3505859375,0.0162432064111062,-0.0194680901136793,-0.0140458202808125,0.016794730817062842
14371.650390625,14546.0498046875,14350.849609375,14521.150390625,546100.0,24.399999618530277,24.399999618530277,20.36000061035156,22.899999618530277,0.0,0.0167947308170628,2,68.7676842330876,14166.034180424074,300.2497851749722,186.88251444452095,195.2001953125,-0.0614754107971724,-0.005100798921764,-0.0029045180997779,0.008508265623863087
14538.2998046875,14666.4501953125,14517.5498046875,14644.7001953125,623100.0,22.899999618530277,23.190000534057617,19.32999992370605,21.549999237060547,0.0,0.008508265623863,1,71.38458066389174,14211.621419937255,302.642933295474,184.16950560026947,148.900390625,-0.0589519827055948,0.0146185660741744,0.0054824174693917,-0.0037112802046228577
14730.9501953125,14753.5498046875,14517.25,14590.349609375,704600.0,21.549999237060547,22.780000686645508,18.6200008392334,22.18000030517578,0.0,-0.0037112802046228,0,68.6591953697381,14247.69077131228,296.7333253003344,187.8930983922145,236.2998046875,0.0292343893466033,0.021640173437579,-0.0003596974526917,-0.014972171647596122
14583.400390625,14619.900390625,14357.75,14371.900390625,776800.0,21.549999237060547,22.780000686645508,18.6200008392334,22.18000030517578,0.0,-0.0149721716475961,0,58.922037709309365,14259.520258865872,271.29556568533553,193.19719069455635,262.150390625,0.0,-0.0102781113055862,-0.0042816328350487,-0.009254169343308138
14477.7998046875,14491.099609375,14218.599609375,14238.900390625,618600.0,22.420000076293945,23.809999465942383,20.34000015258789,23.25,0.0,-0.0092541693433081,0,53.90921517085146,14257.556461890552,237.66432307318064,198.8616770735166,272.5,0.0482416447295779,-0.027709669660386,-0.0029688764077751,-0.019060488041877988
14237.9501953125,14237.9501953125,13929.2998046875,13967.5,660700.0,23.25,24.75,20.82999992370605,24.38999938964844,0.0,-0.0190604880418779,0,45.41789716282567,14229.932036948594,186.956459973082,206.7715991352297,308.650390625,0.049032231812836,-0.0426891490643095,-0.0381271714520938,-0.010735650281904374
13810.400390625,13898.25,13713.25,13817.5498046875,637900.0,24.38999938964844,25.299999237060547,23.440000534057617,24.290000915527344,0.0,-0.0107356502819043,0,41.526064803446175,14190.657538638014,133.13568031162868,210.1629134827133,185.0,-0.0040999785413498,-0.0385718360738925,-0.056481210239439,-0.013240422354072856
13946.599609375,13966.849609375,13596.75,13634.599609375,753200.0,24.290000915527344,25.989999771118164,22.07999992370605,25.34000015258789,0.0,-0.0132404223540728,2,37.32379943438641,14137.699640612966,74.85686949426236,221.5869631893052,370.099609375,0.043227632667125,-0.0424401298324887,-0.0655056270472014,0.047423511101338356
13758.599609375,14336.349609375,13661.75,14281.2001953125,870500.0,25.34000015258789,25.93000030517578,22.600000381469727,23.31999969482422,0.0,0.0474235111013383,2,54.7519256941663,14151.36636010816,79.92443631334208,255.8843229614977,674.599609375,-0.0797158818310967,0.0224592944558796,-0.0063109396006991,0.02567357148195737
14481.099609375,14731.7001953125,14469.150390625,14647.849609375,915000.0,23.31999969482422,23.61000061035156,21.0,23.350000381469727,0.0,0.0256735714819573,2,61.31994865918894,14198.650479085954,112.2323187171678,269.78544274996216,262.5498046875,0.0012864788609823,0.060090234261781,0.0287205618082175,0.009701122671723184
14754.900390625,14868.849609375,14574.150390625,14789.9501953125,869500.0,23.350000381469727,24.200000762939453,20.950000762939453,23.75,0.0,0.0097011226717231,2,63.52950834023562,14254.964737774197,147.60142068991445,271.5649981785363,294.69921875,0.017130604368114,0.084736671338929,0.0588831355154824,0.0071467580293813615
14789.0498046875,14913.7001953125,14714.75,14895.650390625,884700.0,23.75,23.93000030517578,22.09000015258789,23.1200008392334,0.0,0.0071467580293813,1,65.125361801552,14315.982418998085,182.06211250899105,266.378226545248,198.9501953125,-0.0265262804533306,0.0430251090180908,0.0780240057880423,0.0019199973566108586
14952.599609375,15014.650390625,14864.75,14924.25,935600.0,23.1200008392334,23.940000534057617,20.07999992370605,23.420000076293945,0.0,0.0019199973566108,2,65.56442568797044,14373.912664807787,209.2678984426384,258.05838112237313,149.900390625,0.0129757450765946,0.0188696906369174,0.0945865978886721,0.01283480273296811
15064.2998046875,15159.900390625,15041.0498046875,15115.7998046875,671200.0,23.420000076293945,24.350000381469727,22.18000030517578,23.959999084472656,0.0,0.0128348027329681,1,68.43113265641932,14444.56858289157,243.4784798364617,256.4578103725608,118.8505859375,0.0230571736302129,0.0220318260083305,0.0584404390359949,-0.0004300136336804483
15164.150390625,15257.099609375,15064.2998046875,15109.2998046875,713300.0,23.959999084472656,24.46999931335449,21.43000030517578,24.270000457763672,0.0,-0.0004300136336804,1,68.22358071133417,14507.876318300709,266.9884398477316,251.91080996648503,192.7998046875,0.0129382881943393,0.0143430738812833,0.0315029309842969,-0.00018530340410816137
15119.0498046875,15168.25,14977.2001953125,15106.5,624800.0,24.270000457763672,24.959999084472656,20.90999984741211,23.950000762939453,0.0,-0.0001853034041081,1,68.12772984115436,14564.888097510164,282.1419746410611,247.5635953037004,191.0498046875,-0.0131849892372727,0.0122116689280868,0.0214030338511772,0.004421924647502795
15073.25,15188.5,15065.400390625,15173.2998046875,500100.0,23.950000762939453,24.21999931335449,21.020000457763672,23.049999237060547,0.0,0.0044219246475027,1,69.23819640159336,14622.83206962229,296.1278683756791,238.6733105945075,123.099609375,-0.0375783506141502,0.0038039667594809,0.0186396301458073,-0.0006590524229219685
15186.2001953125,15243.5,15081.0,15163.2998046875,571800.0,23.049999237060547,23.06999969482422,20.88999938964844,22.040000915527344,0.0,-0.0006590524229219,2,68.85145992932355,14674.305187247548,302.91308006660984,233.23235983775697,162.5,-0.0438177160504758,0.0035739578073132,0.0160175422341155,0.00998465984153385
15270.2998046875,15340.150390625,15243.400390625,15314.7001953125,456000.0,23.049999237060547,23.06999969482422,20.88999938964844,22.040000915527344,0.0,0.0099846598415338,1,71.45141394913,14735.29518801564,316.85465223823303,229.2050902734529,96.75,0.0,0.0137821596870553,0.0131584430327873,-8.162092525865194e-05
15371.4501953125,15431.75,15242.2001953125,15313.4501953125,648500.0,21.479999542236328,22.1200008392334,20.540000915527344,21.780000686645508,0.0,-8.162092525865194e-05,0,71.39842512228317,14790.35756966296,324.0669420907798,226.37256987445627,189.5498046875,-0.0117967431071503,0.009236645451486,0.0135115718970422,-0.006827318687430917
15279.900390625,15314.2998046875,15170.75,15208.900390625,504800.0,21.479999542236328,22.1200008392334,20.540000915527344,21.780000686645508,0.0,-0.0068273186874309,0,66.9277067042764,14830.218790706964,317.6843706088348,220.456658075388,143.5498046875,0.0,0.0030072996329864,0.0067785648975606,-0.005914312869584326
15238.7001953125,15250.75,15078.0498046875,15118.9501953125,770600.0,21.51000022888184,22.09000015258789,19.959999084472656,21.540000915527344,0.0,-0.0059143128695843,0,63.257709642230296,14857.717019717014,301.8879315526501,217.04548216375315,172.7001953125,-0.0110192728903503,-0.0127818368955021,-0.0035819241743453,-0.009074717063029758
15074.7998046875,15144.0498046875,14898.2001953125,14981.75,712200.0,21.540000915527344,22.8700008392334,19.350000381469727,22.25,0.0,-0.0090747170630297,0,58.03068252281024,14869.529684505873,275.1267408534732,219.10291982169932,245.849609375,0.0329618873860328,-0.0216607094470476,-0.0119729746840049,-0.020428174591586412
14999.0498046875,15010.099609375,14635.0498046875,14675.7001953125,609900.0,22.25,25.81999969482422,20.020000457763672,25.46999931335449,0.0,-0.0204281745915864,1,48.41937395773434,14851.06973315412,226.6104190958158,230.2419830263994,375.0498046875,0.1447190702631231,-0.03505843168262,-0.041724616992214,0.0021872625461001327
14782.25,14854.5,14651.849609375,14707.7998046875,744100.0,25.46999931335449,25.63999938964844,23.86000061035156,25.229999542236328,0.0,0.0021872625461001,2,49.3666013426861,14837.42497806206,188.5772535766173,228.271154997728,202.650390625,-0.0094228416799495,-0.0271943742993792,-0.0395502243387575,0.01864318245786234
14729.150390625,15008.7998046875,14504.5,14982.0,403800.0,25.229999542236328,25.229999542236328,23.479999542236328,24.170000076293945,0.0,0.0186431824578623,2,56.68417240383049,14851.194027770436,178.5036807466022,247.98748711842603,504.2998046875,-0.0420134556153236,1.668696914580714e-05,-0.0149189214734331,0.007699213013950157
15079.849609375,15176.5,15065.349609375,15097.349609375,803900.0,24.170000076293945,24.170000076293945,22.6299991607666,22.88999938964844,0.0,0.0076992130139501,0,59.345921080083386,14874.63741649468,177.77872864192614,244.16695232425272,111.150390625,-0.0529582409021561,0.0287311275408295,-0.0014287093785253,-0.03763569324758598
14888.599609375,14919.4501953125,14467.75,14529.150390625,1103600.0,22.88999938964844,29.649999618530277,22.88999938964844,28.13999938964844,0.0,-0.0376356932475859,2,44.75630553826172,14841.733890221376,129.85834440160215,271.6978563993061,451.7001953125,0.2293578042808604,-0.0121465764040086,-0.0302100628681563,0.015995389118723446
14702.5,14806.7998046875,14638.5498046875,14761.5498046875,507300.0,28.13999938964844,28.13999938964844,24.950000762939453,25.6299991607666,0.0,0.0159953891187234,2,50.1539334829705,14834.09731064672,109.37300123936438,272.1229676609628,168.25,-0.0891968828473096,-0.0147143368917701,0.005849779447145,0.010672985341787733
14865.2998046875,14959.099609375,14760.7998046875,14919.099609375,621700.0,25.6299991607666,25.6299991607666,23.209999084472656,23.61000061035156,0.0,0.0106729853417877,2,53.47283485676185,14842.192767668465,104.64489057462742,266.8498845914297,198.2998046875,-0.0788138359952493,-0.011806708105197,0.0143665135161927,0.021884698711632122
15064.400390625,15273.150390625,14995.7998046875,15245.599609375,544200.0,23.61000061035156,23.61000061035156,21.81999969482422,22.09000015258789,0.0,0.0218846987116321,0,59.49221716006579,14880.612466878609,125.79358004727328,273.0785200670419,277.3505859375,-0.0643795179360242,0.049311157190051,0.0175944205963822,-0.010812930524138231
15026.75,15202.349609375,14980.2001953125,15080.75,534900.0,22.09000015258789,24.57999992370605,22.09000015258789,24.149999618530277,0.0,-0.0108129305241382,0,55.5822687688978,14899.67318431874,127.77912484011722,272.5300124952889,222.1494140625,0.093254841634804,0.0216237589911554,-0.0010995048670457,-0.009459104528952489
14977.9501953125,15092.349609375,14862.099609375,14938.099609375,640700.0,24.149999618530277,26.40999984741211,22.86000061035156,25.559999465942383,0.0,-0.0094591045289524,1,52.37451787359845,14903.332843847907,116.49906039900998,269.51001160276826,230.25,0.0583850877716047,0.0012735353002175,0.0281468088467082,0.0012117060677612201
15002.4501953125,15111.150390625,14919.900390625,14956.2001953125,0.0,25.559999465942383,25.649999618530277,21.200000762939453,24.68000030517578,0.0,0.0012117060677612,2,52.74716398684588,14908.36782970168,107.77769983875442,263.9200107739991,191.25,-0.0344287628776817,-0.0189824881590449,0.0131863112749306,0.00950777560179139
15049.900390625,15126.849609375,14925.4501953125,15098.400390625,675300.0,24.68000030517578,24.68000030517578,21.440000534057617,22.5,0.0,0.0095077756017913,2,55.68102262237438,14926.466168837234,111.06009446931056,259.4542538660349,201.3994140625,-0.0883306433638333,0.0011703920975416,0.0120182039093921,0.005060099883821945
15202.150390625,15218.4501953125,15100.849609375,15174.7998046875,404600.0,22.5,22.5,19.31999969482422,20.75,0.0,0.0050600998838219,0,57.21792973326435,14950.116991299165,118.46066922507998,249.49679321042527,117.6005859375,-0.0777777777777777,0.0158454021262484,-0.0046439501562117,-0.009479506235763657
15321.150390625,15336.2998046875,14953.599609375,15030.9501953125,493200.0,20.75,22.670000076293945,18.540000915527344,21.709999084472656,0.0,-0.0094795062357636,0,53.458855612049554,14957.815391681388,111.43367867931556,259.01132193200203,382.7001953125,0.0462650161191642,0.0049979272157261,-0.0033022100815609,-0.006749419963093084
15048.400390625,15048.400390625,14745.849609375,14929.5,467500.0,21.709999084472656,22.93000030517578,21.0,21.229999542236328,0.0,-0.006749419963093,1,50.918172832718575,14955.118687711732,96.56540921050328,262.12128331185903,302.55078125,-0.0221096067470417,-0.0111866413828761,-0.0005756829583331,-0.001275984104457617
14996.099609375,15051.599609375,14890.650390625,14910.4501953125,100.0,21.229999542236328,21.229999542236328,18.059999465942383,20.190000534057617,0.0,-0.0012759841044576,0,50.43347397750248,14950.864545578472,82.29637709649796,254.89470727172625,160.94921875,-0.0489872364862594,-0.0174203029217784,-0.003058932041732,-0.012685759862868795
14946.5498046875,14956.5498046875,14696.0498046875,14721.2998046875,100.0,20.190000534057617,20.420000076293945,18.6200008392334,20.15999984741211,0.0,-0.0126857598628687,0,45.77416985677097,14929.00123692219,55.09016548044019,255.2950853237458,260.5,-0.0014859180709233,-0.0206008526807285,-0.0249761945756619,-0.011102973071742905
14855.5,14875.2001953125,14478.599609375,14557.849609375,542200.0,20.15999984741211,20.950000762939453,16.68000030517578,20.07999992370605,0.0,-0.0111029730717429,2,42.15035273828372,14893.653462870076,20.10818734628629,265.3883353675854,396.6005859375,-0.0039682502138671,-0.0248936930657422,-0.0406562329159639,0.012786942826028547
14471.150390625,14788.25,14350.099609375,14744.0,919200.0,20.07999992370605,21.8700008392334,18.729999542236328,19.989999771118164,0.0,0.0127869428260285,1,47.27028710204247,14879.400752120546,7.321105298487964,277.72848217168644,438.150390625,-0.0044820793291756,-0.0111633245899461,-0.0190906224545929,-0.000515437423697751
14736.2998046875,14763.900390625,14597.849609375,14736.400390625,459000.0,19.989999771118164,21.229999542236328,18.96999931335449,20.489999771118164,0.0,-0.0005154374236977,2,47.08706523560246,14865.781670073353,-3.386931871993511,269.75150353442314,166.05078125,0.0250125065395152,0.0010257644459283,-0.0129340975501524,0.00531673999743143
14768.5498046875,14878.599609375,14707.0,14814.75,474200.0,20.489999771118164,22.13999938964844,20.489999771118164,20.670000076293945,0.0,0.0053167399974314,0,49.27020923718001,14860.921511018743,-5.48771088023932,262.7406539516072,171.599609375,0.0087847880520477,0.0176468638925602,-0.0064183303695676,-0.017911176994211853
14712.4501953125,14752.349609375,14535.0,14549.400390625,456400.0,20.670000076293945,22.690000534057617,19.75,22.459999084472656,0.0,-0.0179111769942118,0,42.82568125412535,14831.252832886006,-28.23857255045732,263.95560724077814,217.349609375,0.0865988873522853,-0.0131985627628187,-0.0116769182302615,-0.015430189146808937
14570.900390625,14575.599609375,14264.400390625,14324.900390625,606800.0,22.459999084472656,23.309999465942383,21.1200008392334,22.700000762939453,0.0,-0.0154301891468089,2,38.265363293676295,14783.02879076591,-63.65034653651856,267.3301509200083,311.19921875,0.010685738568561,-0.0279240512670779,-0.0160016228358331,0.012733031929623273
14506.2998046875,14572.900390625,14414.25,14507.2998046875,481000.0,22.700000762939453,22.920000076293945,18.229999542236328,20.649999618530277,0.0,0.0127330319296232,2,43.527029053099135,14756.768887329872,-76.11887322105395,265.94942585429345,158.650390625,-0.0903084174233183,-0.0207529789778767,-0.0160540013098549,0.02328481586755049
14628.5,14876.2998046875,14617.599609375,14845.099609375,594500.0,20.649999618530277,20.649999618530277,19.56999969482422,20.489999771118164,0.0,0.0232848158675504,0,51.73195567384935,14765.181337048456,-58.07321742080421,273.31018115041536,258.7001953125,-0.0077481767732593,0.0203238079103613,0.0073762395068439,-0.010400699094332388
14811.849609375,14813.75,14670.25,14690.7001953125,463900.0,20.489999771118164,20.82999992370605,20.0,20.649999618530277,0.0,-0.0104006990943323,2,48.2792057861458,14758.087894978366,-55.58984243219675,266.2772831664571,143.5,0.0078086798047523,0.0255359405449617,-0.0083733984500244,0.012024574166918489
14798.400390625,14883.2001953125,14692.4501953125,14867.349609375,445000.0,20.649999618530277,20.68000030517578,19.729999542236328,19.989999771118164,0.0,0.0120245741669184,0,52.20928235629038,14768.493772539949,-38.91898463918733,261.00747722599584,190.75,-0.0319612522810828,0.0248185265028551,0.0218530805540875,-0.015439860548026041
14837.7001953125,14849.849609375,14459.5,14637.7998046875,509700.0,19.989999771118164,23.309999465942383,19.989999771118164,21.21999931335449,0.0,-0.015439860548026,1,47.19111151067945,14756.046727982572,-43.72591540732356,271.4962009509247,390.349609375,0.0615307431875735,-0.0139641908873812,0.0218430429203737,0.003122067245233451
14737.0,14779.099609375,14573.900390625,14683.5,475300.0,21.21999931335449,22.239999771118164,19.809999465942383,20.84000015258789,0.0,0.0031220672452334,2,48.2573929224715,14749.137515793756,-43.34812860064994,266.7607022222872,205.19921875,-0.0179075953375481,-0.0004901192738789,0.01214562307836,0.009231436965811968
14716.4501953125,14879.7998046875,14649.849609375,14819.0498046875,0.0,20.84000015258789,21.299999237060547,19.43000030517578,20.25,0.0,0.0092314369658119,1,51.39237279198965,14755.795829021732,-31.745056186155125,264.13138030015955,229.9501953125,-0.0283109476136268,-0.0032487165471001,-0.0017547746645666,0.0036945688638336804
14875.650390625,14984.150390625,14821.099609375,14873.7998046875,514800.0,20.25,20.59000015258789,19.170000076293945,20.309999465942383,0.0,0.0036945688638336,1,52.64051293179068,14767.034302894665,-17.92504154589915,257.05775213139816,163.05078125,0.0029629365897472,0.0161226415956601,0.0124636407346616,-0.0026187118170183377
14882.650390625,14918.4501953125,14785.650390625,14834.849609375,504100.0,20.309999465942383,20.96999931335449,19.68000030517578,19.790000915527344,0.0,-0.0026187118170183,0,51.624899702552696,14773.492903511837,-10.000258857851804,248.182184456834,132.7998046875,-0.0256030804573391,0.0103074613937412,-0.0021859982346488,-0.03532558930400764
14644.650390625,14652.5,14248.7001953125,14310.7998046875,650200.0,19.790000915527344,23.299999237060547,19.790000915527344,23.0,0.0,-0.0353255893040076,2,40.3462112165826,14729.426894099995,-45.48196329262464,272.3227008572387,403.7998046875,0.162203079129424,-0.0342970707770502,-0.0223394228889018,0.013556195506029933
14364.900390625,14528.900390625,14274.900390625,14504.7998046875,605100.0,23.0,23.0,20.299999237060547,20.459999084472656,0.0,0.0135561955060299,2,45.12570786766162,14708.033837965471,-57.28692302593663,271.0139365102931,254.0,-0.1104348224142323,-0.0248087243909057,-0.0121701362285898,0.005284484560774683
14522.400390625,14597.5498046875,14353.2001953125,14581.4501953125,568000.0,20.459999084472656,21.549999237060547,18.25,20.88999938964844,0.0,0.0052844845607746,1,46.93476203746971,14695.978252950905,-59.76841959874764,269.10934171491505,244.349609375,0.0210166336469737,-0.0170813604947072,-0.0160333902987385,0.002496282165007191
14599.599609375,14697.7001953125,14559.0,14617.849609375,577200.0,20.88999938964844,21.09000015258789,19.479999542236328,20.399999618530277,0.0,0.0024962821650071,0,47.81458737704417,14688.537429753198,-58.12783351720464,259.7944026861711,138.7001953125,-0.0234561888671462,0.0214558102187221,-0.0172081242637027,-0.017676978554819645
14306.599609375,14382.2998046875,14191.400390625,14359.4501953125,512300.0,20.399999618530277,23.11000061035156,19.809999465942383,22.489999771118164,0.0,-0.0176769785548196,1,42.43562212847572,14657.195788377894,-76.79310727007214,271.69831811930175,190.8994140625,0.1024509897877372,-0.0100207938980327,-0.0320461229187026,-0.004390823034999047
14526.7001953125,14526.9501953125,14207.2998046875,14296.400390625,467400.0,22.489999771118164,22.75,21.239999771118164,22.43000030517578,0.0,-0.004390823034999,2,41.21721106794853,14622.834321925238,-95.57137617095212,275.12346615542305,319.650390625,-0.0026678286595376,-0.0195487966470669,-0.0010061921247604,0.007676757575422188
14219.150390625,14424.75,14151.400390625,14406.150390625,524600.0,22.43000030517578,23.61000061035156,22.43000030517578,23.030000686645508,0.0,0.0076767575754221,1,44.21949110190175,14602.1977570395,-100.439576863424,274.9967620996785,273.349609375,0.026749905185301,-0.0144822408498599,-0.0068011565406521,-0.004498133053794207
14326.349609375,14461.150390625,14273.2998046875,14341.349609375,498100.0,23.030000686645508,23.049999237060547,20.209999084472656,22.690000534057617,0.0,-0.0044981330537942,2,42.82859331035503,14577.355076309548,-108.27837674369766,268.7720352309515,187.8505859375,-0.014763358334811,-0.0012605347482878,-0.0164661664458234,0.010016518287169873
14449.4501953125,14557.5,14421.2998046875,14485.0,452700.0,22.690000534057617,23.559999465942383,22.6200008392334,23.5,0.0,0.0100165182871698,2,46.82183911261714,14568.559354756258,-101.72665458586562,265.0133463305264,136.2001953125,0.0356985212374312,0.0131921046012866,-0.0090881773260137,0.011601643402658013
14493.7998046875,14667.5498046875,14484.849609375,14653.0498046875,451800.0,23.5,23.6299991607666,22.31999969482422,23.07999992370605,0.0,0.011601643402658,2,51.1228352763811,14576.60606427352,-82.02857839498938,259.13383554352447,182.7001953125,-0.0178723436720827,0.0171384726223025,0.0204464380865252,0.014433855260107098
14710.5,14890.25,14694.9501953125,14864.5498046875,457000.0,23.07999992370605,23.11000061035156,20.96999931335449,22.57999992370605,0.0,0.014433855260107,1,55.95146850738013,14604.02927764628,-48.78901923239391,257.5671469555942,195.2998046875,-0.021663778234524,0.0364819357705694,0.0397407318303053,0.0020418099664161193
14979.0,15044.349609375,14814.4501953125,14894.900390625,517500.0,22.57999992370605,23.420000076293945,22.11000061035156,23.309999465942383,0.0,0.0020418099664161,0,56.61385379922989,14631.73128840616,-19.76949999338285,255.5908803203732,229.8994140625,0.0323294749646976,0.0282982665257163,0.0339264818669435,-0.017710812045177438
14747.349609375,14855.4501953125,14601.7001953125,14631.099609375,613900.0,23.309999465942383,23.770000457763672,22.600000381469727,23.030000686645508,0.0,-0.0177108120451774,1,49.62827907258444,14631.67112849843,-17.852052940101203,258.2772599626679,253.75,-0.0120119599190027,-0.0014979949979749,0.0202038167879674,0.00020851346320172048
14481.0498046875,14673.849609375,14416.25,14634.150390625,448900.0,23.030000686645508,24.540000915527344,21.84000015258789,23.690000534057617,0.0,0.0002085134632017,0,49.70556830664793,14631.907248700962,-15.902970243769232,258.2288563492631,257.599609375,0.0286582643392983,-0.0154999254662824,0.0102968857870211,-0.00940610742344028
14687.25,14723.400390625,14461.5,14496.5,503400.0,23.690000534057617,23.690000534057617,22.18000030517578,23.01000022888184,0.0,-0.0094061074234402,2,46.25683809977795,14619.011320253252,-25.17533866266785,258.49110879753,261.900390625,-0.0287041067896215,-0.0267474357113363,-0.0106837693704842,0.0083709591539336
14604.150390625,14637.900390625,14506.599609375,14617.849609375,455900.0,23.690000534057617,23.690000534057617,22.18000030517578,23.01000022888184,0.0,0.0083709591539336,2,49.57821392765084,14618.90068112199,-22.47280560866966,250.1274860709207,131.30078125,0.0,-0.0009056052076571,-0.0165965467204868,0.0073164109749706
14668.349609375,14743.900390625,14611.5,14724.7998046875,467800.0,21.959999084472656,22.61000061035156,20.1200008392334,22.040000915527344,0.0,0.0073164109749706,2,52.37195069837589,14628.986311937751,-11.56769654589516,241.7184078247835,132.400390625,-0.042155554267964,0.0061943749136657,-0.0114200552858052,0.006679247748155426
14816.849609375,14863.0498046875,14765.5,14823.150390625,488000.0,22.040000915527344,22.040000915527344,20.309999465942383,20.81999969482422,0.0,0.0066792477481554,2,54.84943277999709,14647.478128955585,4.953648709652043,234.3278072658704,97.5498046875,-0.0553539550828069,0.0225330521591418,0.0131262028403484,0.008041422748121585
14928.25,14966.900390625,14892.5,14942.349609375,522000.0,20.81999969482422,21.149999618530277,20.13999938964844,20.229999542236328,0.0,0.0080414227481215,0,57.71997602071352,14675.561127090768,27.350040377565165,227.8579638897368,74.400390625,-0.0283381441515853,0.0221988875704319,0.0210602741206924,-0.006130201191218876
14789.7001953125,14900.0,14771.400390625,14850.75,647400.0,20.81999969482422,21.149999618530277,20.13999938964844,20.229999542236328,0.0,-0.0061302011912188,0,54.83486482619339,14692.245781653552,37.27829816863596,223.79305352261275,128.599609375,0.0,0.0085536100309089,0.0244369330528058,-0.0103866808073666
14823.5498046875,14824.0498046875,14649.7001953125,14696.5,643800.0,19.82999992370605,20.90999984741211,18.36000061035156,20.07999992370605,0.0,-0.0103866808073666,1,50.27737947013723,14692.650945305591,32.327180504447824,222.1685357486761,174.349609375,-0.0074147119092663,-0.0085440940210052,0.0053804350658086,-0.0012724250884564858
14749.400390625,14749.650390625,14591.900390625,14677.7998046875,620700.0,20.07999992370605,21.149999618530277,18.229999542236328,20.270000457763672,0.0,-0.0012724250884564,2,49.73767054610983,14691.236550961012,26.58794532376305,217.56721176662785,157.75,0.0094621780268686,-0.0177046991673597,-0.0031918939899636,0.01671576048197254
14756.25,14938.0,14725.349609375,14923.150390625,546400.0,20.270000457763672,20.43000030517578,18.36000061035156,19.61000061035156,0.0,0.0167157604819725,2,56.35717476082851,14713.323583309962,41.36052352965271,220.6124248770473,212.650390625,-0.03256042587603,0.004875200957864,0.0067462042389616,0.012393443335275034
15067.2001953125,15137.25,15043.7001953125,15108.099609375,583900.0,19.61000061035156,19.61000061035156,18.309999465942383,19.239999771118164,0.0,0.012393443335275,0,60.57250953260257,14750.921300078062,67.21691964788806,220.1472237697582,93.5498046875,-0.0188679667372414,0.0280066416748885,0.0110926329749376,-0.005159432408138875
15058.599609375,15133.400390625,15008.849609375,15030.150390625,569100.0,19.239999771118164,19.56999969482422,17.229999542236328,19.31999969482422,0.0,-0.0051594324081388,0,58.0285798371352,14777.514546796818,80.49060377587557,213.31890644691836,124.55078125,0.0041580002420864,0.0240056814117994,0.0120802242731847,-0.00825677606093067
15042.599609375,15069.7998046875,14884.900390625,14906.0498046875,480300.0,19.239999771118164,19.56999969482422,17.229999542236328,19.31999969482422,0.0,-0.0082567760609306,2,54.130771305358856,14789.755999929264,80.07318016859062,211.28894270517412,184.8994140625,0.0,-0.0011459099111031,0.0142584836313068,0.01806313567497475
14987.7998046875,15190.0,14985.849609375,15175.2998046875,572900.0,19.649999618530277,19.649999618530277,17.1299991607666,19.07999992370605,0.0,0.0180631356749747,1,60.353117456715495,14826.474457525284,100.31225648574764,216.479032177126,204.150390625,-0.0124223485977827,0.0044479581846812,0.0338947258185875,0.001476108604989923
15211.349609375,15256.25,15145.4501953125,15197.7001953125,579800.0,19.07999992370605,19.88999938964844,18.71999931335449,19.1299991607666,0.0,0.0014761086049899,1,60.82919726773415,14861.829289695495,116.8128487899503,208.93051592786705,110.7998046875,0.0026205050975092,0.0111475800529585,0.0183975767516206,0.0007073438653115716
15291.75,15293.849609375,15163.400390625,15208.4501953125,441500.0,19.07999992370605,19.88999938964844,18.71999931335449,19.1299991607666,0.0,0.0007073438653115,2,61.07079000092043,14894.840804516163,129.2670125748391,203.3247089865908,130.44921875,0.0,0.0202870911198689,0.0066421713208211,0.006115021504864648
15257.0498046875,15319.900390625,15194.9501953125,15301.4501953125,384000.0,18.84000015258789,21.299999237060547,17.229999542236328,20.8700008392334,0.0,0.0061150215048646,1,63.18618460982044,14933.565508401529,144.97022337411,197.72652943844147,124.9501953125,0.0909567043805907,0.0083128763351372,0.0180503719281959,0.002378821196545866
15323.9501953125,15384.5498046875,15272.5,15337.849609375,0.0,20.8700008392334,21.31999969482422,18.350000381469727,19.90999984741211,0.0,0.0023788211965458,2,64.01048948817967,14972.068756113287,158.52488340275158,191.6067633848028,112.0498046875,-0.0459990873606764,0.0092217514664307,0.0289680908319327,0.006376433707514062
15421.2001953125,15469.650390625,15394.75,15435.650390625,468100.0,19.90999984741211,19.90999984741211,17.360000610351562,17.399999618530273,0.0,0.006376433707514,2,66.20037559774607,15016.219387971549,175.1398516342797,187.3349075180312,74.900390625,-0.126067315324871,0.014939076131671,0.0171562070791564,0.009533088035724946
15437.75,15606.349609375,15374.0,15582.7998046875,436000.0,19.90999984741211,19.90999984741211,17.360000610351562,17.399999618530273,0.0,0.0095330880357249,1,69.23371841831984,15070.179427658784,197.8997959387907,190.5502433649576,232.349609375,0.0,0.0183871205528733,0.0253393345325878,-0.0005101904286871628
15629.650390625,15660.75,15528.2998046875,15574.849609375,409600.0,16.889999389648438,17.959999084472656,15.3100004196167,17.389999389648438,0.0,-0.0005101904286871,1,68.8740772832657,15118.243254488898,212.84218919017255,186.40023993263915,132.4501953125,-0.0005747258104067,0.0154519705197224,0.0240918311436777,8.67158252806366e-05
15520.349609375,15597.4501953125,15459.849609375,15576.2001953125,428600.0,17.389999389648438,17.649999618530273,15.170000076293944,17.209999084472656,0.0,8.67158252806366e-05,2,68.90362953058339,15161.858201234005,222.23137948538533,182.9145503615578,137.6005859375,-0.0103507942204372,0.0091055317483002,0.0179558144158236,0.0073284506253876724
15655.5498046875,15705.099609375,15611.0,15690.349609375,410200.0,17.209999084472656,17.209999084472656,14.149999618530272,15.75,0.0,0.0073284506253876,1,71.37715938535877,15212.19071629505,236.16096753949205,179.0563263401965,94.099609375,-0.084834349921024,0.0069018280434525,0.0229823612160429,-0.001281017305247989
15712.5,15733.599609375,15622.349609375,15670.25,414200.0,15.75,16.3799991607666,14.9399995803833,15.9399995803833,0.0,-0.0012810173052479,2,70.31653037415758,15255.815409981236,242.779781733856,174.2130173158968,111.25,0.0120634654211619,0.0061252848674426,0.0151985568108932,0.0051945814919991395
15725.099609375,15773.4501953125,15678.099609375,15751.650390625,394000.0,15.9399995803833,15.9399995803833,14.739999771118164,15.56999969482422,0.0,0.0051945814919991,1,72.12316864083725,15303.037789090164,251.6922196655214,169.14067288708273,95.3505859375,-0.0232120386009561,0.0112639920591994,0.0108357027013019,-0.0007333060957773752
15773.900390625,15778.7998046875,15680.0,15740.099609375,378200.0,15.56999969482422,15.600000381469728,13.56999969482422,15.229999542236328,0.0,-0.0007333060957773,0,71.45853820839528,15344.662724355388,254.88518170981115,164.1163251585411,98.7998046875,-0.0218368759956311,0.0031707387813892,0.0106100542955183,-0.006654976944212576
15766.2998046875,15800.4501953125,15566.900390625,15635.349609375,457900.0,15.229999542236328,15.739999771118164,11.949999809265137,14.75,0.0,-0.0066549769442125,2,65.55841319842135,15372.34718959535,246.12599035750463,169.07585941060958,233.5498046875,-0.0315167141604422,-0.0022271751009077,0.00379742256268,0.0065492869160790335
15692.099609375,15751.25,15648.5,15737.75,298300.0,14.75,15.199999809265137,14.18000030517578,15.0,0.0,0.006549286916079,1,68.31279000482476,15407.147457252937,244.627213588803,165.2776116402089,102.75,0.0169491525423728,-0.0008824720127913,0.0030209900865865,0.003914130633349666
15796.4501953125,15835.5498046875,15749.7998046875,15799.349609375,363000.0,15.0,15.0,13.9399995803833,14.100000381469728,0.0,0.0039141306333496,1,69.87359463294035,15444.500043169322,245.57911272485035,160.45776828644398,85.75,-0.0599999745686848,0.0037642709684448,0.00823851625692,0.0007911718082738162
15791.400390625,15823.0498046875,15606.5,15811.849609375,392900.0,14.100000381469728,15.3100004196167,13.739999771118164,14.720000267028809,0.0,0.0007911718082738,1,70.1944274241377,15479.485716141293,244.52343127616768,164.46434231509082,216.5498046875,0.0439716218996624,0.0112885227647336,0.0038217721481317,0.003630213545097627
15866.9501953125,15901.599609375,15842.400390625,15869.25,323300.0,14.720000267028809,15.15999984741211,13.279999732971191,14.609999656677246,0.0,0.0036302135450976,0,71.68560132918921,15516.606124127837,245.48868715653225,159.12760357829862,59.19921875,-0.0074728674154953,0.0083557052310527,0.008205182548405,-0.006408632752808119
15847.5,15880.849609375,15742.599609375,15767.5498046875,340200.0,14.609999656677246,15.31999969482422,13.619999885559082,14.869999885559082,0.0,-0.0064086327528081,1,65.43879893560066,15540.505522276377,235.3345137939232,157.63634617984872,138.25,0.0177960462006587,-0.0020127287181891,0.0084552119789653,-0.0048295020472909345
15648.2998046875,15769.349609375,15616.75,15691.400390625,357600.0,14.869999885559082,16.049999237060547,14.529999732971191,15.289999961853027,0.0,-0.0048295020472909,1,61.14246304472733,15554.876462119104,218.6224929288437,157.27657926521667,152.599609375,0.0282447935121927,-0.0076176552222317,-0.0029451229924861,-0.000513069646403852
15756.5,15761.5,15450.900390625,15683.349609375,640800.0,15.289999961853027,16.6200008392334,10.600000381469728,14.800000190734863,0.0,-0.0005130696464038,1,60.68880601497042,15567.111999952998,202.39537730316624,168.22822427305832,310.599609375,-0.0320470747116196,-0.0117145038754193,-0.0073420743807813,0.004026588209654625
15525.849609375,15765.150390625,15505.650390625,15746.5,351500.0,14.800000190734863,16.459999084472656,14.380000114440918,15.0600004196167,0.0,0.0040265882096546,1,63.00738776717296,15584.196571386046,192.41296314711508,174.74763682498272,259.5,0.0175675828061543,-0.0013350079719578,-0.0041329516147341,0.0016670371193598932
15840.5,15895.75,15752.099609375,15772.75,322200.0,15.0600004196167,15.109999656677246,14.43000030517578,14.739999771118164,0.0,0.0016670371193598,0,63.95895932214014,15602.15404077785,184.4932601684759,172.92637705176966,143.650390625,-0.0212483824423876,0.0051843434843203,-0.0060809427036564,-0.005439749231269109
15862.7998046875,15862.9501953125,15673.9501953125,15686.9501953125,287500.0,14.739999771118164,15.539999961853027,13.630000114440918,15.369999885559082,0.0,-0.0054397492312691,2,58.64857906327726,15610.229865019246,169.34144851306337,174.07449297664326,189.0,0.0427408496759513,0.0002295801615841,-0.0051117396408058,0.006597840798329813
15737.2998046875,15821.400390625,15702.7001953125,15790.4501953125,316700.0,15.369999885559082,15.640000343322754,14.93000030517578,15.100000381469728,0.0,0.0065978407983298,1,62.67452809978359,15627.393705999555,163.79696418459935,171.24418600063305,118.7001953125,-0.0175666562198894,0.0027911088376781,0.0063123623272451,0.0044266891189239654
15839.349609375,15870.7998046875,15772.2998046875,15860.349609375,314600.0,15.100000381469728,15.270000457763672,13.279999732971191,13.369999885559082,0.0,0.0044266891189239,1,65.14277454201304,15649.579982511505,163.1623845455233,166.04817271487354,98.5,-0.1145695663712466,0.0055538577213865,0.0112858543875216,-0.0028782098242977616
15915.349609375,15915.650390625,15792.150390625,15814.7001953125,255100.0,13.369999885559082,13.770000457763672,13.119999885559082,13.399999618530272,0.0,-0.0028782098242977,1,62.24774377989372,15665.30571706398,157.1642576717968,163.00901752095402,123.5,0.0022438095159293,0.0081437117100158,0.0043311336050868,-0.0041891404314852165
15807.5,15835.900390625,15724.0498046875,15748.4501953125,360300.0,13.399999618530272,13.399999618530272,12.899999618530272,13.0,0.0,-0.0041891404314852,1,58.20494459441718,15673.224238801931,145.38892456364374,159.3548438364216,111.8505859375,-0.0298507186505536,-0.0026598355006032,-0.0015406194029259,-0.0017112919035373597
15776.900390625,15839.099609375,15708.75,15721.5,262400.0,13.0,13.140000343322754,12.600000381469728,13.050000190734863,0.0,-0.0017112919035373,1,56.59468851841999,15677.821930344606,132.3565092595236,157.2830413748915,130.349609375,0.0038461685180664,-0.0087545112683345,0.0022024551781789,-0.002639697229908089
15755.0498046875,15755.5498046875,15667.0498046875,15680.0,224900.0,13.050000190734863,13.279999732971191,12.329999923706056,12.84000015258789,0.0,-0.002639697229908,1,54.11212418235304,15678.029365549884,117.32704987014586,152.36996699097068,88.5,-0.0160919567109329,-0.00851740429151,-0.0069947464414464,0.002691338986766656
15705.849609375,15738.349609375,15635.9501953125,15722.2001953125,254800.0,12.84000015258789,13.020000457763672,12.020000457763672,12.09000015258789,0.0,0.0026913389867666,2,56.21540482284093,15682.23611124156,107.58116934931968,148.80064178179418,102.3994140625,-0.0584112142591243,-0.0016668306833019,-0.0087103637350365,0.007133188273225066
15793.400390625,15845.9501953125,15762.0498046875,15834.349609375,207000.0,12.84000015258789,13.020000457763672,12.020000457763672,12.09000015258789,0.0,0.007133188273225,1,61.29297871890449,15696.723111063791,107.6659037456884,147.01131022595175,83.900390625,0.0,0.0071780434039372,0.0012424778098749,-0.0010167521731027085
15813.75,15914.2001953125,15801.0,15818.25,391400.0,12.06999969482422,12.359999656677246,11.289999961853027,12.279999732971191,0.0,-0.0010167521731027,1,60.21345674422216,15708.297100486288,105.22102990386156,144.59623058927662,113.2001953125,0.0157154324222759,0.0088169642857143,0.0044321697577756,0.0038816171589777237
15819.599609375,15893.5498046875,15779.7001953125,15879.650390625,329300.0,12.279999732971191,12.59000015258789,11.149999618530272,12.210000038146973,0.0,0.0038816171589777,0,62.8973553517592,15724.61646145188,107.00446725822805,142.40004335968544,113.849609375,-0.0057003010054041,0.0100145140855949,0.0100594975431733,-0.0095562557277451
15855.400390625,15885.75,15682.900390625,15727.900390625,307900.0,12.210000038146973,14.010000228881836,12.0600004196167,13.5600004196167,0.0,-0.0095562557277451,1,53.32342652079164,15724.929216611225,95.07691000300838,146.71786950363645,202.849609375,0.1105651414620803,-0.0067226770518553,0.0030548718510841,-0.0024224839292732447
15688.25,15730.849609375,15632.75,15689.7998046875,243200.0,13.5600004196167,14.0,12.18000030517578,12.9399995803833,0.0,-0.0024224839292732,1,51.21554010522723,15721.583558332775,81.60909720685959,143.24513663730528,98.099609375,-0.0457227743397756,-0.0081203796445561,-0.0020608051177634,0.00017844744498685117
15766.7998046875,15789.2001953125,15644.75,15692.599609375,216300.0,12.9399995803833,13.609999656677246,11.8100004196167,12.989999771118164,0.0,0.0001784474449868,2,51.36767713553596,15718.823182241558,70.3507200657823,143.33121225696203,144.4501953125,0.0038640025004841,-0.0117792757805569,-0.0089520569835135,0.007630985495128417
15794.0,15820.7998046875,15744.599609375,15812.349609375,246700.0,12.989999771118164,12.989999771118164,10.670000076293944,12.619999885559082,0.0,0.0076309854951284,1,57.47597574564589,15727.730461016172,70.28104315962992,142.2504253323576,76.2001953125,-0.0284834404987239,0.0053693892161434,-0.0003730115926224,0.0026308921169333477
15808.7001953125,15877.349609375,15764.2001953125,15853.9501953125,0.0,12.619999885559082,12.960000038146973,10.489999771118164,12.59000015258789,0.0,0.0026308921169333,1,59.38449150302434,15739.751388092012,72.74409468219164,140.1717816702249,113.1494140625,-0.002377157943204,0.0104622361450372,-0.0016184358395996,0.004431072328003882
15872.150390625,15952.349609375,15855.0,15924.2001953125,284900.0,12.59000015258789,12.949999809265137,11.079999923706056,12.270000457763672,0.0,0.0044310723280038,1,62.44934992159655,15757.317941160629,79.44883197557101,137.188041126816,97.349609375,-0.0254169730695708,0.014758586321105,0.0124809923646584,-5.0225736783704455e-05
15958.349609375,15962.25,15882.599609375,15923.400390625,276300.0,12.270000457763672,12.369999885559082,11.630000114440918,11.710000038146973,0.0,-5.0225736783704455e-05,0,62.39162449970924,15773.135317300092,83.73262940157474,133.07820894811485,79.650390625,-0.0456398042970216,0.0070230411035283,0.0148886913055263,-0.010738912280361723
15754.5,15836.900390625,15707.5,15752.400390625,242100.0,11.710000038146973,13.199999809265137,11.710000038146973,12.68000030517578,0.0,-0.0107389122803617,0,51.44294245092841,15771.160562378656,72.49363730626101,138.99407906789236,129.400390625,0.0828352061373951,-0.0064053313802843,0.0038107632093202,-0.0076369809214345
15703.9501953125,15728.4501953125,15578.5498046875,15632.099609375,274300.0,12.68000030517578,14.09000015258789,11.789999961853027,13.210000038146973,0.0,-0.0076369809214345,2,45.40613765907578,15757.916662092592,53.265377333507786,141.48382955857863,149.900390625,0.0417980851904911,-0.0183431872467594,-0.0113993179035917,0.012279233123449584
15736.599609375,15834.7998046875,15726.400390625,15824.0498046875,265300.0,13.210000038146973,13.210000038146973,11.720000267028809,11.890000343322754,0.0,0.0122792331234495,1,54.567371850758896,15764.21505662544,52.90575473210811,145.85642711243017,108.3994140625,-0.0999242763824685,-0.0062392820314932,-0.0018859899429884,0.002022238326785386
15856.7998046875,15899.7998046875,15768.400390625,15856.0498046875,294100.0,11.890000343322754,12.119999885559082,11.56999969482422,11.760000228881836,0.0,0.0020222383267853,1,55.896091468277575,15772.96122310754,54.57379110158399,144.82378332314946,131.3994140625,-0.0109335669207044,0.0065799123620668,-0.0042796743189061,-0.0019929055322251976
15849.2998046875,15893.349609375,15797.0,15824.4501953125,267100.0,11.760000228881836,12.539999961853027,10.399999618530272,12.449999809265137,0.0,-0.0019929055322251,1,54.21007461698482,15777.864934746109,52.73796709788076,141.36134232685308,96.349609375,0.0586734325641171,0.0123048464853781,-0.0062141372373426,-0.004929081202650898
15860.5,15881.5498046875,15701.0,15746.4501953125,311000.0,12.449999809265137,13.529999732971191,12.100000381469728,13.229999542236328,0.0,-0.0049290812026508,1,50.18604632718097,15774.87305480005,44.47641875198315,144.16051820975642,180.5498046875,0.0626505819213527,-0.0049039032569281,-0.0003777326099482,-0.002352898858342667
15761.5498046875,15767.5,15513.4501953125,15709.400390625,318600.0,13.229999542236328,15.979999542236328,11.359999656677246,13.6899995803833,0.0,-0.0023528988583426,1,48.350122727182224,15768.637562973854,34.54130193893616,152.00975295816667,254.0498046875,0.0347694674272993,-0.0092487987783153,0.0049450031142099,0.004395444954646832
15762.7001953125,15817.349609375,15737.7998046875,15778.4501953125,401600.0,13.6899995803833,13.6899995803833,12.4399995803833,12.949999809265137,0.0,0.0043954449546468,1,51.88302142798702,15769.572099387058,31.871991967160284,148.8625719432976,79.5498046875,-0.0540540389919752,-0.002906894042589,-0.0028816649301427,-0.000976039499086867
15800.599609375,15862.7998046875,15744.849609375,15763.0498046875,400000.0,12.949999809265137,13.31999969482422,12.18000030517578,12.800000190734863,0.0,-0.0009760394990868,2,51.04440379020837,15768.95092846329,28.18891747255111,146.6545450410978,117.9501953125,-0.0115829822964904,0.0010541810483699,-0.0058652691651174,0.007746000136419795
15874.900390625,15892.900390625,15834.650390625,15885.150390625,244800.0,12.800000190734863,13.09000015258789,11.520000457763672,12.8100004196167,0.0,0.0077460001364197,2,56.98138712741388,15780.01754390726,34.722294254153894,145.45426224798368,58.25,0.0007812678697516,0.0111875689478819,0.0038358486116933,0.015460955882416139
15951.5498046875,16146.900390625,15914.349609375,16130.75,341300.0,12.8100004196167,13.90999984741211,11.960000038146973,13.75,0.0,0.0154609558824161,2,65.93121591001137,15813.420634963712,59.03733271689998,153.76110065884197,232.55078125,0.0733801365801538,0.0223279092893522,0.024405488216125,0.007938242467802281
16195.25,16290.2001953125,16176.150390625,16258.7998046875,427300.0,13.75,14.0600004196167,12.649999618530272,13.210000038146973,0.0,0.0079382424678022,1,69.49466130155028,15855.83769874693,87.62958564464316,154.16746456267467,114.0498046875,-0.039272724498402,0.0314501321852436,0.0349726533413947,0.0022018725316477195
16288.9501953125,16349.4501953125,16210.2998046875,16294.599609375,418200.0,13.210000038146973,13.420000076293944,11.199999809265137,12.869999885559082,0.0,0.0022018725316477,1,70.42600481036764,15897.624547378176,111.88812052726462,153.09481642426934,139.150390625,-0.0257380886908448,0.025775595992572,0.0327123011242156,-0.003461233501561467
16304.400390625,16336.75,16223.2998046875,16238.2001953125,320100.0,12.869999885559082,13.15999984741211,11.640000343322754,12.609999656677246,0.0,-0.0034612335015614,1,66.9577309187167,15930.06032337192,125.11991829610088,150.2630577734287,113.4501953125,-0.0202020381657945,0.0066612026912884,0.0301433032637949,0.0012347307242392969
16281.349609375,16320.75,16179.0498046875,16258.25,240500.0,12.609999656677246,13.109999656677246,12.029999732971191,12.609999656677246,0.0,0.0012347307242392,1,67.56917751986697,15961.316483050785,135.66025802400873,149.6514247405052,141.7001953125,0.0,-3.3815822453320266e-05,0.0234873199308955,0.0013439090538649445
16274.7998046875,16359.25,16202.25,16280.099609375,288000.0,12.609999656677246,13.06999969482422,9.979999542236328,12.710000038146973,0.0,0.0013439090538649,1,68.25851847137949,15991.676780795948,144.11536188605714,150.17632297332628,157.0,0.0079302445830578,-0.0008898653754988,0.0092586897307935,0.00013208706805212245
16327.2998046875,16338.75,16162.5498046875,16282.25,277900.0,12.710000038146973,13.329999923706056,10.470000267028809,12.710000038146973,0.0,0.0001320870680521,2,68.32986689287105,16019.350420720144,149.26893183482937,152.035170997553,176.2001953125,0.0,0.0027127270361044,0.0014423078944449,0.005045395484346349
16303.650390625,16375.5,16286.900390625,16364.400390625,280200.0,12.710000038146973,12.81999969482422,11.359999656677246,12.369999885559082,0.0,0.0050453954843463,2,71.0107117774807,16052.212322615844,158.15886615412455,147.8362302120135,88.599609375,-0.0267506020116,0.0065290169990619,0.0042836757529065,0.010064482340847336
16385.69921875,16543.599609375,16376.2998046875,16529.099609375,321900.0,12.369999885559082,13.15999984741211,11.399999618530272,12.989999771118164,0.0,0.0100644823408473,1,75.49019786730825,16097.63015945005,176.45993338543485,150.07644367901256,167.2998046875,0.0501212523278096,0.0152947467137494,0.0179145108795046,0.002054024277023725
16518.400390625,16589.400390625,16480.75,16563.05078125,254000.0,12.989999771118164,13.65999984741211,11.380000114440918,13.460000038146973,0.0,0.0020540242770237,1,76.30308520852054,16141.955932954806,191.49579255229585,147.11743988944025,108.650390625,0.036181699408017,0.0172458217537503,0.0187474532160596,0.0031122785775283823
16545.25,16628.55078125,16495.400390625,16614.599609375,297400.0,13.460000038146973,13.609999656677246,12.029999732971191,13.40999984741211,0.0,0.0031122785775283,1,77.52206279399034,16186.969616423396,205.20589308841767,146.1197935134088,133.150390625,-0.0037147244125674,0.0152892383941751,0.0205465573323258,-0.00275360231817956
16691.94921875,16701.849609375,16535.849609375,16568.849609375,251800.0,13.40999984741211,13.40999984741211,11.119999885559082,12.90999984741211,0.0,-0.0027536023181795,0,73.88925687325008,16223.339139561644,209.9593235017492,147.53980826245103,166.0,-0.0372856081796668,0.0024048496856692,0.0176019659061248,-0.007142898400624986
16382.5,16509.55078125,16376.0498046875,16450.5,350800.0,12.90999984741211,14.140000343322754,12.350000381469728,14.020000457763672,0.0,-0.0071428984006249,1,65.35690481661766,16244.97350722244,201.84982779565144,150.77266514995452,133.5009765625,0.0859799088668518,-0.0067952928923825,0.0052613971376749,0.0027931806783987323
16592.25,16592.5,16395.69921875,16496.44921875,275600.0,14.020000457763672,14.4399995803833,12.729999542236328,13.6899995803833,0.0,0.0027931806783987,2,66.95249771788028,16268.92357498697,196.86141609946932,154.0603877285292,196.80078125,-0.0235378649504701,-0.0071112391151654,-0.0019753278397863,0.007768362083601765
16561.400390625,16647.099609375,16495.30078125,16624.599609375,275400.0,13.6899995803833,14.510000228881836,13.100000381469728,13.1899995803833,0.0,0.0077683620836017,1,70.96856026843076,16302.797483023924,200.93250457995964,153.89884775684854,151.798828125,-0.0365230106154612,0.0033647477836031,0.0037160320847819,0.0006045728309951315
16654.0,16712.44921875,16617.5,16634.650390625,265900.0,13.1899995803833,13.970000267028809,12.270000457763672,13.5,0.0,0.0006045728309951,1,71.26351814251518,16334.402521843074,202.63404642843307,149.68815997064507,94.94921875,0.0235026860863396,0.0111942123719643,0.0012068169995915,0.00013525983096518424
16627.94921875,16683.69921875,16603.400390625,16636.900390625,253500.0,13.5,14.199999809265137,12.109999656677246,13.539999961853027,0.0,0.0001352598309651,1,71.33373314901627,16363.211842679448,201.837430538455,144.73177912452758,80.298828125,0.0029629601372613,0.0085140244432335,0.0041071518454423,0.004105261588480014
16642.55078125,16722.05078125,16565.599609375,16705.19921875,217400.0,13.539999961853027,13.760000228881836,12.9399995803833,13.40999984741211,0.0,0.00410526158848,2,73.45409189996353,16395.782068971883,204.36149918689264,145.56887860670415,156.451171875,-0.0096011901630114,0.0048482135671734,0.0154827645816235,0.013519836521704187
16775.849609375,16951.5,16764.849609375,16931.05078125,283500.0,13.40999984741211,13.6899995803833,12.399999618530272,13.31999969482422,0.0,0.0135198365217041,2,78.98868777135212,16446.7600415698,222.02678873553123,152.7640145097967,186.650390625,-0.0067114208510046,0.0178182518817495,0.0263451580844458,0.011880446175423387
16947.5,17153.5,16915.849609375,17132.19921875,464400.0,13.31999969482422,14.770000457763672,12.640000343322754,14.520000457763672,0.0,0.0118804461754233,1,82.49014701223274,16512.03996320601,249.3829246926107,158.8273270894541,237.650390625,0.0900901494318908,0.0297711001746516,0.0305330426778369,-0.00326573477436376
17185.599609375,17225.75,17055.05078125,17076.25,301900.0,14.520000457763672,15.630000114440918,13.899999618530272,14.1899995803833,0.0,-0.0032657347743637,2,78.56817396219641,16565.774252424486,263.51063855137545,159.67531935092163,170.69921875,-0.0227273324364065,0.0222116944785388,0.0265469726748135,0.009246783727399066
17095.400390625,17245.5,17059.69921875,17234.150390625,242400.0,14.1899995803833,14.390000343322754,13.609999656677246,14.239999771118164,0.0,0.009246783727399,2,81.27411723998533,16629.429122729296,284.1724325526666,161.5414237722844,185.80078125,0.0035236217204674,0.0179019963551618,0.035899114977965,0.005190230833697296
17262.44921875,17340.099609375,17212.19921875,17323.599609375,261400.0,14.239999771118164,14.649999618530272,13.579999923706056,14.539999961853027,0.0,0.0051902308336972,1,82.61334253077658,16695.540597647934,304.2575657297202,159.13849283319266,127.900390625,0.0210674294632595,0.0111719685360374,0.0370184385428282,0.0031287476677577253
17399.349609375,17429.55078125,17345.55078125,17377.80078125,228000.0,14.539999961853027,15.279999732971191,14.0600004196167,15.109999656677246,0.0,0.0031287476677577,1,83.38858026284954,16760.517757990987,320.8501987020027,155.33939847903602,84.0,0.0392021799394541,0.0176590751043115,0.0263864308111783,-0.0009035189246697772
17401.55078125,17436.5,17287.0,17362.099609375,243400.0,15.109999656677246,15.229999542236328,14.59000015258789,14.899999618530272,0.0,-0.0009035189246697,1,82.24455910758738,16817.811267646608,328.9411971637346,154.92229858767632,149.5,-0.0138980835816346,0.0074241674727175,0.0134191990000553,-0.0004953092983268625
17375.75,17383.400390625,17254.19921875,17353.5,252700.0,14.899999618530272,15.0600004196167,12.489999771118164,14.40999984741211,0.0,-0.0004953092983268,1,81.58437388223662,16868.829242156455,330.8456721660805,153.0850752510566,129.201171875,-0.0328858915210158,0.0017259917857266,0.0162360002928043,0.0009075978909154347
17312.849609375,17379.650390625,17302.69921875,17369.25,241500.0,14.40999984741211,14.40999984741211,13.640000343322754,13.9399995803833,0.0,0.0009075978909154,1,81.87139218681139,16916.488361951077,329.8238714167346,147.64693929562398,76.951171875,-0.0326162575992821,-0.000492051978132,0.0078390640857173,-0.000803098507419775
17363.55078125,17378.349609375,17269.150390625,17355.30078125,241100.0,13.9399995803833,14.779999732971191,11.920000076293944,14.029999732971191,0.0,-0.0008030985074197,1,80.6721667346897,16958.280020931925,324.1518804858606,144.90067354236513,109.19921875,0.0064562521733888,-0.0003915902038327,0.0018299413857294,0.001423151293159064
17420.349609375,17438.55078125,17367.05078125,17380.0,230400.0,14.029999732971191,14.029999732971191,10.869999885559082,13.579999923706056,0.0,0.001423151293159,2,81.19734395298786,16998.443828462216,317.98428247180345,140.49705400362475,71.5,-0.0320741138866607,0.0015270694672544,0.0001265533411094,0.00802354538262362
17387.650390625,17532.69921875,17386.900390625,17519.44921875,388200.0,13.579999923706056,13.880000114440918,12.369999885559082,13.729999542236328,0.0,0.0080235453826236,2,83.86331053903336,17048.063389442003,320.6525204810532,141.36863719979442,145.798828125,0.0110456273470536,0.0086474210889935,0.0090628214856016,0.006281634763507293
17539.19921875,17644.599609375,17510.44921875,17629.5,503300.0,13.729999542236328,14.529999732971191,9.029999732971191,14.40999984741211,0.0,0.0062816347635072,1,85.59870702474124,17103.43830473324,327.8678402691439,140.85304815873766,134.150390625,0.0495266080005289,0.015799162584738,0.0159045725646123,-0.002515647600612625
17709.650390625,17792.94921875,17537.650390625,17585.150390625,508300.0,14.40999984741211,15.649999618530272,12.140000343322754,15.229999542236328,0.0,-0.0025156476006126,0,81.78171008117747,17149.31564624674,326.24662237213124,149.0277467277564,255.298828125,0.0569049065584468,0.011803819943901,0.0124300352994515,-0.010705054879733056
17443.849609375,17622.75,17361.80078125,17396.900390625,339100.0,15.229999542236328,17.809999465942383,10.229999542236328,17.489999771118164,0.0,-0.010705054879733,2,67.93416683231888,17172.895145711336,306.2414331665277,157.0221375864881,260.94921875,0.1483913523841107,-0.0069950160301753,0.0023969396957927,0.00949017386246398
17450.5,17578.349609375,17326.099609375,17562.0,363600.0,17.489999771118164,18.0,13.0,16.520000457763672,0.0,0.0094901738624639,1,72.35521725520086,17209.952750881686,300.24826022718844,163.8241277588818,252.25,-0.0554602244738896,-0.0038288096656172,0.0104718066743383,-0.0008740239935656202
17580.900390625,17610.44921875,17524.0,17546.650390625,295200.0,16.520000457763672,16.860000610351562,13.279999732971191,16.489999771118164,0.0,-0.0008740239935656,2,71.3699941996635,17242.019192762004,290.90665150432324,158.29734854396165,86.44921875,-0.0018160221437166,-0.0021893472131193,0.00155262711375,0.015746528367181822
17670.849609375,17843.900390625,17646.55078125,17822.94921875,320500.0,16.489999771118164,16.940000534057617,10.3100004196167,16.600000381469727,0.0,0.0157465283671818,1,77.34888583357895,17297.345861903716,302.31348393364897,168.22253793367867,197.349609375,0.0066707466269482,0.0244899274329692,0.0109730405712016,0.0016972499684944076
17897.44921875,17947.650390625,17819.400390625,17853.19921875,360100.0,16.600000381469727,17.329999923706055,12.770000457763672,16.920000076293945,0.0,0.0016972499684944,1,77.89320796332237,17350.284276841456,310.21839841322435,165.3673566527016,128.25,0.0192770896066623,0.0165812104970959,0.0152429079178022,0.00010644538279747096
17932.19921875,17943.5,17802.900390625,17855.099609375,295700.0,16.920000076293945,18.13999938964844,13.520000457763672,18.049999237060547,0.0,0.0001064453827974,0,77.92909097005312,17398.361927558937,313.02805318738683,163.59823184715148,140.599609375,0.0667848200751373,0.0175788091677486,0.0263379802414065,-0.0059646824901542495
17906.44921875,17912.849609375,17576.099609375,17748.599609375,398000.0,18.049999237060547,18.56999969482422,15.369999885559082,18.540000915527344,0.0,-0.0059646824901542,1,70.97617320833706,17431.717897255705,303.16635190574743,175.96621528664065,336.75,0.027146908541731,-0.0041715660221252,0.0106251912865846,-0.0021015082285871234
17657.94921875,17781.75,17608.150390625,17711.30078125,562200.0,18.540000915527344,19.43000030517578,16.760000228881836,18.84000015258789,0.0,-0.0021015082285871,0,68.66551130855231,17458.344838588495,289.00965547391024,175.79717200723775,173.599609375,0.016181187823421,-0.007948067781094,0.0093835795983585,-0.005259376020738893
17718.900390625,17742.150390625,17585.349609375,17618.150390625,378600.0,18.84000015258789,19.13999938964844,17.149999618530273,18.399999618530277,0.0,-0.0052593760207388,1,63.13730736333007,17473.564414972923,267.19386892647526,174.44028695314933,156.80078125,-0.0233545929136936,-0.0132706747054822,-0.0114907373415814,-0.004886983449795879
17531.900390625,17557.150390625,17452.900390625,17532.05078125,305800.0,18.399999618530277,19.07999992370605,17.0,17.209999084472656,0.0,-0.0048869834497958,2,58.45292007364243,17479.134545094552,240.1884391864478,173.78383788506724,104.25,-0.0646739434091722,-0.0122008965716154,-0.0179882851003376,0.009080467581137563
17615.55078125,17750.900390625,17581.349609375,17691.25,295800.0,17.209999084472656,17.530000686645508,15.31999969482422,16.739999771118164,0.0,0.0090804675811375,2,63.800891163961296,17499.33601699031,228.99280155039744,177.00282156291956,169.55078125,-0.0273096652154117,-0.0011320897034974,-0.009176628131997,0.007407660919946268
17661.349609375,17833.44921875,17640.900390625,17822.30078125,427000.0,16.739999771118164,17.1299991607666,16.299999237060547,16.399999618530273,0.0,0.0074076609199462,0,67.50855949264313,17530.094565967425,228.0658793819748,178.11325060306817,192.548828125,-0.0203106426067281,0.0115875041419577,0.0041525063101919,-0.009892144870289554
17861.5,17884.599609375,17613.150390625,17646.0,395800.0,16.399999618530273,17.59000015258789,16.110000610351562,17.329999923706055,0.0,-0.0098921448702895,2,58.78543553031125,17541.13317873243,210.67673696361817,184.78010547070613,271.44921875,0.0567073370004824,0.0064994803044868,-0.0036869556932335,0.008180302016037588
17810.55078125,17857.55078125,17763.80078125,17790.349609375,419900.0,17.329999923706055,17.329999923706055,14.449999809265137,16.15999984741211,0.0,0.0081803020160375,2,63.00094347714784,17564.868076888866,206.1669590422389,186.69229659779856,93.75,-0.0675129879656536,0.0056016171483077,0.0097739668995917,0.005893622760496431
17886.849609375,17941.849609375,17840.349609375,17895.19921875,324100.0,16.15999984741211,16.399999618530273,15.529999732971191,15.649999618530272,0.0,0.0058936227604964,1,65.74187785614161,17596.328185637547,208.6482476403944,184.17856112652723,101.5,-0.0315594204020681,0.0040902933013391,0.0207134032424989,0.0028359561343596074
17867.55078125,18041.94921875,17839.099609375,17945.94921875,375800.0,15.649999618530272,16.40999984741211,12.229999542236328,16.09000015258789,0.0,0.0028359561343596,1,67.01558811456495,17629.625426886352,212.26295240943,185.5122074299896,202.849609375,0.0281150507848344,0.0169981422843703,0.0143969034833604,0.0025632525445875576
17915.80078125,18008.650390625,17864.94921875,17991.94921875,355600.0,16.09000015258789,16.399999618530273,13.9399995803833,15.850000381469728,0.0,0.0025632525445875,2,68.17074259780718,17664.13245468289,216.3455507052895,182.52570489034744,143.701171875,-0.0149160825880765,0.0113319644527256,0.0095188853326098,0.00943759784921161
18097.849609375,18197.80078125,18050.75,18161.75,506700.0,15.850000381469728,16.219999313354492,13.380000114440918,16.100000381469727,0.0,0.0094375978492116,2,72.06045261346065,17711.52460185595,230.6240527096743,184.1918375767512,147.05078125,0.0157728702828472,0.014895099964616,0.0292275869885525,0.009734787740718787
18272.849609375,18350.75,18248.69921875,18338.55078125,538700.0,16.100000381469727,16.290000915527344,12.609999656677246,15.770000457763672,0.0,0.0097347877407187,2,75.42763646319301,17771.24138084586,253.28648494719164,184.5352777498404,102.05078125,-0.0204968891855349,0.0218768903062429,0.0308145249481839,0.007552396132719963
18500.099609375,18543.150390625,18445.30078125,18477.05078125,469900.0,15.770000457763672,17.31999969482422,14.15999984741211,17.18000030517578,0.0,0.0075523961327199,1,77.6953735119196,17838.461323741492,279.2039291794681,185.96844429449465,97.849609375,0.0894102603984363,0.0269621460466584,0.0325143942454888,-0.003155307734996393
18602.349609375,18604.44921875,18377.69921875,18418.75,368200.0,17.18000030517578,17.540000915527344,14.239999771118164,17.3799991607666,0.0,-0.0031553077349963,0,74.57540184507342,17893.72691195659,291.67703337364946,188.8814125591736,226.75,0.0116413767193337,0.0141506187454403,0.0263458218613488,-0.008260625212080042
18439.900390625,18458.30078125,18209.349609375,18266.599609375,371300.0,17.3799991607666,18.86000061035156,15.229999542236328,18.309999465942383,0.0,-0.00826062521208,1,67.0124025407508,17929.23859742501,285.9881005599891,193.1721096531612,248.951171875,0.0535098015007475,-0.0039234927957647,0.0152651826261702,-0.004844908296702255
18382.69921875,18384.19921875,18048.0,18178.099609375,365900.0,18.309999465942383,18.799999237060547,14.90999984741211,18.040000915527344,0.0,-0.0048449082967022,1,63.00963556216134,17952.939646182153,271.21200675373257,203.38833173150684,336.19921875,-0.0147459616761459,-0.0161795935625379,0.0009002221358074,-0.003476668084567369
18230.69921875,18314.25,18034.349609375,18114.900390625,324700.0,18.040000915527344,18.040000915527344,14.359999656677246,17.549999237060547,0.0,-0.0034766680845673,1,60.24231241276799,17968.364478986234,251.50302684280177,208.8534787953278,279.900390625,-0.0271619541906477,-0.016496755174754,-0.0121956414818594,0.000579633328010587
18229.5,18241.400390625,17968.5,18125.400390625,418700.0,17.549999237060547,18.76000022888184,14.510000228881836,17.610000610351562,0.0,0.0005796333280105,2,60.55229473382008,17983.32028009469,234.03299384315324,213.42825821173292,272.900390625,0.0034188818176306,-0.0077299126147994,-0.0190317380618905,0.007889480889700096
18154.5,18310.44921875,18099.30078125,18268.400390625,341400.0,17.610000610351562,17.729999542236328,16.649999618530273,16.75,0.0,0.0078894808897,1,64.60034804169436,18010.470766811864,229.08601079393705,213.2654138751806,211.1484375,-0.0488359216663533,0.0049675589412783,-0.0081628562945368,-0.0031448386638428527
18295.849609375,18342.05078125,18167.900390625,18210.94921875,335200.0,16.75,17.030000686645508,15.399999618530272,16.829999923706055,0.0,-0.0031448386638428,0,61.854095472077645,18029.56395271073,218.01650311812045,210.47148364302484,174.150390625,0.0047761148481226,0.0053022001807256,-0.003046565415297,-0.0194223384240636
18187.650390625,18190.69921875,17799.44921875,17857.25,374200.0,16.829999923706055,18.43000030517578,16.809999465942383,17.90999984741211,0.0,-0.0194223384240636,0,48.253587778907225,18013.153100071617,178.64397107161858,224.8306633828088,391.25,0.0641711187523423,-0.0147941774993116,-0.017650338389032,-0.010393515763905459
17833.05078125,17915.849609375,17613.099609375,17671.650390625,336500.0,17.90999984741211,19.63999938964844,16.280000686645508,17.43000030517578,0.0,-0.0103935157639054,2,42.92049627042316,17980.629032505272,130.955050104174,230.39633028403676,302.75,-0.0268006446859733,-0.0326656952573822,-0.0244688069181653,0.014599655057507821
17783.150390625,17954.099609375,17697.099609375,17929.650390625,281200.0,17.43000030517578,18.100000381469727,15.380000114440918,17.239999771118164,0.0,0.0145996550575078,1,51.023795606407454,17975.77392375477,112.68076672393364,234.11439374589125,257.0,-0.0109007762897856,-0.0154466867567438,-0.010799761427684,-0.002270048271341696
17970.900390625,18012.25,17847.599609375,17888.94921875,296400.0,17.239999771118164,17.790000915527344,16.360000610351562,17.059999465942383,0.0,-0.0022700482713416,1,49.82215095465212,17967.504904230504,93.83237980381092,229.1526792372561,164.650390625,-0.0104408531070476,0.0017751455991263,-0.0207709029669465,-0.0033400508475575075
17947.94921875,17988.75,17757.94921875,17829.19921875,331000.0,17.059999465942383,17.059999465942383,15.699999809265137,16.1299991607666,0.0,-0.0033400508475575,1,48.03374771586776,17954.332934184742,73.22942845837315,229.27040080959495,230.80078125,-0.0545135014237474,0.0089153431989907,-0.0209626634731895,0.004913376165984751
17935.05078125,17947.55078125,17900.599609375,17916.80078125,48500.0,16.1299991607666,16.40999984741211,14.3100004196167,15.75,0.0,0.0049133761659847,2,50.82103045511928,17950.75844342905,63.241150441768696,221.34762664462392,46.951171875,-0.0235585356811972,-0.0007166681499667,0.0033348237410575,0.008469704042186388
18040.19921875,18087.80078125,17836.099609375,18068.55078125,338900.0,15.75,16.93000030517578,13.989999771118164,16.34000015258789,0.0,0.0084697040421863,1,55.29429054190579,17961.97676131676,66.80029273141918,223.5157370182222,251.701171875,0.0374603271484375,0.0100398050385068,0.0224597240128494,-0.001344921435271762
18084.349609375,18112.599609375,17983.05078125,18044.25,270200.0,16.34000015258789,16.610000610351562,14.640000343322754,16.0,0.0,-0.0013449214352717,1,54.44032246941564,17969.81230785802,66.88901376768263,216.80381495442063,129.548828125,-0.0208078426813259,0.0120617184547382,0.0063916254292901,-0.0014991358050348014
17973.44921875,18061.25,17915.0,18017.19921875,261400.0,16.0,16.68000030517578,15.140000343322754,16.309999465942383,0.0,-0.0014991358050348,0,53.45072359555968,17974.32534699059,64.03835950814027,211.7642567433906,146.25,0.0193749666213989,0.0056035917754395,0.0071692304803223,-0.007970140510272006
17967.44921875,17971.349609375,17798.19921875,17873.599609375,232100.0,16.309999465942383,17.290000915527344,14.649999618530272,16.350000381469727,0.0,-0.007970140510272,2,48.41904542058222,17964.73241959863,49.61991955968915,212.28109554743412,173.150390625,0.0024525393523691,-0.0107895300644312,0.0024903188348641,0.012820606684330382
17977.599609375,18123.0,17905.900390625,18102.75,249100.0,16.350000381469727,16.350000381469727,14.649999618530272,15.220000267028809,0.0,0.0128206066843303,1,55.60159542406819,17977.876951065427,56.03775509654588,214.9324737672603,217.099609375,-0.069113155234027,0.0032420300095599,0.0103784833587365,0.0003700663573213969
18140.94921875,18210.150390625,18071.30078125,18109.44921875,280400.0,15.220000267028809,15.84000015258789,13.43000030517578,15.470000267028809,0.0,0.0003700663573213,0,55.79539154136975,17990.407643225863,60.96177753885422,209.4979834535274,138.849609375,0.0164257552965736,0.005120107674893,0.002263515098424,-0.006087981951756416
18127.05078125,18132.650390625,17958.80078125,17999.19921875,267400.0,15.470000267028809,15.68000030517578,13.579999923706056,15.199999809265137,0.0,-0.0060879819517564,0,51.78899173867563,17991.244936132924,55.33003697326421,206.9516710193469,173.849609375,-0.0174531643893454,0.0070271021014212,-0.0024966835002839,-0.005586294529162039
17939.349609375,18022.650390625,17879.25,17898.650390625,295700.0,15.199999809265137,15.40999984741211,13.920000076293944,14.979999542236328,0.0,-0.005586294529162,0,48.37722003379023,17982.42640798931,42.26617375124261,202.4122938483221,143.400390625,-0.0144737019598321,-0.0112745085346148,-0.0065797589672889,-0.007478195643460861
17890.55078125,17945.599609375,17688.5,17764.80078125,278400.0,14.979999542236328,16.149999618530273,12.079999923706056,14.859999656677246,0.0,-0.0074781956434608,0,44.20261626919624,17961.700157823663,20.87182576389023,206.31853067165625,257.099609375,-0.0080106735130892,-0.0190314146684903,-0.0060871246141115,-0.019603372100156835
17796.25,17805.25,17280.44921875,17416.55078125,356400.0,14.859999656677246,18.07999992370605,13.5600004196167,17.520000457763672,0.0,-0.0196033721001568,1,35.595971106899825,17909.781169578553,-23.90861013234462,229.06726285582363,524.80078125,0.1790040957296503,-0.0323707977459934,-0.0379057998784715,0.004983697932798847
17281.75,17553.69921875,17216.099609375,17503.349609375,308800.0,17.520000457763672,20.020000457763672,16.790000915527344,18.020000457763672,0.0,0.0049836979327988,0,38.79473458321619,17871.07340194012,-51.79641139569139,236.81957332147908,337.599609375,0.0285388120397243,-0.0220855077127519,-0.0334686937219196,-0.0050446817378146935
17550.05078125,17600.599609375,17354.0,17415.05078125,298100.0,18.020000457763672,18.020000457763672,15.579999923706056,17.100000381469727,0.0,-0.0050446817378146,2,36.79276584998178,17827.64267616011,-80.09933700633701,237.518147325302,246.599609375,-0.0510543869546671,-0.0196878087351898,-0.0324541347868123,0.006959452503032093
17417.30078125,17564.349609375,17351.69921875,17536.25,255900.0,17.100000381469727,18.06999969482422,16.0,16.65999984741211,0.0,0.006959452503032,0,41.27253202355407,17799.89099271629,-91.69286712002211,235.74187898956612,212.650390625,-0.0257310248094743,0.006872728145395,-0.0202473584720566,-0.029071254187753914
17338.75,17355.400390625,16985.69921875,17026.44921875,356300.0,16.65999984741211,21.38999938964844,16.049999237060547,20.799999237060547,0.0,-0.0290712541877539,1,31.242196187554526,17726.229871386167,-140.39905284020278,258.2282291510257,369.701171875,0.2484993654001459,-0.0272462357930374,-0.0415626142725619,0.0016151341742889347
17055.80078125,17160.69921875,16782.400390625,17053.94921875,348900.0,20.799999237060547,23.81999969482422,18.88999938964844,20.82999992370605,0.0,0.0016151341742889,1,32.19940078055636,17662.203142563674,-174.76544845755052,266.8047005063096,378.298828125,0.0014423407570156,-0.0207350278236788,-0.020819366994891,-0.004148599194972014
17051.150390625,17324.650390625,16931.400390625,16983.19921875,498000.0,20.82999992370605,21.96999931335449,18.809999465942383,21.170000076293945,0.0,-0.004148599194972,2,31.003561547665345,17597.53610220047,-205.34293279071423,275.83650761300174,393.25,0.0163226190030345,-0.0315375739539525,-0.0297171914081177,0.01081664117042136
17104.400390625,17213.05078125,17064.25,17166.900390625,295500.0,21.170000076293945,21.170000076293945,18.93000030517578,19.450000762939453,0.0,0.0108166411704213,2,37.49458010615234,17556.52317728852,-212.30533634614767,272.5518686763588,148.80078125,-0.0812470149813811,0.0082489995459729,-0.0142491913312232,0.013674571102433752
17183.19921875,17420.349609375,17149.30078125,17401.650390625,279900.0,19.450000762939453,22.96999931335449,18.0,18.09000015258789,0.0,0.0136745711024337,0,44.65944558237084,17541.77338808247,-196.61428116768369,272.444508636976,271.048828125,-0.0699229078151474,0.0203883081516813,-0.0076755069855299,-0.01177768586739425
17424.900390625,17489.80078125,17180.80078125,17196.69921875,292500.0,18.09000015258789,18.82999992370605,17.209999084472656,18.450000762939453,0.0,-0.0117776858673942,0,40.31452900539832,17508.90918147938,-198.42948206156143,275.05561516290624,309.0,0.0199005310842996,0.0125712474575632,0.0099991488426438,-0.01654091957599968
17209.05078125,17216.75,16891.69921875,16912.25,231700.0,18.450000762939453,20.479999542236328,18.299999237060547,20.07999992370605,0.0,-0.0165409195759996,2,35.19646014535171,17452.084497528962,-220.28144913441065,278.6266984548415,325.05078125,0.0883468343286351,-0.0148338013753529,-0.0083088800683309,0.015636548581649423
17044.099609375,17251.650390625,16987.75,17176.69921875,254100.0,20.07999992370605,20.07999992370605,18.239999771118164,18.459999084472656,0.0,0.0156365485816494,2,42.50449565243549,17425.85732812144,-213.79594207884656,282.96767646699567,263.900390625,-0.0806773329376787,-0.0129270021420606,0.0113936130353089,0.017060948527881648
17315.25,17484.599609375,17308.94921875,17469.75,257800.0,18.459999084472656,18.459999084472656,16.56999969482422,17.270000457763672,0.0,0.0170609485278816,1,49.3245081473966,17430.037582586065,-182.9010130657516,284.74858462113883,175.650390625,-0.0644636341130663,0.0158780925209347,0.0176414846293619,0.002696066593683266
17524.400390625,17543.25,17379.599609375,17516.849609375,237200.0,17.270000457763672,17.43000030517578,15.539999961853027,16.600000381469727,0.0,0.0026960665936832,1,50.34399622876676,17438.3053946612,-152.8540085262539,276.0987136214146,163.650390625,-0.0387956026945413,0.0357492119247881,0.0066200168469114,-0.00031677089480919296
17476.05078125,17534.349609375,17405.25,17511.30078125,204500.0,16.600000381469727,16.93000030517578,15.210000038146973,16.059999465942383,0.0,-0.0003167708948091,0,50.21582415061628,17445.257336241088,-128.013623640305,265.5987776038136,129.099609375,-0.0325301748866305,0.0194799686621252,0.0182942993011694,-0.008169055116863166
17619.099609375,17639.5,17355.94921875,17368.25,256600.0,16.059999465942383,16.860000610351562,14.68000030517578,16.56999969482422,0.0,-0.0081690551168631,1,46.90070775881205,17437.923304218126,-118.50439724943136,266.8810635785412,283.55078125,0.0317559306252386,-0.0058100430744573,0.0269627045484781,-0.002495911181322197
17283.19921875,17376.19921875,17225.80078125,17324.900390625,271000.0,16.56999969482422,17.329999923706055,13.9399995803833,16.950000762939453,0.0,-0.0024959111813221,0,45.911562893683865,17427.159217209257,-113.16175968820971,258.5608760015025,150.3984375,0.0229330763496593,-0.0109579760647867,0.008628035572354,-0.005974060321640162
17323.650390625,17351.19921875,17192.19921875,17221.400390625,215000.0,16.950000762939453,17.709999084472656,15.770000457763672,17.219999313354492,0.0,-0.0059740603216401,1,43.54995361820298,17407.56313848695,-115.94275009251578,251.449384858538,159.0,0.015929117301598,-0.0165550460383506,-0.0142159795861417,0.0015678167505297491
17373.0,17379.349609375,17184.94921875,17248.400390625,219500.0,17.219999313354492,17.219999313354492,15.260000228881836,15.899999618530272,0.0,0.0015678167505297,0,44.35408562703296,17392.404781547713,-114.64645767318508,247.3744566989996,194.400390625,-0.0766550375992483,-0.0069005000143941,-0.0153251997212059,-0.01525945397337003
17276.0,17298.150390625,16966.44921875,16985.19921875,354600.0,15.899999618530272,16.90999984741211,13.760000228881836,16.34000015258789,0.0,-0.01525945397337,0,38.58403726986113,17353.6232993765,-133.32043649509797,253.39779349728536,331.701171875,0.0276729902272971,-0.0196076839817689,-0.0300435455407924,-0.021842546279377872
16824.25,16840.099609375,16410.19921875,16614.19921875,330600.0,16.34000015258789,20.13999938964844,16.34000015258789,18.96999931335449,0.0,-0.0218425462793778,2,32.221108346986526,17283.20195836445,-176.02716706502542,276.3693796760507,429.900390625,0.1609546594985844,-0.0352585247484025,-0.0434154725576843,0.00942870544420904
16773.150390625,16936.400390625,16688.25,16770.849609375,241000.0,18.96999931335449,18.96999931335449,16.6299991607666,17.540000915527344,0.0,0.009428705444209,2,36.94916328011329,17234.40649655593,-194.98452119884317,279.6430791188328,248.150390625,-0.0753821006635703,-0.0276866706729258,-0.0319800269414427,0.011007170994593363
16865.55078125,16971.0,16819.5,16955.44921875,207900.0,17.540000915527344,17.540000915527344,15.6899995803833,16.579999923706055,0.0,0.0110071709945933,2,42.07687948047313,17207.839136764887,-192.88920849088024,273.96502994070187,151.5,-0.0547320947384584,-0.0017515249374973,-0.0154430630403191,0.006909306212627531
17066.80078125,17118.650390625,17015.55078125,17072.599609375,197000.0,16.579999923706055,16.579999923706055,15.68000030517578,15.829999923706056,0.0,0.0069093062126275,1,45.12681688905975,17194.959181775375,-179.70408380098525,266.0533257931517,103.099609375,-0.045235223368587,0.0275908808236553,-0.0101922947791467,-0.004032754879180422
17149.5,17155.599609375,16909.599609375,17003.75,182600.0,15.829999923706056,16.649999618530273,15.329999923706056,16.149999618530273,0.0,-0.0040327548791804,1,43.67142885327608,17176.748783511055,-172.8182246487777,264.6209453793552,246.0,0.0202147628784892,0.0138872147833708,0.0010921733098969,0.004851870910828504
16937.75,17112.05078125,16833.19921875,17086.25,144800.0,16.149999618530273,17.280000686645508,15.260000228881836,17.1200008392334,0.0,0.0048518709108285,2,45.922045401611165,17168.129851748097,-158.87268571586537,265.6374180308298,278.8515625,0.0600619965086661,0.0077143801713819,0.0284124907276461,0.008603409174043453
17177.599609375,17250.25,17161.150390625,17233.25,176000.0,17.1200008392334,17.1200008392334,15.210000038146973,16.479999542236328,0.0,0.0086034091740434,1,49.77291503380786,17174.33177062923,-134.4096830109811,258.3776024571991,89.099609375,-0.0373832514967171,0.0094098376521865,0.0275716735523354,-0.0011402602889762914
17220.099609375,17285.94921875,17176.650390625,17213.599609375,161700.0,16.479999542236328,16.860000610351562,15.800000190734863,16.239999771118164,0.0,-0.0011402602889762,1,49.26785759335544,17178.071564795493,-115.27933104976182,247.7291185763277,109.298828125,-0.0145630933121735,0.0123413723075791,0.0152252168193531,-0.0005606259494814747
17201.44921875,17264.05078125,17146.349609375,17203.94921875,320800.0,16.239999771118164,16.790000915527344,15.289999961853027,16.56999969482422,0.0,-0.0005606259494814,2,49.00486393716479,17180.53610326735,-99.74727071918096,238.44140809766145,117.701171875,0.0203201926328189,0.006888534274636,0.0076935916251952,0.008724831757606522
17244.5,17400.80078125,17238.5,17354.05078125,167000.0,16.56999969482422,16.770000457763672,15.399999618530272,16.219999313354492,0.0,0.0087248317576065,2,53.19031543402247,17197.06131069427,-74.46764273118606,235.4707048406856,162.30078125,-0.0211225339719862,0.0070097504098183,0.0206013838859075,0.015653315812207858
17387.150390625,17646.650390625,17383.30078125,17625.69921875,200500.0,16.219999313354492,16.809999465942383,15.449999809265137,16.450000762939453,0.0,0.0156533158122078,2,59.64554544839984,17237.88396860434,-32.14307145590283,239.5513408788509,263.349609375,0.0141801146314224,0.0239403505790014,0.0315721248811178,0.01018687423526421
17681.400390625,17827.599609375,17593.55078125,17805.25,247400.0,16.450000762939453,16.68000030517578,15.710000038146973,16.1200008392334,0.0,0.0101868742352642,2,63.25271106381476,17291.91882873726,15.706647237901052,239.15830425357584,234.048828125,-0.0200607847052213,0.0349513227227304,0.0331916498629103,0.0067395852346920915
17820.099609375,17944.69921875,17748.849609375,17925.25,251500.0,16.1200008392334,17.3799991607666,15.09000015258789,17.229999542236328,0.0,0.006739585234692,0,65.47397330024033,17352.236083143234,62.58939952235596,236.0648260479633,195.849609375,0.0688584767502851,0.032914460488219,0.0413423343620362,-0.010005417462796928
17768.5,17797.94921875,17655.55078125,17745.900390625,236500.0,17.229999542236328,18.420000076293945,16.399999618530273,17.979999542236328,0.0,-0.0100054174627969,1,59.66867189263426,17389.72792195102,84.3005397435445,238.46728266953733,142.3984375,0.0435287301175781,0.0068196540961695,0.0315015561243545,0.003764183651131514
17797.599609375,17905.0,17704.55078125,17812.69921875,239300.0,17.979999542236328,18.09000015258789,16.860000610351562,17.600000381469727,0.0,0.0037641836511315,2,61.05375169471521,17430.010902598544,105.67868387275304,235.75170667528468,200.44921875,-0.0211345478554633,0.0004183720391457,0.0264288979720828,0.010700318921871732
17913.30078125,18017.44921875,17879.150390625,18003.30078125,232400.0,17.600000381469727,18.38999938964844,15.84000015258789,17.68000030517578,0.0,0.0107003189218717,1,64.77141278387374,17484.60993866059,136.42830965634494,233.5372990556215,138.298828125,0.0045454501120512,0.0043542366912594,0.0214233522207341,0.002913311252602302
17997.75,18081.25,17964.400390625,18055.75,220200.0,17.68000030517578,18.25,16.440000534057617,17.760000228881836,0.0,0.0029133112526023,2,65.74054247644203,17539.004230216724,163.1491414992597,225.20246407843428,116.849609375,0.0045248824844552,0.0174603487315128,0.0140688841774194,0.008673115731830494
18170.400390625,18227.94921875,18128.80078125,18212.349609375,245000.0,17.760000228881836,17.93000030517578,16.549999237060547,17.18000030517578,0.0,0.0086731157318304,1,68.5246945929737,17603.13236156513,194.7172932180765,221.4165179835461,99.1484375,-0.0326576529409522,0.0224362622260145,0.0160164912274585,0.0024956237305924223
18257.0,18272.25,18163.80078125,18257.80078125,303700.0,17.18000030517578,17.520000457763672,16.610000610351562,16.700000762939453,0.0,0.0024956237305924,1,69.30439501549513,17665.481734868452,220.8569096348947,213.34742518115,108.44921875,-0.0279394373521472,0.0141362966209539,0.0288461210396195,-0.00011232356375068253
18185.0,18286.94921875,18119.650390625,18255.75,229500.0,16.700000762939453,17.100000381469727,15.34000015258789,16.559999465942383,0.0,-0.0001123235637506,1,69.22107389805919,17721.697760119077,238.65618314225503,210.05823967713928,167.298828125,-0.0083833108144378,0.0110768037882669,0.024872748133738,0.0028675682661627455
18235.650390625,18321.55078125,18228.75,18308.099609375,266700.0,16.559999465942383,17.549999237060547,16.270000457763672,16.770000457763672,0.0,0.0028675682661627,0,70.20577668750678,17777.545555286306,254.05779153101685,201.6827069323436,92.80078125,0.0126812197218473,0.0052574215877512,0.0169301636310181,-0.010653690567923424
18337.19921875,18350.94921875,18085.900390625,18113.05078125,227500.0,16.770000457763672,17.8799991607666,16.770000457763672,17.780000686645508,0.0,-0.0106536905679234,0,62.21871031700397,17809.498433949513,247.66988256602053,206.2088584461048,265.048828125,0.0602266071146262,-0.007928118053991,0.0031735475541032,-0.00964224043394124
18129.19921875,18129.19921875,17884.900390625,17938.400390625,276700.0,17.780000686645508,18.450000762939453,15.9399995803833,17.81999969482422,0.0,-0.0096422404339412,0,56.06780682853024,17821.77481077575,225.9104368875633,208.92957056602583,244.298828125,0.0022496629152974,-0.0173835426851813,-0.0150419481629642,-0.010112406160797005
17921.0,17943.69921875,17648.44921875,17757.0,258100.0,17.81999969482422,18.450000762939453,17.31999969482422,17.790000915527344,0.0,-0.010112406160797,0,50.485219831710005,17815.60578117806,191.817273791763,215.09531552559545,295.25,-0.0016834332104723,-0.0301014098204271,-0.0274294142679167,-0.007875745304668613
17613.69921875,17707.599609375,17485.849609375,17617.150390625,277600.0,17.790000915527344,19.61000061035156,16.979999542236328,18.88999938964844,0.0,-0.0078757453046686,0,46.63044336355527,17796.705267792055,151.7640600908744,219.0992494612672,221.75,0.0618324012092097,-0.0273780710170779,-0.034980738089369,-0.02656790518738339
17575.150390625,17599.400390625,16997.849609375,17149.099609375,323800.0,18.88999938964844,23.899999618530277,18.88999938964844,22.82999992370605,0.0,-0.0265679051873833,2,36.56710770597755,17735.028538419003,81.31644788828635,247.6850731604624,601.55078125,0.208576001130879,-0.0440006223555198,-0.0633053142996071,0.007513491221694313
17001.55078125,17309.150390625,16836.80078125,17277.94921875,326500.0,22.82999992370605,24.13999938964844,21.18000030517578,21.36000061035156,0.0,0.0075134912216943,0,40.381524084762425,17691.497174641,35.47436787471452,263.73254003292936,472.349609375,-0.064388932030967,-0.0269781371430984,-0.0461049644582495,-0.00971173291462768
17062.0,17182.5,16866.75,17110.150390625,395600.0,21.36000061035156,23.8700008392334,20.440000534057617,21.06999969482422,0.0,-0.0097117329146276,1,37.240844670574006,17636.130814258526,-14.231719483497727,274.26587422700584,315.75,-0.0135768215000332,-0.0287787745894364,-0.046171898383585,-0.0004793161771092791
17208.30078125,17373.5,17077.099609375,17101.94921875,355300.0,21.06999969482422,21.31999969482422,20.280000686645508,20.700000762939453,0.0,-0.0004793161771092,2,37.089014573403695,17585.256376591045,-53.6672749196041,275.84691111257683,296.400390625,-0.0175604621378164,-0.0027494382620079,-0.0368897213070901,0.0139107178709299
17301.05078125,17410.0,17264.150390625,17339.849609375,321700.0,20.700000762939453,22.11000061035156,20.700000762939453,21.950000762939453,0.0,0.0139107178709299,2,44.19632192525818,17561.88430352285,-64.9746757963876,278.1471875509642,145.849609375,0.0603864712042887,0.0035826237154248,-0.0157403879232118,0.013667938611870323
17529.44921875,17622.400390625,17244.55078125,17576.849609375,386400.0,21.950000762939453,22.06999969482422,19.75,19.979999542236328,0.0,0.0136679386118703,2,50.22878566270831,17563.309570746864,-54.18731550558732,285.2687891098239,377.849609375,-0.0897494830172985,0.0272761611146161,0.02494300049235,0.011557838585399605
17706.19921875,17794.599609375,17674.80078125,17780.0,271200.0,19.979999542236328,19.979999542236328,18.549999237060547,18.649999618530277,0.0,0.0115578385853996,0,54.7447912153828,17583.946754485256,-28.91243151843082,280.4460184591222,119.798828125,-0.0665665642731636,0.0396475730676715,0.0290573131622111,-0.012362248664229525
17767.75,17781.150390625,17511.150390625,17560.19921875,226600.0,18.649999618530277,19.600000381469727,17.40999984741211,19.15999984741211,0.0,-0.0123622486642295,1,49.51037013041865,17581.685084415232,-26.31465104110612,279.6998742834706,270.0,0.027345857335842,0.0127077001438273,0.0263030317005039,-0.0024998826581151823
17590.19921875,17617.80078125,17462.55078125,17516.30078125,261400.0,19.15999984741211,19.780000686645508,18.600000381469727,18.899999618530277,0.0,-0.0024998826581151,0,48.51270260377637,17575.458007923306,-27.481340541307876,270.810597548937,155.25,-0.0135699494234052,-0.0034448054953321,0.0242283237542138,-0.017281112927623465
17456.30078125,17536.75,17119.400390625,17213.599609375,265000.0,18.899999618530277,21.07999992370605,18.18000030517578,20.440000534057617,0.0,-0.0172811129276234,1,42.19827378160392,17540.995303299656,-52.22933787148213,281.2776698222272,417.349609375,0.081481531566671,-0.0318560399676602,-0.007280916665606,0.0030876976246183574
17279.849609375,17306.44921875,17043.650390625,17266.75,268500.0,20.440000534057617,20.940000534057617,19.559999465942383,19.68000030517578,0.0,0.0030876976246183,2,43.58674475541464,17514.876702985403,-66.78367113874992,279.95775255813953,262.798828125,-0.0371820063123533,-0.0167110415488149,-0.0176425022837768,0.01141215233034587
17370.099609375,17477.150390625,17339.0,17463.80078125,236400.0,19.68000030517578,19.68000030517578,17.889999389648438,18.559999465942383,0.0,0.0114121523303458,2,48.52370532547436,17510.01232948679,-61.70642067990048,274.9893695629153,138.150390625,-0.0569106108671574,-0.0029972081808619,-0.0177839830568053,0.008133901085124018
17554.099609375,17639.44921875,17427.150390625,17605.849609375,273600.0,18.559999465942383,18.93000030517578,16.799999237060547,17.709999084472656,0.0,0.008133901085124,0,51.79849402216256,17519.139689476146,-45.693780376757786,270.5114737459213,212.298828125,-0.0457974356642346,0.0227872152775279,0.0025996510663874,-0.01312629691281364
17451.0,17454.75,17303.0,17374.75,253100.0,17.709999084472656,19.530000686645508,16.860000610351562,18.68000030517578,0.0,-0.0131262969128136,0,46.60397646830863,17505.388290478415,-51.06283410219476,272.8213405765697,151.75,0.0547713873996515,0.0062547960675864,-0.0080810887537122,-0.03061622289529342
17076.150390625,17099.5,16809.650390625,16842.80078125,305500.0,18.68000030517578,23.540000915527344,18.68000030517578,22.979999542236328,0.0,-0.0306162228952934,2,37.325282762138,17442.284718170948,-97.1221405497381,293.6983597764576,289.849609375,0.2301926748828329,-0.0355592695873361,-0.0215410394420382,0.03025912638397754
16933.25,17375.0,16839.25,17352.44921875,298700.0,22.979999542236328,23.13999938964844,20.43000030517578,20.61000061035156,0.0,0.0302591263839775,1,48.006038389270095,17433.728956321334,-91.44597092259936,310.98776264956774,535.75,-0.10313311484314,-0.0143929657612243,0.004963251263266,-0.0017432697608654735
17408.44921875,17490.599609375,17257.69921875,17322.19921875,244500.0,20.61000061035156,21.020000457763672,19.350000381469727,20.59000015258789,0.0,-0.0017432697608654,1,47.48874178948528,17423.107076552635,-88.36981556319006,305.4100932192415,232.900390625,-0.0009704248991446,-0.0030245489143728,-0.0081082900723438,-0.001016014719190439
17396.55078125,17442.900390625,17235.849609375,17304.599609375,232100.0,20.59000015258789,22.3700008392334,19.459999084472656,22.01000022888184,0.0,-0.0010160147191904,1,47.17026746319774,17411.820651107148,-86.35661635068027,298.38442807858144,207.05078125,0.0689655204356796,0.0274181731484404,-0.0171107902591413,-0.0016353356196504576
17236.05078125,17380.80078125,17219.19921875,17276.30078125,189600.0,22.01000022888184,23.209999084472656,21.63999938964844,22.170000076293945,0.0,-0.0016353356196504,1,46.62878059511959,17398.91399683504,-86.05265891095405,288.6142233943971,161.6015625,0.0072694159812936,-0.0043883394522612,-0.0056662236147282,-0.004031556958107085
17192.25,17351.05078125,17070.69921875,17206.650390625,215200.0,22.170000076293945,23.76000022888184,20.56999969482422,22.899999618530277,0.0,-0.004031556958107,0,45.25190025298525,17380.60317719599,-90.39001505320994,288.02403333051154,280.3515625,0.0329273585802512,-0.0066705634005136,0.0216026784440774,-0.006651566067580439
16847.94921875,17148.55078125,16843.80078125,17092.19921875,300100.0,22.899999618530277,27.81999969482422,22.899999618530277,26.65999984741211,0.0,-0.0066515660675804,1,43.00471151007801,17353.136133534466,-101.88815092617006,293.3687173336893,304.75,0.164192152467955,-0.0122742158396966,-0.0149978828186853,-0.0016937094155936583
17194.5,17220.69921875,17027.849609375,17063.25,200200.0,26.65999984741211,26.65999984741211,23.90999984741211,24.540000915527344,0.0,-0.0016937094155936,0,42.43074744968529,17325.527930340708,-112.04488279613724,286.18878105092574,192.849609375,-0.079519840360785,-0.0123319675865578,-0.0149489805237724,-0.04778103847083648
16548.900390625,16705.25,16203.25,16247.9501953125,458000.0,24.540000915527344,33.970001220703125,24.540000915527344,31.979999542236328,0.0,-0.0477810384708364,2,30.204253427014464,17222.90147938564,-183.76373255199724,327.17529669014533,502.0,0.3031784168354057,-0.0557168404976046,-0.0610617661150648,0.025261660109649586
16515.650390625,16748.80078125,16478.30078125,16658.400390625,329800.0,31.979999542236328,31.979999542236328,26.149999618530277,26.739999771118164,0.0,0.0252616601096495,2,39.63477838421738,17169.139470932245,-205.1170752411817,339.58067449352785,270.5,-0.1638524029432095,-0.0253799304918659,-0.0357657810227296,0.008134034290366632
16481.599609375,16815.900390625,16356.2998046875,16793.900390625,404200.0,26.739999771118164,29.790000915527344,26.739999771118164,28.56999969482422,0.0,0.0081340342903666,0,42.40159807405269,17133.40241566489,-208.70026879833316,348.1535253109545,459.6005859375,0.0684367965359009,-0.0157853638301612,-0.0239878181185622,-0.011191633122935585
16593.099609375,16678.5,16478.650390625,16605.94921875,517700.0,28.56999969482422,30.84000015258789,28.56999969482422,29.229999542236328,0.0,-0.0111916331229355,0,39.68449951681555,17083.16877786347,-224.12251941236173,345.8032735030292,199.849609375,0.0231011499636688,0.0220334884791055,-0.0284486503917288,-0.00649757722841704
16723.19921875,16768.94921875,16442.94921875,16498.05078125,442100.0,29.229999542236328,29.229999542236328,27.21999931335449,28.15999984741211,0.0,-0.006497577228417,0,38.17224238685023,17027.443254376474,-242.2586592733533,344.3887539670985,326.0,-0.0366062166124261,-0.0096257507092482,-0.0331237729477092,-0.015317032007332254
16339.4501953125,16456.0,16133.7998046875,16245.349609375,456100.0,28.15999984741211,29.93000030517578,27.21999931335449,27.959999084472656,0.0,-0.0153170320073322,0,34.82510209868303,16952.958145328714,-273.8656012596184,345.80748415248434,322.2001953125,-0.0071022998587776,-0.0326636914886205,-0.0001600562474797,-0.02352668473994779
15867.9501953125,15944.599609375,15711.4501953125,15863.150390625,585400.0,27.959999084472656,30.280000686645508,27.959999084472656,29.32999992370605,0.0,-0.0235266847399477,2,30.47291580787017,16849.166930595027,-325.9967259496043,359.24262200319976,233.1494140625,0.0489986010047551,-0.044730886403428,-0.0477386772650482,0.009474776509483585
15747.75,16028.75,15671.4501953125,16013.4501953125,543600.0,29.32999992370605,30.059999465942383,27.11000061035156,28.59000015258789,0.0,0.0094747765094835,2,33.96773397063882,16769.574860568122,-351.13540929631927,359.10384933779267,357.2998046875,-0.025230132050565,-0.0293732024687575,-0.0464722415376583,0.020726290088294297
16078.0,16418.05078125,15990.0,16345.349609375,462200.0,28.59000015258789,28.59000015258789,27.309999465942383,27.46999931335449,0.0,0.0207262900882942,2,41.018251018161074,16729.172455692587,-340.35310926615057,364.0286301886646,428.05078125,-0.0391745656962516,0.0061556077526512,-0.0156931474342191,0.01526738719047449
16757.099609375,16757.30078125,16447.900390625,16594.900390625,486400.0,27.46999931335449,27.46999931335449,22.959999084472656,25.57999992370605,0.0,0.0152673871904744,1,45.71185953518096,16716.384639971864,-308.11958556142054,367.4516688805457,309.400390625,-0.0688023093152979,0.0461289202952055,0.0058703667881219,0.0021421537513466316
16528.80078125,16694.400390625,16470.900390625,16630.44921875,343700.0,25.57999992370605,25.8700008392334,24.57999992370605,25.350000381469727,0.0,0.0021421537513466,2,46.36660953504987,16708.20031414121,-276.5182620612868,357.1694068176496,223.5,-0.0089913816623267,0.0385300491719211,0.0237052214101174,0.014482565042708062
16633.69921875,16887.94921875,16606.5,16871.30078125,314700.0,25.350000381469727,26.209999084472656,25.09000015258789,25.68000030517578,0.0,0.014482565042708,0,50.70457434642905,16723.733691961093,-229.3949550505131,351.76082195567454,281.44921875,0.0130177482737743,0.03217741953793,0.0635529743966123,-0.012346456503312231
16900.650390625,16927.75,16555.0,16663.0,381600.0,25.68000030517578,27.540000915527344,23.65999984741211,26.729999542236328,0.0,-0.0123464565033122,2,47.152503320453135,16717.94953082194,-206.47738418679728,353.2600489588407,372.75,0.0408878202719071,0.0041036467693094,0.0405627642241419,0.018745100484606647
16876.650390625,16987.900390625,16837.849609375,16975.349609375,260000.0,26.729999542236328,26.729999542236328,24.01000022888184,24.1200008392334,0.0,0.0187451004846066,2,52.52342292558986,16742.46382401747,-161.25222581993512,351.23435907785205,150.05078125,-0.0976430507931301,0.0207390904531996,0.0385430728039404,0.018361988356508263
17202.900390625,17344.599609375,17175.75,17287.05078125,448300.0,24.1200008392334,24.1200008392334,20.770000457763672,22.61000061035156,0.0,0.0183619883565082,0,57.19827288484585,16794.32924851581,-99.11672648469904,352.5211905722912,168.849609375,-0.0626036557356035,0.0246424389791002,0.0417086197767126,-0.009802202470463706
17329.5,17353.349609375,17096.400390625,17117.599609375,285500.0,22.61000061035156,24.709999084472656,22.61000061035156,24.6200008392334,0.0,-0.0098022024704637,2,54.08066748672609,16825.11690193097,-62.82300451709671,345.69462115641323,256.94921875,0.0888987251049253,0.0272819785977915,0.0292926777994524,0.011561223252155806
17120.400390625,17334.400390625,17006.30078125,17315.5,338300.0,24.6200008392334,25.15999984741211,23.76000022888184,24.06999969482422,0.0,0.0115612232521558,1,57.02661212371857,16871.82005412802,-17.884894840004563,344.437834600598,328.099609375,-0.022339607053657,0.0200379019255747,0.0263286882564302,-0.0040339354552280104
17405.05078125,17442.400390625,17199.599609375,17245.650390625,292100.0,24.06999969482422,24.979999542236328,20.450000762939453,24.75,0.0,-0.004033935455228,1,55.66909538840648,16907.422943318208,11.954793701475865,337.1780450755553,242.80078125,0.0282509478104397,-0.0023948787534021,0.0349667161150453,-0.0013278937068936791
17094.94921875,17291.75,17091.150390625,17222.75,290300.0,24.75,25.530000686645508,23.809999465942383,23.93000030517578,0.0,-0.0013278937068936,1,55.20510344380155,16937.454091573614,33.37041830718226,327.42244252551563,200.599609375,-0.0331313008009784,0.006142823352838,0.0145740969298426,-0.004049875890900112
17289.0,17294.900390625,17076.55078125,17153.0,237100.0,23.93000030517578,24.270000457763672,22.90999984741211,23.43000030517578,0.0,-0.0040498758909001,1,53.73601567309957,16957.982273328507,44.20464934233678,319.6315258719074,218.349609375,-0.0208942747021969,-0.009384655366579,-0.0077544043195265,0.004022619949862971
17181.849609375,17235.099609375,17003.900390625,17222.0,253200.0,23.43000030517578,24.209999084472656,19.59000015258789,22.61000061035156,0.0,0.0040226199498629,2,55.01145563228468,16983.126818725792,57.69352380757118,313.31493250605683,231.19921875,-0.034997852502933,-0.0013713829336269,0.006099008798396,0.005998187274997013
17297.19921875,17343.650390625,17235.69921875,17325.30078125,235100.0,22.61000061035156,22.61000061035156,21.100000381469727,21.299999237060547,0.0,0.005998187274997,2,56.92602513188967,17015.71481515667,75.84477240503838,299.6246080859814,107.951171875,-0.0579390242338717,0.0059543790190299,0.0005660120267967,0.009982465582194733
17468.150390625,17522.5,17387.19921875,17498.25,505000.0,21.299999237060547,21.299999237060547,19.729999542236328,20.61000061035156,0.0,0.0099824655821947,1,59.99558954324387,17061.67054704651,102.99802710498624,292.308508847697,135.30078125,-0.03239430288375,0.0201276744592782,0.0146471489131148,-0.001914477162001882
17519.19921875,17559.80078125,17435.19921875,17464.75,281100.0,20.61000061035156,20.940000534057617,20.209999084472656,20.559999465942383,0.0,-0.0019144771620018,2,59.116802545056416,17100.059066375412,120.42581324192724,280.3294412514329,124.6015625,-0.0024260622478616,0.0140953431657182,0.0140511823024778,0.011777965258592316
17436.900390625,17703.69921875,17422.69921875,17670.44921875,291800.0,20.559999465942383,20.86000061035156,18.1200008392334,18.43000030517578,0.0,0.0117779652585923,2,62.727001589594266,17154.381938030136,149.1167421869177,280.377338304902,281.0,-0.1035991836621855,0.0199216418726497,0.0301666891360112,0.021671841339984343
17809.099609375,18114.650390625,17791.400390625,18053.400390625,345500.0,18.43000030517578,18.82999992370605,17.59000015258789,17.90999984741211,0.0,0.0216718413399843,0,68.33339139883812,17240.00274303917,200.4448655590677,292.0790407027662,323.25,-0.028214891435332,0.0317260520694926,0.0482754843006039,-0.005317557796472028
18080.599609375,18095.44921875,17921.55078125,17957.400390625,283500.0,17.90999984741211,18.6299991607666,16.790000915527344,18.489999771118164,0.0,-0.005317557796472,0,65.66685397201613,17308.326328523537,230.7168156020998,283.6375690454257,173.8984375,0.0323841389529582,0.0282082704089665,0.0364841925318306,-0.008339180323571727
17842.75,17901.0,17779.849609375,17807.650390625,328800.0,18.489999771118164,19.280000686645508,16.809999465942383,19.020000457763672,0.0,-0.0083391803235717,0,61.62699694879751,17355.88100110463,239.8590349736878,276.05994134575246,121.150390625,0.0286641802707527,0.0077644416492488,0.0176817905004786,-0.00943974110495216
17723.30078125,17787.5,17623.69921875,17639.55078125,308800.0,19.020000457763672,19.489999771118164,17.719999313354492,19.0,0.0,-0.0094397411049521,2,57.36099529271451,17382.89717064228,230.87865071383203,269.480743526413,163.80078125,-0.0010515487530131,-0.0229236376760307,0.0100087766071659,0.008208759390795572
17698.150390625,17842.75,17600.55078125,17784.349609375,274400.0,19.0,20.09000015258789,17.530000686645508,17.690000534057617,0.0,0.0082087593907955,0,59.93382434596305,17421.130736235875,232.76254505338875,267.53206318524064,242.19921875,-0.0689473403127569,-0.0096367390315774,0.0064458118305301,-0.006151497975913078
17740.900390625,17779.05078125,17650.94921875,17674.94921875,251700.0,17.690000534057617,19.149999618530277,16.639999389648438,18.270000457763672,0.0,-0.006151497975913,0,57.12904102858249,17445.303925046745,222.858869343032,257.95122943093776,128.1015625,0.0327868799432431,-0.0074519192012474,-0.0209628747873739,-0.008183810641252287
17584.849609375,17595.30078125,17442.349609375,17530.30078125,266000.0,18.270000457763672,18.670000076293945,15.09000015258789,18.15999984741211,0.0,-0.0081838106412522,1,53.56003151032042,17453.398863732767,201.0209703466753,256.1403994269422,152.951171875,-0.006020832380703,-0.0061934683799389,-0.0237840444654771,-0.0031174816283502382
17599.900390625,17663.650390625,17457.400390625,17475.650390625,245100.0,18.15999984741211,18.399999618530277,16.190000534057617,17.790000915527344,0.0,-0.0031174816283502,0,52.232348098365776,17455.518056770125,177.26109273162,252.5767994678749,206.25,-0.020374390693483,-0.0173579144320953,-0.0186436723945784,-0.017281188010147552
17183.44921875,17237.75,17067.849609375,17173.650390625,376100.0,17.790000915527344,20.479999542236328,17.790000915527344,19.34000015258789,0.0,-0.0172811880101475,0,45.5175772117253,17428.673517137257,132.53456647786516,263.66422673802674,169.900390625,0.0871275524054462,-0.0283621085368217,-0.0264122593824911,-0.012519178806467801
17258.94921875,17275.650390625,16824.69921875,16958.650390625,401400.0,19.34000015258789,20.809999465942383,14.630000114440918,19.770000457763672,0.0,-0.0125191788064678,2,41.4337950935432,17383.909409850377,78.83105369811528,277.041865676382,450.951171875,0.0222337281170208,-0.032609274521771,-0.0464284180690383,0.010490244596548015
17045.25,17186.900390625,16978.94921875,17136.55078125,286100.0,19.770000457763672,20.270000457763672,17.84000015258789,18.670000076293945,0.0,0.010490244596548,2,45.769411657246096,17360.351445221768,50.04877651371862,273.55673241378327,207.951171875,-0.0556398763783415,-0.0194041195489304,-0.0304611023679125,0.014941678252146096
17234.599609375,17414.69921875,17215.5,17392.599609375,285200.0,18.670000076293945,18.670000076293945,13.350000381469728,17.850000381469727,0.0,0.014941678252146,0,51.35158194551804,17363.422698950646,47.35375046167974,273.884711348513,199.19921875,-0.0439207119160864,0.0127491368328729,-0.0078550376056457,-0.012686452605167986
17242.75,17315.30078125,17149.19921875,17171.94921875,262700.0,17.850000381469727,18.76000022888184,17.809999465942383,18.350000381469727,0.0,-0.0126864526051679,0,46.87386985133351,17345.18712940773,27.10087837148967,271.70725986826204,166.1015625,0.0280112038831694,0.0125775827210232,-0.0173785332783907,-0.012695122564301942
17009.05078125,17054.30078125,16888.69921875,16953.94921875,275700.0,18.350000381469727,21.76000022888184,18.350000381469727,21.26000022888184,0.0,-0.0126951225643019,2,42.89428098055957,17307.926376011754,-6.465911766084901,272.5317413062433,165.6015625,0.1585830946549025,-0.0106556777283205,-0.0127929221148541,0.014560121616207233
17121.30078125,17223.849609375,17064.44921875,17200.80078125,261100.0,21.26000022888184,21.26000022888184,19.01000022888184,19.190000534057617,0.0,0.0145601216162072,0,48.25183347609464,17297.723938415395,-12.999130828102352,272.3437876861545,159.400390625,-0.0973659300347565,-0.0110276113078355,0.0142788715521173,-0.009441443610115341
17073.349609375,17110.69921875,16958.44921875,17038.400390625,265100.0,19.190000534057617,21.3700008392334,19.190000534057617,20.61000061035156,0.0,-0.0094414436101153,2,45.24445514637691,17273.02645767345,-30.92462842423629,270.20148588714346,152.25,0.0739968752879285,-0.0077771501897512,-0.0057275464519027,0.012128508890934642
17189.5,17322.5,17071.05078125,17245.05078125,312900.0,20.61000061035156,20.61000061035156,19.020000457763672,19.3799991607666,0.0,0.0121285088909346,0,49.55311714301168,17270.362107537883,-28.131472833752923,271.1942089934189,251.44921875,-0.0596798356700281,0.0171701329727977,-0.0084834257925116,-0.008263240381694681
17329.25,17377.650390625,17053.25,17102.55078125,336200.0,19.3799991607666,19.649999618530277,18.209999084472656,19.420000076293945,0.0,-0.0082632403816946,1,46.81731823705313,17254.380076462847,-36.990037851646775,274.99465053853186,324.400390625,0.0020640308183461,-0.0057119433710958,-0.0040413838065759,-0.0019559171203674675
16924.44921875,17092.25,16917.25,17069.099609375,278200.0,19.420000076293945,21.059999465942383,19.420000076293945,20.280000686645508,0.0,-0.0019559171203674,0,46.17287998302768,17236.734317692575,-46.17743967790011,268.587945589351,175.0,0.044284274303447,0.0018017664831313,0.0067919508982396,-0.022936183451936376
17096.599609375,17132.849609375,16623.94921875,16677.599609375,310600.0,20.280000686645508,22.38999938964844,18.43000030517578,21.8799991607666,0.0,-0.0229361834519363,1,39.346559743779466,17183.4833930909,-84.08007712378821,285.75312023475453,508.900390625,0.0788953855990104,-0.0329051609689645,-0.0304172566457093,0.00030284821366977077
16854.75,16945.69921875,16651.849609375,16682.650390625,265800.0,21.8799991607666,21.8799991607666,19.61000061035156,20.290000915527344,0.0,0.0003028482136697,0,39.47088960869228,17135.78501190367,-112.4147868506443,286.3314408876292,293.849609375,-0.0726690267927574,-0.0245519160267805,-0.020879307437554,-0.0162684216398562
16415.55078125,16484.19921875,16340.900390625,16411.25,300500.0,20.290000915527344,21.809999465942383,19.32999992370605,21.25,0.0,-0.0162684216398562,0,35.285353545704794,17066.781677436655,-154.98343917253078,290.2899093956557,143.298828125,0.0473139005005167,-0.0385403814161166,-0.0483501493748319,-0.006666182687180999
16227.7001953125,16403.69921875,16142.099609375,16301.849609375,288400.0,21.25,22.520000457763672,18.959999084472656,22.030000686645508,0.0,-0.0066661826871809,1,33.732550274179005,16993.931004287926,-195.2958510509561,288.77994376918025,261.599609375,0.0367059146656709,-0.0225302207032707,-0.0468176462164247,-0.003790968888092272
16248.900390625,16404.55078125,16197.2998046875,16240.0498046875,283100.0,22.030000686645508,22.520000457763672,21.21999931335449,22.299999237060547,0.0,-0.0037909688880922,1,32.853021217802095,16922.13279480217,-229.5839547364667,282.95644611156024,207.2509765625,0.0122559483431479,-0.0265305916970017,-0.0485702130551839,-0.0044919933245182175
16270.0498046875,16318.75,15992.599609375,16167.099609375,284300.0,22.299999237060547,24.190000534057617,20.479999542236328,22.799999237060547,0.0,-0.0044919933245182,0,31.799025453996464,16850.224872380535,-259.65090107070864,286.0417278625202,326.150390625,0.0224215254307742,-0.0148770136720237,-0.0306099206095001,-0.022211752141785834
16021.099609375,16041.9501953125,15735.75,15808.0,314900.0,22.799999237060547,25.31999969482422,21.149999618530277,24.270000457763672,0.0,-0.0222117521417858,1,27.17694642775524,16750.965360725248,-308.89476346425363,296.4208622562688,306.2001953125,0.0644737399075738,-0.0302940844878726,-0.052428743044122,-0.0016352232651188903
15977.0,16083.599609375,15740.849609375,15782.150390625,369100.0,24.270000457763672,24.270000457763672,20.96999931335449,23.489999771118164,0.0,-0.0016352232651188,1,26.87412843254556,16658.69726833475,-346.0180459909425,299.730086380821,342.75,-0.0321384702074035,-0.0281956902576944,-0.0383334364765024,0.0038112305721171857
15845.099609375,15977.9501953125,15739.650390625,15842.2998046875,217600.0,23.489999771118164,24.709999084472656,21.280000686645508,24.530000686645508,0.0,0.0038112305721171,2,28.86047080970904,16580.945128939773,-366.3617694015575,295.3422091170123,238.2998046875,0.0442741986232824,-0.0200901715542813,-0.028190040743795,0.026321935902047233
15912.599609375,16284.25,15900.7998046875,16259.2998046875,295700.0,24.530000686645508,24.84000015258789,17.100000381469727,22.739999771118164,0.0,0.0263219359020472,1,40.85516579430433,16550.312240915748,-344.86056387537974,305.8142081309757,383.4501953125,-0.0729719064582761,0.0285488236770938,0.0011853411923923,-0.0011685620062508173
16318.150390625,16399.80078125,16211.2001953125,16240.2998046875,290400.0,22.739999771118164,23.059999465942383,21.34000015258789,22.299999237060547,0.0,-0.0011685620062508,0,40.51993095372746,16520.787246989246,-325.6005246297955,297.44180654572745,188.6005859375,-0.0193491881480341,0.0290295937323377,0.0045277258804079,-0.026532725334179386
15917.400390625,15984.75,15775.2001953125,15809.400390625,313900.0,22.299999237060547,25.149999618530277,22.299999237060547,24.559999465942383,0.0,-0.0265327253341793,2,33.75520890512685,16453.0361178117,-341.1739454351955,309.4173638906755,209.5498046875,0.1013453052108595,-0.0020766816982447,8.85874636260553e-05,0.028891038794289337
16043.7998046875,16283.0498046875,16003.849609375,16266.150390625,252400.0,24.559999465942383,24.559999465942383,22.440000534057617,23.100000381469727,0.0,0.0288910387942893,1,44.35904839104953,16435.23747712725,-313.05142389600405,321.1482246172344,279.2001953125,-0.0594462180871482,0.0004213333919536,0.0306675572099166,-0.0031630222318707046
16290.9501953125,16414.69921875,16185.75,16214.7001953125,293800.0,23.100000381469727,23.979999542236328,20.5,23.399999618530277,0.0,-0.0031630222318707,0,43.51409162654604,16414.233926478228,-291.55486079027105,314.5625813410033,228.94921875,0.012986979744866,-0.0015763015266264,0.0235067127384378,-0.005522754266735541
16225.5498046875,16262.7998046875,16078.599609375,16125.150390625,249800.0,23.399999618530277,25.989999771118164,23.15999984741211,25.63999938964844,0.0,-0.0055227542667355,0,42.01403065149892,16386.70216115887,-278.5338358159497,305.2509823389674,184.2001953125,0.0957264875057659,0.0199722944702722,-0.0082506267596975,-0.006161219184365629
16196.349609375,16223.349609375,16006.9501953125,16025.7998046875,243300.0,25.63999938964844,25.63999938964844,24.36000061035156,25.280000686645508,0.0,-0.0061612191843656,2,40.35201653963468,16352.330508161598,-273.08340617221074,298.9044417477912,216.3994140625,-0.0140405113717854,-0.0147761197434904,-0.0132078842496545,0.009007387318995308
16105.0,16204.4501953125,15903.7001953125,16170.150390625,314300.0,25.280000686645508,25.280000686645508,22.540000915527344,22.71999931335449,0.0,0.0090073873189953,2,43.82886950722958,16334.98002077716,-254.18591847145035,299.0362673372347,300.75,-0.1012658743574864,-0.0027474948134026,0.0228187022332564,0.011273847198922216
16296.599609375,16370.599609375,16221.9501953125,16352.4501953125,274100.0,22.71999931335449,22.71999931335449,21.200000762939453,21.479999542236328,0.0,0.0112738471989222,2,47.95481469459024,16336.643846923384,-221.94105430380117,291.9943352952893,148.6494140625,-0.0545774563641517,0.0140959804517326,0.0053054842488877,0.018893205092962884
16527.900390625,16695.5,16506.150390625,16661.400390625,251400.0,21.479999542236328,21.479999542236328,19.71999931335449,19.979999542236328,0.0,0.0188932050929628,1,54.1071784279368,16367.573041561633,-169.50314167682518,295.64115453759007,189.349609375,-0.0698324037228462,0.03966108360792,0.0275490875521482,-0.004612433983534836
16578.44921875,16690.75,16521.900390625,16584.55078125,651600.0,19.979999542236328,20.75,19.68000030517578,20.479999542236328,0.0,-0.0046124339835348,1,52.44638774671701,16388.23758819862,-132.61810043287733,286.58461559740505,168.849609375,0.0250250255983757,0.0256274914341709,0.028489680994981,-0.0037264067061659745
16594.400390625,16649.19921875,16438.849609375,16522.75,249600.0,20.479999542236328,21.34000015258789,18.229999542236328,20.850000381469727,0.0,-0.0037264067061659,2,51.08832858095422,16401.048294084463,-107.13822331374104,281.13925801009043,210.349609375,0.0180664476320098,0.0104143295135255,0.031009384952328,0.006370004993115463
16481.650390625,16646.400390625,16443.05078125,16628.0,236000.0,20.850000381469727,21.0,18.3799991607666,20.31999969482422,0.0,0.0063700049931154,1,53.30590158747173,16422.662742266893,-77.55839681511497,275.5828545361554,203.349609375,-0.0254196967361468,-0.0020046568620842,0.0283144929586089,-0.002628050201467391
16761.650390625,16793.849609375,16567.900390625,16584.30078125,245500.0,20.31999969482422,20.31999969482422,18.739999771118164,19.979999542236328,0.0,-0.0026280502014673,1,52.24674322770705,16438.056841217665,-56.985440264168574,272.03759483714435,225.94921875,-0.0167322912251073,-1.5074270222736884e-05,0.014178339219401,-0.0008893953501298846
16530.69921875,16610.94921875,16444.55078125,16569.55078125,233600.0,19.979999542236328,20.68000030517578,18.649999618530277,20.200000762939453,0.0,-0.0008893953501298,0,51.87209607728346,16450.580073601697,-41.39425846197992,264.49194074163404,166.3984375,0.0110110723595391,0.0028325055605149,-0.0055127184523265,-0.009245946006475991
16469.599609375,16487.25,16347.099609375,16416.349609375,233800.0,20.200000762939453,21.06999969482422,19.43000030517578,20.43000030517578,0.0,-0.0092459460064759,1,48.02046796429504,16447.32002938963,-40.92839174702749,261.48902867973163,140.150390625,0.0113861155222481,-0.0127285536820422,-0.0101420396665288,-0.0036609606157923524
16474.94921875,16514.30078125,16293.349609375,16356.25,243500.0,20.43000030517578,20.690000534057617,19.38999938964844,19.84000015258789,0.0,-0.0036609606157923,2,46.55991609568361,16438.646693257284,-44.891246872099146,258.59346747939367,220.951171875,-0.0288791064011104,-0.0137510036906609,-0.0100770150247385,0.00744972774168895
16263.849609375,16492.80078125,16243.849609375,16478.099609375,205000.0,19.84000015258789,19.84000015258789,18.15999984741211,19.13999938964844,0.0,0.0074497277416889,0,49.887822090015945,16442.404113839923,-37.76426997581802,257.9047320790798,248.951171875,-0.0352822962477722,-0.0055192306105538,-0.0090149380938777,-0.016767698414100085
16283.9501953125,16324.7001953125,16172.599609375,16201.7998046875,189700.0,19.13999938964844,19.76000022888184,18.26000022888184,19.57999992370605,0.0,-0.0167676984141,0,43.30275022905119,16419.48941773017,-53.791104177722445,261.30439407343124,152.1005859375,0.0229885343828999,-0.013069276044473,-0.0230640399982946,-0.026379749115209128
15877.5498046875,15886.150390625,15684.0,15774.400390625,225500.0,19.57999992370605,22.799999237060547,19.57999992370605,22.3700008392334,0.0,-0.0263797491152091,1,35.497279904916354,16358.052367529675,-99.82927677762018,279.62549483157903,202.150390625,0.1424923864350689,-0.0355735336262896,-0.0479886510577454,-0.00268160945598539
15674.25,15858.0,15659.4501953125,15732.099609375,225400.0,22.3700008392334,22.63999938964844,18.950000762939453,21.88999938964844,0.0,-0.0026816094559853,1,34.82814589941229,16298.437819133993,-138.1358358456,273.834374107002,198.5498046875,-0.0214573728912479,-0.0452722108546772,-0.0416810080366003,-0.0025393443813560568
15729.25,15783.650390625,15678.900390625,15692.150390625,183000.0,21.88999938964844,22.3700008392334,20.950000762939453,22.149999618530277,0.0,-0.002539344381356,0,34.172988615528325,16240.696159275993,-169.76073192910917,261.7569188136447,104.75,0.0118775804536928,-0.0314563456039648,-0.0406021923958731,-0.021128447854290244
15832.25,15863.150390625,15335.099609375,15360.599609375,264700.0,22.149999618530277,28.1299991607666,19.75,22.8700008392334,0.0,-0.0211284478542902,1,29.254474052509764,16156.877440237802,-219.05197230018712,280.77790898767006,528.05078125,0.0325056990114249,-0.0262324253856222,-0.0678172863674287,-0.00436829362663993
15272.650390625,15400.400390625,15183.400390625,15293.5,342600.0,22.8700008392334,23.690000534057617,18.020000457763672,22.76000022888184,0.0,-0.0043682936266399,1,28.364691900673197,16074.651017358012,-260.52682208749866,276.2223440599793,217.0,-0.0048098210019676,-0.0278792799604212,-0.0560616607807183,0.0037042135956451006
15334.5,15382.5,15191.099609375,15350.150390625,260000.0,22.76000022888184,23.63999938964844,16.0,22.40999984741211,0.0,0.0037042135956451,2,30.292390730985147,16005.650957669151,-285.5332764056202,270.163633100338,191.400390625,-0.0153778724934099,-0.0217943361162483,-0.0268948416100899,0.018804337854487096
15455.9501953125,15707.25,15419.849609375,15638.7998046875,262800.0,22.40999984741211,22.40999984741211,20.479999542236328,21.13999938964844,0.0,0.018804337854487,0,39.26112666546808,15970.712752623282,-278.84512323784475,276.3733456913852,287.400390625,-0.0566711497729139,0.0181112848708526,-0.0059305373728946,-0.014419265085317434
15545.650390625,15565.400390625,15385.9501953125,15413.2998046875,220900.0,21.13999938964844,21.790000915527344,19.31999969482422,21.299999237060547,0.0,-0.0144192650853174,2,35.426366481226566,15917.625805200829,-288.41599898117965,274.69307881164343,179.4501953125,0.0075685833505962,0.0078333805007029,-0.0177700684097505,0.009300447519609234
15451.5498046875,15628.4501953125,15367.5,15556.650390625,259200.0,21.299999237060547,21.709999084472656,18.36000061035156,20.8799991607666,0.0,0.0093004475196092,2,39.47359686651968,15883.247194288844,-281.1923819647764,273.71144427599035,260.9501953125,-0.0197183141473157,0.0134526369283078,0.0127632244987587,0.009166472588529428
15657.400390625,15749.25,15619.4501953125,15699.25,219600.0,20.8799991607666,21.270000457763672,18.68000030517578,20.549999237060547,0.0,0.0091664725885294,2,43.28187052551209,15865.72365197562,-260.9529139594488,267.91774178306247,129.7998046875,-0.0158045946824616,0.003865398628249,0.0265308791316571,0.008458990377725017
15926.2001953125,15927.4501953125,15815.5,15832.0498046875,210900.0,20.549999237060547,21.1200008392334,19.549999237060547,21.01000022888184,0.0,0.008458990377725,1,46.64848818388435,15862.51661890056,-231.52824191228865,265.0807741780223,111.9501953125,0.0223844773187003,0.0271680954309763,0.0313937910573707,0.0011464333961117568
15757.4501953125,15892.099609375,15710.150390625,15850.2001953125,251900.0,21.01000022888184,21.68000030517578,20.51000022888184,21.450000762939453,0.0,0.0011464333961117,1,47.11056486194149,15861.34362617789,-204.3883310344609,259.1428059331636,181.94921875,0.0209424335680283,0.0188697307785745,0.0135176863483881,-0.0032239710103227903
15701.7001953125,15861.599609375,15687.7998046875,15799.099609375,444900.0,21.450000762939453,22.09000015258789,21.450000762939453,21.899999618530277,0.0,-0.0032239710103227,1,45.90510463000779,15855.415624577614,-184.8720563641164,253.04687727275905,173.7998046875,0.0209789668804261,0.0063601515597879,0.0250303185934377,-0.001193081241402827
15774.5,15890.0,15728.849609375,15780.25,306000.0,21.899999618530277,22.270000457763672,21.540000915527344,21.84000015258789,0.0,-0.0011930812414028,1,45.44318702380941,15848.25699366546,-168.978396257844,246.48284251220483,161.150390625,-0.0027397016889267,-0.0032718318427827,0.0143732489810113,-0.0017870563085186086
15703.7001953125,15793.9501953125,15511.0498046875,15752.0498046875,364100.0,21.84000015258789,22.43000030517578,21.13999938964844,21.25,0.0,-0.0017870563085186,2,44.71821304334294,15839.094404238987,-156.85000695440797,249.08409594883304,282.900390625,-0.0270146588125357,-0.0061923754536568,0.0033632055472394,0.005288188249805481
15710.5,15852.349609375,15661.7998046875,15835.349609375,304300.0,21.25,22.25,20.920000076293945,20.96999931335449,0.0,0.0052881882498054,1,47.38822462771508,15838.737757109084,-138.9152445113541,244.9030751444521,190.5498046875,-0.013176502900965,0.0022944345498328,0.0002084256131207,-0.0015471713984448465
15909.150390625,16025.75,15785.4501953125,15810.849609375,254200.0,20.96999931335449,20.989999771118164,20.239999771118164,20.790000915527344,0.0,-0.0015471713984448,2,46.67419749216781,15836.08174303917,-125.23512869971272,244.57427011181267,240.2998046875,-0.0085836148650952,0.0019391080226864,-0.0024826554524616,0.011318189707300252
15818.2001953125,16011.349609375,15800.900390625,15989.7998046875,288400.0,20.790000915527344,20.790000915527344,19.81999969482422,20.270000457763672,0.0,0.0113181897073002,2,52.32471647898597,15850.72155843425,-98.81467903660814,242.13676644311172,210.44921875,-0.0250120459290265,0.01509327376106,0.0120703204630308,0.00894949203151052
16113.75,16150.5,16045.9501953125,16132.900390625,264600.0,20.270000457763672,20.270000457763672,19.01000022888184,19.200000762939453,0.0,0.0089494920315105,2,56.311410298832165,15877.595732928608,-65.57337197179186,236.3198685052109,104.5498046875,-0.0527873542506208,0.018790288095303,0.0223475794505789,0.005436047866567373
16273.650390625,16275.5,16157.900390625,16220.599609375,281100.0,19.200000762939453,19.200000762939453,18.21999931335449,18.399999618530277,0.0,0.0054360478665673,1,58.59646208711703,15910.262768780643,-31.786388907086803,229.62556428162443,117.599609375,-0.0416667246156245,0.0259157483704759,0.0297453227038471,-0.00028356592763323363
16136.150390625,16248.5498046875,16115.5,16216.0,255900.0,18.399999618530277,19.21999931335449,16.649999618530273,18.3700008392334,0.0,-0.0002835659276332,0,58.42386707902512,15939.380600325345,-5.319788234945008,222.72729573918696,133.0498046875,-0.0016303684738484,0.014146530793099,0.0240380162115045,-0.0097249750439381
16126.2001953125,16158.75,16031.150390625,16058.2998046875,208600.0,18.3700008392334,18.63999938964844,17.299999237060547,18.549999237060547,0.0,-0.0097249750439381,0,52.69317388761262,15950.706238836026,2.8967042694093834,220.02174671317363,127.599609375,0.0097984969844269,-0.0046241273503957,0.0156506577082218,-0.005707292501522909
16128.2001953125,16140.0,15950.150390625,15966.650390625,233300.0,18.549999237060547,18.76000022888184,17.739999771118164,18.520000457763672,0.0,-0.0057072925015229,1,49.64543124972406,15952.224729482596,1.990051927157765,217.86659404616125,189.849609375,-0.0016171849342689,-0.0156559698695247,-0.0014477613444362,-0.0017536552323109689
16018.849609375,16070.849609375,15858.2001953125,15938.650390625,228600.0,18.520000457763672,18.690000534057617,17.75,18.34000015258789,0.0,-0.0017536552323109,2,48.7183254315592,15950.931935305682,-0.9765851150841628,217.49393833304256,212.6494140625,-0.009719238700144,-0.0171034539575111,-0.0120406123695452,0.0069359576863876615
16010.7998046875,16066.9501953125,15927.2998046875,16049.2001953125,205800.0,18.34000015258789,18.34000015258789,17.530000686645508,17.600000381469727,0.0,0.0069359576863876,2,52.49068771856739,15960.290817211097,5.529043617376374,211.9336849253252,139.650390625,-0.0403489511974592,-0.0005666608224828,-0.0105667742370902,0.014287304158276504
16151.400390625,16287.9501953125,16142.2001953125,16278.5,227700.0,17.600000381469727,18.18000030517578,16.469999313354492,17.15999984741211,0.0,0.0142873041582765,1,59.195540072183874,15990.596453667182,28.854759452724466,213.8491360020877,145.75,-0.0250000298023217,0.0195313106848074,0.0038542180562406,0.003811764271124396
16187.0498046875,16359.5,16187.0498046875,16340.5498046875,222600.0,17.15999984741211,17.670000076293945,16.350000381469727,17.200000762939453,0.0,0.0038117642711243,2,60.80743090353746,16023.925344240544,51.75090574377828,210.8920688099743,172.4501953125,0.0023310557041396,0.0252153980552138,0.0175765805491818,0.01103388850696918
16562.80078125,16588.0,16490.94921875,16520.849609375,284400.0,17.200000762939453,17.270000457763672,15.65999984741211,16.81999969482422,0.0,0.0110338885069691,2,65.11918633297577,16071.25146472954,83.48261838854887,213.5033635601547,97.05078125,-0.0220930843755551,0.0293877207787747,0.0347097985608431,0.005108719746296009
16523.55078125,16626.94921875,16483.900390625,16605.25,243600.0,16.81999969482422,17.209999084472656,15.970000267028809,16.860000610351562,0.0,0.005108719746296,2,66.9520445325058,16122.108468088632,114.12507263714542,208.47089674335797,143.048828125,0.0023781757582108,0.0200724882513745,0.0418228390132133,0.006877295960614926
16661.25,16752.25,16610.900390625,16719.44921875,190900.0,16.860000610351562,16.959999084472656,16.15999984741211,16.649999618530273,0.0,0.0068772959606149,0,69.30248290682694,16178.998063389714,145.9420320468762,204.08011840454668,141.349609375,-0.012455574390214,0.0231876784191071,0.0417621448596086,-0.005290199311757782
16662.55078125,16706.05078125,16564.25,16631.0,211400.0,16.649999618530273,17.90999984741211,16.18000030517578,17.68000030517578,0.0,-0.0052901993117577,0,65.42151188149114,16222.045866876408,162.15091405396743,200.58862557207905,141.80078125,0.0618619045191561,0.0066673562939822,0.0216543293300979,-0.00884795806776506
16632.900390625,16636.099609375,16463.30078125,16483.849609375,208200.0,17.68000030517578,18.270000457763672,17.360000610351562,18.170000076293945,0.0,-0.008847958067765,2,59.45610385776688,16246.979556638178,161.26381421987753,198.60364004014485,172.798828125,0.0277149187025023,-0.0073109643410969,0.0087695828108789,0.0095821774414373
16475.349609375,16653.44921875,16438.75,16641.80078125,185200.0,18.170000076293945,18.63999938964844,17.75,18.1299991607666,0.0,0.0095821774414373,2,63.32217038233032,16284.58157802978,171.33112220063413,199.7533242337059,214.69921875,-0.0022014813076161,-0.0046441982917069,0.0073211229891205,0.017293731123692924
16774.849609375,16947.650390625,16746.25,16929.599609375,376300.0,18.1299991607666,18.1299991607666,16.84000015258789,17.010000228881836,0.0,0.0172937311236929,2,69.1032336568945,16346.011866729325,200.2244338627588,207.3316303152269,201.400390625,-0.0617760057214149,0.0179543989763093,0.0195329555035304,0.013505953826479233
17079.5,17172.80078125,17018.150390625,17158.25,436100.0,17.010000228881836,18.649999618530277,16.489999771118164,16.549999237060547,0.0,0.0135059538264792,2,72.7747359549845,16423.36787942177,238.81980112524616,209.89374042663923,154.650390625,-0.0270429738760519,0.0409127968652081,0.0262449304106207,0.010595531668439406
17243.19921875,17356.25,17154.80078125,17340.05078125,381500.0,16.549999237060547,17.6299991607666,15.890000343322754,17.489999771118164,0.0,0.0105955316684394,1,75.28909822507714,16510.67101292922,280.8393699790431,209.2905603068793,201.44921875,0.0567976179692302,0.0419575987706033,0.0426342842432805,0.000311327663805816
17310.150390625,17390.150390625,17215.849609375,17345.44921875,333600.0,17.489999771118164,18.76000022888184,17.489999771118164,18.530000686645508,0.0,0.0003113276638058,1,75.36186290679396,16590.173699197865,310.9908805342493,206.79129037424508,174.30078125,0.0594626031525016,0.0245634639312271,0.0522693199581834,0.002461808358865669
17349.25,17407.5,17225.849609375,17388.150390625,285400.0,18.530000686645508,19.170000076293945,17.950000762939453,18.450000762939453,0.0,0.0024618083588656,1,75.96475148473812,16666.17147933378,334.47616456001924,204.9955118207276,181.650390625,-0.0043173189822767,0.0133988250914283,0.0448478875084177,-0.0003537116074355806
17463.099609375,17490.69921875,17161.25,17382.0,325000.0,18.450000762939453,21.059999465942383,17.6299991607666,19.26000022888184,0.0,-0.0003537116074355,1,75.67751233971684,16734.345624159138,348.57399222767344,213.8850623156756,329.44921875,0.0439024082627372,0.0024192096827859,0.0267224506818506,0.0008917270739845495
17423.650390625,17474.400390625,17348.75,17397.5,355300.0,19.26000022888184,19.38999938964844,18.010000228881836,18.920000076293945,0.0,0.0008917270739845,2,75.92458177694105,16797.50318376303,356.88341285358547,207.58258576634165,125.650390625,-0.0176531748986188,0.0030008321256813,0.0139437296927134,0.007334364671648164
17401.5,17548.80078125,17359.75,17525.099609375,257000.0,18.920000076293945,20.18000030517578,17.780000686645508,19.299999237060547,0.0,0.0073343646716481,1,77.91359804851963,16866.79808144036,369.5054814667237,206.2588854437458,189.05078125,0.0200845221582597,0.0078760084122482,0.0106717581430093,0.0005506610997998429
17566.099609375,17566.099609375,17442.80078125,17534.75,312700.0,19.299999237060547,20.770000457763672,18.86000061035156,19.59000015258789,0.0,0.0005506610997998,2,78.06122211302959,16930.41254987461,375.95350961557415,200.3331670638354,123.298828125,0.0150259547663853,0.0087878264871705,0.0109135704047014,0.007085929368824795
17711.650390625,17719.30078125,17631.94921875,17659.0,311200.0,19.59000015258789,19.59000015258789,18.200000762939453,18.36000061035156,0.0,0.0070859293688247,1,79.92197760329584,16999.801830838933,386.6326939530991,199.20585379141855,87.3515625,-0.0627871124377629,0.0150308952435693,0.0155766774090608,0.0022170219505635025
17659.650390625,17724.650390625,17597.849609375,17698.150390625,303900.0,18.36000061035156,18.520000457763672,17.40999984741211,17.610000610351562,0.0,0.0022170219505635,2,80.48367109524379,17066.311217485225,393.71661376650445,194.03406289560297,126.80078125,-0.0408496718446262,0.0098744535042429,0.0181883782432976,0.007181519343531395
17797.19921875,17839.099609375,17764.05078125,17825.25,0.0,17.610000610351562,18.36000061035156,17.010000228881836,17.68000030517578,0.0,0.0071815193435313,2,82.22244563590854,17138.591101534254,404.9188945531751,190.2422883137742,75.048828125,0.0039749967290216,0.0165671024679565,0.0245868659290127,0.006675923198833145
17868.150390625,17965.94921875,17833.349609375,17944.25,262800.0,17.68000030517578,17.790000915527344,16.549999237060547,17.68000030517578,0.0,0.0066759231988331,1,83.68780758044639,17215.32052043575,418.5740274253185,186.70349763064743,132.599609375,0.0,0.0161532363100969,0.0239171474038741,0.0006826699360520383
17898.650390625,17968.44921875,17852.05078125,17956.5,263900.0,17.68000030517578,18.440000534057617,16.719999313354492,17.350000381469727,0.0,0.000682669936052,0,83.83551711166223,17285.909042299012,425.47962694138187,181.68170762131552,116.3984375,-0.0186651537335916,0.0145975485388492,0.0240522391251658,-0.011029475746944017
17966.55078125,17992.19921875,17710.75,17758.44921875,295600.0,17.350000381469727,18.56999969482422,16.8799991607666,18.290000915527344,0.0,-0.011029475746944,0,72.41808643136615,17330.912868627678,410.24230353440726,188.80795841622157,281.44921875,0.0541787039417913,-0.0037475368508155,0.0056316449827282,-0.0150773300473388
17682.900390625,17690.05078125,17467.349609375,17490.69921875,287600.0,18.290000915527344,19.299999237060547,17.200000762939453,19.040000915527344,0.0,-0.0150773300473388,1,60.43505126470984,17346.130616258375,372.2701293148748,196.1145049132772,222.701171875,0.0410060121628144,-0.0252755496189587,-0.0117216300741173,0.00496268217550444
17357.349609375,17625.55078125,17345.19921875,17577.5,285600.0,19.040000915527344,19.59000015258789,18.18000030517578,19.049999237060547,0.0,0.0049626821755044,1,62.59586928459447,17368.16579566234,345.20173457803685,202.13143759804308,280.3515625,0.0005251219040147,-0.0211065630830061,-0.0138988232984109,0.001561611079505143
17525.44921875,17623.650390625,17499.25,17604.94921875,262000.0,19.049999237060547,19.34000015258789,17.989999771118164,18.43000030517578,0.0,0.0015616110795051,1,63.27885996687172,17390.716597861163,322.250061170791,196.57921995711143,124.400390625,-0.0325458769929291,-0.0086437727815742,-0.018908607562311,-0.004686182219266755
17679.0,17726.5,17487.44921875,17522.44921875,230200.0,18.43000030517578,20.21999931335449,17.270000457763672,19.56999969482422,0.0,-0.0046861822192667,1,59.74764122404834,17403.26256175534,294.0144189153034,199.61290290660347,239.05078125,0.0618556359615625,0.0018152504712884,-0.0241723488012697,0.002080255529346653
17619.30078125,17685.849609375,17519.349609375,17558.900390625,266600.0,19.56999969482422,19.56999969482422,15.829999923706056,18.21999931335449,0.0,0.0020802555293466,0,60.78880320839512,17418.08521212388,271.4496710992935,197.2476955561318,166.5,-0.068983158023593,-0.0010581487341772,-0.0112368386263317,-0.014009988924553851
17188.650390625,17380.150390625,17166.19921875,17312.900390625,244900.0,18.21999931335449,21.209999084472656,18.21999931335449,19.81999969482422,0.0,-0.0140099889245538,2,51.1694473873332,17408.067610076367,231.05336245598664,211.20865815033667,213.951171875,0.0878156115130581,-0.0165890184911159,-0.0101653356393207,0.02578426378902554
17414.94921875,17777.650390625,17401.5,17759.30078125,324700.0,19.81999969482422,19.81999969482422,17.260000228881836,18.700000762939453,0.0,0.0257842637890255,0,62.70314884961567,17441.51838828338,232.381033711732,229.3187539967412,376.150390625,-0.0565085241740563,0.0135170351783102,0.0103428121888777,-0.012190795272107646
17485.69921875,17695.599609375,17468.44921875,17542.80078125,308500.0,18.700000762939453,20.989999771118164,18.11000061035156,19.8700008392334,0.0,-0.0121907952721076,1,55.8172093241231,17451.164330470678,213.5023598099724,233.71395460411685,227.150390625,0.0625668464470177,-0.0009168916627373,-0.0035301685183964,-0.0001910505934481499
17598.400390625,17643.849609375,17476.44921875,17539.44921875,256300.0,19.8700008392334,20.13999938964844,17.399999618530273,19.549999237060547,0.0,-0.0001910505934481,2,55.71520427115859,17459.57241506871,196.0109395472282,228.97727146275136,167.400390625,-0.0161047603752994,0.0130855502552118,0.0009701840072566,0.007203850071011875
17546.44921875,17683.150390625,17540.349609375,17665.80078125,230300.0,19.549999237060547,20.290000915527344,19.450000762939453,19.65999984741211,0.0,0.0072038500710118,1,58.7739493032975,17479.21321184788,190.1524193750265,222.88612149219767,142.80078125,0.0056266299050813,-0.0052648469189009,0.0060881027995396,-0.0005774531254664206
17695.69921875,17764.650390625,17587.650390625,17655.599609375,251200.0,19.65999984741211,20.0,18.649999618530277,19.520000457763672,0.0,-0.0005774531254664,1,58.42309458624037,17496.01191637427,182.5816628583416,219.6085413856121,177.0,-0.0071210269956775,0.0064299212840381,0.0197944429308662,-0.0017671004916441913
17519.400390625,17650.75,17484.30078125,17624.400390625,354100.0,19.520000457763672,20.18000030517578,18.280000686645508,19.3700008392334,0.0,-0.0017671004916441,2,57.29654778401552,17508.239390112438,172.0806291873414,216.1578475812827,166.44921875,-0.0076844065067945,0.004843434409798,-0.0075960417747654,0.009892512965589573
17748.150390625,17807.650390625,17691.94921875,17798.75,279800.0,19.3700008392334,19.3700008392334,17.299999237060547,18.309999465942383,0.0,0.0098925129655895,1,61.73680250100334,17535.907067244585,175.80052174068987,213.8072870397625,115.701171875,-0.054723868217084,0.0075257963336203,0.0145899860541973,0.0019439347917691308
17923.349609375,17925.94921875,17786.0,17833.349609375,270300.0,18.309999465942383,18.51000022888184,16.549999237060547,17.719999313354492,0.0,0.0019439347917691,2,62.568596739381455,17564.234928399863,179.47162552333248,208.53171073335093,139.94921875,-0.0322228383286041,0.0100676274911453,0.0167565347668281,0.005775695663245095
17890.849609375,17980.55078125,17889.150390625,17936.349609375,228200.0,17.719999313354492,18.3799991607666,16.389999389648438,17.940000534057617,0.0,0.005775695663245,2,65.00732023838489,17599.674421826065,188.5191099624608,204.15095795775443,91.400390625,0.0124154192566656,0.0176998486096546,0.0153148352274046,0.007454201929980142
18044.44921875,18088.30078125,18015.44921875,18070.05078125,259900.0,17.940000534057617,17.940000534057617,16.860000610351562,17.469999313354492,0.0,0.0074542019299801,1,67.92831577993591,17644.47217034263,204.1248495448272,200.42240180898625,72.8515625,-0.026198506505664,0.0152426873375939,0.0234742054104426,-0.0036690976717561608
17771.150390625,18091.55078125,17771.150390625,18003.75,365900.0,17.469999313354492,18.56999969482422,17.260000228881836,18.280000686645508,0.0,-0.0036690976717561,0,65.02942584214517,17678.689106500475,208.73640826839252,208.99225815298723,320.400390625,0.0463652779122796,0.0095551533703697,0.0215241143509647,-0.007017960667916379
18046.349609375,18096.150390625,17861.5,17877.400390625,289600.0,18.280000686645508,19.21999931335449,16.780000686645508,18.38999938964844,0.0,-0.0070179606679163,0,59.7925985751741,17697.613990702812,199.89151924675755,210.82498190098812,234.650390625,0.006017434292729,-0.0032865783748543,0.0044188715850832,-0.019384853148544656
17796.80078125,17820.05078125,17497.25,17530.849609375,468500.0,18.38999938964844,20.239999771118164,18.299999237060547,19.81999969482422,0.0,-0.0193848531485446,2,48.30288799015169,17681.731668671593,163.03872029252307,222.9196539527033,322.80078125,0.0777596711602239,-0.0298394940004534,-0.0169626013410837,0.0052136885924867205
17540.650390625,17667.19921875,17429.69921875,17622.25,258300.0,19.81999969482422,21.209999084472656,16.469999313354492,19.940000534057617,0.0,0.0052136885924867,2,50.97844726773938,17676.06674784573,139.59865289627123,223.9611072417959,237.5,0.0060545328497021,-0.0211900298548913,-0.0175119027124017,0.011008809885230342
17770.400390625,17919.30078125,17744.400390625,17816.25,263100.0,19.940000534057617,19.940000534057617,18.11000061035156,18.799999237060547,0.0,0.0110088098852303,0,56.164240449290766,17689.417533765183,135.1188433647767,229.18179824238192,174.900390625,-0.0571715780573798,-0.003420541537855,-0.0140453828449309,-0.005495005437451739
17766.349609375,17838.69921875,17663.599609375,17718.349609375,245500.0,18.799999237060547,20.290000915527344,18.309999465942383,19.32999992370605,0.0,-0.0054950054374517,1,53.11087382484292,17692.172969537547,122.25948743280968,225.31878475185465,175.099609375,0.0281915270294645,0.0106954314353213,-0.0158522746997152,-0.004997577656902563
17609.650390625,17722.75,17532.44921875,17629.80078125,284100.0,19.32999992370605,20.13999938964844,17.40999984741211,18.81999969482422,0.0,-0.0049975776569025,0,50.43986071561275,17686.23276112921,103.72749877605384,222.81749878743645,190.30078125,-0.0263838712309759,0.0004284799755991,-0.0138498665334386,-0.017155677232420508
17593.849609375,17642.150390625,17291.650390625,17327.349609375,390800.0,18.81999969482422,20.809999465942383,17.350000381469727,20.59000015258789,0.0,-0.0171556772324205,0,42.5656202120221,17652.053413343096,63.89889567573482,231.9376774454767,350.5,0.0940489100140873,-0.0274412623658176,-0.0116081082511354,-0.017951321762256445
17156.30078125,17196.400390625,16978.30078125,17016.30078125,492000.0,20.59000015258789,22.899999618530277,18.809999465942383,21.88999938964844,0.0,-0.0179513217622564,1,36.29094741100884,17591.505543619944,7.152945183450356,240.30275963687123,218.099609375,0.0631374078400457,-0.0396226987051625,-0.0343854626253741,-0.0005230508522044985
17110.900390625,17176.44921875,16942.349609375,17007.400390625,359900.0,21.88999938964844,22.290000915527344,20.790000915527344,21.56999969482422,0.0,-0.0005230508522044,0,36.12684034553584,17535.87648142995,-38.09765055333264,239.85967747530896,234.099609375,-0.0146185337481344,-0.035303881101535,-0.0453995430786501,-0.00874917846539458
16870.55078125,17037.599609375,16820.400390625,16858.599609375,323900.0,21.56999969482422,22.36000061035156,21.489999771118164,22.100000381469727,0.0,-0.0087491784653945,1,33.40697761083375,17471.373922186624,-84.98638303311236,238.2410732806441,217.19921875,0.024571195834216,-0.0270526081926795,-0.0485231423329121,-0.0024023347691036756
16993.599609375,17026.05078125,16788.599609375,16818.099609375,340000.0,22.100000381469727,22.290000915527344,21.06999969482422,21.299999237060547,0.0,-0.0024023347691036,2,32.68568888379458,17409.157320966468,-123.98483289010984,238.18465175166943,237.451171875,-0.036199146181009,-0.0116477238162947,-0.0460414262161303,0.01642575596626905
16798.05078125,17187.099609375,16747.69921875,17094.349609375,376100.0,21.299999237060547,21.989999771118164,19.700000762939453,19.96999931335449,0.0,0.016425755966269,0,41.90031435727818,17379.175634148232,-131.08920434058018,252.55720452833592,439.400390625,-0.0624413132086852,0.0051124343963777,-0.0134469497789745,-0.012109264448790458
17102.099609375,17114.650390625,16855.55078125,16887.349609375,278400.0,19.96999931335449,21.68000030517578,19.96999931335449,21.3700008392334,0.0,-0.0121092644487904,2,37.73223866307198,17332.335060360307,-151.67423377510204,253.0245191602405,259.099609375,0.0701052365556511,0.0017053611015243,-0.0075780966458403,0.02291367093271912
17147.44921875,17287.30078125,17117.30078125,17274.30078125,226000.0,21.3700008392334,21.3700008392334,19.450000762939453,19.56999969482422,0.0,0.0229136709327191,1,48.12133178313863,17326.807986159325,-135.20572479188922,263.5192800684376,170.0,-0.0842302795376843,0.0271256076769039,0.0156931914634128,0.0033286441360573793
17379.25,17428.80078125,17315.650390625,17331.80078125,265500.0,19.56999969482422,20.020000457763672,18.59000015258789,19.31999969482422,0.0,0.0033286441360573,1,49.4704686766539,17327.283490453676,-116.1753462461602,255.73218863497772,113.150390625,-0.0127746552835215,0.0138906233522202,0.0280688303203935,-0.0009895331040011834
17287.19921875,17337.349609375,17216.94921875,17314.650390625,216300.0,19.31999969482422,19.729999542236328,18.690000534057617,18.809999465942383,0.0,-0.0009895331040011,1,49.06065036868684,17326.08033808904,-101.30969226450544,246.06563163426503,120.400390625,-0.0263975277918075,0.0253030103085438,0.0295247853671412,-0.00425364584114718
17094.349609375,17280.150390625,17064.69921875,17241.0,234000.0,18.809999465942383,20.34000015258789,18.809999465942383,19.6200008392334,0.0,-0.0042536458411471,0,47.2504084398166,17317.977448747224,-94.38353079295848,246.34317022288897,215.451171875,0.0430622751881313,-0.0019277643518946,0.0085788809738964,-0.014932383199930399
17256.05078125,17261.80078125,16950.30078125,16983.55078125,282600.0,19.6200008392334,20.81999969482422,19.09000015258789,20.489999771118164,0.0,-0.0149323831999303,2,41.48773218550059,17286.127289937966,-108.41871483042996,250.99722949268264,311.5,0.0443424513084149,-0.0200931227167546,0.0056966412196259,0.008246145339619648
17025.55078125,17142.349609375,16960.05078125,17123.599609375,256000.0,20.489999771118164,20.88999938964844,19.88999938964844,20.18000030517578,0.0,0.0082461453396196,0,45.38955005852542,17270.648463217683,-107.00741444149752,246.09020082356247,182.298828125,-0.0151293054858567,-0.0110340536447356,-0.0087240099488469,-0.006380083772817624
17087.349609375,17112.349609375,16956.94921875,17014.349609375,266400.0,20.18000030517578,20.940000534057617,18.399999618530277,20.290000915527344,0.0,-0.0063800837728176,2,42.98169547258476,17246.239048566,-113.39733676422112,240.41592866652232,155.400390625,0.0054509716892001,-0.013146011868511,-0.0183161101308311,0.010070888003887335
17322.30078125,17348.55078125,17169.75,17185.69921875,227000.0,20.290000915527344,20.6299991607666,18.07999992370605,18.26000022888184,0.0,0.0100708880038873,2,47.67055144418737,17240.473350488286,-103.44249411234703,247.114874609985,178.80078125,-0.1000493146893851,0.0119026015291909,-0.0074475180824222,0.007337586960815656
17144.80078125,17328.55078125,17098.55078125,17311.80078125,212200.0,18.26000022888184,19.07999992370605,18.26000022888184,18.420000076293945,0.0,0.0073375869608156,2,50.87239576383443,17247.266439132258,-84.4049002214233,245.89238356641468,230.0,0.0087623135491003,0.0109907482169788,0.0041065356562843,0.010117285874136073
17438.75,17527.80078125,17434.05078125,17486.94921875,239500.0,18.420000076293945,18.420000076293945,16.579999923706055,17.450000762939453,0.0,0.010117285874136,1,54.9916415839771,17270.093370524424,-54.55557209922699,243.7572133116708,93.75,-0.0526601145134009,0.0277765310003148,0.0296403528322095,0.0014468379208691928
17568.150390625,17607.599609375,17472.849609375,17512.25,210500.0,17.450000762939453,17.559999465942383,16.229999542236328,17.489999771118164,0.0,0.0014468379208691,1,55.57116290368908,17293.155906664953,-28.529334500937694,235.97098378940856,134.75,0.0022922066722004,0.0190013090007838,0.0226967693411972,0.0029521745492440132
17423.099609375,17584.150390625,17421.0,17563.94921875,249600.0,17.489999771118164,17.760000228881836,15.56999969482422,17.229999542236328,0.0,0.002952174549244,1,56.79533264918324,17318.945745911147,-3.689132784318645,230.76951284909367,163.150390625,-0.0148656507881254,0.0145651189432063,0.0323021227371611,0.0007032337856462956
17622.849609375,17670.150390625,17520.75,17576.30078125,277700.0,17.229999542236328,17.43000030517578,16.59000015258789,17.280000686645508,0.0,0.0007032337856462,2,57.09946457492909,17343.455749276753,16.799914945619093,224.95743269022984,149.400390625,0.0029019817607429,0.0051096141117739,0.02272829039588,0.008787356376761757
17736.349609375,17777.55078125,17707.400390625,17730.75,45000.0,17.280000686645508,17.670000076293945,17.06999969482422,17.420000076293945,0.0,0.0087873563767617,1,60.81404902169317,17380.3409160123,44.98187104519093,223.2640446409277,70.150390625,0.0081018162086436,0.0124769803994346,0.0242002102521738,-0.004196122026705051
17808.30078125,17811.5,17637.0,17656.349609375,251400.0,17.420000076293945,17.6200008392334,16.489999771118164,16.8799991607666,0.0,-0.004196122026705,1,58.199821632712656,17406.62745823732,60.61406336912842,219.7808985951472,174.5,-0.0309989043147138,0.0052607980969541,0.0096872466721276,0.004564907874966551
17771.400390625,17783.900390625,17654.5,17736.94921875,324600.0,16.8799991607666,17.06999969482422,14.789999961853027,16.600000381469727,0.0,0.0045649078749665,1,60.19604034616178,17438.08667352424,78.60034740931587,213.3251480258509,129.400390625,-0.0165876062332789,0.0091400596461899,0.01283097367557,0.002810605244745412
17756.400390625,17838.900390625,17723.69921875,17786.80078125,250000.0,16.600000381469727,17.040000915527344,15.850000381469728,15.920000076293944,0.0,0.0028106052447454,2,61.42316067573088,17471.297540926695,95.77319775522848,206.31629258650443,115.201171875,-0.0409638728644159,0.0031612188570704,0.0126880099529154,0.012672230395564199
17910.19921875,18022.80078125,17899.900390625,18012.19921875,227200.0,15.920000076293944,16.6299991607666,15.06999969482422,15.800000190734863,0.0,0.0126722303955641,2,66.45821190981891,17522.811986433677,126.11677981820684,208.4365574017541,122.900390625,-0.0075376812175881,0.0201542004574974,0.0248003515031449,0.007395053222392978
18130.69921875,18175.80078125,18060.150390625,18145.400390625,349900.0,15.800000190734863,16.200000762939453,15.109999656677246,16.1299991607666,0.0,0.0073950532223929,1,69.03068411858794,17582.106120166183,159.07874779696797,205.2340577659145,115.650390625,0.0208860105093702,0.0230282652804361,0.0233859476121991,-0.003447197631545107
18177.900390625,18178.75,18048.650390625,18082.849609375,270900.0,16.1299991607666,16.860000610351562,14.68000030517578,16.65999984741211,0.0,-0.0034471976315451,1,66.45323566377542,17629.795976281308,178.1009823495915,199.86731145227776,130.099609375,0.0328580727973404,0.0166442988689163,0.0241556159362374,-0.0016673473084335422
17968.349609375,18106.30078125,17959.19921875,18052.69921875,213000.0,16.65999984741211,16.729999542236328,14.989999771118164,15.9399995803833,0.0,-0.0016673473084335,1,65.18974515796592,17670.07247556404,188.5696422785768,196.09832938425797,147.1015625,-0.0432173033387301,0.0022484761304351,0.0178018212774841,0.003570168155688336
18053.400390625,18135.099609375,18017.150390625,18117.150390625,267900.0,15.9399995803833,16.209999084472656,15.479999542236328,15.65999984741211,0.0,0.0035701681556883,1,66.64950268647831,17712.651324617465,199.764046050248,190.5162500532395,117.94921875,-0.0175658557303712,-0.0015568683739045,0.018572739046093,0.004727586225111935
18211.75,18255.5,18064.75,18202.80078125,314800.0,15.65999984741211,16.360000610351562,15.279999732971191,15.59000015258789,0.0,0.0047275862251119,1,68.53769928865299,17759.332225249134,213.0905867639485,190.5329464780081,190.75,-0.0044699677845646,0.006633421969777,0.0105818040420955,-0.002516139235956394
18288.25,18296.400390625,18117.5,18157.0,307200.0,15.59000015258789,16.06999969482422,15.020000457763672,15.920000076293944,0.0,-0.0025161392359563,0,66.37364193328179,17797.205346653976,217.4496023599968,189.70204963136467,178.900390625,0.0211674099086698,0.0057775726491731,0.0006392589375427,-0.007093725904609771
18044.349609375,18103.099609375,17969.400390625,18028.19921875,256500.0,15.920000076293944,16.290000915527344,15.489999771118164,15.56999969482422,0.0,-0.0070937259046097,2,60.58064336634367,17819.204763044076,208.11202117615903,189.55187532733865,133.69921875,-0.0219849484794226,-0.0049097771976893,-0.0030222222606257,0.017833173247033374
18272.349609375,18362.30078125,18259.349609375,18349.69921875,378500.0,15.56999969482422,15.56999969482422,14.279999732971191,14.40999984741211,0.0,0.0178331732470333,1,68.0715274793287,17869.72804453988,224.07132912413363,199.87685298252876,102.951171875,-0.0745022395727931,0.0080701008193921,0.0164518334018177,-0.0011198455015547504
18376.400390625,18399.44921875,18311.400390625,18329.150390625,301400.0,14.40999984741211,15.270000457763672,12.5600004196167,14.90999984741211,0.0,-0.0011198455015547,1,67.19263452734944,17913.482553690843,232.38231824577812,191.8891369212767,88.048828125,0.034698126668599,0.0094812133405848,0.0117016194836967,0.004050924260950772
18362.75,18427.94921875,18282.0,18403.400390625,250900.0,14.90999984741211,15.020000457763672,13.829999923706056,14.640000343322754,0.0,0.0040509242609507,1,68.76208152882481,17960.14139530362,242.1686223354336,188.6077141947569,145.94921875,-0.0181086188365199,0.0208119051338626,0.011020260661295,0.0003396111515991951
18398.25,18442.150390625,18344.150390625,18409.650390625,219300.0,14.640000343322754,15.529999732971191,13.93000030517578,15.100000381469728,0.0,0.0003396111515991,1,68.89696115804011,18002.95177581042,247.57477371809364,182.13573460941717,98.0,0.0314207668961412,0.0032671473881022,0.0139147651387894,-0.00357149639481924
18358.69921875,18417.599609375,18312.94921875,18343.900390625,200500.0,15.100000381469728,16.260000228881836,13.09000015258789,14.880000114440918,0.0,-0.0035714963948192,1,65.68386728191423,18035.423072459427,243.7439832205382,176.60106718195877,104.650390625,-0.0145695537397989,0.0008047290619397,0.0175115200383773,-0.00197613371355454
18382.94921875,18394.599609375,18209.80078125,18307.650390625,198800.0,14.880000114440918,15.6899995803833,13.859999656677246,14.390000343322754,0.0,-0.0019761337135545,0,63.91409682571614,18061.34948371329,235.0732045319055,177.18662153503314,184.798828125,-0.032930091891775,-0.0052028428424986,-0.0022915268323326,-0.008067729540576885
18246.400390625,18262.30078125,18133.349609375,18159.94921875,213800.0,14.390000343322754,15.550000190734863,13.359999656677246,14.800000190734863,0.0,-0.0080677295405768,1,57.15660868646936,18070.739934669167,213.81853282250088,176.9804900861022,128.951171875,0.0284919970556052,-0.0135636020552655,-0.0092312610387845,0.00463933015368867
18179.150390625,18261.849609375,18137.69921875,18244.19921875,177700.0,14.800000190734863,16.270000457763672,13.31999969482422,13.84000015258789,0.0,0.0046393301536886,1,59.7694625599844,18087.259866486387,201.4501315365305,173.20691155316632,124.150390625,-0.0648648666064176,-0.0054351130213263,-0.0086506389306239,0.0012634580983039712
18325.19921875,18325.400390625,18246.0,18267.25,178800.0,13.84000015258789,14.329999923706056,11.880000114440918,14.039999961853027,0.0,0.0012634580983039,2,60.47961706865547,18104.401783963876,191.3028694146269,166.63507300472588,79.400390625,0.0144508531112796,-0.0022067490782808,-0.0077350947792858,0.011870949889830174
18326.099609375,18529.69921875,18294.25,18484.099609375,204000.0,14.039999961853027,14.039999961853027,13.0,13.479999542236328,0.0,0.0118709498898301,1,66.47507672709301,18140.563481622077,198.47118993119875,173.47894055795976,235.44921875,-0.0398860698816404,0.0178497410273767,0.007642824904438,0.0015500019600884762
18528.44921875,18534.900390625,18445.099609375,18512.75,205900.0,13.479999542236328,15.770000457763672,12.770000457763672,13.329999923706056,0.0,0.0015500019600884,1,67.18343193102997,18176.00981670569,204.11111676833025,167.50192917881978,89.80078125,-0.011127568518106,0.014719790001745,0.0112029454899371,0.0027008413120686026
18430.55078125,18614.25,18365.599609375,18562.75,206500.0,13.329999923706056,14.0600004196167,12.40999984741211,13.56999969482422,0.0,0.0027008413120686,1,68.43682730608525,18212.842215114662,210.19241424166103,173.29824785354694,248.650390625,0.0180044840578992,0.0161764907142563,0.0221807217849547,0.00297912654375021
18552.44921875,18678.099609375,18552.150390625,18618.05078125,195300.0,13.56999969482422,14.619999885559082,12.40999984741211,13.619999885559082,0.0,0.0029791265437502,2,69.8102384154632,18251.43350712756,216.97306672940613,169.9161743461507,125.94921875,0.0036846125172673,0.0072468323968055,0.020491530377271,0.007535634625419174
18625.69921875,18816.05078125,18616.55078125,18758.349609375,345600.0,13.619999885559082,14.050000190734863,12.75,13.8100004196167,0.0,0.0075356346254191,1,73.01799617475643,18299.711231151123,231.00484551776023,172.02930474999707,199.5,0.0139501127499324,0.0132665114245587,0.0268841565848718,0.002886735334004964
18871.94921875,18887.599609375,18778.19921875,18812.5,325000.0,13.8100004196167,14.229999542236328,12.989999771118164,13.359999656677246,0.0,0.0028867353340049,0,74.1592424066651,18348.548256755777,243.68555982609905,168.97364012499727,109.400390625,-0.0325851375283262,0.0134543642509865,0.0177666425503593,-0.006187396179402005
18752.400390625,18781.94921875,18639.19921875,18696.099609375,254400.0,13.359999656677246,14.09000015258789,12.960000038146973,13.449999809265137,0.0,-0.006187396179402,1,67.5456133310978,18381.648385576656,241.5580477405965,169.28272163392603,142.75,0.0067365385404714,0.0041921052338949,0.0099039639910332,0.00026482378562620035
18719.55078125,18728.599609375,18591.349609375,18701.05078125,288400.0,13.449999809265137,14.420000076293944,13.449999809265137,13.729999542236328,0.0,0.0002648237856262,1,67.67765640935602,18412.067661355068,237.5333605554806,166.9946700886456,137.25,0.0208178243079462,-0.0030545772585645,0.0074504467953293,-0.0031175136590962937
18600.650390625,18654.900390625,18577.900390625,18642.75,217800.0,13.729999542236328,14.25,12.18000030517578,14.039999961853027,0.0,-0.0031175136590962,1,64.35725345981443,18434.03740789268,227.02240815340335,163.86293584124232,77.0,0.0225783270176429,-0.0090232558139534,0.0013266275315391,-0.004411902750398933
18638.849609375,18668.30078125,18528.400390625,18560.5,200500.0,14.039999961853027,14.460000038146973,13.800000190734863,14.079999923706056,0.0,-0.0044119027503989,1,59.89281901672632,18446.081464283856,209.63892797339213,162.15132546865357,139.900390625,0.0028490001397227,-0.0072528287829085,-0.0105472823300041,0.002631912360927746
18570.849609375,18625.0,18536.94921875,18609.349609375,202800.0,14.079999923706056,14.890000343322754,13.260000228881836,13.399999618530272,0.0,0.0026319123609277,0,61.59673046472552,18461.6308114354,197.52717954348557,156.85842945303543,88.05078125,-0.0482954764815648,-0.0049035304458368,-0.0107986918604651,-0.006058782405979346
18662.400390625,18664.69921875,18410.099609375,18496.599609375,215800.0,13.399999618530272,13.960000038146973,11.90999984741211,13.479999542236328,0.0,-0.0060587824059793,1,55.71338234027321,18464.961173143933,176.79259396970156,163.83994230460434,254.599609375,0.0059701437301107,-0.0078395296093656,-0.010670674855624,2.977743269738653e-05
18402.150390625,18521.55078125,18345.69921875,18497.150390625,193900.0,13.479999542236328,14.149999618530272,12.529999732971191,13.31999969482422,0.0,2.977743269738653e-05,2,55.73562406759453,18468.026812904038,158.57675484243737,164.69791517570405,175.8515625,-0.0118694252852745,-0.0034131413148891,-0.0109031515399891,0.0059927938646799905
18524.400390625,18617.25,18490.19921875,18608.0,187600.0,13.31999969482422,13.579999923706056,11.43000030517578,12.880000114440918,0.0,0.0059927938646799,1,60.0808917307205,18481.35759262746,151.34064738697634,162.00883418101088,127.05078125,-0.0330330022871,-7.252318879102937e-05,-0.0018639953869467,0.002810661073194387
18671.25,18696.099609375,18632.900390625,18660.30078125,208000.0,12.880000114440918,13.079999923706056,11.529999732971191,12.890000343322754,0.0,0.0028106610731943,0,61.97743307025278,18498.399801067702,148.1187947807084,156.7296038377244,63.19921875,0.0007764152789582,0.0088503387288563,0.0053770524096872,-0.013150934355333654
18614.400390625,18652.900390625,18387.69921875,18414.900390625,183100.0,12.890000343322754,13.880000114440918,12.59000015258789,13.729999542236328,0.0,-0.0131509343553336,0,49.97908313959413,18490.447476263635,124.33048827544916,165.0061723136012,265.201171875,0.0651667320822615,-0.0044466308735688,-0.0104490066999461,-0.00792295301794177
18319.099609375,18440.94921875,18255.150390625,18269.0,277700.0,13.729999542236328,14.220000267028809,12.489999771118164,14.06999969482422,0.0,-0.0079229530179417,2,44.46727215812341,18469.357240429003,92.63727693770488,166.49136201441542,185.798828125,0.0247633040002646,-0.0182179707652622,-0.0123049432966934,0.008289956688926514
18288.099609375,18431.650390625,18244.55078125,18420.44921875,154800.0,14.06999969482422,14.489999771118164,13.5,13.550000190734863,0.0,0.0082899566889265,1,50.56209836299245,18464.69933360243,78.83213704986701,167.9633796830286,187.099609375,-0.036958032364467,-0.0128535742972055,-0.0041466480109214,-0.0019081205394395617
18340.30078125,18404.900390625,18202.650390625,18385.30078125,169000.0,13.550000190734863,14.920000076293944,13.039999961853027,13.779999732971191,0.0,-0.0019081205394395,0,49.21217671069444,18457.137566711725,64.31390836794526,171.52305457174083,202.25,0.0169741357194663,-0.0016073727659189,-0.011967928780632,-0.01012771964355863
18435.150390625,18473.349609375,18162.75,18199.099609375,187600.0,13.779999732971191,16.010000228881836,12.460000038146973,15.5600004196167,0.0,-0.0101277196435586,1,42.707201342086925,18432.562523155844,37.35265100754623,181.45709420054504,310.599609375,0.129172766410621,-0.003826174975368,-0.0247156343984775,-0.003942502735851727
18288.80078125,18318.75,18068.599609375,18127.349609375,195700.0,15.5600004196167,16.299999237060547,14.4399995803833,15.1899995803833,0.0,-0.0039425027358517,0,40.48641594487699,18403.494626605287,10.079840813414194,186.36375823086323,250.150390625,-0.0237789736025285,-0.0159116428646407,-0.0156151146707473,-0.01768316025411787
17977.650390625,18050.44921875,17779.5,17806.80078125,221500.0,15.1899995803833,16.479999542236328,14.479999542236328,16.15999984741211,0.0,-0.0176831602541178,2,32.3843222005046,18346.666641333355,-36.97346218983148,197.89846188401583,270.94921875,0.0638578205282829,-0.0314653541371471,-0.0252996452323608,0.011669632893506865
17830.400390625,18084.099609375,17774.25,18014.599609375,176700.0,15.1899995803833,16.479999542236328,14.479999542236328,16.15999984741211,0.0,0.0116696328935068,2,40.672809854223615,18315.041209718274,-56.84069093522703,205.89497241908612,309.849609375,0.0,-0.0101378641779046,-0.0220325576513025,0.006533654614990558
18089.80078125,18149.25,17967.44921875,18132.30078125,214300.0,15.93000030517578,16.1299991607666,14.93000030517578,15.289999961853027,0.0,0.0065336546149905,1,44.80030829048567,18297.637359387965,-62.36915910828611,204.17395876415145,181.80078125,-0.053836627089969,0.0002731326962679,-0.0137609932527195,-0.0005405150382313817
18084.75,18173.099609375,18068.349609375,18122.5,193900.0,15.289999961853027,15.649999618530272,15.270000457763672,15.399999618530272,0.0,-0.0005405150382313,1,44.5225431800294,18280.957610874822,-66.77164909733983,197.0722474238549,104.75,0.0071942221681937,0.0177291374586736,-0.0042089779724894,0.00377983170092433
18045.69921875,18229.69921875,17992.80078125,18191.0,281100.0,15.399999618530272,15.770000457763672,14.710000038146973,14.8100004196167,0.0,0.0037798317009243,1,46.99608468284092,18272.39021936294,-63.99557545232528,199.91697528643667,236.8984375,-0.0383116372420976,0.0097920794494483,0.0035112905083531,-0.00471107793689185
18259.099609375,18265.25,18080.30078125,18105.30078125,192000.0,14.8100004196167,15.119999885559082,14.279999732971191,14.869999885559082,0.0,-0.0047110779368918,2,44.33290873946597,18256.47693954266,-67.92769958569261,198.84784981954837,184.94921875,0.0040512805025252,-0.00148905537834,0.0167632582442496,0.005089583355357918
18131.69921875,18215.150390625,18086.5,18197.44921875,256100.0,14.869999885559082,15.449999809265137,14.56999969482422,14.6899995803833,0.0,0.0050895833553579,1,47.76082561521785,18250.85525184812,-62.883446276100585,193.83374559136632,128.650390625,-0.0121049298292589,0.0041356997516899,0.0101500790103512,0.00192892762485819
18163.19921875,18251.94921875,18149.80078125,18232.55078125,208700.0,14.6899995803833,14.989999771118164,14.3100004196167,14.390000343322754,0.0,0.0019289276248581,0,49.04793859266263,18249.11196893401,-55.41465084805532,187.2847950134116,102.1484375,-0.0204220044676624,0.0022841394783135,0.0055288074695774,-0.010399069487028845
18230.650390625,18243.0,18020.599609375,18042.94921875,235200.0,14.390000343322754,15.68000030517578,14.329999923706056,15.199999809265137,0.0,-0.0103990694870288,1,42.89940215633524,18229.47742129744,-64.05643547454383,189.79305184281077,222.400390625,0.0562890511895115,-0.0034438291444774,-0.0043896140847012,-0.0028154392892826285
18101.94921875,18120.30078125,17892.599609375,17992.150390625,269900.0,15.199999809265137,15.600000381469728,14.8100004196167,14.979999542236328,0.0,-0.0028154392892826,0,41.40189909388509,18206.87484694768,-74.14940475627009,192.5007747022528,227.701171875,-0.0144737019598321,-0.0112817365586308,-0.010931208255456,-0.007375503705446151
18008.05078125,18047.400390625,17795.55078125,17859.44921875,238200.0,14.979999542236328,15.4399995803833,14.619999885559082,15.029999732971191,0.0,-0.0073755037054461,2,37.69969727416043,18173.78669188124,-91.79784277891667,196.7399771788776,251.849609375,0.0033377965462473,-0.0204634868141264,-0.0135789825018872,0.013536251708490266
17952.55078125,18141.400390625,17936.150390625,18101.19921875,257200.0,15.029999732971191,15.380000114440918,14.529999732971191,14.649999618530272,0.0,0.0135362517084902,0,46.99808764444993,18166.87359920207,-85.29393703849564,202.8264910857435,205.25,-0.0252827758610876,0.0032284079112447,-0.0052892028351329,-0.010333504750958511
18121.30078125,18127.599609375,17856.0,17914.150390625,283300.0,14.649999618530272,15.9399995803833,14.5600004196167,15.510000228881836,0.0,-0.0103335047509585,1,41.7997498924426,18142.80472219473,-94.14754775282564,207.73885667783324,271.599609375,0.0587031148631416,-0.0043352238785555,-0.0174632937785335,-0.0010299775022909463
17924.25,17976.349609375,17824.349609375,17895.69921875,259900.0,15.510000228881836,16.229999542236328,15.119999885559082,15.4399995803833,0.0,-0.0010299775022909,1,41.314306692455816,18119.270864723803,-101.48311917142928,203.7575097722737,152.0,-0.0045132590242122,0.0020297378466711,-0.0081610826597561,-0.00209547554088918
17920.849609375,17945.80078125,17761.650390625,17858.19921875,227800.0,15.4399995803833,16.040000915527344,14.420000076293944,15.279999732971191,0.0,-0.0020954755408891,2,40.29017480839068,18094.406898440586,-109.06531194473791,202.3570012617542,184.150390625,-0.0103626846995119,-0.0134245249203318,-0.0074449784470896,0.005510095918388247
17867.5,17999.349609375,17774.25,17956.599609375,256700.0,15.279999732971191,15.600000381469728,14.399999618530272,14.460000038146973,0.0,0.0055100959183882,1,44.19901168715375,18081.28239472005,-105.91326301989102,203.9814732698432,225.099609375,-0.0536649024315637,0.0023695915142152,0.005439719301254,-0.003438847072569362
18033.150390625,18049.650390625,17853.650390625,17894.849609375,206200.0,14.460000038146973,15.359999656677246,14.460000038146973,15.020000457763672,0.0,-0.0034388470725693,2,42.3264405788384,18063.526891353857,-107.16264619250796,203.41136803628297,196.0,0.0387275531216708,-4.747561772322495e-05,-0.011399775610516,0.008854568511824201
17922.80078125,18072.05078125,17886.94921875,18053.30078125,219100.0,15.020000457763672,15.3100004196167,13.84000015258789,14.59000015258789,0.0,0.0088545685118242,2,48.370975068386,18062.55297610587,-94.28030139250768,202.1035247836913,185.1015625,-0.0286285147849991,0.0109250412155306,0.0077676243411366,0.006206556323560042
18074.30078125,18183.75,18032.44921875,18165.349609375,255800.0,14.59000015258789,14.75,12.470000267028809,14.369999885559082,0.0,0.00620655632356,1,52.18714193129692,18072.34313165531,-74.17450876267685,198.47475738842763,151.30078125,-0.0150788392548293,0.0116252522493742,0.0150678879505572,-0.003165367099256078
18119.80078125,18155.19921875,18063.75,18107.849609375,237800.0,14.369999885559082,14.829999923706056,13.890000343322754,13.960000038146973,0.0,-0.003165367099256,1,50.13902600131105,18075.72470096195,-62.16370816936251,191.5551039588971,91.44921875,-0.0285316527959149,0.0119028661681743,0.0139795948945895,-0.004428975305189153
18115.599609375,18145.44921875,18016.19921875,18027.650390625,237200.0,13.960000038146973,14.1899995803833,11.640000343322754,13.789999961853027,0.0,-0.0044289753051891,2,47.34790438198443,18071.146195215573,-58.44277691341267,187.10473939040443,129.25,-0.0121776558617051,-0.001420814450266,0.0039568060098029,0.005042276095628795
18118.44921875,18162.599609375,18063.44921875,18118.55078125,202500.0,13.789999961853027,14.260000228881836,13.479999542236328,13.619999885559082,0.0,0.0050422760956287,1,50.69793136229359,18075.660917695044,-47.610189618426375,183.37934505894697,99.150390625,-0.0123277793157514,-0.0025762690579237,0.0125008690633423,-1.3798013043020418e-05
18183.94921875,18201.25,18078.650390625,18118.30078125,216900.0,13.619999885559082,13.8100004196167,13.300000190734863,13.65999984741211,0.0,-1.3798013043020418e-05,0,50.68837923743018,18079.72185708123,-38.60049655690091,179.03793536723649,122.599609375,0.0029368547862793,0.0005771625068935,0.0036004496234565,-0.01249297962501228
18093.349609375,18100.599609375,17846.150390625,17891.94921875,257200.0,13.65999984741211,15.420000076293944,13.520000457763672,14.65999984741211,0.0,-0.0124929796250122,0,42.82154107393849,18061.83874866873,-49.15826342827495,185.6888250285053,254.44921875,0.073206442984657,-0.0075273909208695,-0.0150506539375327,-0.016074246906178757
17877.19921875,17884.75,17493.55078125,17604.349609375,476300.0,14.65999984741211,18.010000228881836,14.579999923706056,17.31999969482422,0.0,-0.0160742469061787,1,35.32069105742556,18018.26835445028,-79.81222895082465,200.88236877646924,391.19921875,0.1814461033491532,-0.0283798179050347,-0.0278056208142639,0.0025334426073457816
17541.94921875,17709.150390625,17405.55078125,17648.94921875,432400.0,17.31999969482422,19.38999938964844,17.290000915527344,17.709999084472656,0.0,0.0025334426073457,1,37.15900091674362,17983.095103431206,-99.36152393771772,208.2193145335072,303.599609375,0.0225172861732199,-0.0259048333597439,-0.0210066849350449,0.0007479862801675896
17731.44921875,17735.69921875,17537.55078125,17662.150390625,398300.0,17.709999084472656,18.3700008392334,16.56999969482422,16.8799991607666,0.0,0.0007479862801675,1,37.72321721601946,17952.528940306805,-112.49251314895446,207.49996617397096,198.1484375,-0.0468661754157718,-0.0128436999968779,-0.0251896741707017,-0.0025959245256645946
17811.599609375,17972.19921875,17353.400390625,17616.30078125,512900.0,16.8799991607666,18.540000915527344,14.850000381469728,16.780000686645508,0.0,-0.0025959245256645,1,36.497545829895216,17920.507210872824,-125.15587794380916,236.8784563133302,618.798828125,-0.0059240805149751,0.0006788760812064,-0.0277067924890341,-0.0003349392530399564
17517.099609375,17653.900390625,17445.94921875,17610.400390625,490100.0,16.780000686645508,17.770000457763672,15.510000228881836,15.729999542236328,0.0,-0.0003349392530399,2,36.33393668086774,17890.97322799208,-134.12172621819627,234.8122217105923,207.951171875,-0.0625745590847818,-0.002184199617054,-0.0157360623307576,0.013835596307890219
17721.75,17870.30078125,17584.19921875,17854.05078125,424100.0,15.729999542236328,15.760000228881836,14.270000457763672,14.399999618530272,0.0,0.0138355963078902,0,46.91616738370332,17887.456804492835,-120.18130010162348,238.47574605269284,286.1015625,-0.0845518094348888,0.0108650637878646,0.0141840611789501,-0.005010133160870178
17818.55078125,17823.69921875,17698.349609375,17764.599609375,282500.0,14.399999618530272,15.210000038146973,14.1899995803833,14.6899995803833,0.0,-0.0050101331608701,1,44.0231318378106,17875.756119243517,-115.02543238092768,232.56327646857196,125.349609375,0.0201388867732918,0.0084182729374626,0.0065528201816194,-0.0024261514654264627
17790.099609375,17811.150390625,17652.55078125,17721.5,354400.0,14.6899995803833,14.880000114440918,13.670000076293944,14.130000114440918,0.0,-0.0024261514654264,2,42.65821587394281,17861.065060267945,-113.11324921792402,227.28015739045964,158.599609375,-0.0381211355982742,0.0063087497677873,0.003360270865234,0.008475536424681795
17750.30078125,17898.69921875,17744.150390625,17871.69921875,291000.0,14.130000114440918,14.25,13.539999961853027,13.600000381469728,0.0,0.0084755364246817,1,48.63504590163767,17862.077837266235,-98.34435607918203,223.70294748756967,154.548828125,-0.0375088272242496,0.0009884836621241,0.0144978472308916,0.0012170079483646568
17885.5,17916.900390625,17779.80078125,17893.44921875,260900.0,13.600000381469728,13.81999969482422,12.0600004196167,13.039999961853027,0.0,0.0012170079483646,1,49.45660793244901,17865.065587883735,-83.91750981858058,217.51699476524325,137.099609375,-0.0411765002874345,0.0072531670968256,0.016072821846554,-0.0020649578680046465
17847.55078125,17876.94921875,17801.0,17856.5,232000.0,13.039999961853027,13.279999732971191,12.210000038146973,12.75,0.0,-0.0020649578680046,1,48.05055224630681,17864.249817609092,-74.60561626889466,208.58358219272583,75.94921875,-0.0222392609433579,0.0076178653048557,0.0001371800035749,-0.00479375070002519
17859.099609375,17880.69921875,17719.75,17770.900390625,231300.0,12.75,14.100000381469728,11.829999923706056,13.68000030517578,0.0,-0.0047937507000251,2,44.86806452560936,17855.35939599156,-73.28822558873071,205.18112766110255,160.94921875,0.0729412004059435,-0.005640136782251,0.0003546818610353,0.0089443537049958
17840.349609375,17954.55078125,17800.05078125,17929.849609375,244500.0,13.68000030517578,13.68000030517578,12.449999809265137,13.449999809265137,0.0,0.0089443537049958,1,51.316068469354775,17862.453702028077,-58.74117868160465,203.64321787280957,154.5,-0.016812901372789,0.0020342858540016,0.011756883411393,0.004796470794436125
17896.599609375,18034.099609375,17853.80078125,18015.849609375,229300.0,13.449999809265137,13.449999809265137,11.279999732971191,12.859999656677246,0.0,0.0047964707944361,1,54.42206815093775,17877.06283606112,-39.81410570671869,201.9757614622517,180.298828125,-0.0438661829706097,0.0089238993853779,0.0080658469494476,0.0011101336008929596
18094.75,18134.75,18000.650390625,18035.849609375,230200.0,12.859999656677246,13.15999984741211,10.170000076293944,12.890000343322754,0.0,0.0011101336008929,0,55.13887500929054,17892.185385900535,-22.936038781019302,197.1274648845909,134.099609375,0.0023328683861925,0.0149091612088363,0.0079582415265013,-0.005081567689351307
17974.849609375,18034.25,17884.599609375,17944.19921875,208100.0,12.890000343322754,13.520000457763672,10.800000190734863,13.09000015258789,0.0,-0.0050815676893513,0,51.16758617280768,17897.13908426715,-16.762244985598954,193.8505031071201,149.650390625,0.0155158885910147,0.0008003195613808,0.0049113330579901,-0.005550518480140765
17965.55078125,18004.349609375,17818.400390625,17844.599609375,174600.0,13.09000015258789,13.710000038146973,10.920000076293944,13.380000114440918,0.0,-0.0055505184801407,1,47.18989904097693,17892.13532475361,-19.67947230416757,193.28612565304007,185.94921875,0.0221543130995069,-0.0095055189576452,0.0041471854059167,-0.001003126492992057
17905.80078125,17924.900390625,17800.30078125,17826.69921875,198200.0,13.380000114440918,14.300000190734863,13.380000114440918,14.010000228881836,0.0,-0.001003126492992,0,46.49039776788902,17885.903314658026,-23.168733161404816,188.3799459188944,124.599609375,0.0470852099441287,-0.0115963702933231,-0.0057529980938081,-0.015280363131582653
17755.349609375,17772.5,17529.44921875,17554.30078125,204000.0,14.010000228881836,15.920000076293944,12.380000114440918,15.59000015258789,0.0,-0.0152803631315826,1,37.404125374166,17854.32212100012,-47.36824328418152,196.15637835325907,243.05078125,0.1127765808632079,-0.0217283832366613,-0.0256190431277146,-0.002452434977984641
17574.650390625,17620.05078125,17455.400390625,17511.25,240800.0,15.59000015258789,16.010000228881836,14.520000457763672,15.079999923706056,0.0,-0.0024524349779846,1,36.19994509523007,17821.648585666775,-69.2224147531997,193.90595065838343,164.650390625,-0.0327132921032831,-0.0186806998572199,-0.0290864927761603,-0.002595429723749043
17591.349609375,17599.75,17421.80078125,17465.80078125,209400.0,15.079999923706056,15.140000343322754,14.010000228881836,14.1899995803833,0.0,-0.002595429723749,1,34.92174736736314,17787.75831857946,-89.18134814342193,192.7661840934989,177.94921875,-0.0590185907046098,-0.0202448267663825,-0.0266603391808155,-0.004185411445805309
17428.599609375,17451.599609375,17299.0,17392.69921875,246400.0,14.1899995803833,15.100000381469728,13.75,13.880000114440918,0.0,-0.0041854114458053,0,32.9089979531628,17750.133642405228,-109.63384113412758,190.9115124618204,152.599609375,-0.0218463336934087,-0.0092058102748592,-0.0253242101541794,-0.0051027157362857345
17383.25,17440.44921875,17255.19921875,17303.94921875,420900.0,13.880000114440918,14.56999969482422,13.5,14.020000457763672,0.0,-0.0051027157362857,2,30.602875503976207,17707.6398877714,-131.48825768087045,190.50711871454752,185.25,0.0100864799833175,-0.0118381486901277,-0.0293239928258942,0.008492348770636093
17360.099609375,17467.75,17345.25,17450.900390625,272900.0,14.020000457763672,14.020000457763672,12.279999732971191,13.0,0.0,0.008492348770636,0,38.31125385948075,17683.18850709079,-135.38962151885062,188.5995231813656,122.5,-0.0727532399757404,-0.0008531180912698,-0.005890316675868,-0.007392168719804415
17421.5,17445.80078125,17306.0,17321.900390625,310700.0,13.0,13.550000190734863,11.100000381469728,12.970000267028809,0.0,-0.0073921687198044,2,34.670563165503495,17648.780115046426,-147.19394222930714,185.4781565701966,139.80078125,-0.0023076717670147,-0.0040706061339045,-0.0108130264472838,0.015728598629827895
17451.25,17644.75,17427.69921875,17594.349609375,356200.0,12.970000267028809,12.970000267028809,11.979999542236328,12.18000030517578,0.0,0.0157285986298278,2,46.28138068550157,17643.59625736343,-133.0310769912976,195.29040319911115,217.05078125,-0.0609097876321017,0.0167823187038904,0.0073600305955052,0.006655523618366965
17680.349609375,17799.94921875,17671.94921875,17711.44921875,362800.0,12.18000030517578,12.470000267028809,11.84000015258789,12.270000457763672,0.0,0.0066555236183669,1,50.36457625821174,17650.058444162154,-111.07751200292842,196.02677506881747,128.0,0.0073891749041783,0.0149303945523047,0.0183266551091951,0.0024250512391459367
17665.75,17766.5,17602.25,17754.400390625,267000.0,12.270000457763672,12.850000381469728,11.899999618530272,12.449999809265137,0.0,0.0024250512391459,0,51.81142677070829,17659.995772396713,-89.18528057183721,193.7570054210448,164.25,0.0146698732507033,0.0249683920497589,0.02603169751486,-0.009282249899975281
17772.05078125,17772.349609375,17573.599609375,17589.599609375,262400.0,12.449999809265137,12.84000015258789,11.779999732971191,12.729999542236328,0.0,-0.0092822498999752,0,46.2416912834244,17653.291375918456,-84.16339199395225,194.11364789097016,198.75,0.0224899387358077,-0.0002699730371089,0.0079479691961632,-0.010045664635585094
17443.80078125,17451.5,17324.349609375,17412.900390625,235900.0,12.729999542236328,13.81999969482422,12.729999542236328,13.40999984741211,0.0,-0.010045664635585,0,41.1356174995254,17630.3969963667,-93.36540110536224,199.194815898758,127.150390625,0.0534171507956175,-0.0168562619827261,0.0052534651480418,-0.014851035931626178
17421.900390625,17529.900390625,17113.44921875,17154.30078125,254900.0,13.40999984741211,16.43000030517578,13.40999984741211,16.219999313354492,0.0,-0.0148510359316261,0,35.0378753228529,17585.05449968892,-120.13998789657852,214.71312703991816,416.451171875,0.2095450781444015,-0.0338000493495616,-0.0250108039168736,-0.006470680525861194
17160.55078125,17224.650390625,16987.099609375,17043.30078125,290600.0,16.219999313354492,16.639999389648438,15.0,16.219999313354492,0.0,-0.0064706805258611,1,32.79096842600228,17533.45890745664,-148.60281244357975,216.344388054924,237.55078125,0.0,-0.0310580593223868,-0.037724097517253,-0.004174683738684903
17166.44921875,17211.349609375,16938.900390625,16972.150390625,248200.0,16.219999313354492,16.510000228881836,14.520000457763672,16.299999237060547,0.0,-0.0041746837386849,1,31.40092383171061,17480.000953472674,-174.88508149814152,220.35187596171517,272.44921875,0.0049321779958515,-0.0253116936359032,-0.0440594997740987,0.0007924286811309411
16994.650390625,17062.44921875,16850.150390625,16985.599609375,349800.0,16.299999237060547,17.360000610351562,13.949999809265137,16.219999313354492,0.0,0.0007924286811309,2,31.987825846432894,17432.91511117766,-192.41073830444657,219.7766582590926,212.298828125,-0.0049079710092355,-0.0098343368246984,-0.0343384734964675,0.006738129621978839
17111.80078125,17145.80078125,16958.150390625,17100.05078125,408100.0,16.219999313354492,16.219999313354492,14.600000381469728,14.770000457763672,0.0,0.0067381296219788,0,36.93274432761257,17401.213746422643,-194.81894302243745,217.4819248566574,187.650390625,-0.0893957408738597,0.003329754061633,-0.0179665421817629,-0.0065292432199922645
17066.599609375,17066.599609375,16828.349609375,16988.400390625,241800.0,14.770000457763672,17.219999313354492,14.520000457763672,16.010000228881836,0.0,-0.0065292432199922,2,34.3118960383635,17361.898188727628,-203.39213807331907,221.35472821511044,238.25,0.0839539426328435,0.0009574508607332,-0.0096710669085581,0.007010642946744028
17060.400390625,17127.69921875,17016.0,17107.5,246700.0,16.010000228881836,16.040000915527344,14.079999923706056,15.079999923706056,0.0,0.007010642946744,1,39.26317253207783,17337.669789801188,-198.29034611946557,215.49359249438825,111.69921875,-0.0580887127970224,0.0071766904571162,0.0037668301213475,0.0025953757489405316
17177.44921875,17207.25,17107.849609375,17151.900390625,0.0,15.079999923706056,15.09000015258789,14.239999771118164,14.8100004196167,0.0,0.0025953757489405,1,41.04717803192764,17319.977466070122,-188.49158512434224,207.22619303050337,99.400390625,-0.0179044764890821,0.0030321318947106,0.0105908795210352,-0.004372693304643627
17097.400390625,17205.400390625,17045.30078125,17076.900390625,219200.0,14.8100004196167,15.0600004196167,13.899999618530272,14.489999771118164,0.0,-0.0043726933046436,0,38.9651817580898,17296.827268408684,-184.64934690737573,203.8600084836817,160.099609375,-0.0216070654579236,0.005209436907835,0.0053751874146148,-0.007720933328590696
17076.19921875,17109.44921875,16917.349609375,16945.05078125,228000.0,14.489999771118164,15.43000030517578,14.199999809265137,15.239999771118164,0.0,-0.0077209333285906,1,35.55125753032546,17263.32474582214,-190.0526978053931,203.01997997591872,192.099609375,0.0517598351861205,-0.0094957894929124,-0.0090643005674553,0.0023988383407489433
16984.30078125,17091.0,16918.55078125,16985.69921875,218400.0,15.239999771118164,16.09000015258789,15.100000381469728,15.449999809265137,0.0,0.0023988383407489,1,37.37300606848302,17236.884219434316,-188.8776392747204,200.83635417406737,172.44921875,0.013779530269085,-0.0096899566864231,-0.0001590009543506,-0.002001683861354908
17031.75,17061.75,16913.75,16951.69921875,238800.0,15.449999809265137,15.609999656677246,14.869999885559082,15.100000381469728,0.0,-0.0020016838613549,2,36.44503987292121,17209.723743178667,-188.51680835439765,197.0623288759197,148.0,-0.0226536849266185,-0.0073316098947168,-0.0091071624287593,0.007609856589321451
16977.30078125,17126.150390625,16940.599609375,17080.69921875,345900.0,15.100000381469728,15.100000381469728,13.31999969482422,13.630000114440918,0.0,0.0076098565893214,2,42.29903892680301,17197.43569323308,-175.79516807945038,196.2400754740683,185.55078125,-0.097351008602142,0.0080051951009847,-0.0041512118338745,0.016337198944623932
17210.349609375,17381.599609375,17204.650390625,17359.75,263900.0,13.630000114440918,13.630000114440918,12.06999969482422,12.9399995803833,0.0,0.0163371989446239,1,52.49292363456098,17212.894198639453,-141.56424607680674,203.71581227056345,176.94921875,-0.0506236631154951,0.0220215121222149,0.0165632874177963,0.002206297973761151
17427.94921875,17428.05078125,17312.75,17398.05078125,230200.0,12.9399995803833,13.489999771118164,12.470000267028809,12.59000015258789,0.0,0.0022062979737611,2,53.70193011850108,17230.528158888075,-110.07654690291749,197.40045291195176,115.30078125,-0.0270478701039527,0.0263307858840662,0.0267334696040717,0.009138954817361267
17422.30078125,17570.55078125,17402.69921875,17557.05078125,248300.0,12.59000015258789,12.8100004196167,12.050000190734863,12.40999984741211,0.0,0.0091389548173612,1,58.43137491681804,17261.625551493973,-71.46850285610344,195.62184913252665,167.8515625,-0.014297085225911,0.0278882940563167,0.0336372118181218,0.002397874785437182
17533.849609375,17638.69921875,17502.849609375,17599.150390625,242700.0,12.40999984741211,12.56999969482422,11.649999618530272,11.800000190734863,0.0,0.0023978747854371,1,59.60792143345433,17293.770774268356,-37.04720602762245,191.3524034355605,135.849609375,-0.049153881077964,0.0137905436786243,0.0381938803609058,0.0014148632219350699
17634.900390625,17694.099609375,17597.94921875,17624.05078125,254800.0,11.800000190734863,12.5600004196167,11.800000190734863,12.270000457763672,0.0,0.001414863221935,2,60.32322854930168,17325.226013028514,-7.670407197299937,184.55225966337755,96.150390625,0.0398305304603168,0.0129899609353687,0.0318108501028779,0.005574768321964241
17704.80078125,17748.75,17655.150390625,17722.30078125,304300.0,12.270000457763672,12.270000457763672,11.670000076293944,11.979999542236328,0.0,0.0055747683219642,2,63.099962276455926,17363.042657621038,23.27062216773993,180.27704245527917,93.599609375,-0.0236349555589339,0.0094121730385652,0.0208845623496882,0.005083967961446945
17759.55078125,17825.75,17717.25,17812.400390625,232800.0,11.979999542236328,12.399999618530272,11.979999542236328,12.270000457763672,0.0,0.0050839679614469,1,65.48543957848241,17405.838632192845,54.434410342142655,175.15011085133065,108.5,0.0242070890324264,0.0121170622028208,0.0238158638910024,0.0008757724412713497
17807.30078125,17842.150390625,17729.650390625,17828.0,285800.0,12.270000457763672,12.510000228881836,11.84000015258789,11.90999984741211,0.0,0.0008757724412713,0,65.89651614824515,17446.04447674591,79.47456182103633,170.67510293337847,112.5,-0.0293399019495371,0.0115722101168125,0.0154325018550016,-0.006795512150830185
17863.0,17863.0,17574.05078125,17706.849609375,357400.0,11.90999984741211,13.270000457763672,11.90999984741211,12.270000457763672,0.0,-0.0067955121508301,1,59.92700547860638,17470.883060805823,88.5228024817552,179.12325406313715,288.94921875,0.0302267518861292,-0.0008718490937331,0.0061195692041686,-0.0026373533282438855
17766.599609375,17766.599609375,17610.19921875,17660.150390625,258900.0,12.270000457763672,12.529999732971191,11.859999656677246,12.079999923706056,0.0,-0.0026373533282438,1,57.75512324478717,17488.908520788602,90.8777792531764,177.5001923889845,156.400390625,-0.0154849655231591,-0.0085474162191038,0.0020483151020767,-0.002344283016240789
17653.349609375,17666.150390625,17579.849609375,17618.75,281500.0,12.079999923706056,12.470000267028809,11.109999656677246,12.149999618530272,0.0,-0.0023442830162407,1,55.82355226485184,17501.27437595159,88.3846070526888,170.98594873619987,86.30078125,0.0057946767604566,-0.0117371550370204,-0.0058429648908541,0.0003234746363958152
17638.599609375,17684.44921875,17584.349609375,17624.44921875,215100.0,12.149999618530272,12.399999618530272,11.579999923706056,11.9399995803833,0.0,0.0003234746363958,1,56.04150311223009,17513.00531336096,85.8786735531321,165.92263878182845,100.099609375,-0.0172839542996113,-0.0046535884385312,-0.0105517037430801,-2.260708945023282e-05
17639.75,17663.19921875,17553.94921875,17624.05078125,230200.0,11.9399995803833,12.039999961853027,11.520000457763672,11.630000114440918,0.0,-2.260708945023282e-05,2,56.020694370415846,17523.581072207537,82.9048768107059,161.874593154555,109.25,-0.0259631052627249,-0.0020441280836522,-0.0114398260461072,0.006771973756565242
17707.55078125,17754.5,17612.5,17743.400390625,255700.0,11.630000114440918,12.210000038146973,11.579999923706056,11.670000076293944,0.0,0.0067719737565652,1,60.72502118324636,17544.51624539015,89.15096071694643,160.45497935780105,142.0,0.0034393775975427,0.0070748714083008,0.0020642170717171,0.0014568576938982503
17761.55078125,17807.44921875,17716.849609375,17769.25,297400.0,11.670000076293944,11.8100004196167,11.43000030517578,11.520000457763672,0.0,0.0014568576938982,1,61.68107018897525,17565.9194601149,95.09072793588712,155.4653100733153,90.599609375,-0.0128534376649215,0.0082159039101177,0.0061777282164547,0.0024958627615121465
17767.30078125,17827.75,17711.19921875,17813.599609375,233000.0,11.520000457763672,11.899999618530272,11.300000190734863,11.649999618530272,0.0,0.0024958627615121,2,63.33033951330277,17589.508045758717,102.19859726912182,152.6857008716499,116.55078125,0.011284648923689,0.0107551226717219,0.0110592186945726,0.005695152810193838
17813.099609375,17931.599609375,17797.900390625,17915.05078125,241400.0,11.649999618530272,12.020000457763672,10.960000038146973,11.43000030517578,0.0,0.0056951528101938,2,66.84570115918919,17620.512115805504,114.69575536046978,151.32952357724636,133.69921875,-0.0188840618504884,0.0096740414377221,0.0164885471819931,0.008370013603697934
17950.400390625,18089.150390625,17885.30078125,18065.0,290300.0,11.43000030517578,11.539999961853027,10.789999961853027,10.949999809265137,0.0,0.0083700136036979,1,71.2350365822212,17662.8442952526,135.14166299203134,155.0809582770859,203.849609375,-0.0419947929216842,0.0166439213810374,0.0250197428629246,0.004575166931912511
18124.80078125,18180.25,18101.75,18147.650390625,265200.0,10.949999809265137,12.0600004196167,10.949999809265137,11.899999618530272,0.0,0.0045751669319125,1,73.33085387580212,17709.016304335684,156.21365411514125,152.2358898287226,78.5,0.0867579749600828,0.0187525704279438,0.0227831188554812,-0.00318502836487633
18113.80078125,18116.349609375,18042.400390625,18089.849609375,226200.0,11.899999618530272,12.25,11.130000114440918,11.84000015258789,0.0,-0.0031850283648763,2,69.51625028616402,17745.286142910856,166.3319477544428,148.87975484095674,73.94921875,-0.0050419720895581,0.0097570936448556,0.0180423827328108,0.009173717607303677
18081.0,18267.44921875,18066.69921875,18255.80078125,226600.0,11.84000015258789,12.029999732971191,11.1899995803833,11.729999542236328,0.0,0.0091737176073036,0,73.73992054312517,17793.90658465744,185.6021351398849,152.58477235231695,200.75,-0.0092905919707712,0.0105619031967894,0.024823796513439,-0.010232406865540389
18117.30078125,18216.94921875,18055.44921875,18069.0,239700.0,11.729999542236328,12.380000114440918,11.529999732971191,12.300000190734863,0.0,-0.0102324068655403,2,63.135680877586935,17820.10595754721,183.6832494288792,155.99668593429436,161.5,0.0485934075654588,-0.0043339159027236,0.0085932895546756,0.010814123118324304
18120.599609375,18286.94921875,18100.30078125,18264.400390625,228400.0,12.300000190734863,12.90999984741211,11.720000267028809,12.640000343322754,0.0,0.0108141231183243,1,68.2750441687555,17862.419713078427,195.67408808773325,160.42186684970193,186.6484375,0.0276422883996376,0.0096491007398724,0.0110379402504843,8.480038171931881e-05
18303.400390625,18344.19921875,18229.650390625,18265.94921875,245400.0,12.640000343322754,12.81999969482422,11.65999984741211,12.68000030517578,0.0,8.480038171931881e-05,1,68.31275360885398,17900.851094570957,202.96226890349865,157.14522122650894,114.548828125,0.0031645538581142,0.0005559020730783,0.0065186856468268,0.0026908205008338015
18313.599609375,18326.75,18211.94921875,18315.099609375,220500.0,12.68000030517578,13.300000190734863,11.539999961853027,13.079999923706056,0.0,0.0026908205008338,1,69.54969503691608,17940.303334076103,210.28025063062523,154.120618371044,114.80078125,0.0315457104813317,0.0136199905570313,0.0124517342522993,-0.0009882342854272697
18357.80078125,18389.69921875,18270.400390625,18297.0,248900.0,13.079999923706056,13.739999771118164,12.81999969482422,13.220000267028809,0.0,-0.0009882342854272,1,68.48942841918696,17974.274445116473,212.17351248229895,151.63334763918374,119.298828125,0.0107033902247215,0.0017848715905139,0.0022567741203833,0.0009728797753729701
18273.75,18342.75,18194.55078125,18314.80078125,241700.0,13.220000267028809,13.510000228881836,12.739999771118164,12.850000381469728,0.0,0.0009728797753729,1,68.9901247645293,18006.70552474824,212.65891087056295,151.38805271852775,148.19921875,-0.0279878879035937,0.0026744606543553,0.013603452390835,0.004589120522186851
18339.30078125,18458.900390625,18287.900390625,18398.849609375,216100.0,12.850000381469728,13.619999885559082,12.539999961853027,13.170000076293944,0.0,0.0045891205221868,0,71.30832687774925,18044.05258042698,217.3204952033011,152.78890609577576,171.0,0.02490269924705,0.0045727297031532,0.0073612719757836,-0.006106338807060685
18432.349609375,18432.349609375,18264.349609375,18286.5,219500.0,13.170000076293944,13.489999771118164,11.710000038146973,13.289999961853027,0.0,-0.0061063388070606,0,64.38002205151983,18067.142810862504,209.53378479928503,153.87541280322034,168.0,0.0091116085697737,-0.0005738645679619,0.0011250869584649,-0.005728269488420423
18300.44921875,18309.0,18115.349609375,18181.75,229900.0,13.289999961853027,13.579999923706056,11.899999618530272,13.109999656677246,0.0,-0.0057282694884204,1,58.65762049448665,18078.05778125655,192.68911100925104,156.7164826476332,193.650390625,-0.0135440410603796,-0.0072646589411015,-0.0072808563545426,-0.002849053652701161
18287.5,18297.19921875,18104.849609375,18129.94921875,272100.0,13.109999656677246,13.109999656677246,11.140000343322754,12.800000190734863,0.0,-0.0028490536527011,1,56.00648171699372,18082.999822922597,173.16357365512522,159.26170598530229,192.349609375,-0.02364603158357,-0.014615065416263,-0.0091299547056894,0.0040513721791914925
18186.150390625,18218.099609375,18060.400390625,18203.400390625,260900.0,12.800000190734863,12.81999969482422,11.6899995803833,12.300000190734863,0.0,0.0040513721791914,2,58.84674937470606,18094.466543656155,161.75176666223706,159.15009975420926,157.69921875,-0.0390624994179233,-0.0045443146241762,-0.0060825335724671,0.006097761825706316
18201.099609375,18335.25,18178.849609375,18314.400390625,262600.0,12.300000190734863,12.81999969482422,11.5600004196167,12.56999969482422,0.0,0.0060977618257063,1,62.759604685499056,18115.41262431985,159.82226811610235,158.95369195926577,156.400390625,0.0219511788538617,0.0072957988436206,-0.0045899184211478,0.001834600568861644
18362.900390625,18419.75,18324.19921875,18348.0,270400.0,12.56999969482422,13.079999923706056,12.31999969482422,12.609999656677246,0.0,0.0018346005688616,1,63.87915465490702,18137.56380295606,159.16952706154188,155.1248289175325,95.55078125,0.0031821768356523,0.0120271038059218,0.0033631367402182,-0.0034117947119577385
18294.80078125,18392.599609375,18262.94921875,18285.400390625,232600.0,12.609999656677246,13.4399995803833,12.40999984741211,13.109999656677246,0.0,-0.0034117947119577,1,60.24524557434696,18151.64347797215,151.8505214753568,153.30522618235162,129.650390625,0.0396510716584548,0.0045046528802514,0.0057007928623482,0.001955111686716471
18268.900390625,18338.099609375,18202.400390625,18321.150390625,235900.0,13.109999656677246,13.130000114440918,8.180000305175781,12.520000457763672,0.0,0.0019551116867164,2,61.589118717395465,18167.786993462894,147.23761941808698,152.04765422289796,135.69921875,-0.0450037539560935,0.000368562434807,0.0105461504369388,0.009726420827874671
18368.349609375,18508.55078125,18333.150390625,18499.349609375,198700.0,12.520000457763672,12.859999656677246,11.699999809265137,11.899999618530272,0.0,0.0097264208278746,2,67.48866296704605,18199.364385454526,156.1609230693066,154.57284968019096,175.400390625,-0.0495208319939745,0.0082488341712994,0.0162579085445166,0.005367798508963517
18619.150390625,18641.19921875,18581.25,18598.650390625,265300.0,11.899999618530272,12.489999771118164,8.8100004196167,12.300000190734863,0.0,0.0053677985089635,1,70.23238311230047,18237.39162404219,169.29393357303343,153.66404680124873,59.94921875,0.0336134945400941,0.017131153450739,0.0155205736435415,0.0018925684396833287
18606.650390625,18662.44921875,18575.5,18633.849609375,234400.0,12.300000190734863,12.380000114440918,11.770000457763672,12.010000228881836,0.0,0.0018925684396833,0,71.16144266864212,18275.14952740722,180.4619685566031,148.89870194044528,86.94921875,-0.023577232305368,0.0170676628968675,0.0155793334082734,-0.0053370195013254795
18594.19921875,18603.900390625,18483.849609375,18534.400390625,696500.0,12.010000228881836,12.470000267028809,11.579999923706056,11.970000267028809,0.0,-0.0053370195013254,1,64.98983959014198,18299.84008580891,179.2220358536215,148.97736608755636,120.05078125,-0.003330554628703,0.0018947034349918,0.0136174212585282,-0.0025169624936233204
18579.400390625,18580.30078125,18464.55078125,18487.75,265600.0,11.970000267028809,11.970000267028809,11.220000267028809,11.600000381469728,0.0,-0.0025169624936233,1,62.26202362331129,18317.736268112825,172.48676356235592,146.60398279558805,115.75,-0.0309105996077745,-0.005962819252783,0.0090932941339889,0.002507044360454902
18550.849609375,18573.69921875,18478.400390625,18534.099609375,270900.0,11.600000381469728,11.739999771118164,10.859999656677246,11.130000114440918,0.0,0.0025070443604549,1,63.88400071090127,18338.342300613986,168.94158444029017,142.93932889054605,95.298828125,-0.0405172630666119,-0.0053531611605266,0.00187844441744,0.003223787573137793
18612.0,18640.150390625,18582.80078125,18593.849609375,256100.0,11.130000114440918,11.34000015258789,10.31999969482422,11.140000343322754,0.0,0.0032237875731377,1,65.91763274004524,18362.6763300198,169.0051439949057,140.30443263050705,57.349609375,0.000898493151753,0.0032075069868497,-0.0002581252482932,0.00027699431442118616
18600.80078125,18622.75,18531.599609375,18599.0,220800.0,11.140000343322754,11.619999885559082,10.470000267028809,11.380000114440918,0.0,0.0002769943144211,2,66.09485784801419,18385.183346208385,167.53981419160118,136.7934296301137,91.150390625,0.0215439644274353,0.0060174980730483,-0.0018702313319877,0.006849851638528914
18665.599609375,18738.94921875,18636.0,18726.400390625,260100.0,11.380000114440918,11.539999961853027,9.640000343322754,11.4399995803833,0.0,0.0068498516385289,1,70.21997118677244,18417.680207581398,174.64547226802097,137.01884313867703,102.94921875,0.0052723607503522,0.0103755124501829,0.0103591158037741,-0.0049048192636628185
18725.349609375,18777.900390625,18615.599609375,18634.55078125,286500.0,11.4399995803833,11.56999969482422,10.130000114440918,11.260000228881836,0.0,-0.0049048192636628,1,64.1592942918283,18438.334547930783,170.895287138228,138.82469586091435,162.30078125,-0.0157342096244582,0.0021889588616699,0.0079404352206191,-0.00381819725413457
18655.900390625,18676.650390625,18555.400390625,18563.400390625,221800.0,11.260000228881836,11.300000190734863,10.3100004196167,11.119999885559082,0.0,-0.0038181972541345,1,59.84997090016226,18450.245580568328,160.33376862898513,137.56936044227763,121.25,-0.0124334227777059,-0.0019140603997527,0.0015809120414556,0.0020524046550352004
18595.05078125,18633.599609375,18559.75,18601.5,179500.0,11.119999885559082,11.800000190734863,10.579999923706056,11.25,0.0,0.0020524046550352,2,61.347100854009255,18464.650763371345,153.27119426414356,133.0179496517578,73.849609375,0.0116906578937776,-0.0066697490184781,0.0004114473756495,0.0061635024393194016
18631.80078125,18728.900390625,18631.80078125,18716.150390625,233200.0,11.25,11.25,9.989999771118164,11.109999656677246,0.0,0.0061635024393194,1,65.51436955542235,18488.603108824074,155.13705811062027,132.6166954355608,97.099609375,-0.0124444749620226,0.0043789415872104,0.006298746740416,0.0021238341844009856
18744.599609375,18769.69921875,18690.0,18755.900390625,261400.0,11.109999656677246,11.369999885559082,10.630000114440918,11.15999984741211,0.0,0.0021238341844009,1,66.84885618169159,18514.05999280512,158.00191373836424,128.83687567230643,79.69921875,0.0045004673519331,0.0103698673707008,0.0015753160983766,-0.0036149041015322014
18774.44921875,18794.099609375,18669.05078125,18688.099609375,263000.0,11.15999984741211,11.369999885559082,9.6899995803833,11.079999923706056,0.0,-0.0036149041015322,2,62.41246684454721,18530.6351943832,153.03725780581954,128.56630084749884,125.048828125,-0.0071684520429994,0.0046555175321882,0.00287363128597,0.0073790483520230765
18723.30078125,18864.69921875,18710.5,18826.0,272800.0,11.079999923706056,11.079999923706056,10.5600004196167,10.84000015258789,0.0,0.007379048352023,1,67.18283804151498,18558.76517587052,158.40415673694952,131.99725145660608,154.19921875,-0.0216606293114385,0.0058692416486472,0.0141460941341124,-0.0037475183921172883
18873.30078125,18881.44921875,18719.150390625,18755.44921875,219800.0,10.84000015258789,11.5,10.329999923706056,11.229999542236328,0.0,-0.0037475183921172,1,62.79212981467257,18577.496989478088,155.17583395664406,134.1616497900628,162.298828125,0.0359778029666661,-2.405493021417904e-05,0.0082761722844932,0.003265717567498605
18752.349609375,18839.69921875,18660.650390625,18816.69921875,211600.0,11.229999542236328,11.4399995803833,10.56999969482422,11.130000114440918,0.0,0.0032657175674986,1,64.93473572042606,18600.27815417065,155.76417555091757,137.3678768139869,179.048828125,-0.0089046689110992,0.0068813636518978,0.0053723028521595,0.0021337637466720683
18849.400390625,18875.900390625,18794.849609375,18856.849609375,217500.0,11.130000114440918,11.43000030517578,10.770000457763672,11.289999961853027,0.0,0.002133763746672,1,66.30450581962575,18624.713530856778,157.65291678659196,133.345227130845,81.05078125,0.0143755476879567,0.0016386704225539,0.0053822646019414,-0.004539443817404343
18853.599609375,18886.599609375,18759.5,18771.25,252700.0,11.289999961853027,11.710000038146973,10.6899995803833,11.550000190734863,0.0,-0.0045394438174043,0,60.84720503911501,18638.669385060894,150.5076265021562,132.89911157685606,127.099609375,0.0230292497573367,0.0008424634923809,0.0044493764675401,-0.005633615236065759
18741.849609375,18756.400390625,18647.099609375,18665.5,210600.0,11.550000190734863,11.84000015258789,11.140000343322754,11.239999771118164,0.0,-0.0056336152360657,1,54.84183089191824,18641.224681721764,134.75838053569169,132.27420293743776,109.30078125,-0.0268398627270477,-0.0080353741637819,-0.0085254435355359,0.0013768299134766515
18682.349609375,18722.05078125,18646.69921875,18691.19921875,171300.0,11.239999771118164,11.93000030517578,11.239999771118164,11.399999618530272,0.0,0.0013768299134766,2,55.97889411465307,18645.984161438737,122.93359980087553,128.20830004904934,75.3515625,0.0142348621592713,-0.0087846270218246,-0.0034256710810087,0.00675190341711196
18748.55078125,18829.25,18714.25,18817.400390625,222500.0,11.399999618530272,11.420000076293944,10.6899995803833,10.779999732971191,0.0,0.0067519034171119,2,61.151934139302185,18662.309516599333,122.33554769609329,128.9113344205458,115.0,-0.0543859566934805,0.0024585677898381,3.726327698871934e-05,0.00822107281232487
18908.150390625,19011.25,18861.349609375,18972.099609375,398800.0,10.779999732971191,11.539999961853027,10.649999618530272,10.890000343322754,0.0,0.0082210728123248,2,66.36908078280072,18691.81333495892,132.8135294778658,133.54978263157824,149.900390625,0.0102041385043007,0.0164260056990168,0.0061118374695368,0.01143527476356887
19076.849609375,19201.69921875,19024.599609375,19189.05078125,247900.0,10.890000343322754,11.220000267028809,10.06999969482422,10.800000190734863,0.0,0.0114352747635688,2,72.04006418344152,18739.16928222474,156.8158761575687,140.41048454182263,177.099609375,-0.0082644765611118,0.0266356137278009,0.0222574831857227,0.00695709243369369
19246.5,19345.099609375,19234.400390625,19322.55078125,226100.0,10.800000190734863,12.029999732971191,10.800000190734863,11.539999961853027,0.0,0.0069570924336936,1,74.85037934108092,18794.729424989047,184.4836306655125,141.52750908347818,110.69921875,0.0685184961156757,0.0268448553008773,0.0352013490798532,0.003438946519135566
19406.599609375,19434.150390625,19300.0,19389.0,226900.0,11.539999961853027,11.989999771118164,11.520000457763672,11.699999809265137,0.0,0.0034389465191355,1,76.13611952610918,18851.326622609136,209.35906112711385,141.00057205072974,134.150390625,0.0138648048475744,0.0219743939368202,0.0373331198861763,0.0004899685388621844
19405.94921875,19421.599609375,19339.599609375,19398.5,224400.0,11.699999809265137,12.210000038146973,11.56999969482422,11.880000114440918,0.0,0.0004899685388621,2,76.32248961998944,18903.43837283684,227.22033500868565,136.78624547567762,82.0,0.0153846417188179,0.0109150380150464,0.0308809717236238,0.00509321758125636
19385.69921875,19512.19921875,19373.0,19497.30078125,268300.0,11.880000114440918,12.210000038146973,11.779999732971191,11.84000015258789,0.0,0.0050932175812563,0,78.2269659017742,18959.996697447616,246.5063488331798,136.95860070955777,139.19921875,-0.0033670001235441,0.0090438370160512,0.0276828175420011,-0.00848835445771845
19422.80078125,19523.599609375,19303.599609375,19331.80078125,237100.0,11.84000015258789,12.06999969482422,11.079999923706056,11.529999732971191,0.0,-0.0084883544577184,1,68.31463906338352,18995.4066101907,245.60500526168107,142.89012923030364,220.0,-0.0261824675356057,-0.0029500860668419,0.0074391381641183,0.0012466303397029588
19400.349609375,19435.849609375,19327.099609375,19355.900390625,268200.0,11.529999732971191,12.010000228881836,11.359999656677246,11.460000038146973,0.0,0.0012466303397029,1,68.93198601494427,19029.73935118444,244.0223829234783,140.45154857099624,108.75,-0.0060710924930941,-0.0021960259491713,0.0017259423847579,0.004313930032438185
19427.099609375,19515.099609375,19406.44921875,19439.400390625,251300.0,11.460000038146973,11.460000038146973,10.949999809265137,11.010000228881836,0.0,0.0043139300324381,1,71.03754393644522,19068.754688274017,246.66252345139583,141.7906678694965,108.650390625,-0.0392669989325671,-0.0029696618662559,0.0025994321844859,-0.002834429471475497
19497.44921875,19507.69921875,19361.75,19384.30078125,327900.0,11.010000228881836,11.199999809265137,10.720000267028809,10.9399995803833,0.0,-0.0028344294714754,1,67.77346883003979,19098.806697128875,241.5246302573032,142.0877072181039,145.94921875,-0.0063579152627905,0.0027157325173203,-0.00073197508828,0.0015192303855748879
19495.19921875,19567.0,19385.80078125,19413.75,310400.0,10.9399995803833,11.170000076293944,10.699999809265137,10.9399995803833,0.0,0.0015192303855748,2,68.60381470150651,19128.80129740232,237.09602335016825,144.9885294703822,181.19921875,0.0,0.0029887325418878,-0.0042852486191498,0.007765114931427508
19493.44921875,19595.349609375,19433.5,19564.5,291200.0,10.9399995803833,10.9399995803833,10.609999656677246,10.68000030517578,0.0,0.0077651149314275,2,72.50870544369303,19170.29641193543,242.9500091254849,147.60360660642633,161.849609375,-0.0237659310036655,0.0064353635843279,0.0120371206688461,0.007511013251041421
19612.150390625,19731.849609375,19562.94921875,19711.44921875,268700.0,10.68000030517578,11.399999618530272,9.859999656677246,11.31999969482422,0.0,0.0075110132510414,1,75.68357814449871,19221.8347744892,256.4902489451706,149.12480546489587,168.900390625,0.0599250347716076,0.0168769790147109,0.0183690151813971,0.001917706853032497
19787.5,19819.44921875,19690.19921875,19749.25,286400.0,11.31999969482422,12.020000457763672,11.06999969482422,11.710000038146973,0.0,0.0019177068530324,1,76.43740637287132,19272.06479596642,267.19118008372243,147.7051765031176,129.25,0.0344523280774531,0.017281565900457,0.0159392575464638,0.004248282371482448
19802.94921875,19851.69921875,19727.44921875,19833.150390625,259700.0,11.710000038146973,11.9399995803833,11.539999961853027,11.600000381469728,0.0,0.0042482823714824,2,78.06295074196608,19325.50151926724,279.2230954121187,146.0298067528949,124.25,-0.0093936512654916,0.013731523454471,0.0231553159662669,0.007361412439498949
19831.69921875,19991.849609375,19758.400390625,19979.150390625,274700.0,11.600000381469728,12.260000228881836,11.369999885559082,11.789999961853027,0.0,0.0073614124394989,0,80.57439654289637,19387.75379272988,297.11450377012807,152.27405046697385,233.44921875,0.0163792736323364,0.0135809989871447,0.0291237082287039,-0.011719737128305097
19800.44921875,19887.400390625,19700.0,19745.0,312500.0,11.789999961853027,12.029999732971191,11.0600004196167,11.489999771118164,0.0,-0.011719737128305,1,67.27259421859355,19421.77724104132,289.06740504041954,161.33664619254714,187.400390625,-0.0254453088808757,-0.0002151980454954,0.0092258938383296,-0.0036794322929856182
19748.44921875,19782.75,19658.30078125,19672.349609375,265600.0,11.489999771118164,12.0,10.539999961853027,11.649999618530272,0.0,-0.0036794322929856,1,63.75569316105184,19445.64127612072,273.67300985998736,158.7018299466509,124.44921875,0.0139251393036832,-0.0081076772011978,-0.0019835989196475,0.0004193703428323481
19729.349609375,19729.349609375,19615.94921875,19680.599609375,369700.0,11.649999618530272,11.649999618530272,10.109999656677246,10.239999771118164,0.0,0.0004193703428323,1,63.98594055848088,19468.018260240176,259.15121295383506,155.46601285224727,113.400390625,-0.1210300337838113,-0.0149431169700835,-0.0034761011494107,0.004964339187534694
19733.349609375,19825.599609375,19716.69921875,19778.30078125,244700.0,10.239999771118164,10.859999656677246,10.220000267028809,10.460000038146973,0.0,0.0049643391875346,0,66.68507363269528,19497.56897652683,252.6142722458353,154.71844050565818,108.900390625,0.0214844015572459,0.0016865424791085,-0.002765552032567,-0.0059863783008722304
19850.900390625,19867.55078125,19603.55078125,19659.900390625,334900.0,10.460000038146973,10.979999542236328,9.890000343322754,10.510000228881836,0.0,-0.0059863783008722,1,60.74364214001042,19513.029111202846,235.1688969718125,162.52426618382546,264.0,0.004780132940011,-0.0006328282588098,-0.0159791579600804,-0.0007044597937843067
19659.75,19695.900390625,19563.099609375,19646.05078125,258700.0,10.510000228881836,10.8100004196167,10.039999961853027,10.140000343322754,0.0,-0.0007044597937843,2,60.069447694367,19525.697841683526,217.7160683372167,160.40116011712365,132.80078125,-0.0352045554235393,-0.0017554763986226,-0.0050113557229678,0.005484562836559181
19666.349609375,19772.75,19597.599609375,19753.80078125,295100.0,10.140000343322754,11.1899995803833,10.140000343322754,10.40999984741211,0.0,0.0054845628365591,1,63.46677071741972,19547.421931166045,210.15654654843087,161.45467658197194,175.150390625,0.0266271691269863,-0.0012387312879388,0.004140388590704,-0.0010251191770254131
19784.0,19795.599609375,19704.599609375,19733.55078125,298000.0,10.40999984741211,10.699999809265137,10.199999809265137,10.279999732971191,0.0,-0.0010251191770254,0,62.39239638648354,19565.1484883169,200.22351327746583,156.42219968325963,91.0,-0.0124880034914923,0.003746223997153,0.002690526352143,-0.010489749274959825
19655.400390625,19678.25,19423.55078125,19526.55078125,290700.0,10.279999732971191,11.8100004196167,9.949999809265137,11.279999732971191,0.0,-0.0104897492749598,0,52.59170956025398,19561.47251621529,173.64665230132232,167.3920425630268,254.69921875,0.0972762671182456,-0.0060826474150239,-0.0127285959893309,-0.007420685416911321
19463.75,19537.650390625,19296.44921875,19381.650390625,315700.0,11.279999732971191,11.960000038146973,10.979999542236328,11.1899995803833,0.0,-0.0074206854169113,2,47.02340692666681,19544.346599492404,139.28644057726342,172.66412322816774,241.201171875,-0.0079787371204294,-0.0188394322057878,-0.0141531744551811,0.006983389270114548
19462.80078125,19538.849609375,19436.44921875,19517.0,280800.0,11.1899995803833,11.1899995803833,10.479999542236328,10.56999969482422,0.0,0.0069833892701145,1,52.122671923274616,19541.74216144551,121.57585674841904,171.55948719401292,102.400390625,-0.0554066048979998,-0.0109737362348268,-0.0065687899663359,0.004114401867602702
19576.849609375,19620.44921875,19524.80078125,19597.30078125,216600.0,10.56999969482422,11.420000076293944,10.399999618530272,11.100000381469728,0.0,0.0041144018676027,1,54.896510277043056,19547.033458569746,112.72032368594957,166.69446801944056,95.6484375,0.0501419774784885,0.0036232717591853,-0.0079225259854066,-0.0013497354646058168
19627.19921875,19634.400390625,19533.099609375,19570.849609375,260300.0,11.100000381469728,11.529999732971191,11.100000381469728,11.329999923706056,0.0,-0.0013497354646058,1,53.79098027622814,19549.301663408343,102.387600895574,162.02349039305196,101.30078125,0.02072067876865,0.0097617702794554,-0.0082449009647869,0.003152707884763739
19578.80078125,19645.5,19467.5,19632.55078125,266500.0,11.329999923706056,11.770000457763672,10.489999771118164,11.140000343322754,0.0,0.0031527078847637,1,56.01609670857098,19557.230150821837,98.04738335017464,163.1646696506911,178.0,-0.0167696012058887,0.0059205196111082,0.0054285060985672,-0.004556268458015711
19605.55078125,19623.599609375,19495.400390625,19543.099609375,312200.0,11.140000343322754,11.90999984741211,10.630000114440918,11.399999618530272,0.0,-0.0045562684580157,0,52.09926520728827,19555.88438496975,86.39387289181468,161.30650686314175,128.19921875,0.0233392519923361,-0.0027657467974803,0.0083300036630571,-0.005874136161590715
19554.25,19557.75,19412.75,19428.30078125,235500.0,11.399999618530272,11.869999885559082,11.359999656677246,11.520000457763672,0.0,-0.0058741361615907,1,47.50807213309839,19543.73356556787,67.12134282025363,160.14175637291734,145.0,0.0105263897586751,-0.0072837322328977,-0.0045447158246656,0.00032169565781225984
19383.94921875,19465.849609375,19257.900390625,19434.55078125,243900.0,11.520000457763672,12.760000228881836,10.479999542236328,12.0,0.0,0.0003216956578122,1,47.77789303792186,19533.335205156643,51.75544213375906,163.55657511413753,207.94921875,0.0416666252745538,-0.0100852916264502,-0.0083047151144259,0.0015667570139761278
19369.0,19482.75,19317.19921875,19465.0,0.0,12.0,12.68000030517578,12.0,12.130000114440918,0.0,0.0015667570139761,0,49.14928301780554,19526.82709037982,41.55582295335262,163.69901840955626,165.55078125,0.0108333428700764,-0.0039962754596786,-0.0054085341969157,-0.005124582584125403
19450.55078125,19461.55078125,19326.25,19365.25,268700.0,12.130000114440918,12.670000076293944,12.109999656677246,12.239999771118164,0.0,-0.0051245825841254,1,44.98187897889759,19511.43879605793,25.133832735617037,161.91694566601652,135.30078125,0.0090683970024278,-0.003245306007968,-0.0136151834893143,-0.0028452826260957353
19301.75,19373.80078125,19253.599609375,19310.150390625,256100.0,12.239999771118164,12.489999771118164,10.789999961853027,12.140000343322754,0.0,-0.0028452826260957,1,42.82197040952098,19492.268471730986,7.585765204792551,158.93724753808675,120.201171875,-0.0081698880445546,-0.0064009913079657,-0.0119197682765865,0.0043215209131937105
19320.650390625,19425.94921875,19296.30078125,19393.599609375,262600.0,12.140000343322754,12.59000015258789,11.170000076293944,11.960000038146973,0.0,0.0043215209131937,1,46.97475050215024,19482.87143722089,0.4077495159181126,156.84518967822342,129.6484375,-0.0148270428406359,-0.0036681423388132,-0.0017861146101099,0.00014693555773015454
19417.099609375,19443.5,19381.30078125,19396.44921875,208700.0,11.960000038146973,12.09000015258789,11.59000015258789,11.75,0.0,0.0001469355577301,1,47.11599833663304,19474.640749747472,-4.993379401479615,150.08476318335033,62.19921875,-0.0175585315616361,0.0016110930016395,-0.0019605064675206,0.0024515199000461063
19439.19921875,19472.05078125,19366.599609375,19444.0,225200.0,11.75,11.890000343322754,10.3100004196167,11.729999542236328,0.0,0.0024515199000461,1,49.53186702696235,19471.722583104856,-5.374903788022493,146.89664951846817,105.451171875,-0.0017021666181847,0.006931567422695,-0.0010788594913948,-0.002946964680621278
19535.150390625,19584.44921875,19369.0,19386.69921875,268300.0,11.729999542236328,12.239999771118164,10.199999809265137,11.699999809265137,0.0,-0.0029469646806212,0,46.75976684047573,19463.625119832966,-10.183568933745846,151.79326160643473,215.44921875,-0.0025575220922363,-0.0003558076254015,0.0011076138314765,-0.006236153774081932
19297.400390625,19339.55078125,19229.69921875,19265.80078125,466500.0,11.699999809265137,12.239999771118164,9.979999542236328,12.079999923706056,0.0,-0.0062361537740819,1,41.48438706953529,19444.78470663459,-23.47930935920885,152.16517149168936,109.8515625,0.0324786427893784,-0.0067356883740198,-0.002296699325373,0.002089194238900971
19298.349609375,19366.849609375,19249.69921875,19306.05078125,248200.0,12.079999923706056,12.720000267028809,9.5,12.399999618530272,0.0,0.0020891942389009,1,43.75928595872794,19431.571951836057,-30.417803318083315,149.66411571549725,117.150390625,0.0264900411295736,-0.0070946934144209,-0.0045143155416428,0.0018957584743610756
19374.849609375,19377.900390625,19309.099609375,19342.650390625,307400.0,12.399999618530272,12.460000038146973,10.649999618530272,12.229999542236328,0.0,0.001895758474361,1,45.821860606561295,19423.10323172072,-32.58767671671012,144.10593669117603,68.80078125,-0.0137096839938527,-0.0022721159299978,-0.0027736431301557,0.0002480956863764039
19433.44921875,19452.80078125,19334.75,19347.44921875,233000.0,12.229999542236328,12.239999771118164,11.460000038146973,11.800000190734863,0.0,0.0002480956863764,1,46.10097561016112,19415.898087628266,-33.5335379425087,142.24485415966345,118.05078125,-0.0351593922809613,0.0042379986395095,-0.0049655822490228,-0.004840350603388277
19375.55078125,19388.19921875,19223.650390625,19253.80078125,562600.0,11.800000190734863,12.279999732971191,11.760000228881836,12.0600004196167,0.0,-0.0048403506033882,2,41.597233001374285,19400.46024892557,-41.3629793536893,143.8379951571875,164.548828125,0.0220339173456949,-0.002706405395491,-0.0068551348530474,0.009426710188917609
19258.150390625,19458.55078125,19255.69921875,19435.30078125,333000.0,12.0600004196167,12.18000030517578,10.40999984741211,11.369999885559082,0.0,0.0094267101889176,1,51.48882164276649,19403.778394861238,-32.54715163477522,148.1888526459598,202.8515625,-0.0572139726409351,0.0047899532253297,0.008797973254502,0.004810833701642592
19525.05078125,19545.150390625,19432.849609375,19528.80078125,296800.0,11.369999885559082,11.539999961853027,10.859999656677246,10.960000038146973,0.0,0.0048108337016425,1,55.65551819046736,19415.685288803023,-17.810566936084797,145.6254189748198,112.30078125,-0.036059793451084,0.0093734094065613,0.0115378335281461,0.0023605960187407238
19564.650390625,19587.05078125,19525.75,19574.900390625,256800.0,10.960000038146973,11.09000015258789,9.369999885559082,10.81999969482422,0.0,0.0023605960187407,1,57.5896762191296,19430.848631833687,-2.384378553222632,139.6022305659041,61.30078125,-0.0127737539083461,0.0166772063876186,0.0120071445903073,0.0018467726478093027
19581.19921875,19636.44921875,19491.5,19611.05078125,287600.0,10.81999969482422,10.979999542236328,9.8100004196167,10.68000030517578,0.0,0.0018467726478093,2,59.096335397566456,19448.010741301907,12.612630725980123,139.98415829333953,144.94921875,-0.0129389458037976,0.0090428237760824,0.0136246158095372,0.005915032360780392
19598.650390625,19737.0,19550.05078125,19727.05078125,304900.0,10.68000030517578,11.029999732971191,9.800000190734863,10.869999885559082,0.0,0.0059150323607803,1,63.56879703086478,19474.585983201723,33.47225189087476,143.33880546881528,186.94921875,0.0177902223739845,0.0101516730197965,0.0245795625173843,0.004709190366575022
19774.80078125,19867.150390625,19727.05078125,19819.94921875,288100.0,10.869999885559082,10.970000267028809,10.079999923706056,10.779999732971191,0.0,0.004709190366575,2,66.70826421521946,19507.477719920607,56.84451132899994,143.10743431925704,140.099609375,-0.0082796829379415,0.0125185223543902,0.0197912263787081,0.008900143420050854
19890.0,20008.150390625,19865.349609375,19996.349609375,248800.0,10.779999732971191,11.5,10.34000015258789,11.350000381469728,0.0,0.0089001434200508,1,71.69602566324248,19554.036947487693,88.58013593774012,146.3284155732387,142.80078125,0.052875757200175,0.019647026180432,0.0239415022643838,-0.0001575482868895195
20110.150390625,20110.349609375,19914.650390625,19993.19921875,328100.0,11.350000381469728,12.020000457763672,10.710000038146973,11.6899995803833,0.0,-0.0001575482868895,1,71.49002707518565,19595.86192570315,112.1834558413102,149.8549015144359,195.69921875,0.0299558755494551,0.0134915472389296,0.0213691421043111,0.003841345269944396
19989.5,20096.900390625,19944.099609375,20070.0,251400.0,11.6899995803833,12.050000190734863,11.539999961853027,11.829999923706056,0.0,0.0038413452699443,1,73.48974603691428,19641.017932779043,135.5241995026081,150.06532149554764,152.80078125,0.011976077703004,0.0126161161408753,0.0234025817315612,0.001649208239910216
20127.94921875,20167.650390625,20043.44921875,20103.099609375,275100.0,11.829999923706056,12.039999961853027,11.210000038146973,11.31999969482422,0.0,0.0016492082399102,1,74.32557012328697,19685.02571150247,154.9070962870719,148.2178822369371,124.201171875,-0.0431107550440342,0.0053384743758406,0.0190625974604587,0.004439613877174287
20156.44921875,20222.44921875,20129.69921875,20192.349609375,438200.0,11.31999969482422,11.31999969482422,10.06999969482422,10.899999618530272,0.0,0.0044396138771742,1,76.47898219996289,19733.342273204617,175.44746161635703,146.15586274679873,92.75,-0.0371024812382264,0.0099609066286017,0.0187891697660205,-0.002924316846098174
20155.94921875,20195.349609375,20115.69921875,20133.30078125,264900.0,10.899999618530272,11.40999984741211,10.449999809265137,10.84000015258789,0.0,-0.0029243168460981,0,72.16629006205332,19771.43355968513,184.83049133597888,141.40547188095596,79.650390625,-0.0055045383524952,0.003154000062282,0.0068488086350917,-0.011518249945432046
19980.75,20050.650390625,19878.849609375,19901.400390625,378100.0,10.84000015258789,11.470000267028809,10.84000015258789,11.130000114440918,0.0,-0.011518249945432,0,58.26929245929211,19783.811353107976,171.57636105122947,149.48016473767342,171.80078125,0.0267527636319999,-0.0100332397823835,-0.0045915026965224,-0.007991939166498319
19840.55078125,19848.75,19709.94921875,19742.349609375,275100.0,11.130000114440918,11.390000343322754,10.619999885559082,10.81999969482422,0.0,-0.0079919391664983,1,51.01341396295523,19779.8626156096,146.5489731665839,152.47809381891102,138.80078125,-0.0278526879091834,-0.0222856680230552,-0.0163253806988041,-0.003449417659114995
19744.849609375,19798.650390625,19657.5,19674.25,246400.0,10.81999969482422,11.06999969482422,10.390000343322754,10.65999984741211,0.0,-0.0034494176591149,1,48.243401787203176,19769.804271265824,119.8380995955158,151.6689721622031,141.150390625,-0.0147874169986017,-0.0228005723570926,-0.0213325117871379,1.5288066889551644e-05
19678.19921875,19734.150390625,19601.55078125,19674.55078125,188400.0,10.65999984741211,11.3100004196167,10.270000457763672,10.899999618530272,0.0,1.5288066889551644e-05,1,48.2567659476566,19760.732510311936,97.56909459430244,150.30687482026002,132.599609375,0.022514050145735,-0.0113986757174063,-0.025643317302935,-0.0005007261720755274
19682.80078125,19699.349609375,19637.44921875,19664.69921875,204900.0,10.899999618530272,11.289999961853027,9.25,11.1899995803833,0.0,-0.0005007261720755,1,47.82121833840284,19751.58648254413,78.22409031022835,143.99212594917,61.900390625,0.0266055020185522,-0.0039331889142579,-0.0232749496762302,0.002631619198663282
19637.05078125,19730.69921875,19554.0,19716.44921875,203600.0,11.1899995803833,11.81999969482422,9.390000343322754,11.59000015258789,0.0,0.0026316191986632,0,50.355964194849136,19748.2400764685,66.30451042600544,146.32834686351498,176.69921875,0.0357462544418512,0.0021448959299592,-0.0092933747497551,-0.009783629666773708
19761.80078125,19766.650390625,19492.099609375,19523.55078125,352800.0,11.59000015258789,13.020000457763672,9.399999618530272,12.81999969482422,0.0,-0.0097836296667737,2,42.13874101727506,19726.8410959715,40.82229173693122,155.48709217683535,274.55078125,0.1061259297707331,-0.0076748893369349,-0.0110827146947646,0.005877516917168757
19581.19921875,19726.25,19551.05078125,19638.30078125,243500.0,12.81999969482422,12.81999969482422,11.3100004196167,11.449999809265137,0.0,0.0058775169171687,0,47.61506625758731,19718.40868504564,29.546225336809584,158.8593869320614,175.19921875,-0.106864268188102,-0.0013424277283036,-0.0018272218127756,-0.005578424654468894
19622.400390625,19623.19921875,19479.650390625,19528.75,221700.0,11.449999809265137,12.40999984741211,10.779999732971191,11.789999961853027,0.0,-0.0055784246544688,1,43.39261499660817,19700.34595313653,11.635897597836449,158.84445862441413,143.548828125,0.0296943369652082,-0.0095199301186291,-0.0074106282207444,-0.004744307271330683
19446.30078125,19457.80078125,19333.599609375,19436.099609375,277100.0,11.789999961853027,12.220000267028809,11.119999885559082,11.65999984741211,0.0,-0.0047443072713306,2,40.149814337220455,19675.17963468305,-9.919927633247426,161.43773948159884,124.201171875,-0.0110263032113263,-0.0044792657265494,-0.0116248719002542,0.005641584105285702
19521.849609375,19576.94921875,19487.30078125,19545.75,234900.0,11.65999984741211,11.65999984741211,10.84000015258789,10.9399995803833,0.0,0.0056415841052857,2,45.35463065052795,19662.853002808475,-17.94830737830489,159.96715875969895,89.6484375,-0.0617495948928858,-0.0047127693114041,-0.0086577059011045,0.0055127073660514725
19621.19921875,19675.75,19589.400390625,19653.5,159100.0,10.9399995803833,10.9399995803833,9.729999542236328,10.300000190734863,0.0,0.0055127073660514,0,49.95984967282794,19661.96224063624,-15.4383677782389,157.82664741972047,86.349609375,-0.0585008605298332,0.0063880176662611,0.0066560238045838,-0.00718194675884698
19539.44921875,19588.94921875,19480.5,19512.349609375,165100.0,10.300000190734863,11.630000114440918,10.119999885559082,11.399999618530272,0.0,-0.0071819467588469,2,44.65124936124086,19647.71341861136,-24.55581528926268,158.91045831831187,108.44921875,0.1067960589733667,0.0039231122258305,-0.0064135473469911,0.00909680297624016
19565.599609375,19717.80078125,19565.44921875,19689.849609375,216600.0,11.399999618530272,11.399999618530272,10.859999656677246,11.270000457763672,0.0,0.0090968029762401,2,51.61398235434384,19651.72638916028,-17.25973211084056,162.23479500093245,152.3515625,-0.0114034355365497,0.0073724267104102,0.0082493559175573,0.006170692128707245
19767.0,19839.19921875,19756.94921875,19811.349609375,213700.0,11.270000457763672,11.31999969482422,10.390000343322754,10.989999771118164,0.0,0.0061706921287072,1,55.720184499398016,19666.928600609303,-1.6544278301880695,161.31442459908016,82.25,-0.0248447804145935,0.0080316284313226,0.0193068572163006,-0.0008757409120068171
19822.69921875,19843.30078125,19772.650390625,19794.0,217900.0,10.989999771118164,11.119999885559082,10.56999969482422,10.619999885559082,0.0,-0.0008757409120068,1,55.00239001982593,19679.030638646516,9.206789622799988,154.83842217236014,70.650390625,-0.0336669602606767,0.0144344682349109,0.0127009707992786,-0.0021698099802970328
19654.55078125,19805.400390625,19635.30078125,19751.05078125,255000.0,10.619999885559082,11.029999732971191,10.399999618530272,10.619999885559082,0.0,-0.002169809980297,1,53.17616278978685,19685.889699846844,14.185221292551432,155.92850697254872,170.099609375,0.0,0.0031082599963516,0.0049635322588852,-0.0009772027556287366
19737.25,19781.30078125,19691.849609375,19731.75,181000.0,10.619999885559082,11.149999618530272,9.149999618530272,11.06999969482422,0.0,-0.0009772027556287,1,52.33521016803732,19690.25734748048,16.384383540447743,151.18012589415235,89.451171875,0.0423728638525731,-0.0040178791927094,0.0112441809939478,0.004041709427698992
19843.19921875,19849.75,19775.650390625,19811.5,185800.0,11.06999969482422,11.06999969482422,10.43000030517578,10.699999809265137,0.0,0.0040417094276989,0,55.46891641357315,19701.80426676805,24.282480645888427,148.81011690171292,74.099609375,-0.0334236581534934,0.0008841062948368,0.0061783301060398,-0.007086812741337156
19820.44921875,19840.94921875,19659.94921875,19671.099609375,198900.0,10.699999809265137,11.170000076293944,10.489999771118164,10.970000267028809,0.0,-0.0070868127413371,1,49.32116579909469,19698.880013683,18.993693876403995,151.1093942658763,181.0,0.0252336880912724,-0.0040479452339264,-0.0070792754035107,-0.0023588102112444
19545.19921875,19681.80078125,19512.349609375,19624.69921875,230300.0,10.970000267028809,11.210000038146973,10.050000190734863,10.899999618530272,0.0,-0.0023588102112444,1,47.44946724662902,19691.81517607033,10.932149504289557,152.41952123795656,169.451171875,-0.0063810981581219,-0.0054253059789425,-0.0085531363670808,-0.004180896084593599
19542.150390625,19593.80078125,19518.69921875,19542.650390625,198300.0,10.899999618530272,11.09000015258789,10.06999969482422,10.81999969482422,0.0,-0.0041808960845935,0,44.251555037647606,19677.60900602792,-2.0536638514095102,149.1038411495311,75.1015625,-0.0073394427987,-0.0135703813126214,-0.010551357137051,-0.013350307425555652
19521.599609375,19556.849609375,19257.849609375,19281.75,176000.0,10.81999969482422,11.359999656677246,8.819999694824219,10.90999984741211,0.0,-0.0133503074255556,0,35.953700412657795,19639.90814831097,-33.0168973411819,159.8107096388503,299.0,0.0083179440967029,-0.0197929763514308,-0.0228058839180508,-0.008277236732921023
19286.44921875,19347.30078125,19074.150390625,19122.150390625,225300.0,10.90999984741211,12.18000030517578,9.970000267028809,11.3100004196167,0.0,-0.008277236732921,0,32.000605359237966,19590.59788567421,-69.63117279082508,167.906401137861,273.150390625,0.0366636643262163,-0.0256079760776588,-0.0347954273717285,-0.013853064912347501
19027.25,19041.69921875,18837.849609375,18857.25,300400.0,11.3100004196167,12.699999809265137,11.3100004196167,11.729999542236328,0.0,-0.0138530649123475,2,26.744504644798692,19520.75522989572,-118.65570838908025,176.2202854315852,203.849609375,0.0371351995611917,-0.0350720284569896,-0.0413728579253968,0.010075700327460302
18928.75,19076.150390625,18926.650390625,19047.25,205200.0,11.729999542236328,12.3100004196167,10.670000076293944,10.90999984741211,0.0,0.0100757003274603,1,34.99209935107994,19475.65949371517,-140.5563478647637,179.26886437397198,149.5,-0.0699062000703101,-0.0121617591764232,-0.0294246149871325,0.004916740769664862
19053.400390625,19158.5,18940.0,19140.900390625,180100.0,10.90999984741211,12.1899995803833,10.90999984741211,11.489999771118164,0.0,0.0049167407696648,1,38.65803997099934,19443.77767437325,-148.6425003629156,182.0710883472597,218.5,0.0531622302307943,0.0009805382562617,-0.0205576005285714,-0.0032026069828995363
19232.94921875,19233.69921875,19056.44921875,19079.599609375,206000.0,11.489999771118164,12.289999961853027,11.260000228881836,11.829999923706056,0.0,-0.0032026069828995,1,37.18005370913438,19409.09404913532,-158.1739642106113,181.726724893884,177.25,0.0295909625205155,0.0117912001683702,-0.010484027156508,-0.004740624572936891
19064.05078125,19096.05078125,18973.69921875,18989.150390625,194100.0,11.829999923706056,12.199999809265137,11.829999923706056,12.050000190734863,0.0,-0.0047406245729368,2,35.050686375531896,19369.099414991484,-171.05440531110798,177.48564186574944,122.3515625,0.0185968105196645,-0.003050288591529,-0.0069552846977506,0.007588523257266999
19120.0,19175.25,19064.150390625,19133.25,245600.0,12.050000190734863,12.050000190734863,10.949999809265137,11.079999923706056,0.0,0.0075885232572669,2,40.86170223898416,19346.63756594468,-167.7014555073838,178.10092525926734,111.099609375,-0.080497946197099,-0.0003996881269361,0.0146362804756792,0.005087980838331285
19241.0,19276.25,19210.900390625,19230.599609375,189500.0,11.079999923706056,11.079999923706056,10.640000343322754,10.880000114440918,0.0,0.0050879808383312,2,44.47592502953858,19335.58633198566,-155.39759203002177,175.59371631217684,65.349609375,-0.0180505244261988,0.0079142122000193,0.0096260409967319,0.00941990339899168
19345.849609375,19423.0,19309.69921875,19411.75,180700.0,10.880000114440918,11.279999732971191,10.380000114440918,11.109999656677246,0.0,0.0094199033989916,1,50.53409935873308,19342.84001465369,-129.53615681094743,176.79419304880707,113.30078125,0.0211396635861291,0.0222547929044596,0.0141503066129353,-0.000260191958478706
19404.05078125,19423.5,19329.099609375,19406.69921875,198700.0,11.109999656677246,12.18000030517578,11.0,11.1899995803833,0.0,-0.0002601919584787,1,50.36908245193535,19348.921843615248,-108.20106439644952,170.90892144710656,94.400390625,0.0072007134273828,0.0142918332614689,0.0171439451598489,0.0018962926582819506
19449.599609375,19464.400390625,19401.5,19443.5,195000.0,11.1899995803833,11.329999923706056,10.630000114440918,11.039999961853027,0.0,0.0018962926582819,1,51.6089968403276,19357.929287080464,-87.31680073099778,163.19402638838466,62.900390625,-0.0134047921497004,0.011070917961456,0.0239268003058901,-0.002478937369815082
19457.400390625,19463.900390625,19378.349609375,19395.30078125,208400.0,11.039999961853027,11.25,10.369999885559082,10.979999542236328,0.0,-0.002478937369815,1,49.85231789919655,19361.48847700137,-73.80437456027721,157.64808030707147,85.55078125,-0.0054348206362337,-0.0008473846381701,0.0136960935152157,0.001549283945833313
19351.849609375,19451.30078125,19329.44921875,19425.349609375,152200.0,10.979999542236328,11.359999656677246,9.859999656677246,11.109999656677246,0.0,0.0015492839458333,1,50.97272778531299,19367.570489608384,-59.97958287170332,155.09118617799496,121.8515625,0.0118397194772961,0.0009610284786081,0.0101270893240925,0.0009369804014345284
19486.75,19494.400390625,19414.75,19443.55078125,189300.0,11.350000381469728,11.630000114440918,10.5,11.1899995803833,0.0,0.0009369804014345,2,51.67699344098081,19374.806707859967,-47.012720027418254,149.70255792420963,79.650390625,0.0072007134273828,2.611733998403309e-06,0.0016382233054721,0.011926753508604282
19651.400390625,19693.19921875,19579.650390625,19675.44921875,291500.0,11.1899995803833,11.420000076293944,8.399999618530273,11.140000343322754,0.0,0.0119267535086042,1,59.63320317790407,19403.43932794473,-17.81871885280634,156.84154932248038,113.548828125,-0.0044682072328401,0.014444139880049,0.0138483106771885,0.004561522280999375
19674.69921875,19875.25,19627.0,19765.19921875,282700.0,11.140000343322754,11.8100004196167,10.619999885559082,11.649999618530272,0.0,0.0045615222809993,1,62.225430689027576,19437.892650878566,12.416680572918269,163.37072437087463,248.25,0.0457809030062741,0.0174951605098001,0.0165453348805513,-0.0016897597201204206
19674.75,19806.0,19667.44921875,19731.80078125,236800.0,11.649999618530272,12.09000015258789,10.1899995803833,11.829999923706056,0.0,-0.0016897597201204,1,60.66423295256923,19465.88390139013,33.29962037286896,161.59787129081215,138.55078125,0.0154506704780896,0.0148249670671247,0.0173495633707987,-0.0019157289123818977
19731.150390625,19756.44921875,19670.5,19694.0,173800.0,11.829999923706056,12.670000076293944,11.199999809265137,12.149999618530272,0.0,-0.0019157289123818,1,58.864119153825065,19487.60924411488,46.26596820333725,156.1943961093256,85.94921875,0.0270498475813996,0.0009428390195189,0.0138298870304678,0.0045394734754240496
19770.900390625,19829.099609375,19754.05078125,19783.400390625,195000.0,12.149999618530272,12.4399995803833,10.760000228881836,12.229999542236328,0.0,0.004539473475424,1,61.754598056702285,19515.779829496794,63.02919532033047,154.68762562830236,75.048828125,0.0065843560673075,0.0009208696392866,0.0174787832324705,0.0014380348265852216
19784.0,19825.55078125,19703.849609375,19811.849609375,184500.0,12.229999542236328,12.710000038146973,11.020000457763672,11.869999885559082,0.0,0.0014380348265852,1,62.653908771704565,19543.97695138996,77.7139497388307,152.33145036020937,121.701171875,-0.0294357866027702,0.0040568435193744,0.0069325172253253,-0.0004971574875239915
19828.44921875,19875.150390625,19786.75,19802.0,170000.0,11.869999885559082,12.140000343322754,10.979999542236328,11.31999969482422,0.0,-0.0004971574875239,1,62.10937969373457,19568.550575067107,87.54774633037232,147.76494609340867,88.400390625,-0.0463353155886705,0.0054839037270235,0.0018618978155853,-0.00036868908443588033
19809.599609375,19832.849609375,19768.849609375,19794.69921875,145900.0,11.31999969482422,11.470000267028809,8.680000305175781,11.329999923706056,0.0,-0.0003686890844358,1,61.68145971734371,19590.088541132147,93.67219420032052,141.7817356581652,64.0,0.0008834124692078,0.0005711266972261,0.0031876683835045,0.004799264638990497
19844.650390625,19916.849609375,19800.0,19889.69921875,229600.0,11.329999923706056,12.489999771118164,11.06999969482422,12.18000030517578,0.0,0.0047992646389904,2,65.05530792641562,19618.622891381467,104.9814089793399,140.37949672722482,116.849609375,0.0750220994875072,0.0039294468164225,0.0099369969914695,0.010402389113554511
19976.55078125,20104.650390625,19956.30078125,20096.599609375,236200.0,12.18000030517578,14.460000038146973,11.329999923706056,12.710000038146973,0.0,0.0104023891135545,1,71.03652584568044,19664.144483571326,129.15041002154248,145.7060449520659,148.349609375,0.0435139342932506,0.0148772653961721,0.0158314148511304,0.0018187545137213768
20108.5,20158.69921875,20015.849609375,20133.150390625,486600.0,12.710000038146973,13.350000381469728,11.760000228881836,12.6899995803833,0.0,0.0018187545137213,2,71.9499288016151,19708.81171281453,149.53016934210973,145.50201383941834,142.849609375,-0.0015736001340396,0.0170980709600483,0.0162176065125165,0.0066929416105065975
20194.099609375,20291.55078125,20183.69921875,20267.900390625,265800.0,12.6899995803833,12.760000228881836,11.779999732971191,12.380000114440918,0.0,0.0066929416105065,2,75.07118990910325,19762.058253558385,174.54245747825917,146.42332646695988,107.8515625,-0.0244286427260086,0.019014926657034,0.0235279461986162,0.020668169003769332
20601.94921875,20702.650390625,20507.75,20686.80078125,381100.0,12.380000114440918,13.15999984741211,11.34000015258789,12.989999771118164,0.0,0.0206681690037693,2,81.83734719171679,19850.1289704814,225.56644706523,167.018088862177,194.900390625,0.0492729928140871,0.0293682107096204,0.0450676998241519,0.008135565760247543
20808.900390625,20864.05078125,20711.150390625,20855.099609375,421000.0,12.989999771118164,13.880000114440918,11.479999542236328,13.460000038146973,0.0,0.0081355657602475,1,83.7461135470121,19945.840459899835,276.3974970243653,167.74893965773578,152.900390625,0.036181699408017,0.0358587307372508,0.0485377068807011,0.003960643244200535
20950.75,20961.94921875,20852.150390625,20937.69921875,359200.0,13.460000038146973,14.09000015258789,12.6899995803833,13.739999771118164,0.0,0.0039606432442005,1,84.60144612143958,20040.303198837944,319.66170731828606,163.6096459768261,109.798828125,0.0208023575169127,0.0330472725450543,0.0418528321071107,-0.0017455990623970186
20932.400390625,20941.25,20850.80078125,20901.150390625,275000.0,13.739999771118164,13.739999771118164,12.550000190734863,12.670000076293944,0.0,-0.001745599062397,1,82.5318782864475,20122.28864567481,346.99972388254173,158.38390117490994,90.44921875,-0.0778747971359785,0.010361660637699,0.0381460419804751,0.003265370504707432
20934.099609375,21006.099609375,20862.69921875,20969.400390625,292400.0,12.670000076293944,12.880000114440918,12.140000343322754,12.470000267028809,0.0,0.0032653705047074,1,83.35091996609452,20202.96595471768,369.9084294655622,157.31365042134493,143.400390625,-0.0157853045036159,0.005480711355539,0.0346113798903651,0.001320935183362959
20965.30078125,21026.099609375,20923.69921875,20997.099609375,212900.0,12.470000267028809,13.119999885559082,12.229999542236328,12.760000228881836,0.0,0.0013209351833629,1,83.68526084198322,20278.59773135171,385.8509891307149,153.39127472160604,102.400390625,0.0232558103963957,0.0028370065881835,0.0149998461050704,-0.004319607014175553
21018.55078125,21037.900390625,20867.150390625,20906.400390625,244900.0,12.760000228881836,12.869999885559082,11.6899995803833,12.710000038146973,0.0,-0.0043196070141755,1,78.15106117539767,20338.38846080631,386.7091709722881,154.63118367006274,170.75,-0.0039185101753909,0.0002511823465158,0.0024598674765829,0.0009542158562574343
20929.75,20950.0,20769.5,20926.349609375,260300.0,12.710000038146973,12.81999969482422,11.539999961853027,12.06999969482422,0.0,0.0009542158562574,2,78.48803255149446,20394.384760669996,384.5659842131572,156.47895626505826,180.5,-0.0503540787885049,-0.0020530287203275,-0.0005420657378073,0.012250087289956912
21110.400390625,21210.900390625,21074.44921875,21182.69921875,334400.0,12.06999969482422,12.510000228881836,11.0,12.31999969482422,0.0,0.0122500872899569,2,82.2717592140087,20469.462328106183,398.953872437909,165.62694376398264,136.451171875,0.0207125108799466,0.0088392974662143,0.0134704943442389,0.012932779200891975
21287.44921875,21492.30078125,21235.30078125,21456.650390625,508800.0,12.31999969482422,13.34000015258789,10.800000190734863,13.130000114440918,0.0,0.0129327792008919,1,85.25626443063625,20563.480238822263,427.53360629703457,175.9108451022696,257.0,0.0657467889351481,0.0263196910859291,0.023236239039903,-0.0017710126840955187
21434.80078125,21482.80078125,21365.349609375,21418.650390625,249700.0,13.130000114440918,14.119999885559082,13.130000114440918,13.899999618530272,0.0,-0.0017710126840955,1,83.1648428300714,20644.925015184428,442.0216187929691,171.73515415746462,117.451171875,0.0586442876906359,0.0235254017274684,0.0200766195852013,0.0016083748565725031
21477.650390625,21505.05078125,21337.75,21453.099609375,249800.0,13.899999618530272,14.119999885559082,13.550000190734863,13.869999885559082,0.0,0.0016083748565725,0,83.55860537814253,20721.89402415496,451.0834281553907,171.41841323550287,167.30078125,-0.0021582542298201,0.0127651527235799,0.0261498492583713,-0.01412146609423337
21543.5,21593.0,21087.349609375,21150.150390625,363900.0,13.869999885559082,14.869999885559082,12.779999732971191,14.449999809265137,0.0,-0.0141214660942333,1,68.40602120758297,20762.680344771157,428.8756952124968,195.2921259061812,505.650390625,0.0418168657888691,-0.0142846154651389,0.0106946880572871,0.004959794076523361
21033.94921875,21288.349609375,20976.80078125,21255.05078125,277500.0,14.449999809265137,15.010000228881836,12.279999732971191,13.760000228881836,0.0,0.0049597940765233,1,70.40714666086036,20809.572767292942,414.9571242647871,203.59617606466827,311.548828125,-0.0477508366429793,-0.0076381847778144,0.0034155969337448,0.004438926556610712
21295.849609375,21390.5,21232.44921875,21349.400390625,284700.0,13.760000228881836,13.989999771118164,12.229999542236328,13.710000038146973,0.0,0.0044389265566107,1,72.11773582189667,20860.984921896,406.8498694352129,200.34293357790625,158.05078125,-0.0036337347313348,-0.0048337639146878,-0.0049984502728748,0.004306875934107168
21365.19921875,21477.150390625,21329.44921875,21441.349609375,219500.0,13.710000038146973,14.949999809265137,13.710000038146973,14.68000030517578,0.0,0.0043068759341071,2,73.71251491582858,20916.257749274955,403.1965462703338,196.5828077419844,147.701171875,0.0707512957206317,0.0137681866734657,0.0010597875373108,0.0099527499207277
21497.650390625,21675.75,21495.80078125,21654.75,256500.0,14.68000030517578,15.729999542236328,14.470000267028809,15.5600004196167,0.0,0.0099527499207277,2,77.00045298349558,20986.590344582102,412.7628165896385,199.2840636621998,179.94921875,0.0599455106367166,0.0188049053781886,0.0093995923338219,0.005723881307796219
21715.0,21801.44921875,21678.0,21778.69921875,393100.0,15.5600004196167,16.469999313354492,14.960000038146973,15.140000343322754,0.0,0.0057238813077962,1,78.66928730337013,21062.02928497904,425.4415949271024,195.5280033113284,123.44921875,-0.0269922920930288,0.0201082381832846,0.0297184093973919,-0.0021717930740454694
21737.650390625,21770.30078125,21676.900390625,21731.400390625,270900.0,15.140000343322754,15.43000030517578,14.369999885559082,14.5,0.0,-0.0021717930740454,1,76.3914130091147,21125.77891408818,426.75364756412455,188.8330622265906,93.400390625,-0.0422721485343304,0.0135276363910963,0.0224111254438972,0.00048317180721269004
21727.75,21834.349609375,21680.849609375,21741.900390625,154000.0,15.140000343322754,15.43000030517578,14.369999885559082,14.5,0.0,0.0004831718072126,1,76.55371438096844,21184.45714994883,423.75592643855634,186.3092720675484,153.5,0.0,0.0040245392177236,0.0183845912680693,-0.003500136051024061
21751.349609375,21755.599609375,21555.650390625,21665.80078125,263700.0,14.68000030517578,15.079999923706056,14.239999771118164,14.579999923706056,0.0,-0.003500136051024,0,72.65522070364781,21230.29940054894,410.5075330545478,187.28355397343785,199.94921875,0.0055172361176589,-0.0051838925900038,0.0104681457074353,-0.00685186637566948
21661.099609375,21677.0,21500.349609375,21517.349609375,311900.0,14.579999923706056,14.779999732971191,14.020000457763672,14.100000381469728,0.0,-0.0068518663756694,2,65.6335224026871,21257.637515675237,383.60733041830827,186.52404230569223,176.650390625,-0.0329217794751756,-0.0098498383630326,-0.0063450462658307,0.006564470186349425
21605.80078125,21685.650390625,21564.55078125,21658.599609375,339200.0,14.100000381469728,14.210000038146973,13.210000038146973,13.329999923706056,0.0,0.0065644701863494,1,68.73016081255125,21295.82438174188,369.4278858409889,185.22238080171425,121.099609375,-0.0546099600660727,-0.0038313477549515,-0.0055145446552474,0.002410182228605562
21705.75,21749.599609375,21629.19921875,21710.80078125,309300.0,13.329999923706056,13.470000267028809,12.489999771118164,12.630000114440918,0.0,0.0024101822286055,0,69.81273031755941,21335.345943599797,358.2728260414806,180.59223864623465,120.400390625,-0.0525131142739362,0.0020770060822743,-0.0009479190942469,-0.00911070868564301
21747.599609375,21763.94921875,21492.900390625,21513.0,231500.0,12.630000114440918,13.600000381469728,12.630000114440918,13.460000038146973,0.0,-0.009110708685643,1,61.17087017969547,21352.26537754267,329.67124591603715,187.0534236090036,271.048828125,0.0657165412656686,-0.0002021442907217,-0.0105280765026272,0.0014804820050666745
21653.599609375,21724.44921875,21517.849609375,21544.849609375,228600.0,13.460000038146973,13.510000228881836,12.779999732971191,13.260000228881836,0.0,0.0014804820050666,1,61.98682763699149,21370.60673295527,306.04637282298427,188.79598040478908,206.599609375,-0.0148588267977947,-0.0052519554380959,-0.0055825848809463,0.0034277152411805734
21529.30078125,21641.849609375,21448.650390625,21618.69921875,217000.0,13.260000228881836,14.5600004196167,12.8100004196167,12.970000267028809,0.0,0.0034277152411805,1,63.88205644262719,21394.234588745247,289.940285844692,189.11049742944695,193.19921875,-0.0218702833218187,-0.0042422001577915,0.0047101344363917,0.0013183031833516878
21688.0,21726.5,21593.75,21647.19921875,212500.0,12.970000267028809,13.1899995803833,12.630000114440918,12.770000457763672,0.0,0.0013183031833516,2,64.61526052944083,21418.32645826951,276.2908982025001,185.0847476130579,132.75,-0.0154201854392831,0.0062380522823408,-0.0005263678552913,0.011426492637705898
21773.55078125,21928.25,21715.150390625,21894.55078125,294700.0,12.770000457763672,13.289999961853027,12.420000076293944,13.100000381469728,0.0,0.0114264926377058,2,70.25839877590579,21463.68115569622,282.1800678765394,191.9394643014109,213.099609375,0.0258418098572132,0.0162313118084069,0.0084635293673134,0.009267074694848665
22053.150390625,22115.55078125,21963.55078125,22097.44921875,345500.0,13.100000381469728,13.890000343322754,11.789999961853027,13.789999961853027,0.0,0.0092670746948486,1,73.93102974353947,21524.0400188442,299.76399277356177,194.01521685131016,152.0,0.0526717221595902,0.0221451806677053,0.027167257878957,-0.0029482333845447517
22080.5,22124.150390625,21969.80078125,22032.30078125,292400.0,13.789999961853027,14.039999961853027,12.489999771118164,13.56999969482422,0.0,-0.0029482333845447,0,70.90348538660356,21572.44580573999,304.92743187779706,191.1819591744309,154.349609375,-0.015953608965728,0.0177899024538212,0.0226249512395246,-0.020894393512082443
21647.25,21851.5,21550.44921875,21571.94921875,456000.0,13.56999969482422,15.229999542236328,12.720000267028809,15.079999923706056,0.0,-0.0208943935120824,0,54.05768934014116,21572.398511740943,268.77470331983204,211.94407369768575,301.05078125,0.1112748904082709,-0.0147343311914975,-0.0021624797832171,-0.0050852715087356115
21414.19921875,21539.400390625,21285.55078125,21462.25,387300.0,15.079999923706056,15.710000038146973,12.979999542236328,14.06999969482422,0.0,-0.0050852715087356,2,50.95115213307862,21561.908177289424,228.63602157704008,217.26224254070823,253.849609375,-0.0669761428376465,-0.0287453638862092,-0.0085437943671624,0.00746195718645537
21615.19921875,21670.599609375,21575.0,21622.400390625,343100.0,14.06999969482422,14.109999656677246,13.68000030517578,13.880000114440918,0.0,0.0074619571864553,0,55.0155022147453,21567.669340464243,207.35832747995664,216.6256258860148,95.599609375,-0.0135038794956899,-0.0186045204581554,-0.0124300513558863,-0.01774084294273448
21716.69921875,21750.25,21192.599609375,21238.80078125,449700.0,13.800000190734863,15.40999984741211,12.199999809265137,14.850000381469728,0.0,-0.0177408429427344,2,45.327046526603205,21536.348525300986,157.7241729240668,240.9845376530852,557.650390625,0.0698847448869692,-0.0154435945552121,-0.0388573553897535,0.010129971071150878
21185.25,21482.349609375,21137.19921875,21453.94921875,407500.0,14.850000381469728,15.649999618530272,14.029999732971191,14.380000114440918,0.0,0.0101299710711508,1,50.58342732626036,21528.50097229613,134.20242664324903,248.42495572250763,345.150390625,-0.031649848818542,-0.000386761930832,-0.0262501664370972,-0.004724053755400193
21454.599609375,21459.0,21247.05078125,21352.599609375,418100.0,14.380000114440918,15.34000015258789,13.359999656677246,13.869999885559082,0.0,-0.0047240537554001,2,48.23103666009108,21511.748461541734,106.15946653983336,245.81954593875707,211.94921875,-0.0354659405301168,-0.0124778367052614,-0.0101682795166393,0.018030591452244726
21433.099609375,21763.25,21429.599609375,21737.599609375,376700.0,13.869999885559082,15.850000381469728,13.800000190734863,15.68000030517578,0.0,0.0180305914522447,0,56.505804717356106,21533.25809466872,113.6909426236016,257.59317770206013,333.650390625,0.1304975078984105,0.0234852632812181,0.012829484763946,-0.009913698102483215
21775.75,21813.05078125,21501.80078125,21522.099609375,375100.0,15.68000030517578,16.579999923706055,14.989999771118164,16.100000381469727,0.0,-0.0099136981024832,2,51.53987102184336,21532.1953817836,101.10516528041262,261.4258078661987,311.25,0.0267857186300761,0.0031765895374376,-0.0046387440542211,0.009460025419002926
21487.25,21741.349609375,21448.849609375,21725.69921875,410600.0,16.100000381469727,16.530000686645508,15.800000190734863,16.049999237060547,0.0,0.0094600254190029,1,55.5173917030272,21550.624318637543,106.33388218070468,263.64539301861305,292.5,-0.0031056610698424,0.0174732639678771,0.022924949601196,-0.0013003033741542103
21780.650390625,21832.94921875,21658.75,21697.44921875,332500.0,16.049999237060547,16.110000610351562,14.359999656677246,14.460000038146973,0.0,-0.0013003033741542,2,54.84474181810526,21564.607642457777,106.96511186405404,257.25638057085496,174.19921875,-0.0990653753579101,-0.0018470480341207,0.0113498916920709,0.007205988175093214
21812.75,22126.80078125,21805.55078125,21853.80078125,442800.0,14.460000038146973,15.130000114440918,14.029999732971191,14.699999809265137,0.0,0.0072059881750932,1,57.88601095645737,21592.14984615227,118.7131787172366,269.5488935657939,321.25,0.0165974945010387,0.0154121195373759,0.0234726066635437,-0.0037568550808078083
21921.05078125,21964.30078125,21726.94921875,21771.69921875,440800.0,14.699999809265137,16.049999237060547,14.699999809265137,15.619999885559082,0.0,-0.0037568550808078,2,55.76217904609525,21609.24978639968,120.01523546867612,267.24908420395144,237.3515625,0.0625850400157206,0.0021173081490653,0.001568692495389,0.007243402101531293
21825.19921875,21951.400390625,21737.55078125,21929.400390625,371000.0,15.619999885559082,15.979999542236328,15.09000015258789,15.789999961853027,0.0,0.0072434021015312,1,58.882781386206126,21639.74032013542,132.24782087400672,263.43483600188347,213.849609375,0.0108834876785826,0.0106902507081134,0.0189247698246215,5.014315737827957e-05
22045.05078125,22053.30078125,21860.150390625,21930.5,346300.0,15.789999961853027,16.020000457763672,14.739999771118164,15.510000228881836,0.0,5.014315737827957e-05,0,58.90454979289313,21667.43171821776,140.4123757613852,258.41451847496324,193.150390625,-0.0177327253735047,0.0035096512280741,0.0094266600668599,-0.009692017110872975
22009.650390625,22011.05078125,21665.30078125,21717.94921875,491100.0,15.510000228881836,16.030000686645508,15.239999771118164,15.829999923706056,0.0,-0.0096920171108729,1,53.05723491121083,21672.24290874464,128.25334788669352,264.65276715532303,345.75,0.0206318304385537,-0.002468801330569,0.0009448115210834,0.0029722318898448563
21727.0,21804.44921875,21629.900390625,21782.5,349200.0,15.829999923706056,16.329999923706055,15.270000457763672,15.449999809265137,0.0,0.0029722318898448,0,54.53336270027387,21682.743584102293,122.41481745340208,258.2167715103,174.548828125,-0.0240050610405785,-0.0066987873817015,-0.0032626261199916,-0.0076414194307357075
21800.80078125,21831.69921875,21574.75,21616.05078125,287400.0,15.449999809265137,16.540000915527344,15.449999809265137,16.059999465942383,0.0,-0.0076414194307357,2,50.15386189914159,21676.391888592552,103.16742923696438,258.1262320274214,256.94921875,0.0394821789131309,-0.0143384427509632,-0.007149117573972,0.005884480011507653
21664.30078125,21766.80078125,21543.349609375,21743.25,365800.0,16.059999465942383,16.56999969482422,15.75,15.8100004196167,0.0,0.0058844800115076,1,53.244061129265496,21682.759327774213,97.05881570001657,255.64944201653412,223.451171875,-0.0155665662913528,0.0011649710106218,-0.0084886220010184,0.004451992284961959
21578.150390625,21870.849609375,21530.19921875,21840.05078125,359100.0,15.8100004196167,16.200000762939453,15.34000015258789,15.4399995803833,0.0,0.0044519922849619,1,55.50478428204203,21697.73946620048,98.8887811972818,261.7209383457103,340.650390625,-0.0234029620122153,0.0026420650177894,-0.0041243573447937,0.0032371361888359207
21906.55078125,21953.849609375,21794.80078125,21910.75,345400.0,15.4399995803833,15.65999984741211,15.109999656677246,15.229999542236328,0.0,0.0032371361888359,2,57.134959454262784,21718.026183705195,104.8354008894712,254.38721618708811,159.048828125,-0.0136010391097276,0.0136333515188455,0.0088774855907456,0.005930843022260657
22020.30078125,22068.650390625,21968.94921875,22040.69921875,343900.0,15.229999542236328,15.550000190734863,14.899999618530272,15.220000267028809,0.0,0.0059308430222606,1,60.033384487123605,21748.75694894756,118.66604743304924,247.4953000755104,99.701171875,-0.0006565512480672,0.0136800716889149,0.0118535162974864,0.0037000088082788096
22103.44921875,22186.650390625,22021.05078125,22122.25,0.0,15.229999542236328,15.550000190734863,14.899999618530272,15.220000267028809,0.0,0.0037000088082788,1,61.77996669058466,21784.32771571445,134.6551798682376,241.6456078826168,165.599609375,0.0,0.0129211796060599,0.0234177474818426,0.0033766555730090353
22099.19921875,22215.599609375,22045.849609375,22196.94921875,295700.0,16.020000457763672,16.360000610351562,14.210000038146973,16.06999969482422,0.0,0.003376655573009,0,63.35948911455442,21823.625001717843,151.60665800271818,236.5102073195728,169.75,0.0558475304127799,0.0130620457423866,0.020866209915721,-0.006392700010330099
22248.849609375,22249.400390625,21997.94921875,22055.05078125,364500.0,16.06999969482422,16.309999465942383,15.68000030517578,15.93000030517578,0.0,-0.00639270001033,2,58.42041430621448,21845.66555214948,151.84048593711125,237.57741907353187,251.451171875,-0.0087118476855683,0.0006511391656662,0.009844299454861,0.0073633218581414805
22081.55078125,22252.5,21875.25,22217.44921875,343500.0,15.93000030517578,16.149999618530273,15.130000114440918,15.199999809265137,0.0,0.0073633218581414,1,62.06511313363646,21881.07352039714,163.24816966420258,247.55403199685105,377.25,-0.0458255167561711,0.0043033244245047,0.0139976595392672,-0.0002137959201901074
22290.0,22297.5,22186.099609375,22212.69921875,226000.0,15.199999809265137,15.4399995803833,14.84000015258789,14.970000267028809,0.0,-0.0002137959201901,1,61.89421865917849,21912.65692024027,169.94651822914238,237.82877189886167,111.400390625,-0.0151315490212132,0.0007095569686079,0.0078037451667449,-0.004080928508836235
22169.19921875,22202.150390625,22075.150390625,22122.05078125,207800.0,14.970000267028809,15.960000038146973,13.760000228881836,15.600000381469728,0.0,-0.0040809285088362,1,58.57927711882275,21932.59919271739,166.02658527313542,230.66591877215728,127.0,0.0420841752306766,0.0030378529011123,-9.005356597979741e-06,0.003448994348646428
22090.19921875,22218.25,22085.650390625,22198.349609375,252200.0,15.600000381469728,16.0,15.529999732971191,15.729999542236328,0.0,0.0034489943486464,0,60.49705157306112,21957.90875620859,167.14988807514965,223.66118238664603,132.599609375,0.0083332793325454,-0.0008596670656,6.308932868193118e-05,-0.011135927809948543
22214.099609375,22229.150390625,21915.849609375,21951.150390625,203000.0,15.729999542236328,16.739999771118164,15.3100004196167,16.329999923706055,0.0,-0.0111359278099485,1,52.08325707723414,21957.26510234349,146.4055307909657,230.0640108768856,313.30078125,0.0381436998684379,-0.0117747431570236,-0.0047109567624904,0.0014418556686905948
21935.19921875,22060.55078125,21860.650390625,21982.80078125,360200.0,16.329999923706055,16.549999237060547,15.369999885559082,15.56999969482422,0.0,0.0014418556686905,2,52.98485343670356,21959.69707176316,131.0092076034598,227.9094665731795,199.900390625,-0.0465401244600468,-0.0062946243717162,-0.0105614481297867,0.016192168700068565
22048.30078125,22353.30078125,22047.75,22338.75,351500.0,15.56999969482422,15.640000343322754,15.0,15.239999771118164,0.0,0.0161921687000685,1,61.71050965680675,21995.797350642857,145.84838828158536,238.09450467509524,305.55078125,-0.0211946005249925,0.0063248121187218,0.0056747169719741,0.0029925402887358565
22403.5,22440.900390625,22358.30078125,22405.599609375,298800.0,14.989999771118164,15.300000190734863,14.81999969482422,14.920000076293944,0.0,0.0029925402887358,1,63.09577173371388,22034.82613718877,161.1451694663665,228.38421081437417,82.599609375,-0.020997355618775,0.0207027518222502,0.0128174747869815,-0.00220029050703785
22371.25,22416.900390625,22269.150390625,22356.30078125,296200.0,14.920000076293944,15.170000076293944,14.18000030517578,14.380000114440918,0.0,-0.0022002905070378,2,61.33350142835504,22065.44276995651,167.3607448522671,222.6246243276332,147.75,-0.0361930267487746,0.0169905556492406,0.0071154466279912,0.005266971542034149
22327.5,22497.19921875,22224.349609375,22474.05078125,312300.0,14.380000114440918,14.710000038146973,13.90999984741211,14.300000190734863,0.0,0.0052669715420341,1,63.92520396783477,22104.35781865113,179.71641508506582,226.21212325958797,272.849609375,-0.0055632769867446,0.0060567749426445,0.0238210928046997,0.0008676673462120199
22505.30078125,22525.650390625,22430.0,22493.55078125,379900.0,14.300000190734863,14.43000030517578,13.5600004196167,13.609999656677246,0.0,0.000867667346212,0,64.3513435281924,22141.42381508912,188.9042887422729,216.88628521426023,95.650390625,-0.0482517849548475,0.0039254103174368,0.0232340730866122,-0.007153178801771132
22517.5,22526.599609375,22307.25,22332.650390625,277900.0,13.609999656677246,14.550000190734863,13.609999656677246,14.0,0.0,-0.0071531788017711,1,58.23821922699758,22159.635869902057,181.11465103077356,217.06223694002736,219.349609375,0.0286554263894793,-0.0010578847930349,-0.0002730506127245,0.0001365188668460693
22334.44921875,22452.55078125,22256.0,22335.69921875,299200.0,14.0,14.199999809265137,13.579999923706056,13.640000343322754,0.0,0.000136518866846,0,58.31901787219582,22176.40380788758,173.19088525502593,215.59713296216825,196.55078125,-0.0257142611912318,-0.0061560581065975,-0.0031197732639902,-0.015132725270416536
22432.19921875,22446.75,21905.650390625,21997.69921875,493300.0,13.640000343322754,15.010000228881836,13.529999732971191,14.43000030517578,0.0,-0.0151327252704165,2,47.37569720387036,22159.38432320781,138.04615839077815,238.84730984879909,541.099609375,0.057917884308541,-0.0220441657843246,-0.016040290654917,0.006771215952804832
21982.55078125,22204.599609375,21917.5,22146.650390625,426700.0,14.43000030517578,14.68000030517578,13.520000457763672,13.619999885559082,0.0,0.0067712159528048,0,51.6788620602434,22158.171567723733,120.82008514653351,242.2939026720992,287.099609375,-0.0561330840253805,-0.0083286128939752,-0.0145679296452488,-0.005567468627318717
22064.849609375,22120.900390625,21931.69921875,22023.349609375,661500.0,13.619999885559082,14.329999923706056,13.59000015258789,13.6899995803833,0.0,-0.0055674686273187,1,48.16760014674976,22145.331381214328,96.11104709025676,240.3408504723064,189.201171875,0.0051394783709532,-0.0139843219733544,-0.0209038215641323,0.0014688778023679294
21990.099609375,22123.69921875,21916.55078125,22055.69921875,356300.0,13.6899995803833,14.619999885559082,13.6899995803833,13.899999618530272,0.0,0.0014688778023679,0,49.14389560596052,22136.794984789158,78.23742717191635,237.9699638314273,207.1484375,0.0153396672449783,0.0026366393786565,-0.0124011779627939,-0.010802196640288697
21946.44921875,21978.30078125,21793.099609375,21817.44921875,344200.0,13.899999618530272,14.449999809265137,13.880000114440918,14.109999656677246,0.0,-0.0108021966402886,1,42.75641252814357,22106.381102309235,44.3365861855018,239.7292242273968,185.201171875,0.015107916828071,-0.0148646032726627,-0.0232027658916963,0.0009923428906801757
21843.900390625,21930.900390625,21710.19921875,21839.099609375,312400.0,14.109999656677246,14.279999732971191,13.09000015258789,13.470000267028809,0.0,0.0009923428906801,2,43.47538997598659,22080.925722029784,18.997934679780883,238.37007763079703,220.701171875,-0.0453578600439987,-0.0083661206523083,-0.0072098271640979,0.0079146856998078
21989.900390625,22080.94921875,21941.30078125,22011.94921875,353200.0,13.470000267028809,13.470000267028809,12.34000015258789,12.510000228881836,0.0,0.0079146856998078,1,48.98445965121393,22074.356531241232,12.71778698664275,238.61861561252584,139.6484375,-0.0712694891697079,-0.0019836142833689,-0.0060822367942386,0.0038524885010076115
21932.19921875,22180.69921875,21883.30078125,22096.75,388700.0,12.510000228881836,13.050000190734863,11.8100004196167,12.220000267028809,0.0,0.0038524885010076,1,51.48280520721193,22076.48924255159,14.417245993598044,242.817174318774,297.3984375,-0.023181451362687,0.0128017156565658,0.0033328440916977,-0.00416580634029895
21947.900390625,22073.19921875,21947.55078125,22004.69921875,328400.0,12.220000267028809,13.100000381469728,12.09000015258789,12.81999969482422,0.0,-0.0041658063402989,2,48.69509550276993,22069.652097427628,8.241349605956202,236.13017749243295,125.6484375,0.049099788435708,0.0075827123066882,-0.00231232750747,0.005405716783151604
22053.94921875,22193.599609375,22052.849609375,22123.650390625,409100.0,12.81999969482422,13.010000228881836,12.529999732971191,12.699999809265137,0.0,0.0054057167831516,2,52.29025659048708,22074.794792017856,12.7977482027527,232.75662128761635,140.75,-0.0093603657110482,0.0050745697604941,0.0140346916270968,0.009187001078543977
22163.599609375,22516.0,22163.599609375,22326.900390625,410500.0,12.699999809265137,13.18000030517578,12.260000228881836,12.829999923706056,0.0,0.0091870010785439,2,57.73954898182682,22098.80484902806,32.435408092522266,244.1561204367152,352.400390625,0.0102362296372695,0.010415576527091,0.0223361214507487,0.006050979178091831
22455.0,22529.94921875,22427.75,22462.0,0.0,12.829999923706056,13.359999656677246,12.010000228881836,12.079999923706056,0.0,0.0060509791780918,1,60.93361901342306,22133.39486340634,58.2285815962714,241.21988527159263,102.19921875,-0.0584567423585264,0.0207819601033372,0.0204457486603069,-0.0003872860275131451
22458.80078125,22497.599609375,22388.150390625,22453.30078125,289500.0,12.079999923706056,12.3100004196167,11.600000381469728,11.649999618530272,0.0,-0.0003872860275131,1,60.6159258340227,22163.86209367717,77.07938006392214,231.80769480576456,109.44921875,-0.0355960519777768,0.0149003615951501,0.0161358924389334,-0.0008306302403686683
22385.69921875,22521.099609375,22346.5,22434.650390625,309600.0,11.649999618530272,11.829999923706056,11.3100004196167,11.369999885559082,0.0,-0.0008306302403686,1,59.89492903455381,22189.651455291245,89.48234622018572,227.7214029892814,174.599609375,-0.0240343126300046,0.0048260169622669,0.0195390615250328,0.003565912488363576
22592.099609375,22619.0,22303.80078125,22514.650390625,401000.0,11.369999885559082,11.84000015258789,10.859999656677246,11.220000267028809,0.0,0.0035659124883635,1,61.983756333266186,22220.60373484684,104.56179439138576,233.96981840076128,315.19921875,-0.013192578719441,0.002343976076262,0.017673394448761,-4.224679746289706e-05
22486.400390625,22537.599609375,22427.599609375,22513.69921875,242200.0,11.220000267028809,11.68000030517578,11.039999961853027,11.34000015258789,0.0,-4.224679746289706e-05,2,61.9424472742824,22248.517590456664,115.10871250254058,225.11483137213548,110.0,0.0106951767115117,0.0026899580640027,0.0083665365481468,0.006778164752814453
22578.349609375,22697.30078125,22550.349609375,22666.30078125,227600.0,11.34000015258789,11.739999771118164,11.130000114440918,11.609999656677246,0.0,0.0067781647528144,1,65.87216058795826,22288.306465770314,134.23353125056383,222.14959788126865,146.951171875,0.0238094797580525,0.0103255627607998,0.0090953958351882,-0.0010390218270411866
22765.099609375,22768.400390625,22612.25,22642.75,232400.0,11.609999656677246,11.609999656677246,10.619999885559082,11.359999656677246,0.0,-0.0010390218270411,1,64.76077925521358,22322.06299283981,145.80894195057772,217.4353687915352,156.150390625,-0.0215331617048083,0.0056896113043061,0.0084374774379811,0.0049044741142307835
22720.25,22775.69921875,22673.69921875,22753.80078125,276800.0,11.359999656677246,11.359999656677246,10.989999771118164,11.109999656677246,0.0,0.0049044741142307,0,67.54169605220517,22363.1808774503,162.07510733434174,211.4006437885684,102.0,-0.0220070429186195,0.0106646873162468,0.0142257795449474,-0.010301592814249916
22677.400390625,22726.44921875,22503.75,22519.400390625,357200.0,11.109999656677246,11.609999656677246,11.109999656677246,11.529999732971191,0.0,-0.0103015928142499,0,57.268633834740704,22378.05892632408,154.27363757279454,214.1613678929564,222.69921875,0.0378037884133974,-0.0064810042027907,0.0002109737401021,-0.010963897188301042
22339.05078125,22427.44921875,22259.55078125,22272.5,355500.0,11.529999732971191,12.739999771118164,11.3100004196167,12.470000267028809,0.0,-0.010963897188301,0,48.84174512244169,22368.0056952456,126.7075131505262,217.42481371310237,167.8984375,0.0815265009390755,-0.0163518123902794,-0.0107134423537613,-0.005594325260972033
22125.30078125,22213.75,22079.44921875,22147.900390625,317300.0,12.470000267028809,12.93000030517578,12.34000015258789,12.619999885559082,0.0,-0.005594325260972,0,45.2250717612017,22347.04328528173,93.72659197894971,215.6838113943093,134.30078125,0.0120288384377087,-0.0266285354455719,-0.0228709746521069,-0.0068652458503182245
22212.349609375,22326.5,21961.69921875,21995.849609375,456900.0,12.619999885559082,13.390000343322754,12.029999732971191,13.039999961853027,0.0,-0.0068652458503182,2,41.21434416427064,22313.596268528712,54.68932256271,226.33502352685863,364.80078125,0.0332805134788112,-0.0232488775086551,-0.0285698685285576,0.0068717686886063944
21861.5,22179.55078125,21777.650390625,22147.0,362500.0,13.039999961853027,14.40999984741211,11.920000076293944,13.460000038146973,0.0,0.0068717686886063,2,46.31152746070829,22297.729957240263,35.538908197417186,238.8754068910116,401.900390625,0.0322085949020403,-0.005634751375014,-0.0266681064444418,0.008551965982977361
22336.900390625,22375.650390625,22198.150390625,22336.400390625,279300.0,13.460000038146973,13.460000038146973,12.609999656677246,12.699999809265137,0.0,0.0085519659829773,1,51.93545827377399,22301.412855657854,35.23888356566749,238.14504858629647,177.5,-0.056463612684095,0.0085109647720733,-0.0081263264929639,0.0014147135985376202
22447.05078125,22447.55078125,22349.44921875,22368.0,231500.0,12.699999809265137,12.699999809265137,9.859999656677246,10.199999809265137,0.0,0.0014147135985376,1,52.82337315231891,22307.75448845235,37.123005373374326,229.074001589061,98.1015625,-0.1968503966571837,0.0169191187080304,0.0042877988550904,0.0015379287654238016
22421.55078125,22476.44921875,22384.0,22402.400390625,235900.0,10.199999809265137,11.130000114440918,9.949999809265137,10.279999732971191,0.0,0.0015379287654238,2,53.82345220886676,22316.768383897364,40.92030569567214,220.4579456719852,92.44921875,0.007843129921766,0.0115320535794916,0.0114909312174678,0.0074969296067168845
22316.900390625,22625.94921875,22305.25,22570.349609375,475000.0,10.279999732971191,11.460000038146973,10.260000228881836,10.729999542236328,0.0,0.0074969296067168,0,58.45403444127809,22340.9189768,56.826728746527806,227.61803660612912,320.69921875,0.0437743016492351,0.0104738997626578,0.0261185637382763,-0.006663626980883297
22620.400390625,22620.400390625,22385.55078125,22419.94921875,329900.0,10.729999542236328,11.31999969482422,10.59000015258789,10.93000030517578,0.0,-0.0066636269808832,2,53.2994622485913,22348.445666509524,56.64367600150581,228.1345775181913,234.849609375,0.0186394008827486,0.0023224793790235,0.012324433049623,0.00996662256880243
22475.55078125,22655.80078125,22441.900390625,22643.400390625,292000.0,10.93000030517578,12.489999771118164,10.93000030517578,12.239999771118164,0.0,0.0099666225688024,1,59.07375025231201,22376.53659261576,73.6799113394336,228.68579073117763,213.900390625,0.1198535616986256,0.0107577757649959,0.013744381128163,-0.00170251731563964
22679.650390625,22783.349609375,22568.400390625,22604.849609375,361900.0,12.239999771118164,13.210000038146973,12.239999771118164,12.869999885559082,0.0,-0.0017025173156396,1,57.74714322152285,22398.280689449974,83.11245606186276,227.7046070182364,214.94921875,0.0514705985475165,0.0015285540807781,0.0105887700900839,0.0019177127972140884
22567.849609375,22710.5,22567.849609375,22648.19921875,445900.0,12.869999885559082,13.949999809265137,12.869999885559082,13.449999809265137,0.0,0.001917712797214,0,58.86577652130274,22422.082454145217,93.01356442915494,221.6293058472909,142.650390625,0.0450660395387298,0.0101806653428595,0.0109719862085788,-0.007609859296553445
22766.349609375,22794.69921875,22348.05078125,22475.849609375,438100.0,13.449999809265137,15.3100004196167,13.449999809265137,14.619999885559082,0.0,-0.0076098592965534,1,52.872413306118816,22427.203135595675,85.96217263653307,237.70210096534157,446.6484375,0.0869888544896471,-0.0073995415158304,-0.0041869090038706,-0.0014749338156797576
22561.599609375,22588.80078125,22409.44921875,22442.69921875,320300.0,14.619999885559082,16.959999084472656,14.619999885559082,16.600000381469727,0.0,-0.0014749338156797,0,51.78037975396022,22428.678953038943,76.81347642281253,233.5342053606743,179.3515625,0.1354309515327967,-0.0071732567757385,0.0010147212992335,-0.006246985595782073
22489.75,22499.05078125,22232.05078125,22302.5,297800.0,16.600000381469727,17.639999389648438,16.600000381469727,17.010000228881836,0.0,-0.006246985595782,1,47.32823961520972,22416.661909892377,57.58634397419519,235.9246192634833,267.0,0.0246987854211007,-0.0152638722139022,-0.0150551765522877,0.0
22231.19921875,22368.650390625,22185.19921875,22302.5,277400.0,17.010000228881836,18.31999969482422,16.459999084472656,17.079999923706055,0.0,0.0,0,47.32823961520972,22405.789347045484,41.86609668283927,232.1765158785916,183.451171875,0.0041152083411124,-0.0077127055211605,-0.0133754311397676,-0.01546911781190452
22224.80078125,22307.75,21932.400390625,21957.5,331300.0,17.079999923706055,19.170000076293945,17.079999923706055,18.200000762939453,0.0,-0.0154691178119045,1,38.00292508925258,22363.095123517345,1.5511895835370524,242.40316541404937,375.349609375,0.0655738199201572,-0.0216194680515361,-0.0304968713882639,0.0044494691449390444
21990.94921875,22131.30078125,21950.30078125,22055.19921875,265800.0,18.200000762939453,19.01000022888184,18.0,18.46999931335449,0.0,0.004449469144939,1,41.51714078284537,22333.771704015693,-22.2585713442204,238.0172250273316,181.0,0.0148350845657565,-0.0110884780293688,-0.018715661384811,0.0022149680905385605
22027.94921875,22131.650390625,21821.05078125,22104.05078125,278200.0,18.46999931335449,21.489999771118164,18.46999931335449,20.600000381469727,0.0,0.0022149680905385,2,43.249349074322886,22311.89352089515,-36.76229276802769,243.201681052165,310.599609375,0.1153222061343102,-0.0088980705638381,-0.0150894700409776,0.005148324587705533
22112.900390625,22270.05078125,22081.25,22217.849609375,230200.0,20.600000381469727,21.8799991607666,20.11000061035156,20.200000762939453,0.0,0.0051483245877055,1,47.174523439659,22302.93695789323,-38.62869457137276,239.31590249486752,188.80078125,-0.019417456850636,0.0118569786804052,-0.0037955561315995,-0.0007786004689536163
22255.599609375,22297.55078125,22151.75,22200.55078125,231900.0,20.200000762939453,20.65999984741211,19.8700008392334,20.270000457763672,0.0,-0.0007786004689536,2,46.64635866727365,22293.185893451016,-41.030725640132005,232.63625097737696,145.80078125,0.0034653312960584,0.0065903536421665,-0.0045712013787692,0.009157377676264788
22319.19921875,22432.25,22054.55078125,22403.849609375,368900.0,20.270000457763672,21.11000061035156,18.96999931335449,20.0,0.0,0.0091573776762647,1,53.268180282182456,22303.725294967586,-26.227501861925703,242.99789153256432,377.69921875,-0.0133201998848627,0.0135630718139367,0.0203278883923487,0.0027785403439750667
22415.25,22502.150390625,22345.650390625,22466.099609375,242700.0,20.0,20.3700008392334,18.979999542236328,19.799999237060547,0.0,0.002778540343975,1,55.10554462333005,22319.18951538734,-9.364833638406708,236.81947070880972,156.5,-0.0100000381469727,0.0111734485724148,0.0186305454124249,0.002802051667603722
22404.55078125,22591.099609375,22404.55078125,22529.05078125,347600.0,20.530000686645508,22.299999237060547,20.530000686645508,21.809999465942383,0.0,0.0028020516676037,1,56.948928167090585,22339.17630261236,8.97512621493297,233.2287105242519,186.548828125,0.1015151669864526,0.0147969301859591,0.0192272450061736,0.0030516154749500313
22576.599609375,22629.5,22483.150390625,22597.80078125,290300.0,21.809999465942383,22.290000915527344,18.18000030517578,21.46999931335449,0.0,0.00305161547495,2,58.932181528738425,22363.807205339755,28.72609047364313,227.0230604421625,146.349609375,-0.0155891866535265,0.0086570466797741,0.0171011676897243,0.01636661960848307
22614.099609375,22993.599609375,22577.44921875,22967.650390625,369800.0,21.46999931335449,24.21999931335449,18.84000015258789,21.3799991607666,0.0,0.016366619608483,1,67.58373898718483,22421.316080128825,73.37680235897642,240.5321554552223,416.150390625,-0.0041919029094663,0.0223247822261369,0.0345531791951247,-0.0004593757337192361
22930.75,23026.400390625,22908.0,22957.099609375,261900.0,21.3799991607666,21.899999618530277,20.59000015258789,21.709999084472656,0.0,-0.0004593757337192,1,67.14915138848768,22472.343082914176,106.6816931966714,231.80845796734928,118.400390625,0.0154349830055944,0.0189998607700438,0.0246944167920359,-0.0010737589261899938
23038.94921875,23110.80078125,22871.19921875,22932.44921875,260000.0,21.709999084472656,26.200000762939453,18.43000030517578,23.190000534057617,0.0,-0.0010737589261899,1,66.08002467507272,22516.16271489854,129.59310992054088,232.3651082911101,239.6015625,0.0681714192536968,0.01480889404856,0.0207579249395117,-0.0019317094176221072
22977.150390625,22998.55078125,22858.5,22888.150390625,217900.0,23.190000534057617,24.479999542236328,22.030000686645508,24.200000762939453,0.0,-0.0019317094176221,0,64.1047302202709,22551.59011258677,142.5329958803195,225.7712277881736,140.05078125,0.0435532645805039,-0.0034613902009084,0.0159394025457062,-0.008015115627261094
22762.75,22825.5,22685.44921875,22704.69921875,269900.0,24.200000762939453,24.770000457763672,23.549999237060547,24.18000030517578,0.0,-0.008015115627261,0,56.56398017225062,22566.17193222137,136.4124940082911,224.12336665151835,140.05078125,-0.0008264651707904,-0.010994437229428,0.0047304796840539,-0.009515599658179275
22617.44921875,22705.75,22417.0,22488.650390625,373400.0,24.18000030517578,24.520000457763672,22.75,24.18000030517578,0.0,-0.0095155996581792,1,49.22072554075455,22558.78892825981,112.8280063207094,228.73955474783847,288.75,0.0,-0.0193524391525585,-0.0208554202042156,0.0018697799732139142
22568.099609375,22653.75,22465.099609375,22530.69921875,572100.0,24.18000030517578,24.809999465942383,22.600000381469727,24.600000381469727,0.0,0.0018697799732139,2,50.565849677089325,22556.113717830307,96.41866457749713,225.87604302477857,188.650390625,0.0173697299831729,-0.0156173026555004,-0.0185737918935923,0.03254231769535276
23337.900390625,23338.69921875,23062.30078125,23263.900390625,569400.0,24.600000381469727,24.600000381469727,19.11000061035156,20.940000534057617,0.0,0.0325423176953527,0,66.98728347795905,22623.521972382183,140.9525368703944,267.4563256658658,276.3984375,-0.1487804792949943,0.0246293142440399,0.0144533699263138,-0.05929359941641077
23179.5,23179.5,21281.44921875,21884.5,1006100.0,20.940000534057617,31.709999084472656,18.799999237060547,26.75,0.0,-0.0592935994164107,2,40.03944533485666,22553.138927393404,64.19981264123635,389.9559575379468,1898.05078125,0.2774593752513414,-0.0268646797442703,-0.0438502182787166,0.033624236760035675
22128.349609375,22670.400390625,21791.94921875,22620.349609375,638500.0,26.75,26.93000030517578,18.65999984741211,18.88999938964844,0.0,0.0336242367600356,2,51.29545498857608,22559.539944724987,62.03454383472854,424.84847284773633,878.451171875,-0.2938317985178154,0.0039790327745528,-0.0037150727504613,0.008888049244237806
22798.599609375,22910.150390625,22642.599609375,22821.400390625,480400.0,18.88999938964844,18.88999938964844,16.559999465942383,16.799999237060547,0.0,0.0088880492442378,2,53.84486799650947,22584.479034810705,75.66940075174352,415.20220916218375,267.55078125,-0.1106405622084452,-0.0190208861184051,0.0147963525698597,0.020539931466807104
22821.849609375,23320.19921875,22789.05078125,23290.150390625,473600.0,16.799999237060547,17.149999618530273,16.3700008392334,16.8799991607666,0.0,0.0205399314668071,1,59.206334928593975,22651.685830602542,122.88281399724656,423.48408261488487,531.1484375,0.0047619004368508,0.0642304092222805,0.0337073947196004,-0.0013289382574128705
23319.150390625,23411.900390625,23227.150390625,23259.19921875,304400.0,16.8799991607666,17.25,16.170000076293945,16.399999618530273,0.0,-0.0013289382574128,1,58.72129248851891,22709.544248521343,156.00396662979256,406.4316481423931,184.75,-0.0284359932524148,0.0282422517957117,-0.0002020801239716,0.0002429314342191624
23283.75,23389.44921875,23206.650390625,23264.849609375,305200.0,16.399999618530273,16.399999618530273,14.68000030517578,14.770000457763672,0.0,0.0002429314342191,1,58.787670583472746,22762.43047336455,180.62650806834424,390.4578752840079,182.798828125,-0.0993901950415214,0.019431288665886,0.0630743041593364,0.002497312914139238
23344.44921875,23441.94921875,23295.94921875,23322.94921875,295600.0,14.770000457763672,14.770000457763672,13.170000076293944,14.390000343322754,0.0,0.0024973129141392,1,59.508678556076994,22815.813211020308,202.493977942504,375.2179991476502,146.0,-0.0257278336265166,0.0014082703449695,0.0310605106246371,0.0032564994745150067
23480.94921875,23481.05078125,23353.900390625,23398.900390625,268300.0,14.390000343322754,14.390000343322754,13.3100004196167,13.489999771118164,0.0,0.003256499474515,1,60.48199457472679,22871.34532336361,223.37777029612695,359.7096822442466,127.150390625,-0.0625434712113963,0.0060062760786012,0.0253051955671061,0.0028505279152657437
23464.94921875,23490.400390625,23334.25,23465.599609375,223100.0,13.489999771118164,13.489999771118164,12.65999984741211,12.81999969482422,0.0,0.0028505279152657,1,61.36040095805479,22927.94096965041,242.51483565527812,345.16973284287184,156.150390625,-0.0496664260683238,0.0086288973868589,0.0075331938955887,0.003933450786960613
23570.80078125,23579.05078125,23499.69921875,23557.900390625,272200.0,12.81999969482422,13.420000076293944,12.630000114440918,12.970000267028809,0.0,0.0039334507869606,1,62.5993375348306,22987.937104981324,262.1075863850383,328.6184070594524,79.3515625,0.0117005129309908,0.0100738191243032,0.0128422809859338,-0.0017786131162043084
23629.849609375,23664.0,23412.900390625,23516.0,328800.0,12.970000267028809,13.81999969482422,11.630000114440918,13.710000038146973,0.0,-0.0017786131162043,1,61.633222770605016,23038.228809268818,271.1285697686362,323.0813500819915,251.099609375,0.0570547228899698,0.0050044919812521,0.0107952724750817,0.0021687361796223215
23586.150390625,23624.0,23442.599609375,23567.0,280300.0,13.710000038146973,14.0600004196167,13.100000381469728,13.350000381469728,0.0,0.0021687361796223,1,62.393992111763296,23088.587970290835,279.1748835903345,312.9612815493492,181.400390625,-0.0262581805744402,0.0043212358649675,0.010463976016112,-0.00279629951309035
23661.150390625,23667.099609375,23398.19921875,23501.099609375,609900.0,13.350000381469728,13.59000015258789,12.479999542236328,13.18000030517578,0.0,-0.0027962995130903,1,60.71857949810122,23127.874793060757,277.0404842430544,309.81407505475283,268.900390625,-0.0127340877480356,-0.0024111139069339,0.0043676932267699,0.00156375661610908
23382.30078125,23558.099609375,23350.0,23537.849609375,239400.0,13.18000030517578,14.270000457763672,13.149999618530272,14.0600004196167,0.0,0.001563756616109,2,61.34198777505205,23166.92001366211,275.1427014582296,302.5487560776276,208.099609375,0.0667678371824727,0.0009291380071014,0.0030789752319448,0.007793879853915442
23577.099609375,23754.150390625,23562.05078125,23721.30078125,298100.0,14.0600004196167,14.460000038146973,13.84000015258789,14.3100004196167,0.0,0.0077938798539154,2,64.38088707652278,23219.718182003817,285.1545867597706,296.3881864470828,192.099609375,0.0177809383029032,0.0065473238532693,0.0069361185808403,0.006218040121837909
23723.099609375,23889.900390625,23670.44921875,23868.80078125,287800.0,14.3100004196167,14.550000190734863,13.989999771118164,14.050000190734863,0.0,0.0062180401218379,2,66.65084515052425,23281.53557240821,301.5154132865064,290.8926854062197,219.451171875,-0.0181691279704938,0.0156461262658671,0.0150025846763905,0.007361040898544724
23881.55078125,24087.44921875,23805.400390625,24044.5,515200.0,14.050000190734863,14.609999656677246,13.920000076293944,14.149999618530272,0.0,0.0073610408985447,1,69.17115793722184,23354.19885122648,324.91354367598615,290.26098131470405,282.048828125,0.0071173968994928,0.0215249225835483,0.0202613824415496,-0.0014099020825968367
24085.900390625,24174.0,23985.80078125,24010.599609375,354800.0,14.149999618530272,14.289999961853027,13.6899995803833,13.800000190734863,0.0,-0.0014099020825968,2,68.10174021803549,23416.713209145382,336.8383891030571,282.9708554172252,188.19921875,-0.0247349425604976,0.0121957404778438,0.0216798366233361,0.005470484349075377
23992.94921875,24164.0,23992.69921875,24141.94921875,0.0,13.800000190734863,14.229999542236328,13.789999961853027,13.829999923706056,0.0,0.0054704843490753,1,70.03481250892587,23485.78330529821,352.82063411312265,274.99442154813767,171.30078125,0.0021738936635185,0.0114437436552978,0.0256650297032396,-0.0007497161563467802
24228.75,24236.349609375,24056.400390625,24123.849609375,0.0,13.829999923706056,14.010000228881836,13.31999969482422,13.640000343322754,0.0,-0.0007497161563467,2,69.41060066114032,23546.551524734088,359.8777445940796,268.20547849112785,179.94921875,-0.0137382199155057,0.0033001147611719,0.016969930605289,0.006742306607722792
24291.75,24309.150390625,24207.099609375,24286.5,0.0,13.640000343322754,13.720000267028809,12.869999885559082,13.210000038146973,0.0,0.0067423066077227,1,71.83960026721084,23617.022808092748,374.2806088145553,262.2837144024758,102.05078125,-0.0315249482663159,0.0114907747042383,0.0174997991134151,0.0006444070008029268
24369.94921875,24401.0,24281.0,24302.150390625,251200.0,13.210000038146973,13.210000038146973,12.260000228881836,12.859999656677246,0.0,0.0006444070008029,1,72.06942204099292,23682.2730540482,382.5480622700306,252.1205919451561,120.0,-0.0264951082860726,0.0066358010458649,0.0107155645001975,0.0008928929498506211
24213.349609375,24363.0,24168.849609375,24323.849609375,298400.0,12.859999656677246,12.989999771118164,12.079999923706056,12.699999809265137,0.0,0.0008928929498506,1,72.4056823562378,23743.375583126945,386.396881575376,247.97986327943067,194.150390625,-0.0124416680935938,0.0082905507718915,0.0130463214203817,-0.00013562113637344275
24329.44921875,24344.599609375,24240.55078125,24320.55078125,266300.0,12.699999809265137,13.760000228881836,12.699999809265137,13.600000381469728,0.0,-0.0001356211363734,1,72.2632484294293,23798.344649614854,384.7458006499255,237.69907505411425,104.048828125,0.0708661878520664,0.0014020456323471,0.0073979760657141,0.004631820986013446
24351.0,24443.599609375,24331.900390625,24433.19921875,250500.0,13.600000381469728,14.399999618530272,12.789999961853027,14.279999732971191,0.0,0.0046318209860134,1,74.13441829147227,23858.806989532488,388.053851341956,229.50977170203464,111.69921875,0.0499999509138233,0.0053924786909209,0.0128233932139412,-0.004450911197766749
24459.849609375,24461.05078125,24141.80078125,24324.44921875,292300.0,14.279999732971191,14.920000076293944,13.40999984741211,14.43000030517578,0.0,-0.0044509111977667,1,69.27564148170597,23903.153868505586,377.5481491622959,235.91978800903212,319.25,0.0105042419474457,2.4651088730953678e-05,0.0015625643361538,-0.0003494426502141934
24396.55078125,24402.650390625,24193.75,24315.94921875,306400.0,14.43000030517578,14.43000030517578,12.68000030517578,14.0,0.0,-0.0003494426502141,2,68.89556353943235,23942.467711386,364.3365802276676,233.98983105302983,208.900390625,-0.0297990503175212,-0.0001892046994078,0.0005678027624387,0.007657573644356042
24387.94921875,24592.19921875,24331.150390625,24502.150390625,325800.0,14.0,14.050000190734863,13.220000267028809,13.729999542236328,0.0,0.007657573644356,1,72.46009691439224,23995.77082369448,364.6873068218738,237.008414549242,261.048828125,-0.0192857469831194,0.0028220279815869,0.0073302862874664,0.003450669707641296
24587.599609375,24635.05078125,24522.75,24586.69921875,305400.0,13.729999542236328,14.34000015258789,13.56999969482422,14.1899995803833,0.0,0.0034506697076412,1,73.92150892767994,24052.04971846167,367.55074777235495,229.57212712608185,112.30078125,0.0335032813899167,0.0107813335316078,0.0109433556786546,0.0010697158254551198
24615.900390625,24661.25,24587.650390625,24613.0,283200.0,14.1899995803833,14.59000015258789,13.800000190734863,14.220000267028809,0.0,0.0010697158254551,2,74.37700629930045,24105.473554798653,367.7036399241842,218.4991738492189,73.599609375,0.002114213356777,0.0122162938644789,0.007358871821911,0.007632129743428306
24543.80078125,24837.75,24504.44921875,24800.849609375,350900.0,14.220000267028809,14.710000038146973,13.75,14.510000228881836,0.0,0.0076321297434283,0,77.41169033248136,24171.69984571069,378.6182263759147,226.6992886635604,333.30078125,0.0203938084674608,0.0121907348533902,0.0195852488309489,-0.010884676251089243
24853.80078125,24854.80078125,24508.150390625,24530.900390625,343800.0,14.510000228881836,14.970000267028809,12.739999771118164,14.829999923706056,0.0,-0.0108846762510892,1,65.42069519875946,24205.90942141681,361.3203923124456,235.26722451794893,346.650390625,0.0220537346503459,-0.0022694721088241,0.008839925184136,-0.0008825762723847497
24445.75,24595.19921875,24362.30078125,24509.25,324200.0,14.829999923706056,15.630000114440918,13.119999885559082,15.4399995803833,0.0,-0.0008825762723847,1,64.55700028282124,24234.79900032949,341.9232502206978,235.0980254452383,232.8984375,0.0411328159012427,-0.0042152521025474,0.0002897545424305,-0.0012321559717249908
24568.900390625,24582.55078125,24074.19921875,24479.05078125,436400.0,15.4399995803833,16.06999969482422,12.59000015258789,12.75,0.0,-0.0012321559717249,1,63.30162174490008,24258.06107470288,320.42044337991683,254.6161352348641,508.3515625,-0.1742227754851092,-0.0129753146845161,-0.0043783200234501,-0.002677831825905974
24444.94921875,24504.25,24307.25,24413.5,366600.0,12.75,14.039999961853027,11.619999885559082,11.760000228881836,0.0,-0.0026778318259059,1,60.54925071421652,24272.864781874032,294.6928777681351,250.5006970038024,197.0,-0.0776470408720129,-0.0047858166131508,-0.0081054727176694,-0.0003031269840456652
24230.94921875,24426.150390625,24210.80078125,24406.099609375,391800.0,11.760000228881836,13.220000267028809,11.279999732971191,12.619999885559082,0.0,-0.0003031269840456,2,60.23085105299231,24285.5538130646,270.5872851988679,247.9899050303165,215.349609375,0.0731292210832734,-0.0042086310525617,-0.0159167934251244,0.01756732976027453
24423.349609375,24861.150390625,24410.900390625,24834.849609375,383800.0,12.619999885559082,13.140000343322754,11.979999542236328,12.25,0.0,0.0175673297602745,1,70.05546628315034,24337.867698427497,282.81980059105626,262.77996761743674,450.25,-0.0293185331944787,0.014534829446799,0.0123904632080344,5.03324972633834e-05
24943.30078125,24999.75,24774.599609375,24836.099609375,355000.0,12.25,13.260000228881836,12.029999732971191,12.949999809265137,0.0,5.03324972633834e-05,1,70.0786744397539,24385.318356612974,289.2803776009896,260.09214068940554,225.150390625,0.0571428415726642,0.0173100788242162,0.0133357654507992,0.0008536433743000504
24839.400390625,24971.75,24798.650390625,24857.30078125,385000.0,12.949999809265137,13.260000228881836,11.720000267028809,12.880000114440918,0.0,0.0008536433743,1,70.49634460629471,24430.26906372126,292.7367023298466,253.87838845266228,173.099609375,-0.0054053819193214,0.0184872297948699,0.0154519880439858,0.00377553501085659
24886.69921875,24984.599609375,24856.5,24951.150390625,333600.0,12.880000114440918,13.390000343322754,11.619999885559082,13.25,0.0,0.0037755350108565,1,72.33714584882676,24479.876809140667,299.595196784594,244.89418994711497,128.099609375,0.0287266989341283,0.0046829670031944,0.022022667402257,0.0023946791656728195
25030.94921875,25078.30078125,24956.400390625,25010.900390625,431300.0,13.25,13.3100004196167,11.979999542236328,12.93000030517578,0.0,0.0023946791656728,0,73.47196405084908,24530.450483567744,306.32085259062296,236.4839185669639,121.900390625,-0.0241509203640919,0.0070381736262652,0.0247807224804441,-0.011722935491954689
24789.0,24851.900390625,24686.849609375,24717.69921875,345000.0,12.93000030517578,14.510000228881836,11.6899995803833,14.31999969482422,0.0,-0.0117229354919546,0,60.381731938054735,24548.28369644225,284.7101378436055,242.73869447289505,165.05078125,0.1075018837464396,-0.0056161191325045,-0.0047171773724281,-0.02678645789462286
24302.849609375,24350.05078125,23893.69921875,24055.599609375,487000.0,14.31999969482422,23.149999618530277,13.90999984741211,20.3700008392334,0.0,-0.0267864578946228,1,42.128375810519046,24501.36140243584,211.71704334416063,284.25735915340255,456.3515625,0.4224861224400638,-0.0358921639775972,-0.0314260295407005,-0.0026209626510589334
24189.849609375,24382.599609375,23960.400390625,23992.55078125,312300.0,20.3700008392334,20.3700008392334,14.869999885559082,18.739999771118164,0.0,-0.0026209626510589,2,40.8616250712441,24452.903248037182,147.08645545748368,294.1103491245881,422.19921875,-0.0800196858595995,-0.0407162314618915,-0.0347885720823029,0.012710162480444431
24289.400390625,24337.69921875,24184.900390625,24297.5,317600.0,18.739999771118164,18.739999771118164,13.720000267028809,16.170000076293945,0.0,0.0127101624804444,0,48.869729540209306,24438.10293870031,119.1001894584333,297.755926865689,152.798828125,-0.1371397932877816,-0.0169999325192553,-0.0261972045533659,-0.007428747813561065
24248.55078125,24340.5,24079.69921875,24117.0,311900.0,16.170000076293945,17.229999542236328,14.380000114440918,16.600000381469727,0.0,-0.007428747813561,2,44.9866329163498,24407.521706443134,81.41750026306545,295.1162736074255,260.80078125,0.0265924739113752,0.0025524365063456,-0.0357404322380999,0.010386864037815746
24386.849609375,24419.75,24311.19921875,24367.5,215100.0,16.600000381469727,16.600000381469727,13.43000030517578,15.34000015258789,0.0,0.0103868640378157,1,50.82627917779868,24403.710115353315,70.94909704432939,295.66153977832374,108.55078125,-0.0759036265016205,0.0156277347151858,-0.014167953726225,-0.0008412844977941925
24320.05078125,24472.80078125,24212.099609375,24347.0,279900.0,15.34000015258789,16.559999465942383,13.399999618530272,15.869999885559082,0.0,-0.0008412844977941,0,50.35520048921879,24398.309151986334,60.30349227700936,293.16437064237203,260.701171875,0.0345501778161181,0.0020372466303117,0.0121136199203879,-0.008543146999630324
24342.349609375,24359.94921875,24116.5,24139.0,239700.0,15.869999885559082,16.3799991607666,14.220000267028809,16.170000076293945,0.0,-0.0085431469996303,1,45.72448479764929,24373.61304227335,34.68310686355835,289.61328836434546,243.44921875,0.0189036038373162,0.0009122195961355,0.0061039453489226,0.00019677699987563635
24184.400390625,24196.5,24099.69921875,24143.75,303300.0,16.170000076293945,16.219999313354492,13.81999969482422,15.4399995803833,0.0,0.0001967769998756,2,45.84695814925859,24351.721323961607,14.59382362665201,275.84096642760653,96.80078125,-0.0451453613151717,-0.0091823125064122,-0.006327811503241,0.016459762490292462
24334.849609375,24563.900390625,24204.5,24541.150390625,271600.0,15.4399995803833,15.4399995803833,12.949999809265137,14.399999618530272,0.0,0.0164597624902924,1,54.99656923850648,24369.76218745336,30.389500985180348,286.14878244170603,359.400390625,-0.0673575123133007,0.007974304457428,0.0175871953653024,0.0012835584110202358
24636.349609375,24638.80078125,24522.94921875,24572.650390625,243600.0,14.399999618530272,14.829999923706056,13.199999809265137,14.31999969482422,0.0,0.0012835584110202,2,55.63641218535447,24389.08487346971,44.93153309246191,273.9846953030128,115.8515625,-0.0055555504045367,0.0179647206025519,0.0084190167487432,0.005135759339910173
24648.900390625,24734.30078125,24607.19921875,24698.849609375,238300.0,14.31999969482422,14.31999969482422,11.43000030517578,13.81999969482422,0.0,0.0051357593399101,1,58.20048193335386,24418.586276889266,65.87999697318082,265.9608163974404,127.1015625,-0.034916201861423,0.0229914412373801,0.0144514564166016,0.0028887826964991703
24680.55078125,24787.94921875,24654.5,24770.19921875,257100.0,13.81999969482422,14.050000190734863,11.81999969482422,13.329999923706056,0.0,0.0028887826964991,1,59.62141583691282,24452.073223733143,87.23354865923466,256.4957022797661,133.44921875,-0.0354558452922163,0.0093332555515612,0.0261485239135839,0.001667357653657442
24863.400390625,24867.349609375,24784.44921875,24811.5,220300.0,13.329999923706056,13.779999732971191,10.960000038146973,13.0,0.0,0.0016673576536574,1,60.459327062691656,24486.30434528237,106.26407399834716,245.11389430442568,82.900390625,-0.0247561834654764,0.0097201403014355,0.0276572611959617,0.00046955607782672715
24845.400390625,24858.400390625,24771.650390625,24823.150390625,206800.0,13.0,13.619999885559082,10.84000015258789,13.550000190734863,0.0,0.0004695560778267,2,60.70702859760844,24518.384921029286,120.89241904040682,233.80218756839523,86.75,0.0423077069796049,0.0050326546869947,0.0114909038700861,0.007551387144671073
24906.099609375,25043.80078125,24874.69921875,25010.599609375,210300.0,13.550000190734863,13.989999771118164,12.010000228881836,13.800000190734863,0.0,0.007551387144671,1,64.55448544764045,24565.262510395543,145.92889577945243,232.86277350100983,169.1015625,0.0184501842421334,0.0097052263690728,0.0178226284828064,0.0002858944102370753
25024.80078125,25073.099609375,24973.650390625,25017.75,223300.0,13.800000190734863,14.010000228881836,12.710000038146973,13.630000114440918,0.0,0.000285894410237,1,64.69649173312496,24608.35655702454,164.45176318007725,223.3332338759377,99.44921875,-0.0123188459379935,0.0083126775890212,0.0129115483380226,0.0013830024432652799
25030.80078125,25129.599609375,24964.650390625,25052.349609375,220400.0,13.630000114440918,14.09000015258789,12.039999961853027,13.949999809265137,0.0,0.0013830024432652,1,65.41845774278644,24650.641609629347,179.84996986085025,219.1629470812279,164.94921875,0.0234776003035523,0.0092332848628498,0.0113907194743683,0.00397565940632294
25035.30078125,25192.900390625,24998.5,25151.94921875,354000.0,13.949999809265137,14.140000343322754,12.479999542236328,13.789999961853027,0.0,0.0039756594063229,1,67.48012635178691,24698.38519145036,197.8097875824133,217.39419304864015,194.400390625,-0.0114695232687991,0.0056515881899135,0.0137214283195292,0.003337760073577778
25249.69921875,25268.349609375,25199.400390625,25235.900390625,638200.0,13.789999961853027,13.90999984741211,12.539999961853027,13.390000343322754,0.0,0.0033377600735777,1,69.1496347999601,24749.57711518128,216.32358682914128,210.18035001838012,68.94921875,-0.0290064988859161,0.0087198245495698,0.0166276235491802,0.001695950113232314
25333.599609375,25333.650390625,25235.5,25278.69921875,222800.0,13.390000343322754,14.25,12.630000114440918,14.0600004196167,0.0,0.0016959501132323,1,69.9953386339583,24799.969696473538,231.7776256696889,202.17821006171013,98.150390625,0.0500373457143379,0.0090350650898747,0.010719439500143,4.550829989491412e-05
25313.400390625,25321.69921875,25235.80078125,25279.849609375,212100.0,14.0600004196167,14.149999618530272,12.6899995803833,13.84000015258789,0.0,4.550829989491412e-05,1,70.01912895900108,24845.672545321297,241.33591944738876,193.872512021588,85.8984375,-0.015647244698646,0.0050851084944802,0.0104765460273206,-0.0032100820170585243
25089.94921875,25216.0,25083.80078125,25198.69921875,253800.0,13.84000015258789,14.5600004196167,12.8100004196167,14.380000114440918,0.0,-0.0032100820170585,1,66.04120394411297,24879.294133266885,239.6008088308008,194.0279631718317,132.19921875,0.0390173378540068,-0.0014741368962138,0.0058417518379287,-0.0021270784221717465
25250.5,25275.44921875,25127.75,25145.099609375,222200.0,14.380000114440918,14.380000114440918,13.34000015258789,14.210000038146973,0.0,-0.0021270784221717,0,63.476095180305,24904.608940515274,231.2351458183075,190.71876714170085,147.69921875,-0.0118219801767056,-0.0052850666175063,-0.0002723291668342,-0.011650350298901935
25093.69921875,25168.75,24801.30078125,24852.150390625,311700.0,14.210000038146973,15.670000076293944,12.350000381469728,15.220000267028809,0.0,-0.0116503502989019,1,51.66472396988102,24899.612888144773,198.67652463110065,203.34237082800797,367.44921875,0.0710767224609763,-0.0169185824029344,-0.0152065111234375,0.003390048695012693
24823.400390625,24957.5,24753.150390625,24936.400390625,254400.0,15.220000267028809,15.5600004196167,14.109999656677246,14.239999771118164,0.0,0.0033900486950126,1,54.29852281377261,24903.11645980956,177.6243111695403,203.41431643850737,204.349609375,-0.064388993345396,-0.0104092209620815,-0.0135409984969125,0.0041986500501236534
24999.400390625,25130.5,24896.80078125,25041.099609375,251300.0,14.239999771118164,14.239999771118164,12.170000076293944,13.359999656677246,0.0,0.0041986500501236,1,57.40478046240823,24916.257712149123,167.45827748975353,205.57752374647112,233.69921875,-0.0617977618388555,-0.0041359947510896,-0.0094442808675356,-0.004897963449619458
25034.0,25113.69921875,24885.150390625,24918.44921875,279200.0,13.359999656677246,13.770000457763672,11.329999923706056,13.630000114440918,0.0,-0.0048979634496194,2,52.87124561853473,24916.46642706349,147.80100310399575,207.21833120208035,228.548828125,0.0202096156214142,0.002667730038766,-0.0111216058244574,0.01887963282727112
25059.650390625,25433.349609375,24941.44921875,25388.900390625,380100.0,13.630000114440918,13.630000114440918,11.140000343322754,13.18000030517578,0.0,0.0188796328272711,1,64.46402227463878,24961.460137878872,168.24453114957942,229.19562116086036,491.900390625,-0.0330153929190627,0.018146163556554,0.0096957572265532,-0.0012761636040355961
25430.44921875,25430.5,25292.44921875,25356.5,250800.0,13.18000030517578,13.18000030517578,12.470000267028809,12.550000190734863,0.0,-0.0012761636040355,1,63.30900789754007,24999.08298189041,179.75957716222183,222.6852754529417,138.05078125,-0.0477997040860095,0.0125953091335861,0.0202940027904086,0.0010746751326089488
25406.650390625,25445.69921875,25336.19921875,25383.75,168700.0,12.550000190734863,12.960000038146973,12.3100004196167,12.460000038146973,0.0,0.0010746751326089,1,63.89492899661197,25035.717935996086,188.9065838426468,214.6006129205888,109.5,-0.0071713267904437,0.018672942973509,0.0179396224943189,0.0013709866056039743
25416.900390625,25441.650390625,25352.25,25418.55078125,216000.0,12.460000038146973,12.75,11.880000114440918,12.59000015258789,0.0,0.0013709866056039,1,64.67085442900222,25072.178206972647,196.69639118379928,205.65773989947527,89.400390625,0.0104333959906031,0.0011678485546364,0.0150732666601305,-0.0016129951842196455
25402.400390625,25482.19921875,25285.55078125,25377.55078125,215700.0,12.59000015258789,13.850000381469728,12.260000228881836,13.369999885559082,0.0,-0.0016129951842196,1,62.95430326833908,25101.26130928477,197.2873070073947,205.01421829951275,196.6484375,0.0619539097313561,0.0008301927020684,0.0184241626944643,0.0015072376499098983
25487.05078125,25611.94921875,25376.05078125,25415.80078125,314500.0,13.369999885559082,13.369999885559082,12.100000381469728,12.470000267028809,0.0,0.0015072376499098,2,63.91655437862427,25131.217449471937,198.5532688975909,207.2202339566904,235.8984375,-0.0673148561132271,0.0012626495789629,0.0010595335052372,0.014760441377741573
25525.94921875,25849.25,25426.599609375,25790.94921875,533100.0,12.470000267028809,13.109999656677246,10.899999618530272,12.789999961853027,0.0,0.0147604413777415,2,71.68485227383721,25194.04904654604,227.2087751489198,223.3794471562125,422.650390625,0.0256615627884395,0.0146506557633765,0.0171336430008084,0.005742385099666292
25872.55078125,25956.0,25847.349609375,25939.05078125,209200.0,12.789999961853027,14.029999732971191,12.43000030517578,13.789999961853027,0.0,0.0057423850996662,1,74.0591904561488,25265.00159270832,258.884766227322,219.21311387719737,108.650390625,0.0781860831104426,0.0221258546516183,0.0218762311025755,5.2030021699067674e-05
25921.44921875,26011.55078125,25886.849609375,25940.400390625,384100.0,13.789999961853027,14.109999656677246,12.739999771118164,13.390000343322754,0.0,5.203002169906768e-05,1,74.08052007806047,25329.325287748008,280.85954555538774,212.4622608770404,124.701171875,-0.0290064988859161,0.0206406878103173,0.0205302660197268,0.0024575565157058943
25899.44921875,26032.80078125,25871.349609375,26004.150390625,278500.0,13.390000343322754,13.609999656677246,8.979999542236328,12.739999771118164,0.0,0.0024575565157058,2,75.12112794501051,25393.594345164864,299.9610445097933,208.81861166260893,161.451171875,-0.0485437308094415,0.0082665112503885,0.0246910986318646,0.008148714241454025
26005.400390625,26250.900390625,25998.400390625,26216.05078125,370900.0,12.739999771118164,12.739999771118164,11.350000381469728,12.0,0.0,0.008148714241454,1,78.24728342892666,25471.92352955392,328.4119817517385,211.93871082956545,252.5,-0.0580847554484073,0.0106788795910846,0.0314863185656684,-0.0014152231703233875
26248.25,26277.349609375,26151.400390625,26178.94921875,490300.0,12.0,12.079999923706056,10.5,11.960000038146973,0.0,-0.0014152231703233,0,76.43625847605487,25539.25930947736,344.0003466079397,205.7966042524536,125.94921875,-0.0033333301544189,0.0091960349313349,0.0150440372205427,-0.014060900852023384
26061.30078125,26134.69921875,25794.099609375,25810.849609375,343100.0,11.960000038146973,13.239999771118164,11.600000381469728,12.789999961853027,0.0,-0.0140609008520233,1,61.28168539418512,25565.12505232475,322.92914970344646,218.5861046183498,340.599609375,0.0693979867105962,-0.007433458826622,-0.0049424002811879,-0.0005404401234794243
25788.44921875,25907.599609375,25739.19921875,25796.900390625,247400.0,12.789999961853027,12.789999961853027,11.710000038146973,11.989999771118164,0.0,-0.0005404401234794,0,60.78982214936107,25587.19889406763,301.6275147389206,215.00141076168197,168.400390625,-0.0625488814011661,-0.0159883116691542,-0.0055319115294713,-0.021196375260987388
25452.849609375,25639.44921875,25230.30078125,25250.099609375,423400.0,11.989999771118164,13.93000030517578,11.6899995803833,13.170000076293944,0.0,-0.0211963752609873,0,45.40529649321509,25555.094200287374,237.8814134591521,240.1155678054904,409.1484375,0.0984153734529835,-0.0354807827317124,-0.0289973242702769,-0.009326695880144675
25181.900390625,25485.05078125,24966.80078125,25014.599609375,374900.0,13.170000076293944,14.479999542236328,12.289999961853027,14.130000114440918,0.0,-0.0093266958801446,0,40.63544629347809,25503.618524962392,166.44066273044882,259.98231296224105,518.25,0.0728929409708187,-0.030849430067222,-0.0458288390536033,-0.008748875168602677
25084.099609375,25143.0,24694.349609375,24795.75,374300.0,14.130000114440918,15.5,13.619999885559082,15.079999923706056,0.0,-0.0087488751686026,2,36.7697442179272,25436.202474965976,91.11371639479694,273.4586042238667,448.650390625,0.0672328238903716,-0.0388089412086435,-0.0528363154377227,0.00876764730346924
24832.19921875,25044.0,24756.80078125,25013.150390625,333200.0,15.079999923706056,15.5600004196167,13.880000114440918,14.59000015258789,0.0,0.0087676473034692,1,42.610328716582735,25395.911800266837,48.40102645068691,274.44007669001905,287.19921875,-0.0324933536868176,-0.0093840904557075,-0.030905577724968,-0.0012473907279866303
25065.80078125,25234.05078125,24947.69921875,24981.94921875,290600.0,14.59000015258789,14.59000015258789,12.699999809265137,14.119999885559082,0.0,-0.0012473907279866,1,42.01055822574789,25356.486792503325,11.896107211559864,275.2908971050177,286.3515625,-0.0322138630646582,-0.0013052533774221,-0.0315910500693783,0.0006604768849507447
25067.05078125,25134.05078125,24979.400390625,24998.44921875,261400.0,14.119999885559082,14.119999885559082,11.729999542236328,13.5,0.0,0.0006604768849507,1,42.47171580701558,25322.38797595539,-15.523941847150128,266.6737180707307,154.650390625,-0.0439093406929254,0.0081747565106924,-0.0099663127875965,-0.0013680536120755926
24985.30078125,25028.650390625,24920.05078125,24964.25,210500.0,13.5,13.699999809265137,11.539999961853027,13.220000267028809,0.0,-0.0013680536120755,2,41.73095889447004,25288.27959729297,-39.55811805443591,255.3827103067499,108.599609375,-0.020740720960829,-0.0019549872711487,-0.0020128089260372,0.006557345754428789
25023.44921875,25159.75,25017.5,25127.94921875,206400.0,13.220000267028809,13.739999771118164,12.920000076293944,13.0,0.0,0.0065573457544287,1,46.53757731816636,25273.010037431734,-44.87888118772389,251.10537385626776,142.25,-0.0166414722076442,0.0058442197092618,0.013397425718117,-0.0028096049048969007
25186.30078125,25212.05078125,25008.150390625,25057.349609375,257200.0,13.0,13.359999656677246,10.920000076293944,13.0,0.0,-0.0028096049048969,1,44.82038958499787,25252.47094904538,-54.16800768175017,247.73358933974865,203.900390625,0.0,0.0023561617806604,0.0017670392597393,-0.0034340754096676696
25008.55078125,25093.400390625,24908.44921875,24971.30078125,226800.0,13.0,13.5600004196167,11.4399995803833,13.050000190734863,0.0,-0.0034340754096676,0,42.74988451668984,25225.69283782677,-67.69280808810436,243.24913094940945,184.951171875,0.0038461685180664,0.000282435132239,-0.0004262452623996,-0.008868227322834543
25027.400390625,25029.5,24728.900390625,24749.849609375,252800.0,13.050000190734863,13.470000267028809,11.0600004196167,13.390000343322754,0.0,-0.0088682273228345,1,37.89776019205523,25180.37443511708,-95.18335421885786,247.3455936940945,300.599609375,0.0260536511585096,-0.0150469744300847,-0.0099446012510463,0.004210173941240125
24664.94921875,24886.19921875,24567.650390625,24854.05078125,290900.0,13.390000343322754,14.0600004196167,12.869999885559082,13.039999961853027,0.0,0.0042101739412401,1,41.275275058454966,25149.29599189164,-107.3244766022799,252.43153901058776,318.548828125,-0.0261389374529973,-0.0081133412469504,-0.004414281172076,-0.00293518237799828
24956.150390625,24978.30078125,24679.599609375,24781.099609375,242000.0,13.039999961853027,14.199999809265137,12.550000190734863,13.760000228881836,0.0,-0.0029351823779982,0,39.64945822556655,25114.2296697472,-121.4331477177584,255.7365127866172,298.701171875,0.0552147445655739,-0.0076167907127134,-0.0138033393157364,-0.012469180337869368
24798.650390625,24882.0,24445.80078125,24472.099609375,279500.0,13.760000228881836,14.520000457763672,9.470000267028809,14.399999618530272,0.0,-0.0124691803378693,1,33.6104354343133,25053.07442590223,-155.7526689880906,268.626706069716,436.19921875,0.0465115827763649,-0.0112222904132229,-0.0233564207357761,-0.001495564743491773
24378.150390625,24604.25,24378.099609375,24435.5,284600.0,14.399999618530272,15.029999732971191,11.739999771118164,14.619999885559082,0.0,-0.0014955647434917,1,32.96989054462341,24994.25781391154,-183.78585057182136,265.59268353795056,226.150390625,0.0152777967261683,-0.01684034465584,-0.0214566628284063,-0.0014773427748562273
24412.69921875,24480.650390625,24341.19921875,24399.400390625,216700.0,14.619999885559082,14.899999618530272,12.699999809265137,13.970000267028809,0.0,-0.0014773427748562,0,32.315706684603285,24937.60472597949,-206.5344847477136,256.5825755620255,139.451171875,-0.0444596185785411,-0.0154028362246523,-0.0141596504334819,-0.008959220549493163
24418.05078125,24440.25,24073.900390625,24180.80078125,372600.0,13.970000267028809,15.079999923706056,13.350000381469728,14.630000114440918,0.0,-0.0089592205494931,2,28.6133172933186,24865.528159814778,-239.44196486703004,264.423077977238,366.349609375,0.0472440826626039,-0.0119033034669983,-0.0270881397131409,0.0065485676346082045
24251.099609375,24492.599609375,24134.900390625,24339.150390625,278600.0,14.630000114440918,15.479999542236328,13.539999961853027,14.289999961853027,0.0,0.0065485676346082,2,34.4701139536828,24815.396943701468,-249.8636176044747,271.0856594610067,357.69921875,-0.0232399282247636,-0.0039430177150048,-0.0178341246238648,0.0052466588480091225
24328.849609375,24484.5,24140.849609375,24466.849609375,332000.0,14.289999961853027,15.029999732971191,13.5600004196167,14.520000457763672,0.0,0.0052466588480091,0,38.82870897917901,24782.2019594799,-244.99444924942875,276.26885454414906,343.650390625,0.0160952061948655,0.0027643801761585,-0.0002145300192382,-0.005149825253829232
24371.44921875,24498.19921875,24307.30078125,24340.849609375,285200.0,14.520000457763672,15.699999809265137,14.279999732971191,15.510000228881836,0.0,-0.0051498252538292,0,36.26558958565254,24740.16840232705,-248.4388962732592,270.17096761242414,190.8984375,0.0681818002690779,0.0066188390356825,-0.0038734787757566,-0.005566773640794054
24349.849609375,24372.44921875,24172.599609375,24205.349609375,287000.0,15.510000228881836,16.239999771118164,14.649999618530272,15.550000190734863,0.0,-0.005566773640794,1,33.690034874467074,24689.23327918876,-259.1154414198718,265.1480134526081,199.849609375,0.0025789788048191,-0.0054973480627958,-0.0079530963115208,0.004090004961616156
24302.75,24368.25,24280.19921875,24304.349609375,38800.0,15.550000190734863,16.1299991607666,13.630000114440918,15.899999618530272,0.0,0.0040900049616161,0,37.1993376846059,24652.57769158745,-256.6299375726885,257.8446118220647,88.05078125,0.0225080015114051,-0.0066416397122797,0.0051093770319137,-0.0127137736646451
24315.75,24316.75,23816.150390625,23995.349609375,285500.0,15.899999618530272,17.600000381469727,14.779999732971191,16.690000534057617,0.0,-0.0127137736646451,2,31.58135087012677,24589.98454090055,-276.4076204551202,275.1842545044172,500.599609375,0.0496855933635782,-0.0141942457040171,-0.014125422446234,0.00908305881860727
23916.5,24229.05078125,23842.75,24213.30078125,289500.0,16.690000534057617,19.020000457763672,15.800000190734863,16.1200008392334,0.0,0.0090830588186072,2,38.62245015274729,24554.109897124305,-271.3665933848897,283.1211492719588,386.30078125,-0.0341521675605148,0.0003284882062566,-0.010362953636166,0.011181870759630508
24308.75,24537.599609375,24204.05078125,24484.05078125,351100.0,16.1200008392334,20.75,14.710000038146973,14.869999885559082,0.0,0.0111818707596305,0,46.05008699728606,24547.43760037437,-242.72628336251728,286.7231263328904,333.548828125,-0.077543479441516,0.0073937864934958,0.0058831624274875,-0.011628025706147627
24489.599609375,24503.349609375,24179.05078125,24199.349609375,322200.0,14.869999885559082,15.520000457763672,14.270000457763672,14.9399995803833,0.0,-0.0116280257061476,1,40.49997954974209,24514.28636313634,-240.23238713145477,289.40710503232674,324.298828125,0.0047074442073262,0.0085016473325438,-0.0002478790885828,-0.002113709312467793
24207.69921875,24276.150390625,24066.650390625,24148.19921875,298700.0,14.9399995803833,15.729999542236328,14.390000343322754,14.470000267028809,0.0,-0.0021137093124677,1,39.5770703770787,24479.42092081383,-239.6211618477901,283.6994546728748,209.5,-0.0314591249367648,-0.002688669466759,-0.0064247919872238,-0.00028567088740283353
24087.25,24336.80078125,24004.599609375,24141.30078125,273400.0,14.470000267028809,15.470000267028809,13.119999885559082,14.270000457763672,0.0,-0.0002856708874028,0,39.44651365227022,24447.21900276013,-236.96185885519665,287.1638630444552,332.201171875,-0.0138216866326432,-0.0139989090474554,0.0060824774071213,-0.010680930776533315
24225.80078125,24242.0,23839.150390625,23883.44921875,255800.0,14.270000457763672,14.84000015258789,12.739999771118164,14.59000015258789,0.0,-0.0106809307765333,0,34.82249849811599,24393.52664237821,-252.7472947287424,295.42713063949407,402.849609375,0.0224246450286635,-0.0130540859867828,-0.0136227425364254,-0.013582562322921432
23822.44921875,23873.599609375,23509.599609375,23559.05078125,304600.0,14.59000015258789,15.869999885559082,13.93000030517578,15.4399995803833,0.0,-0.0135825623229214,1,30.04997184746506,24314.05275084219,-288.11242845042943,301.0287362634587,364.0,0.058259041734461,-0.024397199648848,-0.03777969618934,-0.0011185324376894457
23542.150390625,23675.900390625,23484.150390625,23532.69921875,257700.0,15.4399995803833,15.6899995803833,13.40999984741211,14.779999732971191,0.0,-0.0011185324376894,1,29.693956432992778,24239.638128738174,-314.6389407286624,293.2231122446402,191.75,-0.0427461052687233,-0.0252099738955527,-0.027548277180422,-0.0033527151631265184
23605.30078125,23606.80078125,23350.400390625,23453.80078125,263300.0,14.779999732971191,16.579999923706055,13.760000228881836,15.170000076293944,0.0,-0.0033527151631265,1,28.601363990806945,24164.796476596443,-338.13008421470295,290.59291784323733,256.400390625,0.0263870331778655,-0.0179893797401213,-0.0287557027010457,0.002758581406631766
23529.55078125,23780.650390625,23464.80078125,23518.5,297500.0,15.170000076293944,16.18000030517578,12.729999542236328,15.65999984741211,0.0,0.0027585814066317,0,30.84838819050921,24103.244431206305,-347.5203007298114,293.1826815240775,315.849609375,0.0323005780259608,-0.0017212400290028,-0.0257981451328304,-0.007168807933116472
23488.44921875,23507.30078125,23263.150390625,23349.900390625,420300.0,15.65999984741211,16.780000686645508,14.84000015258789,15.989999771118164,0.0,-0.0071688079331164,2,28.3449559986708,24031.49737972237,-364.3665041521344,290.48031922771486,244.150390625,0.0210727922682956,-0.0077678648941109,-0.0223396890138519,0.023869464111237804
23411.80078125,23956.099609375,23359.0,23907.25,367600.0,15.989999771118164,18.670000076293945,12.75,16.100000381469727,0.0,0.0238694641112378,2,44.40638237375874,24019.66429593929,-328.9518342433912,313.0316691935924,597.099609375,0.006879337831527,0.0193337200643619,0.0147798492385406,0.013161295867362366
24253.55078125,24351.55078125,24135.44921875,24221.900390625,687200.0,16.100000381469727,16.860000610351562,13.630000114440918,15.300000190734863,0.0,0.0131612958673623,1,51.07388686618139,24038.92487638555,-272.35624307706894,322.4080343404786,216.1015625,-0.0496894516633441,0.0299083866158555,0.0292869579247361,-0.0011312238174179257
24343.30078125,24343.30078125,24125.400390625,24194.5,230700.0,15.300000190734863,16.260000228881836,13.869999885559082,15.3100004196167,0.0,-0.0011312238174179,1,50.50582839263795,24053.74155482502,-227.0969792436008,314.9432026465159,217.900390625,0.0006536097226907,0.036171443785435,0.0315812019407168,0.003323085437806128
24204.80078125,24354.55078125,24145.650390625,24274.900390625,295000.0,15.3100004196167,15.3100004196167,13.25,14.630000114440918,0.0,0.0033230854378061,0,52.186305208321805,24074.804301091684,-182.63573591403477,307.36871607355044,208.900390625,-0.0444154334773562,0.0153781965983121,0.0321619316973871,-0.014861029054492936
24274.150390625,24345.75,23873.349609375,23914.150390625,366700.0,14.630000114440918,15.5600004196167,14.270000457763672,15.210000038146973,0.0,-0.0148610290544929,2,44.83115920080896,24059.503928666287,-174.49788731208173,319.1566928272254,472.400390625,0.0396445604353448,-0.0127054440418354,0.0241649853130228,0.009072001940535257
23927.150390625,24188.44921875,23927.150390625,24131.099609375,282100.0,15.210000038146973,15.460000038146973,14.329999923706056,14.43000030517578,0.0,0.0090720019405352,2,49.44570772896233,24066.32256492426,-148.82700970585574,315.9525596342093,261.298828125,-0.0512820335973002,-0.0026204464082746,0.0093632521254012,0.006006820004948565
24140.849609375,24301.69921875,24008.650390625,24276.05078125,220400.0,14.43000030517578,15.079999923706056,13.3100004196167,14.699999809265137,0.0,0.0060068200049485,2,52.31556515880168,24086.296680764804,-115.4554080162925,314.3165788121229,293.048828125,0.0187109839486636,4.7390127517976666e-05,0.0022355962889666,0.007460011144599932
24367.5,24481.349609375,24280.0,24457.150390625,339500.0,14.699999809265137,14.890000343322754,14.239999771118164,14.369999885559082,0.0,0.0074600111445999,1,55.69927842085148,24121.616081703876,-73.54714260547917,306.52959662018554,201.349609375,-0.0224489746930515,0.0227062216775584,0.01085578915146,0.00042109681465385407
24488.75,24573.19921875,24366.30078125,24467.44921875,348000.0,14.369999885559082,14.800000190734863,14.109999656677246,14.449999809265137,0.0,0.0004210968146538,2,55.890968403048255,24154.55257094636,-39.05332851460844,299.41308525445805,206.8984375,0.005567148527708,0.0139384286178292,0.0079320131092839,0.009847825562885104
24539.150390625,24857.75,24295.55078125,24708.400390625,361500.0,14.449999809265137,15.710000038146973,14.0600004196167,14.529999732971191,0.0,0.0098478255628851,1,60.22709403050948,24207.299982344328,7.637967786096851,318.1835233612824,562.19921875,0.0055363269731505,0.0178097176213245,0.0332125535311247,-0.0012384293961259507
24729.44921875,24751.05078125,24620.5,24677.80078125,226700.0,14.529999732971191,15.020000457763672,14.050000190734863,14.140000343322754,0.0,-0.0012384293961259,1,59.42811058882326,24252.109582240104,41.69143088880082,304.7811846390479,130.55078125,-0.0268409770692189,0.0090219173984218,0.0226554604110376,-0.0023827399277279726
24633.900390625,24705.0,24580.05078125,24619.0,248100.0,14.140000343322754,14.640000343322754,13.449999809265137,14.109999656677246,0.0,-0.0023827399277279,1,57.84019463156993,24287.051526788666,63.20571793919589,291.93604421840166,124.94921875,-0.0021216892444896,0.0061939755098729,0.014127059703421,-0.0003635086213900074
24652.650390625,24677.80078125,24510.650390625,24610.05078125,261000.0,14.109999656677246,14.670000076293944,13.699999809265137,13.779999732971191,0.0,-0.00036350862139,1,57.58798932708,24317.81336054689,78.62744996797846,283.0227832474444,167.150390625,-0.0233876634823225,-0.0039804118364665,0.0062517663825467,0.0012901233029631864
24620.5,24691.75,24583.849609375,24641.80078125,187300.0,13.779999732971191,14.109999656677246,13.18000030517578,13.270000457763672,0.0,0.0012901233029631,1,58.28298324482638,24348.669305375755,92.34672776866864,270.5140409172698,107.900390625,-0.0370101077714284,-0.0014588009814615,0.0071258577443533,-0.003778196379659149
24604.44921875,24675.25,24527.94921875,24548.69921875,266100.0,13.270000457763672,13.399999618530272,12.949999809265137,13.1899995803833,0.0,-0.0037781963796591,2,55.4153717267009,24367.71977331616,94.61616005959876,261.7130937981791,147.30078125,-0.0060287019307196,-0.0028555498294,-0.0064634362949531,0.008945547808588916
24498.349609375,24792.30078125,24180.80078125,24768.30078125,310100.0,13.1899995803833,14.720000267028809,12.470000267028809,13.050000190734863,0.0,0.0089455478085889,1,60.36852653391502,24405.87034550033,112.83403182531764,286.6978728125949,611.5,-0.0106140556559721,0.0064302996124074,0.0036672635783963,-0.004039468921733236
24753.400390625,24781.25,24601.75,24668.25,187600.0,13.050000190734863,14.510000228881836,13.050000190734863,14.020000457763672,0.0,-0.0040394689217332,0,57.24800727348413,24430.85888402411,117.84017636455246,279.0408818974095,179.5,0.0743295212913086,0.0010733476414648,0.0020004874284089,-0.013468730047733413
24584.80078125,24624.099609375,24303.44921875,24336.0,264900.0,14.020000457763672,14.979999542236328,13.18000030517578,14.489999771118164,0.0,-0.0134687300477334,0,48.31621896637755,24421.824704593244,93.9151878825869,285.1665889940232,320.650390625,0.0335234877324293,-0.0086643783792642,-0.0111357259554618,-0.005635699812006956
24297.94921875,24394.44921875,24149.849609375,24198.849609375,235300.0,14.489999771118164,15.239999771118164,14.270000457763672,14.369999885559082,0.0,-0.0056356998120069,0,45.18246625478438,24400.588981239125,63.159508333952544,282.26894759266435,244.599609375,-0.0082815657318552,-0.0229911279301842,-0.0179756007203841,-0.010213311567061067
23877.150390625,24004.900390625,23870.30078125,23951.69921875,271100.0,14.369999885559082,15.4399995803833,13.869999885559082,14.510000228881836,0.0,-0.010213311567061,0,40.13117311099332,24357.83757528778,18.62771104987769,285.574653344974,134.599609375,0.0097425431063116,-0.0290474914616967,-0.024319007483053,-0.01520556915080562
23960.69921875,24065.80078125,23537.349609375,23587.5,442700.0,14.510000228881836,15.550000190734863,14.399999618530272,15.06999969482422,0.0,-0.0152055691508056,2,34.08408056579313,24284.47209192704,-45.52708445531243,302.92297609711875,528.451171875,0.0385940356381053,-0.0307569033530572,-0.0476738711984588,0.0070354729729729115
23738.19921875,23869.55078125,23647.19921875,23753.44921875,189800.0,15.06999969482422,16.8799991607666,13.420000076293944,13.520000457763672,0.0,0.0070354729729729,1,38.62240474205816,24233.8984849578,-82.03387163794469,301.43210503661027,222.3515625,-0.1028533024849955,-0.0184058497744639,-0.0370841377580493,-0.0010861087115143775
23769.099609375,23867.650390625,23685.150390625,23727.650390625,177700.0,13.520000457763672,15.029999732971191,12.979999542236328,13.18000030517578,0.0,-0.0010861087115143,1,38.18227927328702,24185.68438073563,-111.75922256720514,292.9369546768524,182.5,-0.0251479394287039,-0.009354193457373,-0.0249979293793145,0.0009503186263191132
23775.80078125,23854.5,23653.599609375,23750.19921875,177700.0,13.18000030517578,14.390000343322754,13.079999923706056,14.039999961853027,0.0,0.0009503186263191,1,38.838311743422295,24144.209603403662,-131.97593888566553,286.3629143874344,200.900390625,0.0652503518030667,0.0068976881293056,-0.0185401536795032,0.002661079652128029
23801.400390625,23938.849609375,23800.599609375,23813.400390625,176800.0,14.039999961853027,14.239999771118164,13.039999961853027,13.239999771118164,0.0,0.002661079652128,0,40.73669566867471,24112.70396409141,-141.2695583145396,279.38344840440334,138.25,-0.0569800707199772,0.0025238933227296,-0.0057740716790872,-0.007075847935867907
23796.900390625,23915.349609375,23599.30078125,23644.900390625,364900.0,13.239999771118164,14.369999885559082,13.239999771118164,13.970000267028809,0.0,-0.0070758479358679,1,37.40339094958178,24068.151242808897,-160.38257002303362,282.0024040987317,316.048828125,0.0551359900702621,-0.0034874923828401,0.0024335088765234,-4.212721278373799e-06
23560.599609375,23689.849609375,23460.44921875,23644.80078125,193600.0,13.970000267028809,14.640000343322754,13.970000267028809,14.449999809265137,0.0,-4.212721278373799e-06,1,37.40144261936684,24027.83215123186,-173.53737629723037,278.24511742203657,229.400390625,0.0343593080215749,-0.0044377917224707,-0.0045740067684248,0.004148887118253564
23637.650390625,23822.80078125,23562.80078125,23742.900390625,154900.0,13.970000267028809,14.640000343322754,13.970000267028809,14.449999809265137,0.0,0.0041488871182535,2,40.67872463539656,24000.695793078827,-174.0406046667922,276.941894749034,260.0,0.0,-0.002960517979102,0.0006427100765959,0.018774033191665485
23783.0,24226.69921875,23751.55078125,24188.650390625,283200.0,14.510000228881836,14.800000190734863,13.630000114440918,13.739999771118164,0.0,0.0187740331916654,0,52.776741779587205,24018.59623094037,-136.89309863534436,291.7173899901744,475.1484375,-0.0491349513853786,0.0229965020370985,0.0184609471203449,-0.007602755327609123
24196.400390625,24196.44921875,23976.0,24004.75,312300.0,13.739999771118164,13.979999542236328,13.229999542236328,13.539999961853027,0.0,-0.0076027553276091,0,48.39191438339516,24017.27754227938,-120.89900856215536,286.626806330162,220.44921875,-0.0145560271176671,0.0152231867834315,0.0080353753028203,-0.016192595996625703
24045.80078125,24089.94921875,23551.900390625,23616.05078125,278100.0,13.539999961853027,15.920000076293944,13.539999961853027,15.649999618530272,0.0,-0.0161925959966257,1,40.69574481122941,23979.06546980039,-137.99760491721463,304.5855221726504,538.048828125,0.1558345393369173,-0.0053426332624925,-0.0012201197255387,0.0038892874268343647
23679.900390625,23795.19921875,23637.80078125,23707.900390625,262300.0,15.649999618530272,15.649999618530272,14.350000381469728,14.65999984741211,0.0,0.0038892874268343,1,43.00252274397806,23953.24022416464,-142.49428444847217,295.6257304103183,157.3984375,-0.063258772859391,-0.0198750237089014,0.0026686462685292,-0.0007993610384197103
23746.650390625,23751.849609375,23496.150390625,23688.94921875,266400.0,14.65999984741211,14.880000114440918,14.100000381469728,14.470000267028809,0.0,-0.0007993610384197,0,42.634037723689744,23928.069652220387,-145.9052318724098,292.77383672029555,255.69921875,-0.0129604080737313,-0.0131557621408262,-0.0022723075524632,-0.006857594959147506
23674.75,23689.5,23503.05078125,23526.5,269200.0,14.470000267028809,14.890000343322754,13.75,14.65999984741211,0.0,-0.0068575949591475,1,39.50878049728284,23889.824923437496,-159.87380092965395,285.1792211509887,186.44921875,0.0131305858242609,-0.0037919456593097,-0.027374424779054,-0.004037999702463213
23551.900390625,23596.599609375,23344.349609375,23431.5,261000.0,14.65999984741211,15.520000457763672,14.65999984741211,14.920000076293944,0.0,-0.0040379997024632,0,37.76531607919731,23846.17493072916,-176.57426043684973,282.8271339259181,252.25,0.0177353500401116,-0.0116585773548424,-0.0238806902800486,-0.014747275302477436
23195.400390625,23340.94921875,23047.25,23085.94921875,316500.0,14.920000076293944,16.18000030517578,14.449999809265137,16.0,0.0,-0.0147472753024774,1,32.19936124944938,23773.77248196924,-215.21172823665256,290.0716243597811,293.69921875,0.0723860534975493,-0.0254549070299293,-0.0224466642373954,0.003902874499386977
23165.900390625,23264.94921875,23134.150390625,23176.05078125,311200.0,16.0,16.0,15.119999885559082,15.470000267028809,0.0,0.0039028744993869,1,34.893834032486,23716.846605710267,-235.84310425374133,282.137936905511,130.798828125,-0.0331249833106994,-0.0148959351688521,-0.0224334336070229,0.0016028803979861728
23250.44921875,23293.650390625,23146.44921875,23213.19921875,228000.0,15.470000267028809,15.65999984741211,15.199999809265137,15.260000228881836,0.0,0.0016028803979861,1,36.02274203299743,23668.880187904528,-246.35620891951112,272.4995965461888,147.201171875,-0.0135746628650386,-0.0093165517039028,-0.0200832040124194,0.004247650725383689
23377.25,23391.650390625,23272.05078125,23311.80078125,299400.0,15.260000228881836,15.56999969482422,13.960000038146973,15.470000267028809,0.0,0.0042476507253836,1,39.04395367256445,23634.872625366,-243.9198419605564,265.7818519268181,119.599609375,0.0137614701833042,0.009783074560199,-0.0091258461203324,-0.004658651792672774
23277.099609375,23292.099609375,23100.349609375,23203.19921875,272900.0,15.470000267028809,16.3799991607666,14.050000190734863,15.75,0.0,-0.0046586517926727,2,36.97296932224003,23593.760872354957,-247.8946666569864,261.901089065974,191.75,0.0180995299378212,0.0011714005011571,-0.0097433276252053,0.006100485537167577
23290.400390625,23391.099609375,23170.650390625,23344.75,301500.0,15.75,17.020000457763672,15.18000030517578,16.420000076293945,0.0,0.0061004855371675,0,41.34037178592105,23570.04555117829,-236.89203489029023,258.9402411862615,220.44921875,0.0425396873837424,0.0056670681197505,0.0112103157984859,-0.013711845677293555
23421.650390625,23426.30078125,22976.849609375,23024.650390625,312900.0,16.420000076293945,17.450000762939453,15.199999809265137,17.059999465942383,0.0,-0.0137118456772935,2,35.371321822943074,23518.10315493512,-251.10712659142155,272.54816480688567,449.451171875,0.0389768201385347,-0.012317812481306,-0.0065326224926761,0.0056764909144164655
23099.150390625,23169.55078125,22981.30078125,23155.349609375,276000.0,17.059999465942383,17.299999237060547,15.90999984741211,16.770000457763672,0.0,0.0056764909144164,1,39.22961608322069,23483.55519821511,-248.95653851862156,266.5268673206796,188.25,-0.0169987700619597,-0.0020621987909466,-0.0024920998105367,0.0021593282262408753
23128.30078125,23270.80078125,23090.650390625,23205.349609375,275600.0,16.770000457763672,17.079999923706055,15.670000076293944,16.700000762939453,0.0,0.0021593282262408,1,40.68840145121706,23457.05942784938,-240.44588930467216,260.35711898527387,180.150390625,-0.0041741021415304,-0.0059713807440645,-0.0045664070688447,-0.004876047658393667
23183.900390625,23347.30078125,23050.0,23092.19921875,264300.0,16.700000762939453,17.309999465942383,16.1200008392334,16.75,0.0,-0.0048760476583936,0,38.4396102625884,23422.310836506585,-240.0641196364268,262.99595200418287,297.30078125,0.0029939661542712,0.0029337612940478,-0.0047838230820473,-0.011391241935562957
22940.150390625,23007.44921875,22786.900390625,22829.150390625,257400.0,16.75,18.520000457763672,16.75,18.1299991607666,0.0,-0.0113912419355629,2,33.76722285951797,23365.81936547024,-258.01319100447654,266.01758601281267,220.548828125,0.082388009598006,-0.0140874236084922,-0.0220863195954122,0.005611229817278129
22960.44921875,23137.94921875,22857.650390625,22957.25,361900.0,18.1299991607666,18.5,16.829999923706055,18.200000762939453,0.0,0.0056112298172781,2,37.736311781805085,23326.907997330218,-258.9167602343805,269.0733890208261,280.298828125,0.0038610924110982,-0.0106914833670408,-0.002927314399199,0.008966649288351114
23026.75,23183.349609375,22976.5,23163.099609375,226300.0,18.200000762939453,19.01000022888184,17.290000915527344,18.63999938964844,0.0,0.0089666492883511,1,43.586719627282086,23311.307198477338,-240.25301503434457,266.0038333318385,206.849609375,0.0241757477068325,0.0030703178139668,0.0003346958750674,0.003730087599762788
23169.5,23322.05078125,23139.19921875,23249.5,361900.0,18.63999938964844,18.989999771118164,17.219999313354492,17.389999389648438,0.0,0.0037300875997627,2,45.88508273026012,23305.420798622352,-216.00015769061795,260.06438541527865,182.8515625,-0.0670600880327376,0.0184128450766885,0.0019025953656464,0.011135740150325812
23296.75,23546.80078125,23277.400390625,23508.400390625,304900.0,17.389999389648438,17.940000534057617,16.110000610351562,16.25,0.0,0.0111357401503258,1,52.17306770466727,23324.75218833689,-173.88406840917378,262.7241279749016,269.400390625,-0.0655548838217344,0.024007683438783,0.0180234531987346,-0.0011166221250199504
23528.599609375,23632.44921875,23318.30078125,23482.150390625,281000.0,17.389999389648438,17.940000534057617,16.110000610351562,16.25,0.0,-0.0011166221250199,0,51.5194155316323,23339.74249331671,-140.99956463129638,266.39729294098004,314.1484375,0.0,0.0137740970176922,0.0286037802032335,-0.005157091976693451
23319.349609375,23381.599609375,23222.0,23361.05078125,329700.0,14.100000381469728,15.109999656677246,14.100000381469728,14.350000381469728,0.0,-0.0051570919766934,2,48.50054117517337,23341.771854072264,-123.28888732377165,265.95108563269577,159.599609375,-0.1169230534480167,0.0047979862470159,0.0175892487667295,0.016189306820631133
23509.900390625,23762.75,23423.150390625,23739.25,376700.0,14.350000381469728,15.130000114440918,13.670000076293944,14.020000457763672,0.0,0.0161893068206311,1,56.97900432335311,23379.626915589197,-77.83826073156888,275.6473808553604,339.599609375,-0.0229965097514691,0.0098198773859177,0.0248736309190593,-0.001809207062143936
23801.75,23807.30078125,23680.44921875,23696.30078125,267000.0,14.020000457763672,14.300000190734863,13.5,14.079999923706056,0.0,-0.0018092070621439,1,55.85442173344421,23409.786331366413,-44.76789825070591,265.0191081156918,126.8515625,0.0042795623383278,0.0091197095267092,0.0192176511860469,-0.003922602634608197
23761.94921875,23773.55078125,23556.25,23603.349609375,307000.0,14.079999923706056,14.640000343322754,13.149999618530272,14.18000030517578,0.0,-0.0039226026346081,1,53.398092766518026,23428.220929271996,-25.762802915262,261.6106561967138,217.30078125,0.0071022998587775,0.0103719147907281,0.0040389485108422,-0.0018387386257991967
23649.5,23694.5,23443.19921875,23559.94921875,368100.0,14.18000030517578,14.510000228881836,13.550000190734863,13.6899995803833,0.0,-0.0018387386257991,0,52.242834319174975,23440.76648065085,-14.041317184757643,260.8742365576628,251.30078125,-0.034555762640825,-0.0075529252714386,0.0033131049256911,-0.007570033692307909
23543.80078125,23568.599609375,23316.30078125,23381.599609375,234200.0,13.6899995803833,14.720000267028809,13.6899995803833,14.449999809265137,0.0,-0.0075700336923079,0,47.677907674858766,23435.131540529343,-18.92512122428161,260.2617073839012,252.298828125,0.0555149928544085,-0.0132806033642184,0.0008796191711331,-0.013249684936046169
23383.55078125,23390.05078125,22986.650390625,23071.80078125,268000.0,14.449999809265137,15.43000030517578,13.850000381469728,14.869999885559082,0.0,-0.0132496849360461,1,40.97957366248544,23400.528611074165,-47.249089353827,270.48589904397966,403.400390625,0.0290657496081521,-0.0225200590984711,-0.0281158511220868,-0.0011507892904301098
23050.80078125,23144.69921875,22798.349609375,23045.25,279700.0,14.869999885559082,15.619999885559082,14.609999656677246,14.899999618530272,0.0,-0.0011507892904301,1,40.45500291853248,23366.692552876622,-71.01979235442559,275.9047354961954,346.349609375,0.0020174669268373,-0.0218463636729904,-0.0274747855059787,-0.0006009745771905495
23055.75,23235.5,22992.19921875,23031.400390625,265700.0,14.899999618530272,15.470000267028809,12.199999809265137,14.960000038146973,0.0,-0.0006009745771905,1,40.16617312560998,23334.75996599552,-89.93903229245188,273.5758816214672,243.30078125,0.0040268739028743,-0.0149775560526486,-0.0242316971199217,-0.004435266153706374
23096.44921875,23133.69921875,22774.849609375,22929.25,254500.0,14.960000038146973,15.68000030517578,14.359999656677246,15.020000457763672,0.0,-0.0044352661537063,1,38.010605132317295,23296.13996923404,-111.8856014983976,279.666862175291,358.849609375,0.0040107232261832,-0.0061785719546368,-0.0267699736062275,0.0013192755977626813
22809.900390625,22974.19921875,22725.44921875,22959.5,207400.0,15.020000457763672,16.309999465942383,14.5,15.720000267028809,0.0,0.0013192755977626,1,39.05368780989357,23264.07901978318,-125.39205199880234,277.4585148770559,248.75,0.0466045131778485,-0.0037209403239278,-0.0180526403850384,-0.0006184463402948426
22963.650390625,22992.5,22801.5,22945.30078125,210600.0,15.720000267028809,16.31999969482422,14.779999732971191,15.670000076293944,0.0,-0.0006184463402948,1,38.72429913969447,23233.719187541927,-135.67776084386423,271.28290667155187,191.0,-0.0031806736568404,-0.0037383575429502,-0.0054828836812254,-0.0005404326900405598
22847.25,23049.94921875,22814.849609375,22932.900390625,207000.0,15.670000076293944,16.020000457763672,14.75,15.420000076293944,0.0,-0.0005404326900405,1,38.41954165138871,23205.069778311743,-143.17938428122943,268.69838543608387,235.099609375,-0.0159540522516147,0.0001592023561607,-0.0048751742495741,-0.0008612081186238907
22821.099609375,22923.849609375,22812.75,22913.150390625,240800.0,15.420000076293944,15.899999618530272,14.640000343322754,14.68000030517578,0.0,-0.0008612081186238,0,37.9078406313924,23177.267931865383,-149.00054926171288,258.0878143781493,111.099609375,-0.0479896087844907,-0.0020187551721509,-0.0051342948320299,-0.005117148798882476
22857.19921875,22921.0,22720.30078125,22795.900390625,242800.0,14.68000030517578,15.239999771118164,12.079999923706056,14.529999732971191,0.0,-0.0051171487988824,0,34.933210082534615,23140.947213652016,-161.2165554514213,253.98862897613864,200.69921875,-0.0102180224173227,-0.0065111541595952,-0.0058156986981693,-0.010640105330068539
22609.349609375,22668.05078125,22518.80078125,22553.349609375,214300.0,14.529999732971191,15.579999923706056,14.369999885559082,14.4399995803833,0.0,-0.0106401053300685,1,29.73507526032391,23084.985537054206,-188.29905503935152,255.63941329034304,149.25,-0.0061940918266959,-0.0165504918603823,-0.0176898621757878,-0.00025711604818956513
22516.44921875,22625.30078125,22513.900390625,22547.55078125,250300.0,14.4399995803833,15.079999923706056,13.609999656677246,13.720000267028809,0.0,-0.0002571160481895,1,29.621589949443177,23033.801274596663,-207.83426402517216,245.33662595710425,111.400390625,-0.0498614497421876,-0.0159558857312168,-0.0173347041205502,-0.00011087678764998277
22568.94921875,22613.30078125,22508.400390625,22545.05078125,289200.0,13.720000267028809,14.010000228881836,12.90999984741211,13.3100004196167,0.0,-0.0001108767876499,0,29.569194380891545,22987.25360856365,-220.9705757488191,235.30546629052537,104.900390625,-0.0298833702210196,-0.0110041544785027,-0.0169123661974109,-0.018644959666695105
22433.400390625,22450.349609375,22104.849609375,22124.69921875,551300.0,13.3100004196167,14.119999885559082,13.229999542236328,13.90999984741211,0.0,-0.0186449596666951,1,22.39598259118584,22905.10557143854,-262.2766930451362,249.94087383227355,345.5,0.0450788436423421,-0.0190060633142856,-0.034410421894564,-0.00024400049223838316
22194.55078125,22261.55078125,22004.69921875,22119.30078125,282400.0,13.90999984741211,14.359999656677246,13.56999969482422,13.760000228881836,0.0,-0.0002440004922383,1,22.321091581515372,22830.26701999201,-292.080772060257,250.4344944513969,256.8515625,-0.0107835816086065,-0.018993193724443,-0.0296807582846456,-0.0016569416451024388
21974.44921875,22105.05078125,21964.599609375,22082.650390625,253300.0,13.760000228881836,14.199999809265137,13.369999885559082,13.829999923706056,0.0,-0.0016569416451024,2,21.788394870595127,22759.06543624277,-315.02666829506416,243.59639998165423,140.451171875,0.0050871870392334,-0.0205100620580355,-0.0208704794144786,0.011531695069225467
22073.05078125,22394.900390625,22067.80078125,22337.30078125,305900.0,13.829999923706056,14.130000114440918,13.100000381469728,13.670000076293944,0.0,0.0115316950692254,2,33.63870834413679,22718.89737386251,-309.10018354831845,249.5609149383218,327.099609375,-0.0115690418145161,0.0096092408035914,-0.0093247378413641,0.009284847776867
22476.349609375,22556.44921875,22245.849609375,22544.69921875,372100.0,13.670000076293944,14.18000030517578,13.279999732971191,13.729999542236328,0.0,0.009284847776867,1,41.42319750114419,22702.307073375603,-284.38981235302344,253.9208216837988,310.599609375,0.0043891342799939,0.0192320020287712,-1.559377725124378e-05,0.00034601398645017767
22508.650390625,22633.80078125,22464.75,22552.5,289800.0,13.729999542236328,13.859999656677246,13.329999923706056,13.470000267028809,0.0,0.0003460139864501,1,41.70021013694144,22688.03973305412,-261.1666408341698,247.85867593852748,169.05078125,-0.018936582947997,0.0212768667285729,0.0193358913954162,-0.004088203913091726
22521.849609375,22676.75,22429.05078125,22460.30078125,293900.0,13.470000267028809,14.210000038146973,13.470000267028809,13.989999771118164,0.0,-0.0040882039130917,1,39.332650351402414,22666.35030907277,-247.350513751484,247.84728613934692,247.69921875,0.0386042682836602,0.0055064844765508,0.0154164005170116,0.0016740474556060647
22345.94921875,22522.099609375,22314.69921875,22497.900390625,347900.0,13.989999771118164,14.5,13.68000030517578,14.06999969482422,0.0,0.001674047455606,1,40.80856868752832,22650.3074596968,-230.7077044487924,244.95822217403648,207.400390625,0.0057183649045664,-0.0020758240183607,0.0188043551228929,-0.0012179087892316698
22536.349609375,22577.400390625,22329.55078125,22470.5,369700.0,14.06999969482422,14.369999885559082,13.640000343322754,13.6899995803833,0.0,-0.0012179087892316,1,40.04402357092675,22633.182939725677,-217.2251049088081,245.16474983124817,247.849609375,-0.0270078267720719,-0.0036359605365259,0.0059630847994762,-0.003262089461738671
22541.5,22558.05078125,22377.349609375,22397.19921875,287500.0,13.6899995803833,13.93000030517578,13.220000267028809,13.279999732971191,0.0,-0.0032620894617386,1,37.993352944622536,22610.70829963275,-210.0336706691196,240.560208548659,180.701171875,-0.0299488575587399,-0.0028094709467416,-0.0065425579010309,0.004980568336268254
22353.150390625,22577.0,22353.150390625,22508.75,251100.0,13.279999732971191,14.100000381469728,13.279999732971191,13.420000076293944,0.0,0.0049805683362682,2,42.79449669625264,22600.99798538201,-193.1071721688568,239.36659432196907,223.849609375,0.0105421947392938,0.0004822498627259,-0.001939917969183,0.01446329899483545
22662.25,22857.80078125,22599.19921875,22834.30078125,272600.0,13.420000076293944,13.649999618530272,11.34000015258789,13.210000038146973,0.0,0.0144632989948354,1,53.99095131343237,22623.217299274205,-151.6751560684388,247.2011791025427,258.6015625,-0.0156482888936738,0.0161901506975812,0.0166516024715135,0.0032100316461272094
22874.94921875,22940.69921875,22807.94921875,22907.599609375,324000.0,13.210000038146973,13.56999969482422,12.59000015258789,13.300000190734863,0.0,0.0032100316461272,2,56.075502151883626,22650.30132880761,-111.63848302174664,239.0260948809325,132.75,0.006813031970325,0.0227885810917694,0.0182105535021714,0.012356195589090069
23036.599609375,23216.69921875,22973.94921875,23190.650390625,313700.0,13.300000190734863,13.300000190734863,12.510000228881836,12.600000381469728,0.0,0.01235619558909,2,63.03950616692797,22701.763144218792,-56.41893631255152,244.03134591622305,242.75,-0.0526315638516137,0.0302949026767367,0.0320487034389533,0.0068885519512889015
23168.25,23402.69921875,23132.80078125,23350.400390625,541000.0,12.600000381469728,12.84000015258789,10.699999809265137,12.579999923706056,0.0,0.0068885519512889,2,66.28810828496115,22763.538120067,0.2307818933695671,245.87899531506423,269.8984375,-0.0015873378696944,0.0226019449563696,0.042558945096895,0.013188177230298859
23515.400390625,23708.75,23433.5,23658.349609375,311900.0,12.579999923706056,13.949999809265137,12.579999923706056,13.699999809265137,0.0,0.0131881772302988,1,71.49017819078647,22848.75826190586,69.17758389922528,253.91261060505963,275.25,0.0890301981201546,0.032772966736015,0.0510734540734159,0.00043539728764163677
23751.5,23869.599609375,23601.400390625,23668.650390625,338200.0,13.699999809265137,14.479999542236328,13.489999771118164,13.640000343322754,0.0,0.0004353972876416,0,71.64777807768957,22926.843226545778,123.22909982803684,254.93308261541253,268.19921875,-0.0043795231224605,0.0206117548213842,0.0365393106348197,-0.007681079328545448
23700.94921875,23736.5,23451.69921875,23486.849609375,278600.0,13.640000343322754,13.920000076293944,13.3100004196167,13.470000267028809,0.0,-0.0076810793285454,1,64.83561129118522,22980.177167767608,149.6702069679559,257.0664896607402,284.80078125,-0.012463348388196,0.0058435494238797,0.0252863682741748,0.004474827877002596
23433.94921875,23646.44921875,23412.19921875,23591.94921875,510300.0,13.470000267028809,13.850000381469728,12.979999542236328,13.300000190734863,0.0,0.0044748278770025,1,66.80078267379496,23038.441172623072,177.06454513919743,255.4367403992588,234.25,-0.0126206438696265,-0.0028066366302528,0.0173043369360277,-0.0030773044101545244
23600.400390625,23649.19921875,23450.19921875,23519.349609375,295400.0,13.300000190734863,13.609999656677246,12.56999969482422,12.720000267028809,0.0,-0.0030773044101545,0,64.13449559532964,23084.241976123256,190.7180942959967,251.4055446564546,199.0,-0.0436090161946086,-0.0063079549862774,0.0072353885125597,-0.015036571865236992
23341.099609375,23565.150390625,23136.400390625,23165.69921875,314300.0,12.720000267028809,14.050000190734863,12.720000267028809,13.779999732971191,0.0,-0.0150365718652369,2,53.03057738437465,23091.99980875437,171.03046667045055,264.0730057524221,428.75,0.0833332895982699,-0.0136736257082691,-0.0208235315970553,0.0071938424586863725
23192.599609375,23350.0,23158.44921875,23332.349609375,341000.0,13.779999732971191,14.140000343322754,13.510000228881836,13.720000267028809,0.0,0.0071938424586863,1,56.82410136218972,23114.89026595634,166.95067029948768,258.8928468593919,191.55078125,-0.0043540977579863,-0.0110037372057701,-0.014208701201789,-0.0035251486188494496
23150.30078125,23306.5,23145.80078125,23250.099609375,283200.0,13.720000267028809,14.109999656677246,13.40999984741211,13.600000381469728,0.0,-0.0035251486188494,0,54.48515606278791,23127.76734628193,155.29042333877078,253.7254169497925,160.69921875,-0.0087463471737285,-0.0114480206498854,-0.0100801088241949,-0.014866619775066536
23190.400390625,23214.69921875,22857.44921875,22904.44921875,466800.0,13.600000381469728,14.25,13.399999618530272,13.760000228881836,0.0,-0.0148666197750665,0,45.92930540883512,23106.49895318365,116.8119602474544,263.6486293551645,357.25,0.0117646943326643,-0.0112774493674056,-0.0291412970427047,-0.03243254628305536
21758.400390625,22254.0,21743.650390625,22161.599609375,647100.0,13.760000228881836,23.190000534057617,13.760000228881836,22.790000915527344,0.0,-0.0324325462830553,2,33.68632486681098,23016.50853948759,26.07516750214927,327.7307864101527,510.349609375,0.6562500389855954,-0.0501771154470267,-0.0577290623486794,0.016887318902814252
22446.75,22697.19921875,22270.849609375,22535.849609375,468300.0,22.790000915527344,22.790000915527344,19.3799991607666,20.440000534057617,0.0,0.0168873189028142,0,42.06514384497032,22970.73149852449,-15.45736433536149,342.57855947907035,426.349609375,-0.1031154140879659,-0.0307202984933447,-0.0271888883399301,-0.006065856008070525
22460.30078125,22468.69921875,22353.25,22399.150390625,383800.0,20.440000534057617,21.75,19.700000762939453,21.43000030517578,0.0,-0.0060658560080705,2,40.07343790123171,22916.295202534064,-58.72572593927907,331.15149161449386,115.44921875,0.0484344298068193,-0.0220611647675575,-0.0399959384448378,0.019170387409190415
22695.400390625,22923.900390625,22695.400390625,22828.55078125,402200.0,21.43000030517578,21.43000030517578,18.86000061035156,20.11000061035156,0.0,0.0191703874091904,2,48.34678565823744,22907.9385909832,-57.7020381894763,344.97995649917283,228.5,-0.0615958784893443,0.0300949021564698,-0.0181310547140632,0.02190239778210845
23368.349609375,23368.349609375,23207.0,23328.55078125,388300.0,20.11000061035156,20.11000061035156,15.970000267028809,16.1299991607666,0.0,0.0219023977821084,1,55.969472182238704,22947.99689481813,-16.35639065684518,358.8955901867319,161.349609375,-0.1979115528985249,0.0351751181169239,0.0185161214072251,0.004657316201027051
23344.099609375,23452.19921875,23273.05078125,23437.19921875,348400.0,16.1299991607666,16.1299991607666,15.119999885559082,15.869999885559082,0.0,0.004657316201027,2,57.43927111816953,22994.58759233545,24.890432374781085,346.05650785196536,179.1484375,-0.0161189887622512,0.0463432232929454,0.0575590043976512,0.017683476937954135
23401.849609375,23872.349609375,23298.55078125,23851.650390625,505300.0,15.869999885559082,16.459999084472656,15.09000015258789,15.470000267028809,0.0,0.0176834769379541,2,62.57186388467556,23076.212620743983,89.98429965881951,362.3238164428964,573.798828125,-0.0252047650544883,0.044816669230502,0.0583870057733533,0.011483498464016417
23949.150390625,24189.55078125,23903.650390625,24125.55078125,406100.0,15.470000267028809,16.329999923706055,14.220000267028809,15.520000457763672,0.0,0.0114834984640164,1,65.53034405201471,23176.149588411223,161.807910034815,360.57928602733233,285.900390625,0.0032320743291407,0.0341641453630534,0.077074369363026,0.0017284255654137493
24185.400390625,24242.599609375,24072.0,24167.25,440900.0,15.520000457763672,16.010000228881836,14.539999961853027,15.229999542236328,0.0,0.0017284255654137,2,65.97134066227866,23270.54010380063,219.56243806404385,347.00930912359433,170.599609375,-0.0186856254493391,0.0311492330818246,0.0586414455993207,0.006690840652122221
24357.599609375,24359.30078125,24119.94921875,24328.94921875,415000.0,15.229999542236328,16.520000457763672,12.84000015258789,15.960000038146973,0.0,0.0066908406521222,1,67.69719155420327,23371.340971891048,275.20865909191707,339.3194700790519,239.3515625,0.0479317477250202,0.0200111447345632,0.0428830083308928,-0.0033807460922566923
24277.900390625,24347.849609375,24216.150390625,24246.69921875,358800.0,15.960000038146973,16.760000228881836,15.550000190734863,16.25,0.0,-0.0033807460922566,0,65.8672360069573,23454.708423972854,309.10859113264814,324.48945212697674,131.69921875,0.0181704236315713,0.0050215822469079,0.0345391099185772,-0.00855166336268387
24289.0,24365.44921875,23847.849609375,24039.349609375,387700.0,16.25,17.579999923706055,15.920000076293944,17.15999984741211,0.0,-0.0085516633626838,2,61.36389528963377,23510.388536868297,315.6050523411068,338.2830347875498,517.599609375,0.0559999906099759,-0.0052923022116707,0.007869443651739,0.012028211882747275
24070.25,24355.099609375,24054.05078125,24328.5,320500.0,17.15999984741211,18.06999969482422,16.6200008392334,16.940000534057617,0.0,0.0120282118827472,1,64.96152009314287,23588.30391430941,340.16436163017715,336.6735323027248,301.048828125,-0.0128204729202063,-1.846437122954292e-05,0.0084122107963533,0.0003061930965739812
24370.69921875,24457.650390625,24290.75,24335.94921875,357600.0,16.940000534057617,17.59000015258789,16.06999969482422,17.3700008392334,0.0,0.0003061930965739,1,65.05180577924877,23659.50822901804,356.1237084477689,324.5468793257445,166.900390625,0.0253837244167303,0.0036809133975226,0.0069804888330282,-7.191007773188485e-05
24342.05078125,24396.150390625,24198.75,24334.19921875,424500.0,17.3700008392334,18.559999465942383,15.989999771118164,18.21999931335449,0.0,-7.191007773188485e-05,1,65.0094256790006,23723.764513754417,364.4294792199762,315.4649872756913,197.400390625,0.0489348550980615,0.0122652906241695,0.0002157923037611,0.0005136803511647248
24311.900390625,24589.150390625,24238.5,24346.69921875,421100.0,18.21999931335449,18.86000061035156,17.350000381469727,18.26000022888184,0.0,0.0005136803511647,1,65.18390314793311,23783.091628515904,367.7809579820205,317.97823037207047,350.650390625,0.0021954400128887,0.0007480616869104,0.0041242727143111,0.004700890697612925
24419.5,24526.400390625,24400.650390625,24461.150390625,291500.0,18.26000022888184,18.799999237060547,18.06999969482422,18.34000015258789,0.0,0.0047008906976129,1,66.81552010810762,23847.668653478675,375.34553245533607,308.10129762227973,125.75,0.0043811567745501,0.0051447005723752,0.0175462642751991,-0.0033338898599493128
24500.75,24509.650390625,24331.80078125,24379.599609375,302400.0,18.34000015258789,19.299999237060547,17.989999771118164,19.0,0.0,-0.0033338898599493,1,64.49617871491148,23898.32874451642,370.48927597482543,298.7976056046169,177.849609375,0.0359869052301495,0.0018657030879412,0.0021004011498859,0.0014274549954715887
24233.30078125,24449.599609375,24220.0,24414.400390625,330100.0,19.0,19.729999542236328,18.36000061035156,19.059999465942383,0.0,0.0014274549954715,0,65.05366541032495,23947.47842509819,365.2385473108952,293.85489158821565,229.599609375,0.0031578666285465,0.002780712542046,0.0032236742101088,-0.005758880297096702
24431.5,24447.25,24150.19921875,24273.80078125,411400.0,19.059999465942383,21.88999938964844,18.149999618530277,21.01000022888184,0.0,-0.0057588802970967,0,60.89350403072259,23978.556744731693,345.74654265470235,294.08316942120024,297.05078125,0.10230854237031,-0.0076590678027474,-0.002482039246784,-0.0109501096942064
23935.75,24164.25,23935.75,24008.0,335600.0,21.01000022888184,22.75,21.0,21.6299991607666,0.0,-0.0109501096942064,2,53.8787458150248,23981.360864281058,305.3314163695977,297.22371312325737,228.5,0.0295097060985496,-0.0152422359402533,-0.0139115046235572,0.038183073090219954
24420.099609375,24944.80078125,24378.849609375,24924.69921875,368700.0,21.6299991607666,21.6299991607666,17.209999084472656,18.38999938964844,0.0,0.0381830730902199,0,67.69893245502726,24071.20261232572,343.3145865437182,342.90778941802466,565.951171875,-0.149791950847368,0.020901550722538,0.0189504099652917,-0.01389583907654357
24864.05078125,24973.80078125,24547.5,24578.349609375,423000.0,18.38999938964844,18.899999618530277,17.889999389648438,18.200000762939453,0.0,-0.0138958390765435,1,60.34187534711952,24119.50232633041,341.5320349460235,348.8644316917372,426.30078125,-0.0103316276788966,0.0125464005768822,0.0081523077976872,0.0036027960647213586
24613.80078125,24767.55078125,24535.55078125,24666.900390625,345500.0,18.200000762939453,19.239999771118164,17.079999923706055,17.229999542236328,0.0,0.0036027960647213,2,61.49403508815213,24171.635475310846,343.3072259598412,340.5169722851846,232.0,-0.0532967681341163,0.0274450345978423,0.010342256863165,0.01602143814146184
24694.44921875,25116.25,24494.44921875,25062.099609375,500800.0,17.229999542236328,17.670000076293945,16.719999313354492,16.889999389648438,0.0,0.0160214381414618,1,66.21196820845032,24256.441583316955,372.3115756748266,360.6086729255285,621.80078125,-0.0197330331759115,0.0055126198081314,0.0324752944637294,-0.0016877607536591732
25064.650390625,25070.0,24953.05078125,25019.80078125,432700.0,16.889999389648438,17.059999465942383,16.219999313354492,16.549999237060547,0.0,-0.0016877607536591,1,65.28989232498522,24329.142459310577,387.4186488412706,343.2044261987051,116.94921875,-0.0201302643501734,0.0179609769936146,0.0421443177794902,-0.0029717088137536374
25005.349609375,25062.94921875,24916.650390625,24945.44921875,255300.0,16.549999237060547,17.450000762939453,15.829999923706056,17.360000610351562,0.0,-0.0029717088137536,0,63.612934865248775,24387.83834116195,388.908468714224,329.13974062201186,146.298828125,0.048942683421832,0.0112924130601697,0.0008325075387225,-0.010484831354666824
24996.19921875,25010.349609375,24669.69921875,24683.900390625,414800.0,17.360000610351562,17.65999984741211,15.970000267028809,17.389999389648438,0.0,-0.0104848313546668,2,57.972110625960745,24416.0347268251,364.7794071834724,329.9619299079396,340.650390625,0.0017280402213226,-0.0150904842229789,0.0042944617082727,0.00524831270888626
24744.25,24946.19921875,24685.349609375,24813.44921875,332700.0,17.389999389648438,18.0,17.040000915527344,17.549999237060547,0.0,0.0052483127088862,0,59.870253692862256,24453.88372605604,352.05222096640136,325.1288512091582,260.849609375,0.0092006816002161,-0.0082475301983475,0.0059411124139738,-0.008211272774042211
24733.94921875,24737.5,24462.400390625,24609.69921875,403300.0,17.549999237060547,18.200000762939453,16.700000762939453,17.260000228881836,0.0,-0.0082112727740422,2,55.61584948411546,24468.7232967888,321.81522639785544,326.9802781317184,275.099609375,-0.0165241607285268,-0.0134593687632467,-0.0180511767839184,0.009892488718005854
24639.5,24909.05078125,24614.05078125,24853.150390625,270500.0,17.260000228881836,17.520000457763672,15.489999771118164,17.280000686645508,0.0,0.0098924887180058,2,59.33424377417408,24505.335400963675,313.8784697042902,325.00679844373843,295.0,0.0011587750578476,0.0068566959565385,-0.0066607401106841,0.005954979456279652
24919.349609375,25079.19921875,24900.5,25001.150390625,302800.0,17.280000686645508,18.40999984741211,16.059999465942383,18.020000457763672,0.0,0.0059549794562796,0,61.44871101091153,24552.55587616952,315.8895182240958,317.93837199239994,178.69921875,0.0428240591269222,0.0075644933608489,0.0022329191744172,-0.0069977248703164685
24956.650390625,25062.900390625,24704.099609375,24826.19921875,525700.0,18.020000457763672,19.18000030517578,17.420000076293945,18.540000915527344,0.0,-0.0069977248703164,1,57.63376066380722,24578.617146891465,299.9090266501662,320.8571155108,358.80078125,0.0288568504192039,0.0087973444159386,0.0057648437189061,-0.0029706520659956714
24832.5,24864.25,24737.05078125,24752.44921875,684400.0,18.540000915527344,19.040000915527344,17.8799991607666,18.020000457763672,0.0,-0.0029706520659956,1,56.05392471943381,24595.172582306564,278.08774092528984,307.0244085993142,127.19921875,-0.0280474882462475,-0.0040518473631007,-0.0024583442415537,0.003278479228775888
24825.099609375,24892.599609375,24677.30078125,24833.599609375,345400.0,18.020000457763672,18.020000457763672,16.209999084472656,16.420000076293945,0.0,0.0032784792287758,1,57.43649028891688,24617.879918217845,264.2957363653404,300.4725814225775,215.298828125,-0.0887902519880563,-0.0067017228660337,0.0090980547399137,-0.00333823496911434
24812.599609375,24863.94921875,24717.400390625,24750.69921875,853900.0,16.420000076293945,16.549999237060547,15.289999961853027,16.079999923706055,0.0,-0.0033382349691143,1,55.51504944363494,24630.529375411385,243.8649809894232,289.4780276156077,146.548828125,-0.0207064647386183,-0.0030411421150192,-0.0041222609715364,-0.0013777230725331435
24669.69921875,24754.400390625,24526.150390625,24716.599609375,311100.0,16.079999923706055,17.729999542236328,16.079999923706055,17.15999984741211,0.0,-0.0013777230725331,0,54.70438932267897,24638.72654055077,222.35869405257108,285.10459707163574,228.25,0.0671641746784996,-0.001448325741755,-0.0113815075228178,-0.007043833380258491
24786.30078125,24845.099609375,24502.150390625,24542.5,349300.0,17.15999984741211,17.729999542236328,16.260000228881836,16.559999465942383,0.0,-0.0070438333802584,1,50.6386175612061,24629.562108117367,189.0867489062912,289.2363557629475,342.94921875,-0.0349650575061172,-0.0117220062316341,-0.0114274124786583,0.003165904807986175
24560.44921875,24644.25,24530.44921875,24620.19921875,280900.0,16.559999465942383,17.059999465942383,15.630000114440918,15.75,0.0,0.0031659048079861,2,52.3410460021076,24628.67040436809,167.0623791460239,276.70524329773696,113.80078125,-0.0489130128058423,-0.0052725783157325,-0.0053429056183992,0.005308696762106768
24691.19921875,24899.849609375,24613.099609375,24750.900390625,388400.0,15.75,15.93000030517578,14.979999542236328,15.079999923706056,0.0,0.0053086967621067,2,55.14359691077222,24640.31135544018,158.32927832506175,277.4227259193272,286.75,-0.0425396873837425,0.0013877629525134,-0.0033301341751028,0.01018752395450262
24748.69921875,25029.5,24671.44921875,25003.05078125,335600.0,15.079999923706056,15.609999656677246,14.369999885559082,14.630000114440918,0.0,0.0101875239545026,1,60.02718057973716,24674.857967422067,169.79734413257393,283.181872728661,358.05078125,-0.0298408363091386,0.0187654387796678,0.0101957346848944,0.004005448710087123
25160.099609375,25160.099609375,25077.150390625,25103.19921875,279200.0,14.630000114440918,15.520000457763672,14.630000114440918,14.6899995803833,0.0,0.0040054487100871,1,61.80579135541008,24715.652372310444,184.83633265261236,274.1723695426852,82.94921875,0.0041011254595384,0.0196180378439896,0.0156412943319421,4.18584595869298e-05
25196.05078125,25199.30078125,25055.44921875,25104.25,307300.0,14.6899995803833,14.739999771118164,13.93000030517578,14.020000457763672,0.0,4.18584595869298e-05,1,61.82498459031922,24752.66167018564,194.59644201843184,264.8637404682077,143.8515625,-0.0456091995750858,0.0142762325328915,0.0228888662524193,0.0014798446727146697
25134.150390625,25222.400390625,25081.30078125,25141.400390625,301200.0,14.020000457763672,14.15999984741211,13.5600004196167,13.670000076293944,0.0,0.0014798446727146,0,62.54168014306887,24789.684405465578,202.98919200426465,256.0234453901215,141.099609375,-0.0249643630557737,0.0055333091383691,0.0211696569651664,-0.010071084662786611
25164.44921875,25196.19921875,24825.900390625,24888.19921875,328300.0,13.670000076293944,14.270000457763672,13.130000114440918,14.020000457763672,0.0,-0.0100710846627866,0,54.96730297548737,24799.066768635523,187.05305714838323,264.1859727283271,370.298828125,0.0256035391014142,-0.008564645411387,0.0055472255941446,-0.006814458847919758
24473.0,24754.349609375,24473.0,24718.599609375,318700.0,14.020000457763672,15.979999542236328,14.020000457763672,15.079999923706056,0.0,-0.0068144588479197,2,50.551073937068594,24791.40322965833,158.90650906729206,274.9726331584466,281.349609375,0.0756062361863476,-0.0153619562673651,-0.0113766585671342,0.00921979376770854
24732.349609375,24967.099609375,24703.599609375,24946.5,305800.0,15.079999923706056,15.470000267028809,14.550000190734863,14.84000015258789,0.0,0.0092197937677085,1,55.70147800480522,24806.17435064325,153.22355801011872,274.15315936141474,263.5,-0.0159151042660735,-0.007752169234681,-0.0062422011387679,-0.0037319707924959866
24977.849609375,24982.05078125,24813.69921875,24853.400390625,242400.0,14.84000015258789,15.020000457763672,14.300000190734863,14.399999618530272,0.0,-0.0037319707924959,1,53.260965990923815,24810.67206873675,139.59821659911177,266.5959024427422,168.3515625,-0.029649631370178,-0.001398205945683,-0.0099923164155472,-0.0016637405234334324
24788.349609375,24947.55078125,24750.44921875,24812.05078125,237600.0,14.399999618530272,14.81999969482422,14.109999656677246,14.279999732971191,0.0,-0.0016637405234334,1,52.16770414741013,24810.80337469039,124.03368435716766,261.6320210182606,197.1015625,-0.0083333256068051,0.0037806013832417,-0.0130998911857674,-0.0007577278241026608
24803.25,24863.099609375,24733.400390625,24793.25,274600.0,14.279999732971191,14.369999885559082,13.739999771118164,14.260000228881836,0.0,-0.0007577278241026,2,51.64859008825798,24809.13162471988,108.92598356239978,252.20824942767055,129.69921875,-0.0014005255226425,-0.0061431463331529,-0.0038150296819573,0.01287247095983779
24787.650390625,25136.19921875,24783.650390625,25112.400390625,574700.0,14.260000228881836,14.260000228881836,13.31999969482422,13.670000076293944,0.0,0.0128724709598377,0,59.09057245226435,24838.014364329887,121.30743451592934,259.375433620337,352.548828125,-0.0413744840896229,0.0104211092216459,0.0159313548288813,-0.0055948454872697395
24939.75,25057.0,24824.849609375,24971.900390625,248500.0,13.670000076293944,14.520000457763672,13.65999984741211,14.050000190734863,0.0,-0.0055948454872697,1,55.071964062988286,24850.76541445323,118.4176033881704,261.3879584510272,232.150390625,0.0277981062414112,0.0064424182742603,0.0010181945613612,0.0029012296868362597
25179.900390625,25317.69921875,24999.69921875,25044.349609375,450200.0,14.050000190734863,14.34000015258789,13.3100004196167,13.640000343322754,0.0,0.0029012296868362,2,56.7069634822824,24869.202004445782,120.58342718108906,267.4173062848824,318.0,-0.0291814834054222,0.0101277407913444,0.0076830218701995,0.008001820520425307
25150.349609375,25266.80078125,25125.05078125,25244.75,260600.0,13.640000343322754,13.640000343322754,12.899999618530272,12.960000038146973,0.0,0.0080018205204253,2,60.941142761338696,24904.96848021285,136.89248351108108,264.2054395413194,141.75,-0.0498533935527841,0.0052702890729796,0.0174390751721733,0.012052010814129765
25268.94921875,25565.30078125,25259.900390625,25549.0,428900.0,12.960000038146973,13.329999923706056,12.520000457763672,12.59000015258789,0.0,0.0120520108141297,1,66.32587616044496,24966.304815430674,172.38086116550767,268.23010680622514,305.400390625,-0.0285493738016983,0.0231099596085069,0.0304820868583182,0.003475704773181043
25576.650390625,25654.19921875,25523.55078125,25637.80078125,564000.0,12.59000015258789,12.920000076293944,12.31999969482422,12.390000343322754,0.0,0.003475704773181,1,67.72446175241916,25030.25681217537,205.30451439999524,258.4028447129233,130.6484375,-0.0158856081684817,0.0236960105225831,0.0209219502099506,-0.004709842354665206
25661.650390625,25669.349609375,25473.30078125,25517.05078125,271000.0,12.390000343322754,13.029999732971191,12.390000343322754,12.789999961853027,0.0,-0.0047098423546652,1,63.84160323498923,25076.61814256343,219.12726819453744,253.9489863852145,196.048828125,0.0322840683976124,0.0107864320799373,0.0218305528252731,0.0009699396772837598
25551.349609375,25593.400390625,25501.80078125,25541.80078125,260700.0,12.789999961853027,12.989999771118164,12.4399995803833,12.529999732971191,0.0,0.0009699396772837,1,64.29348643788433,25120.92125100977,229.43424318234972,242.3526023130564,91.599609375,-0.0203283995040893,-0.0002817808426944,0.019862810559424,-0.0034610085397696055
25588.30078125,25608.099609375,25378.75,25453.400390625,309800.0,12.529999732971191,12.65999984741211,12.34000015258789,12.449999809265137,0.0,-0.0034610085397696,1,61.34460656020463,25152.585930973128,227.84299022342748,241.4238171031952,229.349609375,-0.0063846708229007,-0.007192519834223,0.0082651002931302,-0.00188971251922454
25505.099609375,25587.5,25384.349609375,25405.30078125,293400.0,12.449999809265137,12.65999984741211,12.1899995803833,12.390000343322754,0.0,-0.0018897125192245,1,59.73906851786323,25176.65401195188,220.1627748755673,238.69000092618128,203.150390625,-0.0048192342860705,-0.0043794246034934,-0.0056244557027672,0.0021924250859925998
25428.849609375,25470.25,25331.650390625,25461.0,193500.0,12.390000343322754,12.699999809265137,12.239999771118164,12.31999969482422,0.0,0.0021924250859925,1,61.0116094494705,25203.73458224217,216.0797771685502,231.540687243954,138.599609375,-0.00564976969805,-0.0031634723777704,-0.0068960977877362,1.1813410706551508e-05
25450.44921875,25489.80078125,25407.25,25461.30078125,196100.0,12.31999969482422,12.789999961853027,11.9399995803833,12.5600004196167,0.0,1.1813410706551508e-05,1,61.01877467340441,25228.264696433394,210.44239368392664,220.8985511015287,82.55078125,0.0194805787936267,0.0003103864514664,-0.0021848136165079,0.0024036171315751087
25427.849609375,25548.05078125,25424.150390625,25522.5,210400.0,12.5600004196167,12.710000038146973,12.0600004196167,12.199999809265137,0.0,0.0024036171315751,1,62.52775632585916,25256.28710629688,208.5094252850431,213.97011106749096,123.900390625,-0.0286624680194516,0.0046131797359587,-0.0007556546781998,-0.00181801902732881
25514.599609375,25548.69921875,25424.349609375,25476.099609375,239100.0,12.199999809265137,12.359999656677246,11.75,11.9399995803833,0.0,-0.0018180190273288,1,60.61196895138957,25277.22163039956,200.9173599051792,207.56864666088447,124.349609375,-0.0213114945038263,0.0005930485595617,0.0008917951394171,-0.004743646446198069
25511.650390625,25524.05078125,25340.44921875,25355.25,219600.0,11.9399995803833,12.1899995803833,11.609999656677246,11.670000076293944,0.0,-0.004743646446198,0,55.81533787047571,25284.65290369484,183.0390793308652,205.85671207796412,183.6015625,-0.0226130245877854,-0.0041651753051084,-0.0019700920560223,-0.008100901810276007
25255.5,25322.44921875,25129.0,25149.849609375,250000.0,11.670000076293944,12.119999885559082,11.539999961853027,11.81999969482422,0.0,-0.008100901810276,1,48.75340513349062,25271.814494711994,150.5607476705809,207.3133755009667,193.44921875,0.0128534376649214,-0.014600857699089,-0.012220666534111,-0.002685854157148504
25149.5,25151.099609375,25001.94921875,25082.30078125,259500.0,11.81999969482422,12.420000076293944,11.81999969482422,11.979999542236328,0.0,-0.0026858541571485,1,46.66247728261689,25253.765569620376,118.0104588251088,203.1588765812548,149.150390625,0.0135363664588055,-0.015457579227712,-0.0148853353273725,0.004525103218794291
25089.5,25245.19921875,25088.44921875,25195.80078125,241300.0,11.979999542236328,12.029999732971191,11.40999984741211,11.479999542236328,0.0,0.0045251032187942,1,50.50370054123229,25248.245113585104,100.21737829004996,200.28313093259376,156.75,-0.0417362286398438,-0.0062886076354995,-0.0128004395631305,0.0006449487413033861
25196.599609375,25255.30078125,25121.05078125,25212.05078125,228800.0,11.479999542236328,11.670000076293944,11.199999809265137,11.239999771118164,0.0,0.0006449487413033,1,51.04727094755348,25244.798034315096,86.43114848862024,195.5664787231228,134.25,-0.020905904241126,0.0024732224184678,-0.0103645704080946,-0.003990217351728331
25230.75,25238.349609375,25101.0,25111.44921875,243400.0,11.239999771118164,11.539999961853027,10.729999542236328,11.239999771118164,0.0,-0.0039902173517283,0,47.56467080666373,25232.09814711842,66.61980507167755,191.40813091254265,137.349609375,0.0,0.0011621117916658,-0.0096153964662151,-0.0056965580472427835
25108.55078125,25144.599609375,24918.650390625,24968.400390625,317000.0,11.239999771118164,11.859999656677246,9.899999618530272,11.390000343322754,0.0,-0.0056965580472427,1,43.06557167403083,25206.98407507143,38.92759468009172,193.875351472361,225.94921875,0.0133452469091703,-0.0090253289664928,-0.0072147238082235,0.004898144302865282
24999.0,25111.400390625,24882.30078125,25090.69921875,305200.0,11.390000343322754,11.9399995803833,11.09000015258789,11.199999809265137,0.0,0.0048981443028652,1,47.62671342785274,25195.90932685034,26.543831007995323,196.39136989397807,229.099609375,-0.0166813457708983,-0.0048132364777818,0.0003348352120184,-0.0011876443882732346
25166.650390625,25182.0,25035.55078125,25060.900390625,483700.0,11.199999809265137,11.229999542236328,10.6899995803833,10.75,0.0,-0.0011876443882732,2,46.64614935509851,25183.05133292412,14.161843767655228,192.82407338369396,146.44921875,-0.0401785550829096,-0.00201297932607,-0.005354082285227,0.006344544590244583
25139.349609375,25233.5,25085.5,25219.900390625,271500.0,10.75,10.75,10.220000267028809,10.520000457763672,0.0,0.0063445445902445,0,52.2904868164586,25186.560766990868,16.98322876434031,191.3794688116444,148.0,-0.0213953062545421,0.0100727317755779,0.0003113435492854,-0.006256994627491075
25243.30078125,25246.25,25018.69921875,25062.099609375,338700.0,10.520000457763672,11.109999656677246,9.869999885559082,10.720000267028809,0.0,-0.006256994627491,0,46.97865309389378,25174.70732340841,6.41207800659322,193.96313398581265,227.55078125,0.019011387886161,-0.0011398490383093,-0.0019652234701831,-0.008981674037030651
25010.349609375,25010.349609375,24806.349609375,24837.0,278100.0,10.720000267028809,11.579999923706056,10.609999656677246,11.279999732971191,0.0,-0.0089816740370306,0,40.63711089796766,25142.544721179034,-19.899898725336243,198.3764815582546,204.0,0.0522387548501055,-0.0089342516483867,-0.0052626675545597,-0.006284962329387578
24782.44921875,24889.19921875,24646.599609375,24680.900390625,262100.0,11.279999732971191,12.229999542236328,10.329999923706056,12.0600004196167,0.0,-0.0062849623293875,2,36.9156255315168,25098.578594459603,-52.74030632898212,201.53527640230783,242.599609375,0.0691489986799895,-0.0213720114533189,-0.0163326986048584,0.005680474234370125
24609.650390625,24847.150390625,24598.599609375,24821.099609375,284700.0,12.0600004196167,12.300000190734863,11.399999618530272,11.529999732971191,0.0,0.0056804742343701,1,42.04878219312465,25072.152024451545,-66.68495801184326,204.8935267485716,248.55078125,-0.0439469874133182,-0.0096161137237619,-0.0095687216944411,0.001367835124523431
24890.400390625,24902.30078125,24771.94921875,24855.05078125,243900.0,11.529999732971191,11.779999732971191,10.609999656677246,11.210000038146973,0.0,0.0013678351245234,1,43.252984900841085,25051.47571557521,-74.14195678176475,199.56910073081644,130.3515625,-0.0277536602112095,0.0007267697890245,-0.0144667347500954,-0.0034882717656889994
24642.25,24956.5,24635.0,24768.349609375,346300.0,11.210000038146973,12.119999885559082,11.210000038146973,11.539999961853027,0.0,-0.0034882717656889,0,40.91483312731572,25024.511324508523,-86.05574495014298,208.2784506786153,321.5,0.0294379948780627,0.0035431940231491,-0.0117208855035479,-0.008195943742782208
24734.900390625,24784.150390625,24535.05078125,24565.349609375,263400.0,11.539999961853027,12.109999656677246,11.399999618530272,11.979999542236328,0.0,-0.0081959437427822,2,36.00690532484156,24980.78163735295,-110.60294941311076,211.194247728357,249.099609375,0.0381282133308298,-0.0103037336792042,-0.0109373269970205,0.006407415043054421
24596.05078125,24736.25,24554.0,24722.75,259300.0,11.979999542236328,12.630000114440918,11.800000190734863,11.970000267028809,0.0,0.0064074150430544,1,41.83313364666909,24956.207195700288,-116.01850067283522,209.12680146204576,182.25,-0.0008346640725874,-0.0053228932185407,0.0016956273358201,-0.0029608040671041946
24720.25,24733.099609375,24590.30078125,24649.55078125,251800.0,11.970000267028809,12.18000030517578,11.640000343322754,11.710000038146973,0.0,-0.0029608040671041,1,40.00883628523377,24927.0018228955,-124.77855970056773,204.3890890808282,142.798828125,-0.0217209877261241,-0.0047963966109406,-0.0069114112921977,-0.003056914228121266
24641.349609375,24671.400390625,24539.19921875,24574.19921875,225100.0,11.710000038146973,12.050000190734863,10.65999984741211,11.960000038146973,0.0,-0.0030569142281212,1,38.16383067098533,24893.40157488164,-136.23082677698767,199.23280928041189,132.201171875,0.0213492740551315,0.0003602476462059,-0.0112995770948843,0.0008932609229541644
24464.19921875,24634.19921875,24344.150390625,24596.150390625,616700.0,11.960000038146973,12.3100004196167,11.5600004196167,11.6899995803833,0.0,0.0008932609229541,0,39.045684014607296,24865.09193828577,-141.89982200891973,205.71966776931103,290.048828125,-0.02257528903867,-0.0051207737559535,-0.0069523897016061,-0.009466912735407229
24544.25,24585.5,24337.5,24363.30078125,312600.0,11.6899995803833,12.199999809265137,10.899999618530272,12.029999732971191,0.0,-0.0094669127354072,2,33.575750972947816,24817.30230428236,-163.29914811503477,209.5004336875745,248.0,0.0290847018641844,-0.011612787695009,-0.0082249522737462,0.009101804471857822
24371.5,24600.849609375,24347.44921875,24585.05078125,241100.0,12.029999732971191,12.729999542236328,12.029999732971191,12.220000267028809,0.0,0.0091018044718578,1,41.92035488205784,24795.18311161261,-160.51458425954115,212.6361448973906,253.400390625,0.0157938934559469,0.0004415835650799,-0.0055697371348252,-0.003971941790719136
24563.349609375,24702.599609375,24465.650390625,24487.400390625,237000.0,12.220000267028809,12.420000076293944,11.600000381469728,12.229999542236328,0.0,-0.0039719417907191,2,39.56331573504213,24765.870471518552,-164.29349463048493,214.37279302971984,236.94921875,0.000818271275697,-0.0044214236078768,-0.0065782290340293,0.005388453516712133
24586.19921875,24664.55078125,24535.25,24619.349609375,236000.0,12.229999542236328,12.350000381469728,10.779999732971191,12.140000343322754,0.0,0.0053884535167121,1,44.1342502385448,24751.91610369536,-154.85602525294962,211.71405000081128,129.30078125,-0.0073588881669832,0.0105096115844063,0.0018373087246135,0.00048543816407109475
24607.25,24673.650390625,24596.900390625,24631.30078125,270200.0,12.140000343322754,12.470000267028809,11.470000267028809,12.359999656677246,0.0,0.000485438164071,2,44.54336601487869,24740.42893012913,-144.74388567365168,202.07376071503904,76.75,0.0181218539648144,0.0018812245055548,0.0014291013051537,0.009973019276634965
24938.19921875,25022.0,24852.849609375,24876.94921875,363100.0,12.359999656677246,13.470000267028809,11.75,12.34000015258789,0.0,0.0099730192766349,1,52.27903702577672,24753.430862378736,-115.5758794713729,215.54700771753625,169.150390625,-0.0016180829000712,0.0159081332403965,0.0210828755147702,0.004168564680625764
24891.349609375,25012.650390625,24873.94921875,24980.650390625,252300.0,12.34000015258789,12.34000015258789,11.760000228881836,11.789999961853027,0.0,0.0041685646806257,1,55.12484004969343,24775.07081744981,-83.13389076478416,210.05801944306936,138.701171875,-0.0445705173366242,0.0146754803430069,0.0160910633414963,0.0027981813736617234
24965.80078125,25088.69921875,24929.69921875,25050.55078125,287100.0,11.789999961853027,11.989999771118164,10.1899995803833,11.789999961853027,0.0,0.0027981813736617,1,56.986831551326105,24801.3070044784,-51.19288394178875,206.41101805427868,159.0,0.0,0.0170210255529479,0.0229975571780416,0.0013252889742787488
25142.0,25153.650390625,25054.900390625,25083.75,226500.0,11.789999961853027,11.890000343322754,10.09000015258789,11.369999885559082,0.0,0.0013252889742787,0,57.88072452069734,24828.20633738522,-22.936113180847315,199.0316317200445,98.75,-0.0356234162555445,0.0083129478390433,0.0188632274204416,-0.008517482060098724
25064.150390625,25084.849609375,24859.150390625,24870.099609375,210200.0,11.369999885559082,11.789999961853027,10.699999809265137,11.729999542236328,0.0,-0.0085174820600987,1,50.59383482021025,24832.19617281282,-17.57957336750769,200.9364593650413,225.69921875,0.0316622392524803,-0.004425456484171,0.0096949337043044,0.003926417350905487
24949.150390625,25021.55078125,24894.349609375,24967.75,213000.0,11.729999542236328,12.350000381469728,11.550000190734863,11.760000228881836,0.0,0.0039264173509054,0,53.476758720416846,24845.106061116363,-5.392742371386703,197.4017959728955,127.201171875,0.0025576033943977,-0.0033053477335905,0.0036499966475616,-0.010241179872034878
24899.5,24919.650390625,24689.599609375,24712.05078125,750500.0,11.760000228881836,12.550000190734863,10.93000030517578,12.1899995803833,0.0,-0.0102411798720348,0,45.92062070464328,24832.43412970052,-16.180858130872366,203.16955273376013,230.05078125,0.03656456999426,-0.0148183273533661,-0.0107523064922201,-0.008544430103923584
24695.80078125,24702.650390625,24481.599609375,24500.900390625,326600.0,12.1899995803833,13.149999618530272,11.579999923706056,12.18000030517578,0.0,-0.0085444301039235,1,40.79455491107537,24800.8594878838,-41.29259413895488,205.1182398152773,221.05078125,-0.0008202851149897,-0.0148451041430821,-0.0219416489251966,-0.0030223697933294824
24466.69921875,24572.44921875,24404.69921875,24426.849609375,325500.0,12.18000030517578,12.199999809265137,11.59000015258789,11.75,0.0,-0.0030223697933294,2,39.14424033865326,24765.239499454397,-66.4036451380016,202.44907982847167,167.75,-0.035303800854016,-0.0216639621361556,-0.0261882848706832,0.008114070174605414
24432.69921875,24635.599609375,24432.69921875,24625.05078125,229300.0,11.75,12.199999809265137,11.239999771118164,11.289999961853027,0.0,0.0081140701746054,1,45.49940798875656,24751.888192958737,-69.5098891029229,202.89914555500943,202.900390625,-0.0391489394167636,-0.0035205495800457,-0.0098531502476422,-0.0018457290617897026
24653.0,24756.099609375,24522.349609375,24579.599609375,271600.0,11.289999961853027,11.779999732971191,10.779999732971191,11.399999618530272,0.0,-0.0018457290617897,2,44.35548649233296,24735.479756426957,-74.77715504720254,205.1027780153659,233.75,0.0097431051416223,0.0032120949636655,-0.0155460700553714,0.0055107151470170646
24616.5,24737.05078125,24533.19921875,24715.05078125,340300.0,11.399999618530272,11.579999923706056,10.850000381469728,10.93000030517578,0.0,0.005510715147017,1,48.51013770913215,24733.53413974343,-67.2465473605589,205.0134054785541,203.8515625,-0.0412280113229588,0.0117985403964819,0.0001213982613808,0.0007788776228048189
24980.75,24980.75,24708.19921875,24734.30078125,314100.0,10.93000030517578,11.239999771118164,10.489999771118164,10.850000381469728,0.0,0.0007788776228048,1,49.09188171325081,24733.607153220248,-59.044543647538376,209.83750374794303,272.55078125,-0.0073192974814622,0.0044365390743958,0.0095261964623269,0.00027084730671167456
24818.849609375,24832.349609375,24621.599609375,24741.0,210100.0,10.850000381469728,11.4399995803833,9.949999809265137,10.779999732971191,0.0,0.0002708473067116,1,49.30653634290071,24734.311233865938,-51.411189457594446,209.9026820516614,210.75,-0.0064516724458448,0.0065664369310327,0.0128608639938745,0.0012994782193525012
24802.599609375,24885.5,24751.55078125,24773.150390625,213200.0,10.779999732971191,11.079999923706056,10.420000076293944,10.84000015258789,0.0,0.0012994782193525,1,50.38769492255239,24738.010201176323,-42.28005527649657,205.23106190511416,133.94921875,0.0055659017720737,0.0023507784745915,0.0060141849326769,0.003852930178235292
24864.099609375,24891.80078125,24814.0,24868.599609375,226900.0,10.84000015258789,11.449999809265137,9.850000381469728,10.6899995803833,0.0,0.0038529301782352,1,53.554708558654085,24750.447287671435,-27.03002608587485,199.0467282422489,77.80078125,-0.0138376909680005,0.0054296593751623,0.0117577179690824,0.0042020862308871365
24991.0,25035.69921875,24915.05078125,24973.099609375,244100.0,10.6899995803833,10.84000015258789,10.25,10.539999961853027,0.0,0.0042020862308871,1,56.80569817314366,24771.65227069082,-6.437780696232949,196.76479118030247,120.6484375,-0.0140317702916967,0.009381173330706,0.0104409588476657,0.0012974116602184615
24945.5,25037.30078125,24940.150390625,25005.5,224600.0,10.539999961853027,10.779999732971191,10.18000030517578,10.359999656677246,0.0,0.0012974116602184,1,57.79217192425278,24793.923483005983,12.353756461707237,189.64947685492376,97.150390625,-0.017077827877348,0.0093790900919459,0.0109644991038349,0.004339045410009845
25074.44921875,25139.44921875,25038.05078125,25114.0,225700.0,10.359999656677246,10.359999656677246,9.850000381469728,10.119999885559082,0.0,0.0043390454100098,1,61.00393865631343,24824.406960814937,35.59095786508624,185.6708869902864,101.3984375,-0.023166001840886,0.0098678813636328,0.0150761893213693,-0.0017838966811339896
25118.900390625,25138.44921875,25048.75,25069.19921875,185400.0,10.119999885559082,10.68000030517578,9.899999618530272,10.399999618530272,0.0,-0.0017838966811339,2,59.007309823263896,24847.720509189705,49.81729598322636,178.8157678302659,89.69921875,0.0276679581163574,0.0038481250176458,0.0119503907842515,0.006777256391098607
25073.599609375,25261.400390625,25070.44921875,25239.099609375,240100.0,10.399999618530272,10.5,9.760000228881836,10.270000457763672,0.0,0.0067772563910986,1,63.84071075378266,24884.994709207356,73.94887642783578,179.77186811917548,190.951171875,-0.0124999197629752,0.0093419291505869,0.0148983057276907,0.003611475529465391
25276.599609375,25346.5,25275.349609375,25330.25,268900.0,10.270000457763672,10.359999656677246,9.619999885559082,10.25,0.0,0.0036114755294653,1,66.14689374967335,24927.39997499713,99.28391931688384,174.60247686959153,71.150390625,-0.0019474641550334,0.0086107350481803,0.0143014041593347,0.0036853015416349333
25441.05078125,25448.94921875,25329.75,25423.599609375,272200.0,10.25,10.25,9.489999771118164,9.890000343322754,0.0,0.0036853015416349,1,68.37168175556903,24974.65708303312,125.44856370354682,170.6451012896207,119.19921875,-0.0351219177246093,0.0141368851686309,0.0167203059077003,-0.0037976065391384095
25410.19921875,25428.75,25286.30078125,25327.05078125,380400.0,9.890000343322754,10.260000228881836,9.399999618530272,9.970000267028809,0.0,-0.0037976065391384,1,63.708256549619215,25008.21838762521,136.81641488308742,168.63110967964778,142.44921875,0.0080889707713778,0.0034847190762039,0.0084833471868279,-0.004923635718664832
25238.099609375,25331.69921875,25151.05078125,25202.349609375,254500.0,9.970000267028809,10.729999542236328,9.970000267028809,10.5600004196167,0.0,-0.0049236357186648,1,58.18787074992008,25026.7070754109,134.21601773876318,169.48949023824437,180.6484375,0.0591775463175305,-0.0050493141846211,0.0053113140736227,-0.0013034343973540308
25209.0,25261.900390625,25084.650390625,25169.5,299200.0,10.5600004196167,10.899999618530272,9.960000038146973,10.630000114440918,0.0,-0.001303434397354,1,56.79181169085924,25040.306401562244,128.02866062154135,170.04381236408406,177.25,0.0066287587161628,-0.0099946354284662,-0.0027576106300221,-0.00447365300760838
25108.75,25149.849609375,25027.44921875,25056.900390625,244400.0,10.630000114440918,10.890000343322754,10.109999656677246,10.520000457763672,0.0,-0.0044736530076083,0,52.17125828213856,25041.886781472986,112.73969505965944,168.04431014164948,122.400390625,-0.0103480390868303,-0.0106664764467956,-0.0107914295901145,-0.006626948212322681
25034.5,25092.69921875,24878.30078125,24890.849609375,342500.0,10.520000457763672,10.899999618530272,10.289999961853027,10.779999732971191,0.0,-0.0066269482123226,0,46.20154475689294,25027.502288892225,86.2301617697558,171.35531923867453,214.3984375,0.0247147589252851,-0.0123599586875077,-0.0209549398269923,-0.009487437927231501
24818.55078125,24868.599609375,24629.44921875,24654.69921875,291500.0,10.779999732971191,11.68000030517578,10.170000076293944,11.43000030517578,0.0,-0.0094874379272315,1,39.31214549350087,24991.997234592964,45.63969670051301,177.7871100519835,239.150390625,0.0602969005849349,-0.0204533574862432,-0.026546776737138,-0.0008030448049409777
24728.55078125,24791.30078125,24606.19921875,24634.900390625,394400.0,11.43000030517578,11.729999542236328,10.619999885559082,11.369999885559082,0.0,-0.0008030448049409,1,38.789894877388086,24957.98801135792,11.738546078457148,178.30957094112753,185.1015625,-0.0052493804037371,-0.0168416681002527,-0.022515726809016,-0.0009661407544825362
24691.94921875,24731.80078125,24587.69921875,24611.099609375,303000.0,11.369999885559082,11.789999961853027,10.93000030517578,11.06999969482422,0.0,-0.0009661407544825,2,38.13404936736562,24924.95102069288,-16.854594891290617,175.86614176676127,144.1015625,-0.0263852413152518,-0.011239069955034,-0.0221855972754723,0.009150390492475902
24620.55078125,24867.94921875,24605.94921875,24836.30078125,308900.0,11.06999969482422,11.260000228881836,10.149999618530272,10.289999961853027,0.0,0.0091503904924759,1,47.226178718824734,24916.50814074594,-21.0997874115601,182.0185602119926,262.0,-0.07046068242765,0.0073657991480136,-0.008803946455306,0.0023332467769816567
24759.55078125,24904.80078125,24747.55078125,24894.25,365900.0,10.289999961853027,10.619999885559082,9.949999809265137,10.0600004196167,0.0,0.0023332467769816,2,49.29135689589164,24914.38831781776,-19.562609828732093,180.24937733970745,157.25,-0.0223517534585986,0.0105277311969038,0.000136612075456,0.007367178791287232
24916.55078125,25095.94921875,24881.650390625,25077.650390625,268800.0,10.0600004196167,10.539999961853027,9.65999984741211,10.1899995803833,0.0,0.0073671787912872,1,55.25874763461642,24929.93708665654,-3.505102101975353,182.6814809672283,214.298828125,0.0129223812469339,0.0189569254789525,0.0171549921628466,0.0012222193924698033
25085.30078125,25220.900390625,25076.30078125,25108.30078125,288000.0,10.1899995803833,10.449999809265137,10.0,10.050000190734863,0.0,0.0012222193924698,1,56.1867067151653,24946.92410518925,11.560555934396689,179.96134728206917,144.599609375,-0.0137389004331216,0.0109517114644281,0.0192166553596115,-0.0024752925801897474
25079.75,25192.5,25008.5,25046.150390625,227400.0,10.050000190734863,10.520000457763672,9.6899995803833,10.3100004196167,0.0,-0.0024752925801897,2,53.75220810365313,24956.3742276117,18.27452402204653,180.2498224762071,184.0,0.0258706690494923,0.0061018263504624,0.017677015174254,0.005416017571936882
25074.30078125,25199.25,25024.30078125,25181.80078125,286300.0,10.3100004196167,10.56999969482422,10.0,10.119999885559082,0.0,0.0054160175719368,1,58.02693619124629,24977.8434231963,34.14761252778408,179.87120792433515,174.94921875,-0.0184287610402135,0.0041531159818679,0.013911089378529,0.0041120501676790155
25167.650390625,25330.75,25156.849609375,25285.349609375,232900.0,10.119999885559082,10.34000015258789,9.710000038146973,10.100000381469728,0.0,0.004112050167679,1,60.99102273468494,25007.12972664189,54.4549517769774,179.44472097438262,173.900390625,-0.0019762356043001,0.0070514062129292,0.0157104395342297,-0.0022938183927065925
25177.30078125,25267.30078125,25152.30078125,25227.349609375,234300.0,10.100000381469728,11.260000228881836,9.779999732971191,11.010000228881836,0.0,-0.0022938183927065,1,58.49908729206813,25028.103048806952,65.11791042774712,176.13072862799817,115.0,0.090098991390304,0.0072346135403635,0.0059694276145569,-0.003244479132464395
25277.55078125,25310.349609375,25060.55078125,25145.5,292100.0,11.010000228881836,11.670000076293944,10.010000228881836,11.15999984741211,0.0,-0.0032444791324643,2,55.07905169510301,25039.283710825337,66.20068229313256,181.39273573492687,249.798828125,0.0136239432708447,-0.0014415482659615,0.0014815506263881,0.007080820872521931
25181.94921875,25365.150390625,25159.349609375,25323.55078125,289900.0,11.15999984741211,11.15999984741211,10.43000030517578,10.529999732971191,0.0,0.0070808208725219,2,60.4902973842534,25066.356765151493,80.49806522421204,184.1254253699321,205.80078125,-0.0564516239296373,0.0015108025977554,0.0110755699498168,0.010336228211479837
25394.900390625,25625.400390625,25376.849609375,25585.30078125,372800.0,10.529999732971191,11.0600004196167,10.380000114440918,10.869999885559082,0.0,0.0103362282114798,1,66.81839556675563,25115.78000477992,111.66270352948412,192.5342956560084,248.55078125,0.0322887142649483,0.0141890122195784,0.0160234767761502,0.004867983737610659
25546.849609375,25781.5,25508.599609375,25709.849609375,422100.0,10.869999885559082,11.8100004196167,9.779999732971191,11.630000114440918,0.0,0.0048679837376106,2,69.33518796509603,25172.358062360407,144.74245255321875,198.2747310109364,272.900390625,0.0699172251042528,0.0224433639965402,0.0167883777190334,0.005184813729964155
25824.599609375,25926.19921875,25788.5,25843.150390625,301100.0,11.630000114440918,11.880000114440918,10.670000076293944,11.359999656677246,0.0,0.0051848137299641,1,71.80048567853984,25236.243046004656,179.64382875354568,199.56579375122664,137.69921875,-0.0232158602843359,0.0205184341589141,0.0244100466670171,0.0009847568259027106
25901.19921875,25934.349609375,25825.80078125,25868.599609375,42500.0,11.359999656677246,11.600000381469728,10.699999809265137,11.300000190734863,0.0,0.0009847568259027,1,72.25902567129566,25296.467480611354,206.97112580504108,193.06458192078188,108.548828125,-0.0052816432883531,0.0110727182981804,0.0287566208417013,0.0008814076368377499
26057.19921875,26104.19921875,25862.44921875,25891.400390625,448400.0,11.300000190734863,12.050000190734863,10.739999771118164,11.729999542236328,0.0,0.0008814076368377,1,72.68753127418799,25353.127757755512,227.84162170515992,196.54211178358315,241.75,0.0380530393135774,0.0070615263802942,0.0224237751759301,-0.0037174505259611745
25935.099609375,25944.150390625,25718.19921875,25795.150390625,284900.0,11.729999542236328,11.9399995803833,11.4399995803833,11.59000015258789,0.0,-0.0037174505259611,2,67.91820855540553,25395.22515136213,233.91860143653685,198.64275893297008,225.951171875,-0.0119351572985437,-0.001857358691741,0.0082019598350309,0.006625291500029773
25843.19921875,26005.94921875,25827.0,25966.05078125,266300.0,11.59000015258789,12.729999542236328,11.279999732971191,11.859999656677246,0.0,0.0066252915000297,1,71.494643054077,25449.589497065732,249.6471084390469,199.5110495895437,178.94921875,0.0232959016854774,0.003767160702417,0.0099650980370409,-0.001149638146805021
25939.94921875,26041.69921875,25810.05078125,25936.19921875,395200.0,11.859999656677246,12.640000343322754,10.710000038146973,11.949999809265137,0.0,-0.001149638146805,1,70.02618737966469,25495.933280083285,256.7437102679214,201.80657729743345,231.6484375,0.0075885459690734,0.0017302589836438,0.0036005218682144,0.0045381040946781415
25982.0,26097.849609375,25960.30078125,26053.900390625,321900.0,11.949999809265137,12.100000381469728,11.229999542236328,11.970000267028809,0.0,0.0045381040946781,0,72.43062066172783,25549.07300489678,268.7671389698262,198.9382782494025,137.548828125,0.0016736785006612,0.010030955279642,0.007163154714523,-0.0067571756478100875
25984.400390625,26032.05078125,25845.25,25877.849609375,257400.0,11.970000267028809,12.270000457763672,11.710000038146973,12.06999969482422,0.0,-0.00675717564781,0,64.14245920648966,25580.38506246614,261.0803938477329,199.63200056194515,186.80078125,0.0083541708909444,-0.0033967880837192,-0.0005233699624415,-0.006018660837397216
25863.80078125,25953.75,25711.19921875,25722.099609375,334400.0,12.06999969482422,12.289999961853027,11.770000457763672,12.149999618530272,0.0,-0.0060186608373972,1,57.837002412913726,25593.88168598127,239.65823862275647,202.69762775394904,242.55078125,0.0066279971606262,-0.0082548567571235,-0.0028319579511562,0.0016036793506921665
25696.849609375,25803.099609375,25645.5,25763.349609375,23300.0,12.149999618530272,12.9399995803833,11.789999961853027,12.670000076293944,0.0,0.0016036793506921,0,58.98693853744321,25610.021488209244,223.43394904622983,199.4763407268813,157.599609375,0.042798392929215,-0.0111519111109578,-0.0078063920302184,-0.006431586779760301
25744.75,25787.400390625,25578.400390625,25597.650390625,305100.0,12.670000076293944,12.9399995803833,10.979999542236328,12.649999618530272,0.0,-0.0064315867797603,1,52.7618767800577,25608.843288439315,194.95818393304216,200.1566021035326,209.0,-0.0015785680854961,-0.0108277628543173,-0.0130531395625714,-0.0034359080045569534
25593.349609375,25679.150390625,25491.55078125,25509.69921875,371900.0,12.649999618530272,12.869999885559082,12.0600004196167,12.40999984741211,0.0,-0.0034359080045569,1,49.76012274075014,25599.400996087952,163.41031796620518,199.25967405149456,187.599609375,-0.018972314494508,-0.0082575059521029,-0.0208875125687829,-0.0006820322478444663
25433.80078125,25551.25,25318.44921875,25492.30078125,305600.0,12.40999984741211,12.670000076293944,11.960000038146973,12.5600004196167,0.0,-0.0006820322478444,1,49.16424448426641,25589.200975627195,135.44319357092536,201.6554674228164,232.80078125,0.012087072848423,-0.0105207138137957,-0.0148987969999379,0.0032185728871263475
25503.5,25653.44921875,25503.5,25574.349609375,243600.0,12.5600004196167,12.93000030517578,11.40999984741211,12.300000190734863,0.0,0.0032185728871263,1,52.07866251233541,25587.78655979365,118.53332235871494,198.7621081426152,149.94921875,-0.0207006544741636,-0.0009102703136587,-0.0057440878561153,0.0047156471705849246
25617.0,25715.80078125,25449.25,25694.94921875,297700.0,12.300000190734863,13.010000228881836,11.989999771118164,12.489999771118164,0.0,0.0047156471705849,2,56.065650816614166,25597.9925273133,113.55452232938842,203.6041562217141,266.55078125,0.0154471201168289,0.0072619437184049,-0.0026549494402742,0.0070384090258497345
25834.30078125,25934.55078125,25781.150390625,25875.80078125,312600.0,12.489999771118164,12.710000038146973,11.4399995803833,12.109999656677246,0.0,0.0070384090258497,1,61.269557892682926,25624.450456259656,122.78658971576442,206.175399527306,153.400390625,-0.0304243491917133,0.0150437578502946,0.0108662469554967,0.00012944949620363744
25906.099609375,26010.69921875,25808.400390625,25879.150390625,385200.0,12.109999656677246,12.270000457763672,11.229999542236328,12.15999984741211,0.0,0.0001294494962036,1,61.36084501925217,25648.70759286588,128.8876188749964,205.8985015699984,202.298828125,0.0041288350249699,0.0119182221994129,0.0144827725606206,0.001194026471448284
25767.900390625,25940.19921875,25740.80078125,25910.05078125,518900.0,12.15999984741211,12.449999809265137,11.800000190734863,11.9399995803833,0.0,0.0011940264714482,1,62.244915756743175,25673.597420331032,134.66381112795716,205.43421127928423,199.3984375,-0.0180921274497901,0.0083713558127227,0.0163873007613051,0.0039906690408659795
25948.19921875,26024.19921875,25906.349609375,26013.44921875,281800.0,11.9399995803833,12.279999732971191,10.899999618530272,11.789999961853027,0.0,0.0039906690408659,1,65.12073392769265,25705.964258275697,145.9029959571635,199.17816828612104,117.849609375,-0.012562782562967,0.0053195817460358,0.0171695318192584,-0.003974806902018679
26021.80078125,26029.849609375,25876.5,25910.05078125,280000.0,11.789999961853027,12.289999961853027,10.9399995803833,12.100000381469728,0.0,-0.0039748069020186,2,60.18387402600536,25725.401069987536,144.79760448765956,195.9046997924696,153.349609375,0.0262935047175332,0.0011940264714482,0.0083713558127227,0.005503640675154298
25918.099609375,26074.650390625,25856.19921875,26052.650390625,250100.0,12.100000381469728,12.380000114440918,10.770000457763672,11.970000267028809,0.0,0.0055036406751542,2,64.21329191694599,25756.56767195301,153.6569093037142,197.51516208407887,218.451171875,-0.0107438107721057,0.0055036406751542,0.006834555995776,0.005354541588221684
26132.099609375,26246.650390625,26063.19921875,26192.150390625,240400.0,11.970000267028809,12.380000114440918,11.0600004196167,12.140000343322754,0.0,0.0053545415882216,1,67.66114321397333,25798.05174039796,169.97508932422716,197.26407907807325,183.451171875,0.0142021781538475,0.0068695685209709,0.0120946783520909,-0.0047342428227803435
26109.55078125,26179.19921875,26052.19921875,26068.150390625,235600.0,12.140000343322754,13.850000381469728,12.140000343322754,13.630000114440918,0.0,-0.0047342428227803,1,61.94786611713221,25823.775421371964,170.93121225398136,193.17029999213943,127.0,0.1227347387957606,0.0061018641263879,0.0061018641263879,-0.004167936312968079
26122.80078125,26142.80078125,25912.150390625,25959.5,464700.0,13.630000114440918,13.630000114440918,11.9399995803833,13.239999771118164,0.0,-0.004167936312968,1,57.37622414405274,25836.70157171749,161.0651097444861,195.84744932305807,230.650390625,-0.0286133778465306,-0.003575466957424,-0.0020738971712799,-0.002877529180069005
25998.5,26032.599609375,25857.5,25884.80078125,260500.0,13.239999771118164,13.239999771118164,10.859999656677246,12.239999771118164,0.0,-0.002877529180069,2,54.4035808585839,25841.282448815826,145.54084548781975,194.36546075533963,175.099609375,-0.0755287022120202,-0.0117344167924833,-0.0009745252995904,0.012381783530362567
25842.94921875,26215.150390625,25842.94921875,26205.30078125,275300.0,12.239999771118164,12.56999969482422,11.59000015258789,11.970000267028809,0.0,0.0123817835303625,1,63.21062053612769,25875.9508614286,157.28632681963063,207.0680115496011,372.201171875,-0.0220587834263243,0.0052612244662484,0.0058593036921852,0.0003911422381892571
26261.25,26310.44921875,26141.900390625,26215.55078125,240300.0,11.970000267028809,12.239999771118164,11.510000228881836,11.789999961853027,0.0,0.0003911422381892,1,63.45374163541803,25908.2937109354,165.5138540531625,204.31664130498672,168.548828125,-0.0150376191445533,0.0098634712244072,0.000893412349731,-0.0004806903583736144
26237.44921875,26280.75,26172.400390625,26202.94921875,202500.0,11.789999961853027,11.789999961853027,10.81999969482422,11.619999885559082,0.0,-0.0004806903583736,1,62.90336588751481,25936.35614025108,169.06847178253156,197.46185330998767,108.349609375,-0.0144190056695493,0.012290936298434,0.005171016205794,-0.0010380212747401751
26325.80078125,26325.80078125,26124.19921875,26175.75,213800.0,11.619999885559082,12.010000228881836,10.899999618530272,11.630000114440918,0.0,-0.0010380212747401,0,61.66021511635801,25959.155555465262,167.7569842140001,197.75754682356,201.6015625,0.0008606049036423,-0.0011276642652063,0.0083302837111653,-0.005484113396941881
26087.94921875,26154.599609375,25997.849609375,26032.19921875,254800.0,11.630000114440918,11.9399995803833,11.029999732971191,11.229999542236328,0.0,-0.0054841133969418,1,55.43353819450387,25966.11209482572,153.3663605866495,196.33917852366284,156.75,-0.0343938579766573,-0.0069940000128144,0.0056944010790598,-0.0017746951904364927
26004.900390625,26066.44921875,25891.0,25986.0,265700.0,11.229999542236328,11.369999885559082,10.920000076293944,11.210000038146973,0.0,-0.0017746951904364,1,53.55898658277614,25968.00618103279,136.6584829089552,194.84703853982975,175.44921875,-0.0017808998134093,-0.0082795725373828,-0.008368565699002,0.0018375278996383138
25981.849609375,26098.25,25938.94921875,26033.75,248100.0,11.210000038146973,11.270000457763672,10.579999923706056,10.81999969482422,0.0,0.0018375278996383,2,55.24361167031109,25974.267497124907,125.82002053573524,192.3080201619848,159.30078125,-0.0347903962529532,-0.0054248684373895,-0.0069348449997101,0.005865433091659877
25999.80078125,26202.599609375,25985.349609375,26186.44921875,249300.0,10.81999969482422,10.869999885559082,10.15999984741211,10.31999969482422,0.0,0.0058654330916598,0,60.21389476078801,25994.475280136823,128.0756356075908,194.08959015041447,217.25,-0.0462107221906094,0.0059253541625057,-0.000629700109795,-0.00862653945989178
26159.80078125,26178.69921875,25892.25,25960.55078125,320700.0,10.31999969482422,11.609999656677246,10.140000343322754,11.130000114440918,0.0,-0.0086265394598917,1,51.16208492476368,25991.244375480936,110.36291581366096,201.2402779075277,286.44921875,0.0784884150745603,-0.000979343444547,-0.0082213200672378,-0.004657081109092687
25867.099609375,25923.650390625,25728.0,25839.650390625,276000.0,11.130000114440918,11.880000114440918,10.460000038146973,10.949999809265137,0.0,-0.0046570811090926,1,47.08266078945259,25976.806853113703,85.58325614390196,203.47674243199003,195.650390625,-0.0161725339914629,-0.0074556915302251,-0.0073965640208497,-0.0031598875909956137
25864.05078125,25947.650390625,25734.55078125,25758.0,207900.0,10.949999809265137,11.420000076293944,10.489999771118164,10.90999984741211,0.0,-0.0031598875909956,2,44.50191867731431,25955.96810519811,58.68026363319223,204.16409007077644,213.099609375,-0.0036529646164178,-0.0163614858651099,-0.0087739552066496,0.0054565875164998
25771.400390625,25922.80078125,25693.25,25898.55078125,206100.0,10.90999984741211,11.1899995803833,10.31999969482422,10.399999618530272,0.0,0.0054565875164998,2,49.62100861097864,25950.499788631623,48.14572767883874,205.97742515500667,229.55078125,-0.0467461261241731,-0.0023882390062687,-0.0051932287415373,0.005729990019651465
25971.19921875,26057.599609375,25938.44921875,26046.94921875,216300.0,10.399999618530272,10.399999618530272,9.960000038146973,10.109999656677246,0.0,0.0057299900196514,1,54.40322939801253,25959.685448642897,51.18155660145203,202.62538251000615,119.150390625,-0.0278846127394387,0.0080225090119721,-0.0053271827285432,-0.0007543469807149705
25930.05078125,26047.150390625,25904.75,26027.30078125,181600.0,10.109999656677246,10.84000015258789,10.050000190734863,10.25,0.0,-0.0007543469807149,0,53.67670636273644,25966.125004129288,51.4093927191534,198.32359737536288,142.400390625,0.0138477099977238,0.0104550346009006,0.0025712089301359,-0.006424068837574293
25951.5,25980.75,25834.349609375,25860.099609375,264400.0,10.25,10.43000030517578,9.65999984741211,10.0600004196167,0.0,-0.0064240688375742,1,47.82388171816535,25956.027347486022,37.66404955388498,197.9398526967655,146.400390625,-0.018536544427639,-0.0014846843053024,0.0007913891419142,-0.001606677033445636
25902.400390625,25929.150390625,25770.349609375,25818.55078125,206500.0,10.0600004196167,10.18000030517578,9.479999542236328,9.84000015258789,0.0,-0.0016066770334456,1,46.46795154093237,25942.93434117783,23.15124967877273,195.14420473628223,158.80078125,-0.0218688129077823,-0.0087687212648913,0.0023507563184252,-0.00011619552256891819
25764.69921875,25902.349609375,25726.30078125,25815.55078125,197600.0,9.84000015258789,9.949999809265137,9.609999656677246,9.710000038146973,0.0,-0.0001161955225689,2,46.36573132921675,25930.80257356566,11.277674281707732,193.78024926404785,176.048828125,-0.0132113935391279,-0.008135688052314,-0.0032048125279693,0.005843362036054733
25911.5,25993.349609375,25880.44921875,25966.400390625,382900.0,9.710000038146973,10.3100004196167,9.4399995803833,9.520000457763672,0.0,0.0058433620360547,2,52.07467706330196,25934.192841857024,13.88008206284212,192.63871918268725,112.900390625,-0.0195674129389148,0.0041106098915204,-0.0030924476969846,0.00793332910611566
26055.849609375,26180.69921875,26047.80078125,26172.400390625,253000.0,9.520000457763672,9.899999618530272,8.859999656677246,9.68000030517578,0.0,0.0079333291061156,1,58.56141280256768,25956.87927507302,32.19387639777415,194.1858698214239,132.8984375,0.0168067058527952,0.0137052467573808,0.0055749003938021,0.00018148889399149937
26205.19921875,26233.55078125,26119.05078125,26177.150390625,216600.0,9.68000030517578,9.789999961853027,9.31999969482422,9.380000114440918,0.0,0.0001814888939914,1,58.70022254291742,25977.857476554163,46.55432635935722,188.49402197703648,114.5,-0.0309917542641456,0.0140070460800563,0.0122602304723937,-0.0013389838361685946
26170.650390625,26236.400390625,26123.0,26142.099609375,188800.0,9.380000114440918,9.68000030517578,8.880000114440918,9.1899995803833,0.0,-0.0013389838361685,1,57.17815503262558,25993.499584441863,54.47878379240137,183.13019116617676,113.400390625,-0.0202559202280928,0.0067664064370445,0.0125316417201839,-0.0038175521330050532
26121.25,26144.19921875,26008.599609375,26042.30078125,142200.0,9.1899995803833,9.399999618530272,9.020000457763672,9.149999618530272,0.0,-0.003817552133005,1,52.96690356380303,25998.14731747121,52.10540336908525,179.73514960966412,135.599609375,-0.0043525531751285,-0.004970870360886,0.0087834655135341,-0.003847631310177624
26063.349609375,26106.80078125,25920.30078125,25942.099609375,234300.0,9.149999618530272,9.770000457763672,9.050000190734863,9.720000267028809,0.0,-0.0038476313101776,1,49.05993390282125,25992.809440509664,41.65886763578965,180.21835320897384,186.5,0.0622951554384973,-0.0089792348572127,-0.0009358548310289,-0.00012527898855285713
25940.900390625,25976.75,25878.0,25938.849609375,396900.0,9.720000267028809,9.989999771118164,9.59000015258789,9.68000030517578,0.0,-0.0001252789885528,2,48.93385566382872,25987.67040897303,32.74025567795252,174.39918512261855,98.75,-0.004115222299809,-0.007774815452356,-0.0089235522063026,0.0073538342244390265
25971.05078125,26187.94921875,25969.0,26129.599609375,246300.0,9.68000030517578,9.729999542236328,9.3100004196167,9.479999542236328,0.0,0.007353834224439,1,56.06966955158195,26001.18747567798,40.59615507648414,179.73492971207435,218.94921875,-0.0206612351894777,0.0033521933740914,-0.0018164995249838,0.0006487344669803274
26173.30078125,26197.55078125,26113.400390625,26146.55078125,425600.0,9.68000030517578,9.729999542236328,9.3100004196167,9.479999542236328,0.0,0.0006487344669803,2,56.64939909390267,26015.031600018174,47.64065800180833,172.90746263442617,84.150390625,0.0,0.0078810572372143,0.0001702683388675,0.006960765170238581
26155.099609375,26340.0,26118.400390625,26328.55078125,357500.0,9.1899995803833,9.5600004196167,8.970000267028809,9.449999809265137,0.0,0.0069607651702385,1,62.3884323472671,26044.8905696593,67.1354604874432,176.3854731158957,221.599609375,-0.003164528947236,0.0150238417564265,0.0109917323513173,-0.0029720587604740167
26333.69921875,26373.19921875,26210.05078125,26250.30078125,338800.0,9.449999809265137,10.220000267028809,9.289999961853027,10.020000457763672,0.0,-0.002972058760474,1,58.78506715071018,26064.45344695365,75.40192442362604,175.4399705719032,163.1484375,0.0603175301590679,0.0046193272640768,0.0118803480256324,-0.0027276473171363724
26189.69921875,26273.94921875,26124.75,26178.69921875,383000.0,10.020000457763672,10.289999961853027,9.649999618530272,10.020000457763672,0.0,-0.0027276473171363,1,55.619482117060834,26075.333996648544,75.30741198703254,173.56563115605294,149.19921875,0.0,0.0012295479342174,0.0092467327189527,-0.001449622016468255
26143.099609375,26187.150390625,26067.900390625,26140.75,338200.0,10.020000457763672,10.239999771118164,9.75,9.949999809265137,0.0,-0.0014496220164682,0,53.96092150906759,26081.564092205823,71.34787155110462,169.68594321633486,119.25,-0.0069860923453648,-0.0071329706982483,0.0004267340790402,-0.010095364158449915
26106.5,26133.19921875,25858.44921875,25876.849609375,328500.0,9.949999809265137,10.989999771118164,9.479999542236328,10.600000381469728,0.0,-0.0100953641584499,0,44.11025065354498,26062.067474793363,46.38070333575888,177.7298602187395,274.75,0.0653266919260973,-0.0142265482969912,-0.0103149808986815,-0.007479613285493514
25840.400390625,25940.599609375,25623.0,25683.30078125,348800.0,10.600000381469728,11.039999961853027,10.220000267028809,10.93000030517578,0.0,-0.0074796132854935,1,38.55165958463047,26025.99445636066,10.851184076323989,187.72055658704383,317.599609375,0.0311320671537842,-0.0189237224264061,-0.0245076155296598,0.004164153963733375
25669.05078125,25813.150390625,25473.400390625,25790.25,275800.0,10.93000030517578,11.949999809265137,10.520000457763672,11.369999885559082,0.0,0.0041641539637333,1,42.8381625999692,26003.54260337393,-8.577432469686755,198.57980254511213,339.75,0.0402561361480424,-0.0134081845394642,-0.0175255432341028,-0.002246942885392733
25897.349609375,25899.80078125,25603.30078125,25732.30078125,339500.0,11.369999885559082,11.68000030517578,10.640000343322754,11.199999809265137,0.0,-0.0022469428853927,1,41.16263792958842,25977.71004888594,-28.32426422260687,205.5741023633184,296.5,-0.0149516339494304,-0.0055860288368577,-0.0170519716724609,-0.00259211846006413
25648.55078125,25791.75,25603.94921875,25665.599609375,393100.0,11.199999809265137,11.470000267028809,11.010000228881836,11.31999969482422,0.0,-0.0025921184600641,1,39.25922808909005,25947.985245122996,-48.79353626722877,204.3045794266528,187.80078125,0.0107142756788096,-0.0006892093826165,-0.0181766166091256,0.0011201764399650926
25696.05078125,25873.5,25662.400390625,25694.349609375,434000.0,11.31999969482422,11.579999923706056,10.880000114440918,11.369999885559082,0.0,0.001120176439965,1,40.535594195614486,25923.829470289853,-61.98121623076804,204.7899387086776,211.099609375,0.0044169780991889,-0.0037184746415797,-0.0070526359566537,-0.004236324757381116
25653.099609375,25653.30078125,25494.349609375,25585.5,443100.0,11.369999885559082,12.130000114440918,10.390000343322754,11.829999923706056,0.0,-0.0042363247573811,0,37.3366679778916,25891.607615976533,-80.29026519814943,204.44780022948632,158.951171875,0.0404573476496876,-0.0057049224823676,-0.003807952181964,-0.013796877137441155
25580.30078125,25585.0,25171.349609375,25232.5,409800.0,11.829999923706056,12.899999618530272,11.0,12.729999542236328,0.0,-0.0137968771374411,1,29.26958158683007,25828.835462074003,-121.87951706491732,219.42655668630871,413.650390625,0.076077736630139,-0.0168747122984338,-0.0216263898178574,-0.0029723570791637677
25141.0,25300.94921875,24919.80078125,25157.5,395600.0,12.729999542236328,14.43000030517578,12.43000030517578,13.779999732971191,0.0,-0.0029723570791637,2,27.890745884031677,25764.898751400287,-159.05765437289665,230.9781196015724,381.1484375,0.082482343165144,-0.0208936835349636,-0.0223377142268146,0.00526285960946038
25344.150390625,25435.75,25168.5,25289.900390625,486400.0,13.779999732971191,14.329999923706056,12.90999984741211,13.350000381469728,0.0,0.0052628596094603,0,33.81793778088279,25719.66081227883,-175.8113472637924,234.3546824871744,267.25,-0.0312045979560225,-0.0115534036612534,-0.0146382404645931,-0.009539381186706164
25344.599609375,25347.94921875,25025.30078125,25048.650390625,393900.0,13.350000381469728,14.43000030517578,12.279999732971191,14.1899995803833,0.0,-0.0095393811867061,2,29.120886372822994,25655.75505783561,-206.17892605564705,240.6613792738048,322.6484375,0.0629212865101878,-0.0072862225056969,-0.0251300082923447,0.005060152863462841
25063.349609375,25246.650390625,24932.55078125,25175.400390625,618700.0,14.1899995803833,16.059999465942383,13.920000076293944,14.449999809265137,0.0,0.0050601528634628,2,34.28513499287635,25610.00699429174,-217.5104601398016,245.90696713817587,314.099609375,0.0183227791804354,0.0007115329673059,-0.0160285946874205,0.006647346488174222
25258.849609375,25372.099609375,25187.650390625,25342.75,574900.0,14.449999809265137,14.510000228881836,13.4399995803833,13.529999732971191,0.0,0.0066473464881742,1,40.4539692253019,25584.553947216336,-210.55986461296925,242.39212796759188,184.44921875,-0.0636678261894546,0.0020897515829911,0.0043693649063707,0.0030048195489833507
25345.0,25458.150390625,25159.80078125,25418.900390625,582400.0,13.529999732971191,14.1899995803833,13.06999969482422,13.369999885559082,0.0,0.0030048195489833,1,43.07270766765674,25568.77741801716,-196.64002368467845,246.38909092526387,298.349609375,-0.0118255617568274,0.0147812354847898,0.0103905551276954,-0.003865234077404689
25247.55078125,25370.69921875,25213.650390625,25320.650390625,508400.0,13.369999885559082,14.229999542236328,12.880000114440918,13.630000114440918,0.0,-0.0038652340774046,0,40.592273047933766,25545.14627255124,-191.3308602943107,243.4505844306022,157.048828125,0.0194465393498366,0.0057695209508599,0.0012159003999636,-0.00917235522852089
24796.5,25108.099609375,24679.400390625,25088.400390625,449200.0,15.100000381469728,15.550000190734863,13.579999923706056,13.869999885559082,0.0,-0.0091723552285208,2,35.40230173932687,25501.64666474874,-203.51791621018856,271.8648283998449,428.69921875,0.0176082002276642,-0.010036385529392,0.0015869118447546,0.025475932330218942
26308.05078125,26341.19921875,25641.30078125,25727.55078125,637300.0,13.869999885559082,15.470000267028809,11.850000381469728,12.899999618530272,0.0,0.0254759323302189,1,53.15359129471928,25523.161342510764,-159.76053095242605,341.9315426659274,699.8984375,-0.0699351315812725,0.0121425547872573,0.0219321393923337,0.0018831648283172964
25675.05078125,25818.55078125,25563.94921875,25776.0,429800.0,12.899999618530272,13.149999618530272,12.0600004196167,12.25,0.0,0.0018831648283172,0,54.18142497830379,25547.2412146526,-119.7921514803602,335.6936869397897,254.6015625,-0.0503875688179539,0.0179833299046534,0.017095619062651,-0.00516756745616076
25755.900390625,25757.650390625,25579.5,25642.80078125,343800.0,12.25,12.550000190734863,10.9399995803833,12.170000076293944,0.0,-0.0051675674561607,1,50.876487517117454,25556.342125757117,-97.73832003950884,325.7512807298048,178.150390625,-0.0065306060168207,0.0220978771859909,0.0088084215754502,0.0019849016468285186
25605.80078125,25703.94921875,25491.900390625,25693.69921875,375500.0,12.170000076293944,12.350000381469728,11.15999984741211,11.9399995803833,0.0,0.0019849016468285,2,52.0793689129144,25569.4237536612,-75.28557594722224,317.6296769723187,212.048828125,-0.018898972429644,-0.0013157708943157,0.0147329875958921,0.006756581098813275
25888.69921875,25922.25,25780.900390625,25867.30078125,359400.0,11.9399995803833,12.279999732971191,10.670000076293944,12.1899995803833,0.0,0.0067565810988132,1,56.03381819170808,25597.79299438394,-42.98788170458283,311.2668987064388,141.349609375,0.0209380241864274,0.0035420849336591,0.0310462356506417,0.0026229876069705504
25922.650390625,25989.44921875,25870.44921875,25935.150390625,460900.0,12.1899995803833,12.1899995803833,10.359999656677246,11.670000076293944,0.0,0.0026229876069705,1,57.50963465675699,25629.922270216422,-11.781025562006109,297.7584371916932,119.0,-0.0426578771115104,0.0114008454797482,0.0080691555577958,0.0007209990483325601
25997.44921875,26009.400390625,25899.80078125,25953.849609375,331400.0,11.670000076293944,11.710000038146973,10.5600004196167,11.550000190734863,0.0,0.0007209990483325,0,57.92877508279918,25660.772492993427,14.294722775481205,284.3185209190722,109.599609375,-0.0102827664759699,0.0101250656205686,0.0068998141439711,-0.00565042923620962
25906.69921875,25906.69921875,25752.400390625,25807.19921875,419400.0,11.550000190734863,12.109999656677246,10.850000381469728,11.729999542236328,0.0,-0.0056504292362096,0,53.47371194981854,25674.717895446436,22.86293065071368,278.3992850498528,154.298828125,0.0155843591799986,-0.0023234570552318,0.0064110952193727,-0.01302348257655217
25571.150390625,25630.349609375,25444.30078125,25471.099609375,453500.0,11.729999542236328,13.579999923706056,10.960000038146973,13.289999961853027,0.0,-0.0130234825765521,2,44.94290481672745,25655.325677725345,2.504002960075013,284.4349387962919,186.048828125,0.1329923683287104,-0.0178927353132968,-0.0086635874219527,0.008309432803093486
25423.599609375,25697.0,25372.69921875,25682.75,275800.0,13.289999961853027,13.829999923706056,13.239999771118164,13.329999923706056,0.0,0.0083094328030934,1,50.31798271587606,25657.93751794198,3.4085323353865533,287.2824989715567,324.30078125,0.0030097789291076,-0.0104454488815822,-0.0071345202505153,0.00166066292063749
25637.94921875,25764.400390625,25570.30078125,25725.400390625,344100.0,13.329999923706056,13.479999542236328,11.630000114440918,12.670000076293944,0.0,0.0016606629206374,1,51.34873481814146,25664.362553435603,7.480675886297831,280.6265782860884,194.099609375,-0.0495123669309529,-0.0031696127670285,-0.008087479611293,0.003652002197183979
25752.650390625,25828.05078125,25645.150390625,25819.349609375,310200.0,12.670000076293944,12.770000457763672,11.350000381469728,12.220000267028809,0.0,0.0036520021971839,0,53.63085713988405,25679.12322542983,18.080376450270705,273.6461363102964,182.900390625,-0.035516953950703,0.0136723582939395,-0.0051822755400191,-0.014136684522350174
25873.349609375,25885.30078125,25388.75,25454.349609375,298200.0,12.220000267028809,13.68000030517578,9.729999542236328,13.460000038146973,0.0,-0.0141366845223501,1,44.83215238681437,25657.71621437699,-2.937868138644262,289.5678966631324,496.55078125,0.1014729741425497,-0.008893143866019,-0.0136725262739336,0.004592550680687868
25406.55078125,25663.55078125,25379.75,25571.25,296600.0,13.460000038146973,14.779999732971191,13.100000381469728,14.359999656677246,0.0,0.0045925506806878,2,47.78671247519976,25649.48133681728,-10.046286520118883,289.1559598479086,283.80078125,0.066864756016314,-0.0059921473829102,0.0039319225381277,0.00554333479982394
25678.400390625,25771.44921875,25609.349609375,25713.0,313700.0,14.359999656677246,14.479999542236328,12.770000457763672,14.170000076293944,0.0,0.0055433347998239,0,51.19959986147227,25655.53073331087,-4.19338027745107,282.8019069123437,162.099609375,-0.0132311688667035,-0.0041189887035878,0.0011778333706475,-0.011214156627970318
25641.80078125,25641.80078125,25327.599609375,25424.650390625,439100.0,14.170000076293944,14.949999809265137,12.350000381469728,14.149999618530272,0.0,-0.0112141566279703,1,44.78648676674737,25633.542129245547,-22.562230205247037,290.13037003467633,314.201171875,-0.0014114649016221,-0.0011667639993072,-0.011690780140767,0.002275335490801167
25512.599609375,25652.599609375,25428.19921875,25482.5,414200.0,14.149999618530272,14.149999618530272,12.84000015258789,13.489999771118164,0.0,0.0022753354908011,1,46.24133129105031,25619.157164555498,-32.08187620759054,285.688859228628,224.400390625,-0.0466431000144904,-0.0034706946277557,-0.0130464018060583,0.0005513894339252978
25556.30078125,25572.94921875,25400.94921875,25496.55078125,405200.0,13.489999771118164,13.609999656677246,11.8100004196167,13.0600004196167,0.0,0.0005513894339252,0,46.60930896407616,25607.48036614545,-38.05382284808729,277.5682264265832,172.0,-0.0318754157744379,-0.0084178905125812,0.0016579159366718,-0.012468368500212268
25459.849609375,25476.400390625,25141.30078125,25178.650390625,438900.0,13.0600004196167,14.039999961853027,11.199999809265137,13.699999809265137,0.0,-0.0124683685002122,0,39.94689959877203,25566.63941609588,-67.65861194279933,283.11692453897007,335.099609375,0.0490045458717696,-0.0096756492703125,-0.0153531645646967,-0.012429227421638323
24659.25,24989.349609375,24603.5,24865.69921875,519200.0,13.699999809265137,17.809999465942383,12.829999923706056,17.1299991607666,0.0,-0.0124292274216383,0,34.689963512452465,25499.883206824845,-115.04697480825416,303.97645783082936,385.849609375,0.2503649196536339,-0.024204877121554,-0.0329522335491774,-0.015491187895474101
24388.80078125,24602.44921875,24305.400390625,24480.5,599000.0,17.1299991607666,21.3700008392334,16.969999313354492,21.13999938964844,0.0,-0.0154911878954741,2,29.537480529719986,25402.799091889145,-181.59167570217687,322.2851985661273,297.048828125,0.2340922606736648,-0.0398505189963654,-0.0371352359273008,0.011658274570576665
24615.94921875,24854.19921875,24529.400390625,24765.900390625,504300.0,21.13999938964844,21.13999938964844,17.299999237060547,17.860000610351562,0.0,0.0116582745705766,0,37.00340586364816,25342.14207272113,-208.89143383756164,325.95762857926104,324.798828125,-0.1551560489118548,-0.0163928563920837,-0.0281212443588737,-0.012737318930444053
24656.400390625,24700.900390625,24415.75,24450.44921875,433400.0,17.860000610351562,20.13999938964844,17.200000762939453,19.8799991607666,0.0,-0.012737318930444,0,32.85917115026558,25257.2189437715,-253.0638001178486,327.6856830110996,285.150390625,0.1131018186664707,-0.0166997113713528,-0.0410291404306066,-0.017275692308183932
23868.05078125,24078.150390625,23697.80078125,24028.05078125,526900.0,19.8799991607666,24.489999771118164,19.21999931335449,23.36000061035156,0.0,-0.0172756923081839,2,28.290244488826048,25140.15530924564,-318.48346329907145,358.04016547459247,380.349609375,0.1750503821173585,-0.0184820252343702,-0.0456974298274308,0.009719840791548862
24280.80078125,24303.80078125,24079.94921875,24261.599609375,444300.0,23.36000061035156,23.36000061035156,18.780000686645508,18.90999984741211,0.0,0.0097198407915488,0,33.77339476958866,25056.48333782939,-347.47806823963765,352.16229651212154,223.8515625,-0.1904966030252377,-0.0203627073232072,-0.0242944951622143,-0.01627056774308744
24231.849609375,24299.0,23834.30078125,23866.849609375,407400.0,18.90999984741211,21.38999938964844,17.239999771118164,21.059999465942383,0.0,-0.0162705677430874,0,29.64707493129376,24943.1848875004,-397.7248035265293,360.20064810054146,464.69921875,0.1136964376456357,-0.0238686661399849,-0.0250669059302302,-0.009540396930332928
23674.849609375,23833.150390625,23556.30078125,23639.150390625,501000.0,21.059999465942383,22.36000061035156,20.81999969482422,21.520000457763672,0.0,-0.0095403969303329,0,27.555736672060263,24818.99112589322,-450.72346767122144,356.6540895308599,276.849609375,0.0218424028246149,-0.0161852658863395,-0.0454960240584075,-0.02064586811222946
23462.5,23492.400390625,23112.0,23151.099609375,519800.0,21.520000457763672,22.8799991607666,21.25,22.649999618530277,0.0,-0.0206458681122294,2,23.69716188564168,24660.144314796245,-526.0430136658215,368.8323967518699,380.400390625,0.0525092535655098,-0.0457719201486982,-0.0531421569293125,0.011131271353117311
23116.099609375,23502.0,22955.25,23408.80078125,540300.0,22.649999618530277,22.8799991607666,19.81999969482422,21.600000381469727,0.0,0.0111312713531173,2,29.32470211606497,24540.968740172797,-558.5019033562821,381.5407969838792,546.75,-0.0463575829909298,-0.0191918428959755,-0.0257719615143823,0.007362598835607637
23493.19921875,23656.80078125,23346.599609375,23581.150390625,458800.0,21.600000381469727,21.600000381469727,19.6299991607666,19.790000915527344,0.0,0.0073625988356076,2,32.88959409971412,24449.55746878729,-563.8192765441818,376.4451094761021,310.201171875,-0.0837962700915112,-0.0024535568766888,-0.0280463460656182,0.008339304375208911
23632.900390625,23862.25,23618.44921875,23777.80078125,382900.0,19.790000915527344,19.790000915527344,18.59000015258789,18.71999931335449,0.0,0.0083393043752089,0,36.80630630846443,24385.580641402787,-545.8728081196678,369.6347166117376,243.80078125,-0.0540677894225524,0.0270700391104194,-0.0037310675511199,-0.03262077926216955
23197.75,23378.69921875,22930.349609375,23002.150390625,550100.0,18.71999931335449,23.200000762939453,18.71999931335449,22.799999237060547,0.0,-0.0326207792621695,1,29.494445472233693,24253.82537942395,-587.4666568042303,403.7644634162564,448.349609375,0.2179487218674982,-0.0173716882989888,-0.0269468229388069,0.004884308965338757
23110.150390625,23345.150390625,23067.599609375,23114.5,663300.0,22.799999237060547,23.13999938964844,21.690000534057617,22.809999465942383,0.0,0.0048843089653387,0,31.613614347003026,24145.31820043119,-604.3972912729987,399.4241446008096,277.55078125,0.0004386065445818,-0.0197891274553986,-0.0015809015551113,-0.026037751600726855
22824.349609375,22851.69921875,22471.25,22512.650390625,550300.0,22.809999465942383,27.170000076293945,22.809999465942383,26.729999542236328,0.0,-0.0260377516007268,2,26.941943329429208,23989.82602806869,-658.7851100089465,416.8402771293231,380.44921875,0.1718544571711586,-0.0532072079442533,-0.0382826270768555,0.017756683156527453
22878.44921875,23057.30078125,22624.19921875,22912.400390625,538100.0,26.729999542236328,26.729999542236328,24.6299991607666,24.739999771118164,0.0,0.0177566831565274,2,33.92608897979227,23887.214062597868,-662.0002373945572,425.9695709504429,433.1015625,-0.0744481782715239,-0.0039018091124463,-0.0283595154995436,0.01719805962740728
23064.400390625,23465.349609375,23063.19921875,23306.44921875,505400.0,24.739999771118164,25.229999542236328,24.13999938964844,24.63999938964844,0.0,0.0171980596274072,0,40.01365677958581,23831.903125088545,-625.5409550411823,435.0395457932685,402.150390625,-0.0040420526432852,0.0083042773475523,-0.0198231773760878,-0.02088905112938999
23173.55078125,23186.099609375,22804.55078125,22819.599609375,612600.0,24.63999938964844,27.09000015258789,23.38999938964844,26.799999237060547,0.0,-0.0208890511293899,0,35.64415796676654,23735.49326644916,-628.6843242581526,439.81518091517785,381.548828125,0.0876623336411099,0.0136345216322384,-0.0079362484876371,-0.02139385559374285
22549.650390625,22714.099609375,22283.849609375,22331.400390625,698600.0,26.799999237060547,28.90999984741211,26.799999237060547,27.88999938964844,0.0,-0.0213938555937428,2,31.884177886604505,23601.770135418286,-662.9272512172283,446.66766799266514,430.25,0.0406716486424587,-0.0253574479362592,-0.0338791498572325,0.015583438293735208
22899.0,22941.30078125,22618.599609375,22679.400390625,518000.0,27.88999938964844,27.88999938964844,23.649999618530277,25.01000022888184,0.0,0.0155834382937352,1,36.98682347464176,23513.925397818926,-654.4403449747078,458.32714818068905,322.701171875,-0.1032627903834064,-0.026904519956671,0.0074069466325226,0.0014858954897207788
22383.400390625,22782.30078125,22182.55078125,22713.099609375,495100.0,25.01000022888184,26.600000381469727,25.01000022888184,25.520000457763672,0.0,0.0014858954897207,2,37.47527834171478,23437.65627510998,-637.6447930613467,468.428780453497,599.75,0.0203918522276893,-0.004667040694099,-0.0086983806957017,0.01123362266767347
22780.30078125,22998.349609375,22542.94921875,22968.25,426400.0,25.520000457763672,26.559999465942383,25.07999992370605,25.46999931335449,0.0,0.0112336226676734,2,41.192245735722665,23392.950915575697,-596.8654002239637,467.4981811800329,455.400390625,-0.001959292457378,0.0285181223853008,-0.0145109714300846,0.0067658785769486585
22838.69921875,23153.849609375,22719.30078125,23123.650390625,477000.0,25.46999931335449,26.26000022888184,24.549999237060547,24.700000762939453,0.0,0.0067658785769486,2,43.3992331254767,23367.30324653277,-545.717236210643,465.1446559618163,434.548828125,-0.0302315889742216,0.0195882603749806,0.0133241067527358,0.03778379295615997
23855.150390625,24025.150390625,23828.5,23997.349609375,639300.0,24.700000762939453,24.700000762939453,19.309999465942383,19.700000762939453,0.0,0.0377837929561599,0,53.87913517623211,23427.30766204156,-429.72808471917233,496.3128948216866,196.650390625,-0.2024291435448915,0.0565422607256085,0.0746011978473766,-0.009261439434677166
23909.05078125,23990.75,23682.80078125,23775.099609375,466600.0,19.700000762939453,20.940000534057617,19.170000076293945,20.43000030517578,0.0,-0.0092614394346771,2,51.278184853340086,23460.430704644743,-351.6855519584024,483.3297472004947,307.94921875,0.0370558128916236,0.0351289109694905,0.0483125303084701,0.011587753764504383
23880.55078125,24074.05078125,23856.349609375,24050.599609375,481300.0,20.43000030517578,20.43000030517578,18.3700008392334,18.850000381469727,0.0,0.0115877537645043,0,54.22787905826038,23516.63726700001,-264.55609692408325,470.1598489629593,217.701171875,-0.0773372442537738,0.0400866300558588,0.0588867227724363,-0.008646321593950623
23589.599609375,23907.400390625,23555.599609375,23842.650390625,488800.0,18.850000381469727,21.51000022888184,18.18000030517578,20.5,0.0,-0.0086463215939506,2,51.68437085536024,23547.686135916672,-209.86593624849047,471.934145465605,351.80078125,0.0875331344901344,-0.0064465126886164,0.0380699613869146,0.016300637062472756
24163.80078125,24280.900390625,24145.80078125,24231.30078125,460300.0,20.5,20.5,17.34000015258789,18.670000076293945,0.0,0.0163006370624727,1,55.85216651842642,23612.79229261508,-133.62243519925323,469.5281350752047,135.099609375,-0.0892682889612709,0.0191881918212915,0.0479011908549731,-0.0014258739785333319
24385.19921875,24400.94921875,24102.80078125,24196.75,508000.0,18.670000076293945,18.670000076293945,16.829999923706055,18.09000015258789,0.0,-0.0014258739785333,2,55.3946883753264,23668.407312366027,-75.12092336353089,457.2867281055472,298.1484375,-0.031065876879267,0.0060767878139733,0.0083092672262066,0.006480241406387144
24165.900390625,24371.900390625,24096.05078125,24353.55078125,498600.0,18.09000015258789,18.46999931335449,16.59000015258789,17.209999084472656,0.0,0.0064802414063871,1,57.11158959511015,23733.65907130736,-15.922002214589156,444.32693391050816,275.849609375,-0.0486457192201484,0.0214280032737421,0.0243301261142521,0.00046394992773279853
24391.5,24480.650390625,24241.25,24364.849609375,415900.0,17.209999084472656,19.01000022888184,16.479999542236328,18.790000915527344,0.0,0.0004639499277327,2,57.23931381553203,23793.77245588523,31.541697250700963,429.689323675829,239.400390625,0.0918072001805165,0.0055114180344928,0.0130662023028109,0.008690798564113589
24374.55078125,24601.69921875,24354.900390625,24576.599609375,425800.0,18.790000915527344,18.790000915527344,17.450000762939453,17.530000686645508,0.0,0.0086907985641135,0,59.66371194568544,23868.327422884257,85.26064472634243,416.6257168507698,246.798828125,-0.0670569540973582,0.0156983731027926,0.0307830382413605,-0.00807678861823835
24470.849609375,24515.94921875,24352.900390625,24378.099609375,440500.0,17.530000686645508,18.729999542236328,17.25,18.299999237060547,0.0,-0.0080767886182383,0,56.43359133451672,23916.877154930997,110.54175007362574,402.84525270071487,163.048828125,0.0439246161012207,0.00100801843417,0.0060582314358703,-0.008411190019346093
24202.349609375,24310.19921875,24134.80078125,24173.05078125,467500.0,18.299999237060547,19.1200008392334,17.489999771118164,18.59000015258789,0.0,-0.008411190019346,0,53.22784734791537,23941.27464315185,112.73197737479131,391.44907951673525,175.3984375,0.0158470452250099,-0.0078719479578154,-0.0009794380960252,-0.011380506539678703
24100.55078125,24206.0,23813.650390625,23897.94921875,438400.0,18.59000015258789,19.899999618530277,18.059999465942383,19.709999084472656,0.0,-0.0113805065396787,2,49.19052819401211,23937.14841225644,91.21784873752767,391.5134030780399,392.349609375,0.0602473869118742,-0.0276136813640452,-0.0187078084256514,0.008149234824183171
23945.44921875,24130.69921875,23936.19921875,24092.69921875,430300.0,19.709999084472656,19.709999084472656,18.270000457763672,18.3799991607666,0.0,0.0081492348241831,1,51.96802589741647,23951.962774779637,88.85814283953005,380.17316000103705,194.5,-0.0674784366049928,-0.0117072452405291,-0.0111697956272335,-0.004026115924964935
24049.900390625,24181.80078125,23957.05078125,23995.69921875,554100.0,18.3799991607666,18.40999984741211,17.270000457763672,18.049999237060547,0.0,-0.0040261159249649,2,50.48764625612828,23956.12815039586,78.25885026600736,369.0715057152487,224.75,-0.0179542948190368,-0.0073367471944237,-0.0236363207220664,0.007582657634449097
24096.900390625,24334.69921875,24059.94921875,24177.650390625,531100.0,18.049999237060547,18.049999237060547,16.75,17.440000534057617,0.0,0.007582657634449,0,53.181782563528735,23977.22550660816,83.5773458606418,366.9235410213024,274.75,-0.0337949434230706,0.0117039821833562,-0.0082225120892078,-0.007449012061355398
23996.94921875,24087.44921875,23796.849609375,23997.55078125,505500.0,17.440000534057617,19.479999542236328,17.190000534057617,18.459999084472656,0.0,-0.0074490120613553,2,50.26620444223321,23979.16124705024,72.42488957169917,367.9147724662093,290.599609375,0.0584861536227101,-0.003949264324271,-0.0072601510495368,0.005073434414612388
24063.55078125,24290.19921875,24004.75,24119.30078125,419100.0,18.459999084472656,18.8799991607666,16.75,18.299999237060547,0.0,0.0050734344146123,1,52.1749925530127,23992.50786935498,72.57410598838032,362.5386056829087,285.44921875,-0.0086673811130733,0.0051509881572202,0.009262366426251,-0.0035863394542201554
24052.599609375,24081.69921875,23882.05078125,24032.80078125,363300.0,18.299999237060547,18.84000015258789,17.709999084472656,17.90999984741211,0.0,-0.0035863394542201,2,50.68655468890956,23996.345289535457,64.96367319816272,353.5894195627009,199.6484375,-0.0213114429457802,-0.0059910540120625,-0.0024861654958687,0.01240589643353629
24171.0,24356.5,23997.900390625,24330.94921875,429200.0,17.90999984741211,18.07999992370605,16.579999923706055,16.68000030517578,0.0,0.0124058964335362,1,55.40850546771898,24028.212330413036,82.04467758533428,353.9472902635794,358.599609375,-0.0686766919439173,0.0138930193559791,0.0139712536377367,-0.00017668148029703623
24398.5,24482.099609375,24284.0,24326.650390625,440600.0,16.68000030517578,17.200000762939453,15.170000076293944,16.6200008392334,0.0,-0.000176681480297,0,55.32624531050519,24056.63500281417,94.14932233926812,342.8153130572523,198.099609375,-0.0035970902185035,0.0085968333516612,0.0061627162934647,-0.006186630612244115
24233.650390625,24253.80078125,24126.650390625,24176.150390625,335900.0,16.6200008392334,17.43000030517578,16.15999984741211,16.84000015258789,0.0,-0.0061866306122441,0,52.39358145109468,24068.01742070092,90.55439361555182,332.6142192674485,127.150390625,0.0132370217957606,0.0059647483736826,0.007442409894369,-0.014903149402549887
23970.099609375,23997.44921875,23799.099609375,23815.849609375,390100.0,16.84000015258789,18.96999931335449,16.84000015258789,18.549999237060547,0.0,-0.0149031494025498,0,46.09429122724844,24044.00143866988,57.96395245177701,335.7882594090593,198.349609375,0.1015438877065491,-0.0211705513313081,-0.0125812590765855,-0.018319683541890175
23722.599609375,23757.55078125,23348.400390625,23379.55078125,447500.0,18.549999237060547,19.459999084472656,17.6299991607666,19.280000686645508,0.0,-0.0183196835418901,1,39.8467396555662,23980.72042367751,-3.034891757182777,345.1926136476979,409.150390625,0.0393531794937496,-0.0389325942604902,-0.0271816009272483,0.0014135784059419176
23362.44921875,23582.94921875,23262.55078125,23412.599609375,415400.0,19.280000686645508,20.1299991607666,18.36000061035156,19.43000030517578,0.0,0.0014135784059419,2,40.50455369243056,23926.613679458227,-48.15504960030376,343.42160106571947,320.3984375,0.0077800629246953,-0.0315828107003375,-0.0377440929705815,0.011831236369372666
23530.25,23777.19921875,23426.55078125,23689.599609375,428700.0,19.43000030517578,19.43000030517578,18.38999938964844,18.61000061035156,0.0,0.0118312363693726,1,45.849628564510446,23904.040910878877,-60.85995902611103,344.93431594495377,350.6484375,-0.0422027628381347,-0.0053010915869363,-0.0261873612281412,-0.0019459851637491088
23731.400390625,23839.30078125,23610.30078125,23643.5,408900.0,18.61000061035156,19.01000022888184,17.420000076293945,18.790000915527344,0.0,-0.0019459851637491,1,45.12306960614977,23879.22749079517,-73.79784882238164,336.65329337745703,229.0,0.009672235318233,0.0112897472333677,-0.0220320597786962,0.0002727692071817778
23482.19921875,23695.650390625,23317.099609375,23649.94921875,392000.0,18.790000915527344,20.059999465942383,17.719999313354492,19.6299991607666,0.0,0.0002727692071817,1,45.253772073860006,23857.391464886103,-82.57890344826592,339.6459710826387,378.55078125,0.0447045345562018,0.0101376871144185,-0.0069659656634586,-0.0013509212410769411
