Open,High,Low,Close,Volume,VIX_Open,VIX_High,VIX_Low,VIX_Close,VIX_Volume,RETURN,RSI,EMA20,MACD,ATR,VOL_THRESHOLD,NEXT_DAY_RETURN,Target,RANGE,VIX_CHANGE,MOMENTUM_3,MOMENTUM_5
8584.400390625,8605.5498046875,8516.349609375,8526.349609375,146800,20.690000534057617,22.1200008392334,18.59000015258789,22.020000457763672,0,-0.01555240973670402,43.27964385893812,8653.625930939244,70.14996244436588,117.33381651899307,0.013761318957644044,0.0045975355349490155,1,89.2001953125,0.06428225661554499,-0.022622348489640065,-0.030810326825507106
8478.099609375,8646.25,8470.5,8565.5498046875,196200,22.020000457763672,22.020000457763672,19.850000381469727,21.190000534057617,0,0.0045975355349490155,46.37698355550961,8645.237728439079,54.82724251801665,121.50640105335071,0.014185475985074103,0.007220854159723844,2,175.75,-0.037693002109517204,-0.016776333820996192,-0.02181224389288061
8603.2998046875,8651.9501953125,8593.650390625,8627.400390625,161600,21.190000534057617,21.510000228881836,18.540000915527344,20.5,0,0.007220854159723844,50.930067149607744,8643.538934361546,47.131400513550034,118.99882887989709,0.01379312695504519,0.009753739278629103,2,58.2998046875,-0.03256255387764684,-0.003885142658374807,-0.011038871411381712
8676.9501953125,8732.5498046875,8599.25,8711.5498046875,158800,20.5,20.959999084472656,17.93000030517578,20.15999984741211,0,0.009753739278629103,56.359295382551906,8650.016160106876,47.277558463600144,120.02032715186873,0.013777149857685292,0.0107845558389561,2,133.2998046875,-0.016585373296970296,0.02172092440460882,-1.7263062505379345e-05
8741.5,8822.099609375,8729.650390625,8805.5,221900,20.15999984741211,20.450000762939453,16.979999542236328,20.100000381469727,0,0.0107845558389561,61.4832319819674,8664.824144858601,54.347896558070715,119.34386126155667,0.013553331583846081,0.00043718237181300523,1,92.44921875,-0.002976164007763349,0.028013402616745786,0.016678139321439023
8831.400390625,8870.099609375,8793.400390625,8809.349609375,136400,20.100000381469727,21.1200008392334,17.479999542236328,20.829999923706055,0,0.00043718237181300523,61.68175972671341,8678.588474812545,59.57507733370221,116.29781536787405,0.013201634686414162,0.006782566551384539,2,76.69921875,0.036318384496615064,0.02108969220296264,0.03319122637064198
8811.5498046875,8894.2998046875,8808.900390625,8869.099609375,147600,20.829999923706055,21.649999618530273,18.649999618530273,20.90999984741211,0,0.006782566551384539,64.72118383665217,8696.732392389922,67.75791039342948,114.09078670320447,0.012863852220422224,0.0029540986646272582,1,85.3994140625,0.0038406108496913394,0.018085163744655963,0.03543844955771336
8883.0498046875,8913.4501953125,8794.4501953125,8895.2998046875,213300,20.90999984741211,21.90999984741211,19.399999618530273,20.399999618530273,0,0.0029540986646272582,65.99492387870586,8715.6435745135,75.48683608744977,114.44144479583272,0.012865383664249995,-0.006936269340802492,0,119.0,-0.024390255026470298,0.010198149416557722,0.031052159623148334
8895.5,8899.9501953125,8816.2998046875,8833.599609375,197600,20.399999618530273,21.270000457763672,19.239999771118164,21.270000457763672,0,-0.006936269340802492,60.45894929891012,8726.877482595548,75.76006045427675,112.24208378363039,0.012706267970817822,-0.008903438863023694,0,83.650390625,0.04264710075990075,0.002752757135917605,0.014010113863072604
8856.849609375,8869.0,8736.099609375,8754.9501953125,139600,21.270000457763672,22.020000457763672,19.40999984741211,21.6299991607666,0,-0.008903438863023694,54.215808497853345,8729.551074282877,68.83673528421969,113.71767712944249,0.012988957628831314,0.0008166139044774035,1,132.900390625,0.016925185484494287,-0.012870462514801284,-0.005740708044687959
8772.900390625,8800.5,8726.75,8762.099609375,149800,21.6299991607666,22.06999969482422,20.920000076293945,21.549999237060547,0,0.0008166139044774035,54.67400265348637,8732.650934767842,63.19833708150509,110.86284304876803,0.01265254311080308,0.0005878032497472763,1,73.75,-0.003698563421637213,-0.014974222143958382,-0.00536361957410747
8801.900390625,8840.650390625,8751.400390625,8767.25,135200,21.549999237060547,21.549999237060547,20.219999313354492,20.780000686645508,0,0.0005878032497472763,55.02320480004458,8735.94608383757,58.47143703429174,109.3190685452846,0.012469026039554547,-0.00951271956713906,0,89.25,-0.035730792467539185,-0.00751105011648745,-0.011483647028537214
8779.0,8786.0498046875,8669.4501953125,8683.849609375,217500,20.780000686645508,21.239999771118164,19.940000534057617,20.579999923706055,0,-0.00951271956713906,48.506314463928916,8730.984514841135,47.44866153964358,109.83910717597855,0.012648665294410133,0.018511375395821705,2,116.599609375,-0.00962467547308532,-0.008121186797335311,-0.023771002659300322
8729.5,8856.9501953125,8717.4501953125,8844.599609375,249500,20.579999923706055,20.579999923706055,19.299999237060547,19.56999969482422,0,0.018511375395821705,58.6676766114055,8741.805000034838,51.095220208628234,114.35778423037296,0.012929673391790089,0.01268009809128312,2,139.5,-0.04907678487007272,0.009415551486281704,0.0012452454816183067
8953.849609375,8972.349609375,8885.4501953125,8956.75,218100,16.969999313354492,16.969999313354492,15.739999771118164,15.850000381469727,0,0.01268009809128312,64.00447672594186,8762.275952412472,62.316398814429704,115.3143710710606,0.012874577393704257,0.004410081781896391,1,86.8994140625,-0.190086835532161,0.021614531352476485,0.023049794708774662
8962.849609375,9008.400390625,8925.5498046875,8996.25,177800,15.850000381469727,15.949999809265137,14.979999542236328,15.489999771118164,0,0.004410081781896391,65.68504271190449,8784.559195039856,73.54875927408102,112.99552927580628,0.012560292263532724,-0.008181143184660233,0,82.8505859375,-0.02271297171528397,0.03597487343490324,0.026723091617729455
9109.150390625,9119.2001953125,8893.9501953125,8922.650390625,248400,15.489999771118164,15.489999771118164,14.300000190734863,15.199999809265137,0,-0.008181143184660233,60.05846403283522,8797.710737476536,75.6396852763828,121.01370575610584,0.01356252912063601,0.0016922784950608172,1,225.25,-0.018721753785545303,0.008824682257777772,0.017725100872565624
8929.400390625,8957.5498046875,8849.349609375,8937.75,160100,15.199999809265137,15.25,13.970000267028809,14.4399995803833,0,0.0016922784950608172,60.80034635990998,8811.047810097818,77.62041169241638,120.09845501013399,0.013437213505651198,-0.02025118178512486,0,108.2001953125,-0.050000015685433,-0.0021213051609121347,0.02923822982273805
8891.150390625,8891.2998046875,8740.4501953125,8756.75,155500,14.4399995803833,16.010000228881836,13.319999694824219,15.8100004196167,0,-0.02025118178512486,49.0413506421153,8805.876590088503,63.84895333811073,125.61283712994585,0.014344686913517668,-0.005104655872612551,1,150.849609375,0.0948754071360598,-0.026622203695984448,-0.009932570523812356
8769.75,8778.0,8677.349609375,8712.0498046875,163800,15.8100004196167,16.149999618530273,14.960000038146973,15.529999732971191,0,-0.005104655872612551,46.64219360630197,8796.940705764599,48.76589826820782,123.82980523673542,0.014213624578926196,-0.0013888361116221049,1,100.650390625,-0.017710352891457837,-0.02360291804762149,-0.02732019932592733
8728.75,8755.599609375,8682.349609375,8699.9501953125,172800,15.529999732971191,15.609999656677246,14.25,15.130000114440918,0,-0.0013888361116221049,45.98639240755132,8787.70351429297,35.427742143432624,120.21696200554004,0.013818120714106211,0.008741406902360804,2,73.25,-0.025756576008243437,-0.026606226923722387,-0.03293592382242605
8740.650390625,8787.2001953125,8732.900390625,8776.0,173900,15.130000114440918,15.130000114440918,13.779999732971191,14.75,0,0.008741406902360804,50.68020690015634,8786.588893884116,30.64053595643236,117.86217900514433,0.01343005686020332,-0.014613719234275346,0,54.2998046875,-0.025115671617095714,0.002198304165358156,-0.016435743215836962
8844.0498046875,8849.75,8631.75,8647.75,179200,14.75,15.239999771118164,13.449999809265137,14.970000267028809,0,-0.014613719234275346,43.77203097889314,8773.36614208563,16.30992671070271,125.01488050477688,0.014456347663239211,-0.0016882552542568652,1,218.0,0.014915272340936259,-0.007380559814167187,-0.032446644849095096
8656.75,8663.5498046875,8612.0,8633.150390625,163300,14.970000267028809,15.369999885559082,14.329999923706055,15.180000305175781,0,-0.0016882552542568652,43.05259380125055,8760.01226099414,3.7317320898528124,119.76737508925711,0.013872962901157861,0.010442238346779709,2,51.5498046875,0.014028058410225475,-0.007678182424939783,-0.014114781097439133
8689.099609375,8742.5498046875,8630.7998046875,8723.2998046875,177000,15.180000305175781,15.460000038146973,13.430000305175781,15.130000114440918,0,0.010442238346779709,48.66345087729875,8756.515836583985,1.0259005931493448,119.19470544002446,0.013663946913297044,-0.004287301239194297,1,111.75,-0.0032938201402944456,-0.006005035928953961,0.0012913149318714012
8742.900390625,8747.25,8664.0,8685.900390625,156400,15.130000114440918,15.699999809265137,13.720000267028809,15.510000228881836,0,-0.004287301239194297,46.61164503567953,8749.790556016462,-4.089173075557483,116.62722648002271,0.01342718903453033,-0.00590036699653107,1,83.25,0.025115671617095714,0.004411597308548565,-0.001614929323971337
8749.4501953125,8788.2001953125,8614.650390625,8634.650390625,163500,15.510000228881836,15.510000228881836,12.890000343322754,15.199999809265137,0,-0.00590036699653107,43.881246337772644,8738.82482597918,-12.138428251035293,120.69312492341395,0.013977766263062082,-0.0073830435647072035,0,173.5498046875,-0.019987131853127504,0.00017374885553111952,-0.01610638210745219
8627.900390625,8627.900390625,8553.0,8570.900390625,174600,15.199999809265137,15.359999656677246,13.079999923706055,14.260000228881836,0,-0.0073830435647072035,40.68843248221298,8722.832022612114,-23.391965174829238,117.90435818781295,0.013756356136956017,-0.002333477124745964,1,74.900390625,-0.061842078432811864,-0.01747038591756389,-0.008886659463444246
8591.5498046875,8608.349609375,8540.5498046875,8550.900390625,150700,14.260000228881836,14.579999923706055,12.4399995803833,14.270000457763672,0,-0.002333477124745964,39.71220037642769,8706.457581470484,-33.537705326805735,114.32546150921917,0.013369991028612943,-0.000929749494125387,1,67.7998046875,0.0007012783114535015,-0.0155424301372038,-0.009527228911628605
8537.0498046875,8627.75,8535.849609375,8542.9501953125,156700,14.270000457763672,14.489999771118164,12.449999809265137,13.670000076293945,0,-0.000929749494125387,39.30846141779801,8690.885449455438,-41.73865458389082,112.72367073177494,0.01319493478887729,-0.0014222710360253243,1,91.900390625,-0.042046276259458226,-0.010620024107989678,-0.02067447106175213
8568.900390625,8573.75,8516.5498046875,8530.7998046875,161000,13.670000076293945,13.949999809265137,12.359999656677246,13.140000343322754,0,-0.0014222710360253243,38.661537871912174,8675.639197572778,-48.65750747523634,108.75770820182673,0.012748829030317484,-0.022113918786236364,0,57.2001953125,-0.03877101170542785,-0.004678689998703356,-0.017856592749429412
8474.9501953125,8499.4501953125,8325.349609375,8342.150390625,280100,13.140000343322754,15.609999656677246,12.520000457763672,15.15999984741211,0,-0.022113918786236364,30.318495291930333,8643.878358815848,-68.57271576289713,115.66431442401768,0.013865047860321783,-8.990487642646094e-05,1,174.1005859375,0.15372902978011282,-0.02441263381209169,-0.0338751410615975
8396.0,8413.2001953125,8269.150390625,8341.400390625,193000,15.15999984741211,15.399999618530273,14.369999885559082,14.5,0,-8.990487642646094e-05,30.290509191076595,8615.070933273862,-83.45417278869718,117.69184944283784,0.014109363407985201,0.018090417315550278,2,144.0498046875,-0.04353561042579923,-0.023592529521954786,-0.026776650006460345
8390.9501953125,8492.2998046875,8380.75,8492.2998046875,134700,14.5,15.1899995803833,14.109999656677246,14.260000228881836,0,0.018090417315550278,41.90910831916304,8603.378444837066,-82.12482919094691,120.06381834424226,0.014137962755150326,-0.0001530568535489385,1,111.5498046875,-0.016551708352976813,-0.004513058667587666,-0.006853148003191367
8527.599609375,8550.4501953125,8454.150390625,8491.0,167200,14.260000228881836,14.739999771118164,13.859999656677246,14.489999771118164,0,-0.0001530568535489385,41.84441274623117,8592.675735804965,-80.25111330805703,118.3663887973321,0.013940217736112603,0.011217759981156483,2,96.2998046875,0.016128999897944807,0.017843074315979646,-0.006081060304086172
8483.7001953125,8603.400390625,8464.75,8586.25,125500,14.489999771118164,14.680000305175781,13.569999694824219,13.670000076293945,0,0.011217759981156483,48.15985695274315,8592.063760966397,-70.27026908860535,119.81524607073696,0.013954316036772394,0.00857771327704171,2,138.650390625,-0.056590732075694206,0.029353537524728912,0.00649999959933778
8615.7998046875,8667.5498046875,8573.75,8659.900390625,146900,13.670000076293945,15.050000190734863,13.600000381469727,14.569999694824219,0,0.00857771327704171,52.45894215029109,8598.524392362455,-55.77447372050483,117.9570002576486,0.013621057395226626,4.612224673294918e-05,1,93.7998046875,0.0658375723121627,0.01973559457297891,0.038089699312672476
8684.4501953125,8693.599609375,8586.849609375,8660.2998046875,148700,14.569999694824219,14.899999618530273,13.979999542236328,14.25,0,4.612224673294918e-05,52.481956642138414,8604.40776496484,-43.74990045879531,117.15650023924513,0.013527995898690788,0.006246964557533818,1,106.75,-0.02196291705743092,0.01993873568337068,0.03823092036451281
8698.9501953125,8730.5,8679.7998046875,8714.400390625,148200,14.25,14.699999809265137,13.350000381469727,14.350000381469727,0,0.006246964557533818,55.616116536846555,8614.883253122951,-29.514647880290795,113.80247845876333,0.013059128954092203,0.007332623152276119,2,50.7001953125,0.007017570629454406,0.014925070971029353,0.02615317299736719
8756.2001953125,8785.5,8682.4501953125,8778.2998046875,152700,14.350000381469727,14.890000343322754,13.289999961853027,14.420000076293945,0,0.007332623152276119,59.051536247704874,8630.446734224337,-12.927933793795091,113.03443033224451,0.012876574376268804,0.0002335081659441407,1,103.0498046875,0.0048780273842090605,0.013672145027288751,0.033835803166588185
8774.349609375,8787.400390625,8733.599609375,8780.349609375,139000,14.420000076293945,14.789999961853027,13.430000305175781,14.260000228881836,0,0.0002335081659441407,59.160738770292944,8644.7231985244,0.3781990842999221,108.80345539779849,0.012391699674649207,0.006110279546012176,1,53.80078125,-0.011095689775698747,0.013862084153544174,0.022605865118648927
8801.75,8841.650390625,8762.099609375,8834.0,121600,14.260000228881836,14.930000305175781,13.0600004196167,14.489999771118164,0,0.006110279546012176,62.015969403897515,8662.749560569695,15.078725245664828,106.71397867295573,0.012079916082517062,-0.014410211080767454,0,79.55078125,0.016128999897944807,0.013724364731240168,0.02010411223245434
8757.0498046875,8760.0,8645.650390625,8706.7001953125,142900,14.619999885559082,15.300000190734863,12.970000267028809,14.949999809265137,0,-0.014410211080767454,52.61610580243489,8666.935335307106,16.269423998208367,112.54509515167318,0.012926262835174345,-0.01156582781691673,0,114.349609375,0.031746034880128615,-0.008156432449113571,0.005357827289060424
8698.0498046875,8699.849609375,8596.7001953125,8606.0,150400,14.949999809265137,15.180000305175781,13.619999885559082,15.039999961853027,0,-0.01156582781691673,46.59907088819292,8661.131970039762,8.983837081417732,112.36330264083938,0.013056391196936948,-0.01834770981001632,0,103.1494140625,0.00602007717298525,-0.01985679581469546,-0.012439225393134024
8618.7998046875,8619.9501953125,8422.75,8448.099609375,148900,15.039999961853027,16.420000076293945,13.65999984741211,16.299999237060547,0,-0.01834770981001632,39.05685916058696,8640.843173785974,-9.422666303036749,118.42308068881513,0.014017718322994088,-0.008327270348106652,0,197.2001953125,0.0837765477661796,-0.043683539803599736,-0.03761550672217617
8416.099609375,8469.349609375,8352.7001953125,8377.75,407800,16.299999237060547,17.34000015258789,15.229999542236328,17.030000686645508,0,-0.008327270348106652,36.2423601320723,8615.786681044452,-29.348269801648712,118.2963902155069,0.014120305597028666,0.006200972255378856,1,116.6494140625,0.044785367101440654,-0.03778127050815416,-0.04585234384575465
8400.400390625,8449.9501953125,8284.7001953125,8429.7001953125,171800,17.030000686645508,18.3799991607666,14.6899995803833,17.209999084472656,0,0.006200972255378856,39.6981294862418,8598.06415859379,-40.48086927219265,121.65021948582785,0.014431144247985693,-0.0037249712205020824,1,165.25,0.010569488583068498,-0.020485684950906302,-0.04576633514687567
8478.2001953125,8504.9501953125,8361.849609375,8398.2998046875,156000,17.209999084472656,19.43000030517578,14.970000267028809,18.5,0,-0.0037249712205020824,38.34525743768328,8579.038982031287,-51.24654538276627,123.18238851809015,0.01466753883319765,-0.011079600258562361,0,143.1005859375,0.07495647787054316,-0.005894793739438908,-0.03542104169281446
8405.7001953125,8413.2998046875,8273.349609375,8305.25,173600,18.5,19.59000015258789,17.360000610351562,19.110000610351562,0,-0.011079600258562361,34.58404732352113,8552.96384088545,-66.519962135264,124.38008900340515,0.014976080070245344,-0.011011130948797465,0,139.9501953125,0.03297300596494934,-0.008653874847065146,-0.034946548919358555
8330.5498046875,8334.4501953125,8202.349609375,8213.7998046875,171500,19.110000610351562,20.09000015258789,16.219999313354492,18.739999771118164,0,-0.011011130948797465,31.331314390653162,8520.662504104694,-85.02342432086516,124.93155307012621,0.015209958367725195,0.008741362876475867,2,132.1005859375,-0.01936163408770253,-0.02561187060306791,-0.027734024871995278
8215.5498046875,8308.0,8185.14990234375,8285.599609375,174600,18.739999771118164,18.899999618530273,16.75,17.40999984741211,0,0.008741362876475867,36.38982310183553,8498.275561749486,-92.82389119410254,124.78287768342078,0.015060210916085216,-0.005533650132347967,1,122.85009765625,-0.07097118142743164,-0.013419406062355255,-0.010999419966578161
8274.7998046875,8308.2001953125,8219.2001953125,8239.75,160400,17.40999984741211,17.889999389648438,15.729999542236328,17.239999771118164,0,-0.005533650132347967,34.635220438838616,8473.654079678106,-101.53506466379986,122.22695784889072,0.014833818726161681,-0.007069389241178392,1,89.0,-0.009764507626874863,-0.00788657776707502,-0.02253344613822983
8224.5,8229.400390625,8144.75,8181.5,267700,17.239999771118164,18.1200008392334,16.309999465942383,17.229999542236328,0,-0.007069389241178392,32.49175269725353,8445.829881613525,-111.84968701568505,120.28217514539854,0.01470172647380047,0.01838907233545184,2,84.650390625,-0.00058005968762187,-0.003932382752872443,-0.025814725567012253
8230.0498046875,8346.0,8220.4501953125,8331.9501953125,131700,17.229999542236328,18.280000686645508,16.959999084472656,17.309999465942383,0,0.01838907233545184,42.40596104092132,8434.984197203903,-106.65457855402201,123.4405912064415,0.014815329942309108,-0.0008581893143123631,1,125.5498046875,0.004643060117903497,0.00559411365775575,0.003214857507299662
8338.400390625,8355.650390625,8280.599609375,8324.7998046875,155500,17.309999465942383,18.06999969482422,16.270000457763672,17.360000610351562,0,-0.0008581893143123631,42.08958936678238,8424.490445535674,-101.93930162047764,119.98417620955283,0.014412860251845641,-0.02736399793773192,0,75.05078125,0.002888569956778886,0.010321891402955252,0.013513842878986937
8316.599609375,8331.9501953125,8083.0,8097.0,209600,17.360000610351562,20.459999084472656,16.709999084472656,19.670000076293945,0,-0.02736399793773192,33.51177918966566,8393.300879294182,-115.25535907929225,129.1960347169062,0.015956037386304335,-0.004903074634123761,1,248.9501953125,0.13306448068699717,-0.010328179429200057,-0.022762336857504284
8077.0,8122.60009765625,7997.14990234375,8057.2998046875,161600,19.670000076293945,20.030000686645508,18.34000015258789,19.649999618530273,0,-0.004903074634123761,32.27719281808122,8361.300776950688,-127.54168339156058,128.92847475944862,0.016001449354589217,0.01665572816769534,2,125.4501953125,-0.0010168000857191384,-0.03296351804641329,-0.02214268579902301
8131.5,8224.9501953125,8123.4501953125,8191.5,183100,19.649999618530273,19.649999618530273,17.440000534057617,19.110000610351562,0,0.01665572816769534,40.2856342617197,8345.129274383955,-125.00882579485915,131.6943258927023,0.016076948775279532,0.01632790087285607,2,101.5,-0.027480866089660494,-0.016012373608364938,0.0012222697549348904
8243.2001953125,8332.75,8224.650390625,8325.25,192000,19.110000610351562,19.280000686645508,16.770000457763672,18.6299991607666,0,0.01632790087285607,47.011112619064754,8343.23601015691,-110.93027553197317,132.37687404322355,0.015900648514245646,-0.02381908107113906,0,108.099609375,-0.02511781445600547,0.02818945288378405,-0.0008041569086993938
8326.150390625,8326.650390625,8115.2998046875,8126.9501953125,173400,18.6299991607666,21.329999923706055,17.219999313354492,20.549999237060547,0,-0.02381908107113906,39.84573088521834,8322.637361124109,-114.45469748875075,138.0178534642433,0.01698273646906928,0.013350641678914421,2,211.3505859375,0.10305959005823917,0.008644383641338349,-0.023766290363354536
8181.5498046875,8254.9501953125,8089.7998046875,8235.4501953125,169800,20.549999237060547,21.43000030517578,18.100000381469727,20.690000534057617,0,0.013350641678914421,44.803041012006354,8314.333821523003,-107.256399050455,139.9558918328688,0.01699432192699431,-0.0013660455388829762,1,165.150390625,0.00681271543526818,0.005365341550692682,0.01709894964956149
8232.4501953125,8236.25,8137.2998046875,8224.2001953125,134800,20.690000534057617,21.90999984741211,19.81999969482422,20.700000762939453,0,-0.0013660455388829762,44.39451807261927,8305.749666645812,-101.2918472933834,137.0269135099853,0.016661427282386163,0.004638677701966021,1,98.9501953125,0.00048333632787378455,-0.012137750180174822,0.020714183991006774
8240.2998046875,8279.2001953125,8212.2001953125,8262.349609375,129800,20.700000762939453,20.979999542236328,19.100000381469727,19.81999969482422,0,0.004638677701966021,46.18644649991587,8301.616327858115,-92.42118428449794,132.02499111641492,0.015979109739753784,0.013470838987944989,2,67.0,-0.042512127327587246,0.01666054433809583,0.00864916185985476
8284.9501953125,8384.599609375,8271.9501953125,8373.650390625,148700,19.81999969482422,20.469999313354492,16.770000457763672,17.899999618530273,0,0.013470838987944989,51.13414861292217,8308.476714788296,-75.5393069637521,131.32677746524243,0.015683336578306842,-0.0009553778372400901,1,112.6494140625,-0.09687185196048886,0.01678113424705807,0.005813686150565989
8356.2001953125,8427.7998046875,8335.0,8365.650390625,140300,17.899999618530273,18.520000457763672,14.869999885559082,18.270000457763672,0,-0.0009553778372400901,50.77280573916678,8313.921826772745,-62.09009473851074,128.57485083826083,0.015369378928666294,0.006885251795789804,1,92.7998046875,0.020670438386510837,0.01719926460364163,0.02937143572630463
8392.650390625,8440.349609375,8391.4501953125,8423.25,123600,18.270000457763672,18.270000457763672,15.569999694824219,17.719999313354492,0,0.006885251795789804,53.329982020776896,8324.334033746769,-46.25054259208446,124.72659140338506,0.014807418918277988,-0.00026711779894939003,1,48.8994140625,-0.030104057505672466,0.01947392669543202,0.022803829813018872
8434.5,8446.349609375,8382.5,8421.0,143800,17.719999313354492,18.059999465942383,16.139999389648438,17.40999984741211,0,-0.00026711779894939003,53.213696223871445,8333.540316247076,-33.49305253329294,120.3782355442147,0.014295004814655588,0.004506613859696085,1,63.849609375,-0.0174943271983512,0.005654595924856398,0.02392935483254277
8432.5,8489.5498046875,8420.599609375,8458.9501953125,187300,17.40999984741211,17.440000534057617,14.199999809265137,16.950000762939453,0,0.004506613859696085,54.996161089812844,8345.484114253308,-20.088814798105886,116.70480409909223,0.01379660612776321,-0.010485957862909845,0,68.9501953125,-0.026421544428734345,0.011152725769183025,0.023794755152266145
8438.150390625,8441.9501953125,8364.150390625,8370.25,121300,16.950000762939453,17.700000762939453,14.680000305175781,16.93000030517578,0,-0.010485957862909845,50.183771454334504,8347.842770038707,-16.433785830533452,115.1401612839785,0.013755880802124011,-0.0036916926764433144,1,77.7998046875,-0.0011799679565444032,-0.00629210815302883,-0.00040608223013549605
8377.099609375,8378.900390625,8320.0498046875,8339.349609375,116800,16.93000030517578,17.84000015258789,15.289999961853027,17.06999969482422,0,-0.0036916926764433144,48.588672899535645,8347.033897594545,-15.847867961858356,111.11947733065861,0.013324717458270293,-0.0005695887835976965,1,58.8505859375,0.008269308158584954,-0.009696044486996791,-0.0031439015524094005
8302.75,8342.849609375,8277.9501953125,8334.599609375,165500,17.06999969482422,17.969999313354492,16.90999984741211,17.280000686645508,0,-0.0005695887835976965,48.33434477777789,8345.849679668874,-15.587130395666463,107.81804424007586,0.012936199612852308,-0.00187166871908917,1,64.8994140625,0.01230234303313793,-0.014700475007691671,-0.010524487653221781
8345.7001953125,8364.5,8270.150390625,8319.0,232300,17.280000686645508,17.719999313354492,16.600000381469727,17.1299991607666,0,-0.00187166871908917,47.45582077239564,8343.292567319457,-16.449630994567997,106.85601317828473,0.012844814662613863,0.013781751487558669,2,94.349609375,-0.008680643513795272,-0.006122875660822591,-0.012112575703598139
8327.099609375,8443.900390625,8305.7001953125,8433.650390625,363900,17.1299991607666,17.709999084472656,16.440000534057617,16.65999984741211,0,0.013781751487558669,54.064208285474365,8351.898074300936,-7.792019037928185,109.09488333072866,0.012935665847851665,-2.964315431874809e-05,1,138.2001953125,-0.027437205859936475,0.011307929954631923,-0.00299089178956502
8417.25,8467.150390625,8405.400390625,8433.400390625,122200,16.65999984741211,17.459999084472656,16.059999465942383,16.90999984741211,0,-2.964315431874809e-05,54.0482457584562,8359.660199665133,-0.9401348093597335,105.71310594996234,0.01253505123123034,-0.023353592405198742,0,61.75,0.015006002538399343,0.011854292453217008,0.007544624189838922
8442.7998046875,8445.349609375,8226.0498046875,8236.4501953125,146800,16.90999984741211,17.139999389648438,16.030000686645508,16.81999969482422,0,-0.023353592405198742,43.2216039682486,8347.92591353631,-11.272262349690209,113.82644157407218,0.013819842149819917,-0.012305070176218624,0,219.2998046875,-0.005322303571851594,-0.009923044198521414,-0.012339021492374092
8232.4501953125,8236.7001953125,8094.14990234375,8135.10009765625,171400,16.81999969482422,17.920000076293945,15.859999656677246,17.510000228881836,0,-0.012305070176218624,38.90296135155103,8327.656788214399,-27.323683314269147,115.87814524512059,0.014244218737825423,-0.0005470363313393456,1,142.55029296875,0.041022624647843564,-0.035399889625567615,-0.02393630421002435
8155.14990234375,8160.0498046875,8056.75,8130.64990234375,154700,16.81999969482422,18.670000076293945,16.469999313354492,18.1200008392334,0,-0.0005470363313393456,38.720015949959254,8308.89422765529,-39.943203259432266,114.97969234814768,0.01414151312984261,-0.001961676769116849,1,103.2998046875,0.03483727026715844,-0.03589898193589891,-0.02264095415990508
8119.14990234375,8191.0,8100.14990234375,8114.7001953125,162100,18.1200008392334,18.3799991607666,17.690000534057617,18.09000015258789,0,-0.001961676769116849,38.029743478624454,8290.399557908357,-50.64743963765795,113.25614987015499,0.013956911178995621,-0.008694134258897646,0,90.85009765625,-0.0016556669567338034,-0.014781853482133567,-0.03781875943862345
8124.35009765625,8131.0,8030.5498046875,8044.14990234375,135900,18.09000015258789,19.06999969482422,17.15999984741211,18.889999389648438,0,-0.008694134258897646,35.05300250904955,8266.947209759346,-64.08471441995607,112.34143883032247,0.013965607328822972,-0.0027038282806817193,1,100.4501953125,0.044223285257745104,-0.011179972492127432,-0.04615581737515517
8026.5,8057.14990234375,8005.14990234375,8022.39990234375,136000,18.889999389648438,19.1200008392334,16.479999542236328,18.010000228881836,0,-0.0027038282806817193,34.165139484337075,8243.65699000548,-75.61722640699918,108.03133605672801,0.013466211778493687,0.012720668903445809,2,52.0,-0.046585452048708564,-0.013313818858292747,-0.02598817304699652
8024.14990234375,8152.25,8023.7998046875,8124.4501953125,136800,18.010000228881836,18.020000457763672,16.709999084472656,17.079999923706055,0,0.012720668903445809,41.635006428249504,8232.303961939482,-75.65017138615531,109.58981902812243,0.013488890496411882,-0.019582875620068996,0,128.4501953125,-0.05163799518916057,0.0012015231327502374,-0.0013091298467019508
8157.2998046875,8163.0498046875,7958.25,7965.35009765625,166200,17.079999923706055,17.950000762939453,15.949999809265137,17.809999465942383,0,-0.019582875620068996,34.97266934934959,8206.879784388699,-87.50561844626463,116.39053228950654,0.014612105037762705,0.0022032684655837187,1,204.7998046875,0.04274002022816936,-0.009795914502356617,-0.020330454105501494
7959.85009765625,7995.60009765625,7940.2998046875,7982.89990234375,136600,17.809999465942383,18.209999084472656,16.079999923706055,17.479999542236328,0,0.0022032684655837187,36.18570198875598,8185.548367051085,-94.39687467559543,112.02694376659535,0.014033364458660524,0.003883300602441242,1,55.30029296875,-0.01852891261098044,-0.004923713661850737,-0.016242164195404918
7986.60009765625,8057.7001953125,7944.85009765625,8013.89990234375,133000,17.479999542236328,18.020000457763672,15.350000381469727,17.520000457763672,0,0.003883300602441242,38.3725803812152,8169.200894221814,-96.24732471651623,112.08574047299926,0.01398641633148158,0.004167746384501569,1,112.85009765625,0.0022883819550847395,-0.013607110673474643,-0.0037604968041664577
8004.2001953125,8061.85009765625,7952.35009765625,8047.2998046875,124000,17.520000457763672,17.860000610351562,14.09000015258789,17.170000076293945,0,0.004167746384501569,40.729336341165094,8157.591266647118,-93.93589222865921,111.9010447249279,0.013905415162952704,0.005498738840850059,1,109.5,-0.019977190201192596,0.010288274341558878,0.0031037971987004642
8084.2001953125,8136.85009765625,8048.9501953125,8091.5498046875,152500,17.170000076293945,17.190000534057617,14.300000190734863,16.729999542236328,0,0.005498738840850059,43.79596297165473,8151.301603603345,-87.52453182103727,110.30456245662948,0.013632068654231005,0.010263830165222254,2,87.89990234375,-0.025626123011211366,0.013610330039570018,-0.0040495528723878405
8113.7001953125,8186.89990234375,8101.7998046875,8174.60009765625,144800,16.729999542236328,16.729999542236328,14.239999771118164,16.020000457763672,0,0.010263830165222254,49.117112226757875,8153.520507798859,-74.87886104466997,109.23638639945952,0.013362902783559874,0.006159334653041526,1,85.10009765625,-0.04243867925281186,0.020052683121921877,0.026270031754356937
8201.150390625,8250.7998046875,8195.650390625,8224.9501953125,147100,16.020000457763672,16.020000457763672,14.90999984741211,15.09000015258789,0,0.006159334653041526,52.079250729413495,8160.32333518111,-60.101431865025916,106.87662358744456,0.01299419705281071,0.015580570218593381,2,55.1494140625,-0.05805245184778263,0.022075776339477216,0.030321098338923713
8259.2998046875,8369.4501953125,8257.400390625,8353.099609375,122700,15.09000015258789,15.75,13.739999771118164,15.489999771118164,0,0.015580570218593381,58.67347207034628,8178.682980342433,-37.616012076958214,109.5640076169128,0.013116569027136342,0.003405944696333929,1,112.0498046875,0.026507595393342243,0.03232382065250117,0.042326421737816755
8377.4501953125,8398.4501953125,8334.9501953125,8381.5498046875,131700,15.489999771118164,16.540000915527344,14.829999923706055,15.039999961853027,0,0.003405944696333929,59.98979958191059,8198.003630280058,-17.30102643941791,106.2737213585619,0.012679483369427313,-0.002469733616678238,1,63.5,-0.029050988761418983,0.02531618728243168,0.0415356713571553
8399.400390625,8421.349609375,8338.900390625,8360.849609375,130100,15.039999961853027,16.610000610351562,14.949999809265137,15.920000076293945,0,-0.002469733616678238,58.52903484678098,8213.512771146243,-2.8388620880468807,104.57197117223606,0.012507337897213193,0.00444337505883885,1,82.44921875,0.058510646055380366,0.016522825164333677,0.03328160997433294
8336.25,8423.150390625,8329.5,8398.0,201200,15.920000076293945,16.709999084472656,15.479999542236328,15.930000305175781,0,0.00444337505883885,60.393043651165556,8231.08298341803,11.487809087107962,103.7918582760049,0.01235911625101273,-0.0020124304149797823,1,93.650390625,0.0006281550775069089,0.005375296922666584,0.027328542029573022
8393.9501953125,8408.5498046875,8339.7001953125,8381.099609375,110600,15.930000305175781,16.520000457763672,15.520000457763672,15.760000228881836,0,-0.0020124304149797823,59.09182798616541,8245.370281128216,21.233314498273103,101.29598335450454,0.01208624024002722,-0.00748102536329065,0,68.849609375,-0.010671693222674361,-5.3712657323568e-05,0.01898484615159024
8247.0498046875,8329.4501953125,8195.650390625,8318.400390625,132000,15.760000228881836,18.770000457763672,15.760000228881836,17.299999237060547,0,-0.00748102536329065,54.40825559109567,8252.32552965172,23.625059811884057,107.30692873989707,0.012899947550112409,0.006022745602803914,1,133.7998046875,0.09771567168866557,-0.005077141765880033,-0.004154053030931859
8316.349609375,8378.0,8298.9501953125,8368.5,158500,17.299999237060547,17.84000015258789,16.780000686645508,16.93000030517578,0,0.006022745602803914,57.319233543578264,8263.389764922984,29.226252930104238,105.28856273615442,0.01258153345714936,0.01010334046573469,2,79.0498046875,-0.021387222439417375,-0.0035127411288401467,-0.001556967982246138
8376.25,8481.599609375,8370.150390625,8453.0498046875,131800,16.93000030517578,17.100000381469727,15.720000267028809,15.850000381469727,0,0.01010334046573469,61.75702902023641,8281.452625852939,40.02630314959242,105.8464946389291,0.01252169300839014,-0.0009640797405430224,1,111.44921875,-0.06379207939977893,0.00858481567645586,0.011027610783611808
8471.9501953125,8479.25,8433.2001953125,8444.900390625,112000,15.850000381469727,16.079999923706055,15.15999984741211,15.5600004196167,0,-0.0009640797405430224,61.09761558111554,8297.019079640753,47.38164504135966,101.57530249954131,0.012028004807765863,0.004736586359787687,1,46.0498046875,-0.018296527121353656,0.015207250680379314,0.005584709529054432
8440.099609375,8497.75,8424.150390625,8484.900390625,88400,15.5600004196167,16.389999389648438,14.789999961853027,16.309999465942383,0,0.004736586359787687,63.17597632318545,8314.912537829729,55.795298716777324,99.57703870493121,0.011735793482614632,0.004390151714822377,1,73.599609375,0.04820045154884123,0.013909349420445638,0.012385102920610791
8386.150390625,8533.150390625,8386.150390625,8522.150390625,101500,16.309999465942383,17.049999237060547,15.890000343322754,16.020000457763672,0,0.004390151714822377,65.04863988169906,8334.649476191184,64.72285873350847,102.96439308315041,0.012081973253654255,-0.0013318922357890006,1,147.0,-0.01778044253062483,0.008174633716127033,0.024493891906144594
8525.5,8561.349609375,8483.849609375,8510.7998046875,122200,16.020000457763672,16.56999969482422,15.220000267028809,16.309999465942383,0,-0.0013318922357890006,63.98092397394848,8351.425697952738,70.07434352956625,101.14550786292537,0.011884371643569548,-0.01736029555278973,0,77.5,0.018102309606250477,0.007803456644160933,0.017004218759335554
8439.2001953125,8457.5,8341.400390625,8363.0498046875,188100,16.309999465942383,18.3799991607666,15.4399995803833,17.790000915527344,0,-0.01736029555278973,52.012899932085716,8352.532755737002,61.682209469163354,106.02078687718071,0.012677287515106741,-0.004125289314989233,1,116.099609375,0.09074196799793999,-0.014360874061896234,-0.010647044803887451
8364.849609375,8400.2998046875,8323.0,8328.5498046875,131300,17.790000915527344,18.079999923706055,16.290000915527344,17.440000534057617,0,-0.004125289314989233,49.67623260396649,8350.248665160858,51.65210774697516,103.96928814934638,0.01248348038824599,0.0038422055160178825,1,77.2998046875,-0.019673994573223497,-0.022717339763268507,-0.013777614957621642
8365.7001953125,8377.099609375,8315.400390625,8360.5498046875,154100,17.440000534057617,17.6299991607666,16.239999771118164,17.06999969482422,0,0.0038422055160178825,51.83750907190585,8351.229726068157,45.75784448603554,100.9499974779645,0.012074564452850335,0.011853357524637564,2,61.69921875,-0.02121564380177876,-0.017654039978386882,-0.014655515116582363
8397.25,8471.650390625,8355.400390625,8459.650390625,117800,17.06999969482422,17.719999313354492,15.569999694824219,16.270000457763672,0,0.011853357524637564,57.8717363722418,8361.555503644999,48.52383488930536,102.04285480096704,0.012062301642400153,-0.0006561478304294432,1,116.25,-0.046865802657460764,0.011550880144628017,-0.007333829741933973
8470.599609375,8480.25,8424.099609375,8454.099609375,101700,16.270000457763672,16.610000610351562,14.699999809265137,16.010000228881836,0,-0.0006561478304294432,57.43765415655678,8370.369228000236,49.695145847543245,98.76482164554082,0.011682476692848236,0.008244543893853207,2,56.150390625,-0.01598034551730876,0.015074629753289992,-0.006662146521325907
8463.400390625,8531.400390625,8462.9501953125,8523.7998046875,105500,16.010000228881836,16.030000686645508,14.1899995803833,15.569999694824219,0,0.008244543893853207,61.357223638211366,8384.981663875215,55.60664271043606,97.23167590300218,0.011407081129419709,0.009884089482447456,2,68.4501953125,-0.02748285620033042,0.01952622779765889,0.019221456735783127
8546.150390625,8616.099609375,8542.900390625,8608.0498046875,116000,15.569999694824219,15.569999694824219,14.300000190734863,14.779999732971191,0,0.009884089482447456,65.49371068237522,8406.22624871448,66.32526113338099,96.87939938760917,0.011254511949367864,0.00020908390731189108,1,73.19921875,-0.050738598416006364,0.017542026822639833,0.033559263803968786
8623.650390625,8642.9501953125,8593.150390625,8609.849609375,105000,14.779999732971191,15.140000343322754,13.289999961853027,14.800000190734863,0,0.00020908390731189108,65.57847899847147,8425.618949729767,74.11076983146268,93.51657119474423,0.0108615801015754,-0.0007432666484129546,1,49.7998046875,0.0013532109692164784,0.018423014536909976,0.029818589747258706
8623.900390625,8624.099609375,8559.0,8603.4501953125,90600,14.800000190734863,15.619999885559082,12.729999542236328,14.960000038146973,0,-0.0007432666484129546,64.9673540797622,8442.555258832885,78.85546561179399,91.48678820761964,0.01063373252947582,-0.00860120048586066,0,65.099609375,0.010810800361494177,0.009344469890200546,0.016998315302350964
8601.5,8646.75,8517.900390625,8529.4501953125,164100,14.960000038146973,15.3100004196167,13.010000228881836,15.100000381469727,0,-0.00860120048586066,58.211871105953456,8450.830967069038,75.77104816776045,94.15556114814682,0.011038878121346152,0.012198887654526924,2,128.849609375,0.009358311695572441,-0.009130942682534005,0.008912904912303343
8512.25,8643.900390625,8498.650390625,8633.5,136800,15.100000381469727,15.350000381469727,13.5,15.130000114440918,0,0.012198887654526924,63.89652991012708,8468.228017824367,80.79126338562128,97.8051639232792,0.011328564767855353,-0.005061700968610694,1,145.25,0.001986737232669622,0.0027468993882597825,0.012869869990631777
8643.9501953125,8654.75,8573.7998046875,8589.7998046875,132900,15.130000114440918,15.739999771118164,13.100000381469727,15.520000457763672,0,-0.005061700968610694,60.19293250074148,8479.806283239905,80.31772681188704,96.60123759393782,0.011246040628469829,-0.00794547038951432,0,80.9501953125,0.025776625272495357,-0.0015866181956207814,-0.0021201085511914908
8588.150390625,8589.150390625,8513.5,8521.5498046875,127400,15.520000457763672,15.930000305175781,12.069999694824219,15.460000038146973,0,-0.00794547038951432,54.8461041338677,8483.781856711104,73.58697619928171,95.15113524347798,0.011165942513313439,-0.01884044667546103,0,75.650390625,-0.003866006304573566,-0.0009262485206070759,-0.010255673292057677
8492.099609375,8492.2001953125,8351.5498046875,8361.0,136600,15.460000038146973,17.049999237060547,12.930000305175781,16.3700008392334,0,-0.01884044667546103,44.77119312035914,8472.088346548142,54.6676062434035,100.49748272608669,0.012019792216970061,-0.002870470039468942,1,140.650390625,0.05886162993797117,-0.031563097237505056,-0.028180577536741747
8371.099609375,8397.400390625,8321.75,8337.0,174600,16.3700008392334,16.56999969482422,15.59000015258789,15.920000076293945,0,-0.002870470039468942,43.48524485094731,8459.222789734034,37.3072154660822,98.72269043315193,0.011841512586440197,0.004563968416396724,1,75.650390625,-0.027489354909558283,-0.029430232419333624,-0.02256302468572524
8365.599609375,8381.5,8338.4501953125,8375.0498046875,141000,15.920000076293945,16.34000015258789,14.130000114440918,15.880000114440918,0,0.004563968416396724,46.12716991150463,8451.206314967698,26.3159283026107,94.84964111649822,0.011325262933172176,0.005582056356707721,1,43.0498046875,-0.002512560405862674,-0.017191708475307377,-0.029935738149360014
8417.0,8458.900390625,8408.2998046875,8421.7998046875,215200,15.880000114440918,15.880000114440918,14.65999984741211,15.329999923706055,0,0.005582056356707721,49.26534535241534,8448.405694941011,21.133969091313702,94.06399431799835,0.01116910832594752,0.013185994355469077,2,50.6005859375,-0.03463477246670199,0.007271834073376393,-0.019558080958804402
8456.099609375,8548.9501953125,8448.0,8532.849609375,203300,15.329999923706055,15.579999923706055,14.5,14.569999694824219,0,0.013185994355469077,55.84506705897579,8456.447972506154,25.69186046390132,96.42730833992705,0.01130071579299638,0.0011954031512864116,1,100.9501953125,-0.04957600995852485,0.023491616813602123,0.001326026948910597
8510.650390625,8563.9501953125,8508.099609375,8543.0498046875,156700,14.569999694824219,15.649999618530273,14.279999732971191,15.390000343322754,0,0.0011954031512864116,56.404336996864735,8464.695766047234,29.78376403756738,93.52897102546798,0.01094796040802073,-0.00306089917070973,1,55.8505859375,0.05628007314165062,0.020059582201644943,0.02177368791861012
8564.099609375,8565.150390625,8448.25,8516.900390625,187400,15.390000343322754,15.699999809265137,14.279999732971191,14.829999923706055,0,-0.00306089917070973,54.498588194320554,8469.66763505464,30.564262136875186,95.19835813972027,0.01117758266194003,0.005993941733038577,2,116.900390625,-0.03638729091124848,0.01129219265988346,0.02157855231198269
8547.4501953125,8591.849609375,8545.849609375,8567.9501953125,132800,14.829999923706055,14.880000114440918,13.6899995803833,14.670000076293945,0,0.005993941733038577,57.516394297828256,8479.027878888723,34.89980190899223,93.75199104045454,0.010942172737155496,0.002416003226048735,1,46.0,-0.010788931101499588,0.004113583098773299,0.023032745490902506
8585.7998046875,8606.2998046875,8551.5,8588.650390625,134900,14.670000076293945,15.010000228881836,12.890000343322754,14.729999542236328,0,0.002416003226048735,58.71218026383149,8489.4681181017,39.55017142023462,90.9696920152435,0.010591849461533803,-0.002800298085977815,1,54.7998046875,0.0040899431240861706,0.005337740851338424,0.019811749246833488
8580.7998046875,8595.9501953125,8552.7001953125,8564.599609375,143700,14.729999542236328,15.069999694824219,13.170000076293945,14.90999984741211,0,-0.002800298085977815,56.714768182070515,8496.623498222967,40.82432827183038,87.56114258558326,0.010223611911727536,-0.004553627931107251,1,43.25,0.012219980364537975,0.005600537350713308,0.003720914050227231
8577.0,8621.5498046875,8497.7998046875,8525.599609375,123400,14.90999984741211,15.619999885559082,14.239999771118164,15.470000267028809,0,-0.004553627931107251,53.534295578470335,8499.383127856494,38.24625368807574,90.1460609723273,0.010573574305929175,-0.007418833032042493,0,123.75,0.03755871397368904,-0.0049429075767352115,-0.002042618937200258
8548.4501953125,8556.25,8441.2998046875,8462.349609375,154400,15.470000267028809,16.09000015258789,13.550000190734863,15.890000343322754,0,-0.007418833032042493,48.75869318545677,8495.856126096352,30.7449558952394,91.91778485376821,0.010861969677066667,-0.013341379081930671,0,114.9501953125,0.027149325730077223,-0.01470554458566209,-0.006405004021186711
8445.7001953125,8446.9501953125,8337.9501953125,8349.4501953125,190000,15.890000343322754,17.719999313354492,14.789999961853027,17.450000762939453,0,-0.013341379081930671,41.62146933709299,8481.912704116938,15.511279797347015,94.23790122582048,0.011286719367309595,0.0007664473603414823,1,109.0,0.09817497708690981,-0.025120779006060356,-0.025502015653585453
8384.4501953125,8429.5,8339.75,8355.849609375,189200,17.450000762939453,17.450000762939453,16.25,17.020000457763672,0,0.0007664473603414823,42.13848095037666,8469.906695093896,3.909791329084328,93.91733685254759,0.011239711249371374,0.01947141259339502,2,89.75,-0.024641850222094086,-0.019910623038564723,-0.027105630181910256
8402.349609375,8530.099609375,8381.2001953125,8518.5498046875,155900,17.020000457763672,17.020000457763672,15.140000343322754,16.020000457763672,0,0.01947141259339502,53.430702106398094,8474.539372198049,7.7546829947859806,99.65538422022277,0.011698632573044937,-0.004842373519645449,1,148.8994140625,-0.05875440500025664,0.006641204618896612,-0.005376760944795667
8530.5,8530.599609375,8428.0498046875,8477.2998046875,174700,16.020000457763672,17.200000762939453,15.289999961853027,16.459999084472656,0,-0.004842373519645449,50.72764744639865,8474.802270530377,7.388091758573864,99.862128539314,0.01177994536468977,-0.0012680924643075908,1,102.5498046875,0.02746558140675659,0.015312338703065365,-0.005665267770068372
8505.849609375,8525.75,8433.599609375,8466.5498046875,153300,16.459999084472656,16.65999984741211,15.100000381469727,16.360000610351562,0,-0.0012680924643075908,50.017489370678575,8474.016321402485,6.159131767140934,99.311290116863,0.011729841837330168,0.0033780685872379923,1,92.150390625,-0.0060752417790488344,0.013248227348215735,0.0004963391382277749
8468.0498046875,8520.4501953125,8425.9501953125,8495.150390625,130500,16.360000610351562,16.989999771118164,14.949999809265137,16.68000030517578,0,0.0033780685872379923,51.94501390154249,8476.029089899868,7.407610062120511,98.96762653708707,0.011649896939588598,-0.014408266481082843,0,94.5,0.019559882816981178,-0.0027468776492477476,0.01745027419820988
8471.0498046875,8501.349609375,8359.75,8372.75,184100,16.68000030517578,17.200000762939453,15.470000267028809,16.979999542236328,0,-0.014408266481082843,44.10583689907955,8466.19298609988,-1.4627883613247832,102.01276816836658,0.01218390232221989,-0.008694849922367243,0,141.599609375,0.01798556544195362,-0.012332913438980797,0.0020225819533705724
8305.400390625,8322.2001953125,8225.0498046875,8299.9501953125,201300,16.979999542236328,18.729999542236328,15.1899995803833,17.110000610351562,0,-0.008694849922367243,40.21823565876856,8450.360339358225,-14.203252589964904,105.27615582151897,0.012683950306228944,-0.05915098088055637,0,97.150390625,0.007656129070667372,-0.01967739081659481,-0.02566159902648113
8055.9501953125,8060.0498046875,7769.39990234375,7809.0,312400,17.110000610351562,30.649999618530273,17.110000610351562,28.1299991607666,0,-0.05915098088055637,24.52116416985585,8389.27840227649,-63.18735549955454,135.65287990346403,0.01737135099288821,0.009181738418811536,2,290.64990234375,0.6440676889133441,-0.0807696578723569,-0.07883404150906226
7895.39990234375,7925.39990234375,7667.25,7880.7001953125,299100,28.1299991607666,35.56999969482422,26.079999923706055,26.850000381469727,0,0.009181738418811536,28.886477275005248,8340.842382565634,-95.12545638100528,144.4026672206273,0.01832358339256696,-0.011274391291918318,0,258.14990234375,-0.04550297964751138,-0.058768003904033916,-0.06919579083449612
7865.25,7930.0498046875,7777.10009765625,7791.85009765625,216600,26.850000381469727,29.049999237060547,23.530000686645508,25.520000457763672,0,-0.011274391291918318,26.81672575165689,8288.557403050454,-126.15189128485144,145.0131700642432,0.01861087780780876,0.02016210472317792,2,152.94970703125,-0.04953444710652377,-0.061217246573745165,-0.08278844524575946
7921.60009765625,7963.60009765625,7862.2998046875,7948.9501953125,305000,25.520000457763672,25.520000457763672,21.520000457763672,22.040000915527344,0,0.02016210472317792,35.60278171358645,8256.213859456362,-136.49052176645455,146.92294363108297,0.01848331415105903,0.006667547122292117,1,101.30029296875,-0.1363636159801731,0.017921653900947687,-0.05061656023259975
8053.7001953125,8091.7998046875,7961.64990234375,8001.9501953125,195600,22.040000915527344,23.670000076293945,19.799999237060547,23.329999923706055,0,0.006667547122292117,38.29426541247078,8231.998272395042,-138.8072206136767,146.6319911842199,0.018324531846013757,-0.003830365083121179,1,130.14990234375,0.058529898121278956,0.015385688707219236,-0.03590382990108776
8009.25,8043.60009765625,7947.9501953125,7971.2998046875,198200,23.329999923706055,24.739999771118164,22.68000030517578,24.600000381469727,0,-0.003830365083121179,37.322764358027094,8207.169846899085,-141.485494796103,142.99041340990064,0.0179381552461263,-0.023264675971940818,0,95.64990234375,0.054436367848985645,0.023030436261245235,0.020783686091368825
7907.9501953125,7929.10009765625,7746.5,7785.85009765625,184900,24.600000381469727,30.440000534057617,24.440000534057617,28.719999313354492,0,-0.023264675971940818,32.02833961535063,8167.044156495006,-156.76519627148082,148.8339413583006,0.019115952592396252,-0.0088429775544967,1,182.60009765625,0.16747962878033973,-0.02051844503346245,-0.012035744959904449
7856.64990234375,7862.5498046875,7699.25,7717.0,215300,28.719999313354492,28.719999313354492,26.3799991607666,26.649999618530273,0,-0.0088429775544967,30.309307153719956,8124.182808257387,-172.44228987552106,149.86721731038625,0.019420398770297557,0.013735907736166952,2,163.2998046875,-0.0720752000109447,-0.03561009358436429,-0.009606203497005694
7774.4501953125,7845.60009765625,7754.0498046875,7823.0,155800,26.649999618530273,26.649999618530273,23.719999313354492,24.1200008392334,0,0.013735907736166952,36.00421874251379,8095.498731280493,-174.3039183131532,148.3481373350908,0.018963075205815007,-0.021468770971813878,0,91.55029296875,-0.09493428951262406,-0.01860421867463735,-0.015844884194490594
7803.39990234375,7804.89990234375,7626.85009765625,7655.0498046875,193600,24.1200008392334,27.25,23.420000076293945,26.420000076293945,0,-0.021468770971813878,31.59831095010675,8053.551214462113,-187.1738260506072,151.76254912142363,0.01982515502753401,-0.01257339958011272,0,178.0498046875,0.09535651563159919,-0.01679974457871014,-0.043351980724425476
7685.85009765625,7705.0498046875,7545.89990234375,7558.7998046875,141400,26.420000076293945,26.829999923706055,24.510000228881836,26.350000381469727,0,-0.01257339958011272,29.37944764901141,8006.432032578817,-202.8021147218251,152.29021720873266,0.0201474071471362,0.017125760525132927,2,159.14990234375,-0.0026494963899348356,-0.020500219685434806,-0.051748147743411965
7587.7001953125,7720.89990234375,7539.5,7688.25,172200,26.350000381469727,26.440000534057617,23.84000015258789,24.56999969482422,0,0.017125760525132927,35.899004927313996,7976.128981857024,-202.40885391540724,154.36948043266244,0.020078623930369386,0.01695445617094271,2,181.39990234375,-0.06755220724388555,-0.017224849801866338,-0.012535573692284419
7805.85009765625,7846.0498046875,7764.5498046875,7818.60009765625,208400,24.56999969482422,24.65999984741211,21.350000381469727,24.299999237060547,0,0.01695445617094271,41.7322299126376,7961.12623098076,-189.3957916025829,154.61450359372228,0.019775215724368668,-0.0039009540862875447,1,81.5,-0.010989029756502178,0.021365020103278898,0.013165750635771634
7729.0498046875,7819.85009765625,7678.5,7788.10009765625,160300,24.299999237060547,25.84000015258789,24.020000457763672,24.75,0,-0.0039009540862875447,40.79673269366893,7944.647551616521,-179.4750642452127,153.66704602675995,0.019731005521231616,0.00015404360706794407,1,141.35009765625,0.018518550496624986,0.0303355425323677,-0.004461191658411079
7833.7998046875,7864.85009765625,7759.89990234375,7789.2998046875,136400,24.75,25.260000228881836,23.260000228881836,24.979999542236328,0,0.00015404360706794407,40.852897521474006,7929.852528099471,-169.56141160380866,150.18727097574137,0.019281228703684074,0.010649249276883932,2,104.9501953125,0.009292910797427334,0.013143407756966763,0.017537443050702706
7811.10009765625,7879.9501953125,7761.85009765625,7872.25,122800,24.979999542236328,25.270000457763672,23.459999084472656,24.31999969482422,0,0.010649249276883932,44.75533532853136,7924.366573042379,-153.2448714569391,147.89533002434914,0.0187869198798754,-0.005481266771729776,1,118.10009765625,-0.026421131285297994,0.006861829697599298,0.0414682493797649
7867.35009765625,7880.0,7799.75,7829.10009765625,136500,24.31999969482422,24.559999465942383,22.700000762939453,23.739999771118164,0,-0.005481266771729776,43.160074187031405,7915.293575386558,-142.1570345321752,143.06352073689564,0.01827330331103107,0.008947363530129149,1,80.25,-0.02384868137270124,0.00526444183894581,0.018320176588462855
7886.85009765625,7913.89990234375,7853.2998046875,7899.14990234375,140000,23.739999771118164,23.739999771118164,21.600000381469727,22.0,0,0.008947363530129149,46.494327511494646,7913.756082715814,-126.26194101739293,138.9018267333674,0.017584401923066928,0.010475810818002973,2,60.60009765625,-0.07329400959957166,0.014102692207346168,0.010302330811323479
7967.4501953125,8055.0,7955.85009765625,7981.89990234375,241800,22.0,22.0,17.8799991607666,18.290000915527344,0,0.010475810818002973,50.20996454706301,7920.2459702994265,-105.76849805262191,140.1124175135733,0.017553767803130636,-0.0006013361162410247,1,99.14990234375,-0.16863632202148438,0.013928661099907869,0.024884092687229575
7911.5,7987.89990234375,7908.35009765625,7977.10009765625,121800,18.290000915527344,18.920000076293945,16.989999771118164,18.18000030517578,0,-0.0006013361162410247,49.99310238120251,7925.6606490953145,-88.88993316295728,135.7865165974252,0.017022039956264383,-0.02069675641963653,0,79.5498046875,-0.006014248487990925,0.018903832899557216,0.02411003526346933
8014.7998046875,8021.60009765625,7787.75,7812.0,168400,18.18000030517578,21.25,17.209999084472656,20.350000381469727,0,-0.02069675641963653,43.09774375325065,7914.835825371952,-87.82337378137618,142.79105810162696,0.01827842525622465,0.004345903137800811,1,233.85009765625,0.11936193838655518,-0.011032820420067257,-0.007653466289815447
7737.35009765625,7882.89990234375,7723.25,7845.9501953125,146700,20.350000381469727,22.190000534057617,19.770000457763672,20.690000534057617,0,0.004345903137800811,44.7842553595535,7908.275289175814,-83.27863647707363,143.9952612617786,0.018352813576079978,0.002874069312977845,1,159.64990234375,0.016707623892601386,-0.017032249050295767,0.0021522393948307794
7838.39990234375,7894.5,7804.10009765625,7868.5,202500,20.690000534057617,21.56999969482422,19.3799991607666,20.8799991607666,0,0.002874069312977845,45.93055188215622,7904.487166397164,-76.97005574818104,140.16702133906227,0.017813690200046042,-0.009252056260723118,0,90.39990234375,0.009183113668664644,-0.013613982064504593,-0.0038801520065666617
7892.7998046875,7893.9501953125,7787.9501953125,7795.7001953125,136300,20.8799991607666,22.239999771118164,20.770000457763672,21.670000076293945,0,-0.009252056260723118,42.8385422495801,7894.126502484339,-76.95767571345732,137.72651981484356,0.01766698517955546,0.006105879931557867,1,106.0,0.03783529440996114,-0.00208650853654635,-0.02332774268148563
7725.7001953125,7926.5498046875,7691.2001953125,7843.2998046875,240700,21.670000076293945,23.6299991607666,20.440000534057617,21.56999969482422,0,0.006105879931557867,45.42548556552832,7889.285864598925,-72.27384587042798,144.699597640569,0.018448816345652142,0.013463733413981993,2,235.349609375,-0.004614692252775887,-0.0003378036514408711,-0.01677304926987966
7924.25,7957.7001953125,7874.5,7948.89990234375,210700,21.56999969482422,21.56999969482422,19.3700008392334,19.6299991607666,0,0.013463733413981993,50.750613613719494,7894.963392003195,-59.35660562914745,142.53536856802836,0.017931458480940427,0.00025160714370175974,1,83.2001953125,-0.08993975713977986,0.010217945268316653,0.017524309055779508
7992.0498046875,8008.25,7930.64990234375,7950.89990234375,156900,19.6299991607666,20.110000610351562,18.239999771118164,19.239999771118164,0,0.00025160714370175974,50.84843366730278,7900.290678702295,-48.40028799704305,137.89713493147275,0.017343588351656107,0.02117998017986733,2,77.60009765625,-0.019867519425467273,0.019908372967520016,0.013376290241295719
8005.10009765625,8128.89990234375,8005.10009765625,8119.2998046875,183100,19.239999771118164,19.459999084472656,18.059999465942383,19.1299991607666,0,0.02117998017986733,58.349804563348584,7921.148690700886,-25.831097779258926,140.7616252935104,0.017336670486320108,0.004138299910646515,1,123.7998046875,-0.005717287508323565,0.0351892706989283,0.031873902864268944
8180.4501953125,8180.9501953125,8096.5,8152.89990234375,178500,19.1299991607666,19.899999618530273,17.389999389648438,19.309999465942383,0,0.004138299910646515,59.67228801798182,7943.220234666873,-5.173962635717544,136.7393802948668,0.01677187036916248,0.0030050657181448504,1,84.4501953125,0.009409321122446412,0.025663928657580604,0.045820092882231656
8146.2001953125,8188.89990234375,8132.89990234375,8177.39990234375,193900,19.309999465942383,19.739999771118164,17.899999618530273,19.34000015258789,0,0.0030050657181448504,60.653338423832324,7965.523060159909,13.023780996807545,130.9722817023763,0.01601637235141673,-0.005875926976951273,1,56.0,0.0015536347734457223,0.028487341405622812,0.042596879626681794
8196.75,8196.75,8105.85009765625,8129.35009765625,171700,19.34000015258789,19.93000030517578,17.350000381469727,19.559999465942383,0,-0.005875926976951273,57.68923894910413,7981.12563515956,23.299820437568997,128.10996889104587,0.015758943501274585,0.00742372968703231,1,90.89990234375,0.011375352203658373,0.0012378275480044998,0.022701279111502437
8186.35009765625,8232.2001953125,8139.64990234375,8189.7001953125,199700,19.559999465942383,19.68000030517578,17.68000030517578,18.93000030517578,0,0.00742372968703231,60.31262085356431,8000.98987898365,35.89957627470267,126.30569237427473,0.015422505019972247,-0.005629033610123568,1,92.55029296875,-0.03220854693087016,0.004513767298697013,0.030034372951715405
8231.5,8244.5,8128.2001953125,8143.60009765625,199100,18.93000030517578,19.989999771118164,17.18000030517578,19.1200008392334,0,-0.005629033610123568,57.38562344962059,8014.571804571517,41.68456720273116,125.59098611093368,0.0154220473261057,-0.0014612581906097155,1,116.2998046875,0.010037006391683256,-0.004133319281329539,0.002992904998374568
8121.9501953125,8150.25,8088.60009765625,8131.7001953125,145900,19.1200008392334,19.219999313354492,17.850000381469727,18.020000457763672,0,-0.0014612581906097155,56.62174610501636,8025.726889403991,44.79264974054331,121.02376584184914,0.014882959643742524,-0.002926853228365389,1,61.64990234375,-0.05753139817926023,0.00028908801171301235,-0.0026002658299724146
8102.39990234375,8139.2998046875,8096.35009765625,8107.89990234375,138900,18.020000457763672,18.280000686645508,15.760000228881836,17.719999313354492,0,-0.002926853228365389,55.04358679931618,8033.552890636349,44.81870072576021,115.44704735537778,0.014238834808753067,0.008830905477206663,2,42.94970703125,-0.016648231786249967,-0.009988191388931367,-0.00849903402426
8134.35009765625,8190.5498046875,8129.7998046875,8179.5,167200,17.719999313354492,17.719999313354492,14.859999656677246,17.170000076293945,0,0.008830905477206663,58.76689995809711,8047.452615337649,50.04004531951068,113.10439414026152,0.013827788268263527,0.007170412693318751,2,60.75,-0.031038332865286566,0.004408357718115541,0.006168992815084762
8193.650390625,8246.400390625,8147.64990234375,8238.150390625,156400,17.170000076293945,17.18000030517578,14.029999732971191,16.270000457763672,0,0.007170412693318751,61.57428418293124,8065.614308222159,58.23924907878063,112.07911515033211,0.013604888213485145,0.004479089639404021,1,98.75048828125,-0.05241698395638761,0.013090767337175402,0.0059159913253272745
8262.5498046875,8283.0498046875,8239.2001953125,8275.0498046875,124500,16.270000457763672,17.06999969482422,15.300000190734863,16.8799991607666,0,0.004479089639404021,63.26872019230742,8085.560545980762,66.94297452389219,107.28056507262981,0.01296434071150357,-0.0016192547934769097,1,43.849609375,0.037492236376173604,0.02061568400658631,0.016141473728441325
8280.2998046875,8294.0498046875,8229.2001953125,8261.650390625,155100,16.8799991607666,17.18000030517578,14.529999732971191,17.0,0,-0.0016192547934769097,62.19616940821813,8102.331007375452,71.93035060810871,104.24978252279911,0.012618517801370258,-0.001204383487806604,1,64.849609375,0.0071090548104002504,0.010043448942478106,0.01598069188377238
8258.349609375,8294.400390625,8217.150390625,8251.7001953125,144800,17.0,17.43000030517578,13.65999984741211,16.6200008392334,0,-0.001204383487806604,61.36426233985837,8116.556644321838,74.22437212371278,102.32122662831345,0.012400017475966776,0.005301937657024025,1,77.25,-0.022352891809800046,0.0016447629680225173,0.017735824899266728
8308.25,8328.099609375,8280.75,8295.4501953125,152000,16.6200008392334,16.6200008392334,14.649999618530273,16.190000534057617,0,0.005301937657024025,63.66550013538246,8133.594125368568,78.66584912740473,100.46966858789821,0.012111418454982767,-0.004207172582956553,1,47.349609375,-0.025872459895472266,0.002465289165201723,0.014175706988507786
8333.650390625,8336.2998046875,8252.0498046875,8260.5498046875,133900,16.190000534057617,17.81999969482422,15.010000228881836,17.229999542236328,0,-0.004207172582956553,60.5663636465197,8145.685142446561,78.46508514451489,99.31112083161976,0.012022337880617226,-0.0033471638954116756,1,84.25,0.06423712006623772,-0.00013321623228557122,0.002718985816038355
8230.349609375,8241.9501953125,8217.0498046875,8232.900390625,156700,17.229999542236328,17.299999237060547,16.0,16.540000915527344,0,-0.0033471638954116756,58.15125876259488,8153.991356558794,75.20795115698638,95.32461220078979,0.011578496966796562,-0.007494344931314734,0,24.900390625,-0.040046352004686536,-0.0022782946838252327,-0.005093554124426358
8188.89990234375,8209.099609375,8131.7998046875,8171.2001953125,188900,16.540000915527344,17.479999542236328,15.5600004196167,17.040000915527344,0,-0.007494344931314734,53.066073918994036,8155.630293582957,66.8770419833445,95.73718175341195,0.011716416127992145,-0.00727557689096936,0,77.2998046875,0.03022974439684667,-0.014978090046301462,-0.0109481993349827
8175.4501953125,8179.60009765625,8098.0,8111.75,217500,17.040000915527344,17.950000762939453,14.720000267028809,17.579999923706055,0,-0.00727557689096936,48.65143946356356,8151.451218003628,54.84537913595159,94.7273900321861,0.011677799492364298,-0.005664646384873739,1,81.60009765625,0.03169008093694692,-0.018013305192235873,-0.01696016481451912
8123.5498046875,8146.10009765625,8044.39990234375,8065.7998046875,199500,17.579999923706055,18.329999923706055,16.8799991607666,17.8799991607666,0,-0.005664646384873739,45.500685509229065,8143.293940544949,41.12830144841155,95.22544755220851,0.011806076255062458,-0.0018597039801661053,1,101.7001953125,0.017064803092291747,-0.020296685008819204,-0.027683897222934073
8054.5498046875,8060.7001953125,7995.60009765625,8050.7998046875,136100,17.8799991607666,20.1299991607666,17.3799991607666,19.479999542236328,0,-0.0018597039801661053,44.48782748225488,8134.484975225192,28.71602347158114,93.43789465785433,0.011606038769396677,0.0012297400090901522,1,65.10009765625,0.08948548414815072,-0.01473472534598641,-0.02539177233469081
8086.35009765625,8100.35009765625,8031.75,8060.7001953125,132500,19.479999542236328,19.959999084472656,18.06999969482422,19.559999465942383,0,0.0012297400090901522,45.35249026291274,8127.457853328745,19.453830878946974,91.66376630059688,0.011371687828546416,-0.0025432033822472278,1,68.60009765625,0.0041067723606769135,-0.006293315830431134,-0.02091610333444438
8104.89990234375,8116.10009765625,8027.2998046875,8040.2001953125,122100,19.559999465942383,19.6299991607666,17.950000762939453,19.360000610351562,0,-0.0025432033822472278,43.83012974711259,8119.147600184341,10.340103567009464,91.45923249117924,0.011375243186668497,-0.010540782311541208,0,88.80029296875,-0.010224890646804763,-0.0031738463630256453,-0.01603191659349501
8030.35009765625,8031.2001953125,7944.10009765625,7955.4501953125,132100,19.360000610351562,19.739999771118164,18.34000015258789,19.290000915527344,0,-0.010540782311541208,38.13149599514287,8103.557371148928,-3.6788007778650353,91.79072286011287,0.01153809283027096,-0.00014460408861305396,1,87.10009765625,-0.0036156866021372913,-0.011843495266083193,-0.019268321223841922
7956.5498046875,8002.64990234375,7926.14990234375,7954.2998046875,219500,19.290000915527344,19.59000015258789,16.610000610351562,19.469999313354492,0,-0.00014460408861305396,38.0591611573297,8089.342364819268,-14.712118240056043,90.6985283701048,0.01140245283647164,-0.004915531264230055,1,76.5,0.009331176220020776,-0.013199894307801552,-0.013823799585901075
7788.25,7937.75,7771.7001953125,7915.2001953125,211800,19.469999313354492,19.469999313354492,15.989999771118164,17.040000915527344,0,-0.004915531264230055,35.588117321715586,8072.757396294814,-26.30785297407965,97.26289129902588,0.012288115132782924,-0.01665783484975325,0,166.0498046875,-0.12480731810608792,-0.015546876565694978,-0.016842998542337173
7877.60009765625,7885.10009765625,7772.85009765625,7783.35009765625,165200,17.040000915527344,17.059999465942383,15.300000190734863,16.829999923706055,0,-0.01665783484975325,28.798012557279762,8045.194796424475,-45.61098224569014,100.48340603882761,0.012910045774387757,-0.002710927478722036,1,112.25,-0.012324001205300972,-0.021632980338140317,-0.03440769299638957
7762.4501953125,7775.10009765625,7730.89990234375,7762.25,160900,16.90999984741211,17.719999313354492,15.800000190734863,17.649999618530273,0,-0.002710927478722036,27.881218265470636,8018.247672955476,-61.89793197527797,97.05246241551849,0.01250313535579484,0.005713562131630656,1,44.2001953125,0.048722501398779094,-0.02414414963015654,-0.03457005902347399
7732.9501953125,7838.85009765625,7714.14990234375,7806.60009765625,149500,17.649999618530273,18.610000610351562,15.289999961853027,17.8799991607666,0,0.005713562131630656,32.72888555123809,7998.090761022217,-70.41507360878313,99.02730047958859,0.012685074070762152,0.00396455648349936,1,124.7001953125,0.013031135819111084,-0.013720448627510984,-0.018710455599854736
7848.75,7860.4501953125,7793.0,7837.5498046875,145000,17.8799991607666,17.8799991607666,15.619999885559082,16.969999313354492,0,0.00396455648349936,35.96375618808544,7982.801146133196,-73.81667434355222,96.7717929676537,0.01234719974727002,-0.01349273722468125,0,67.4501953125,-0.050894848440982465,0.006963544791280807,-0.014677596126210779
7823.14990234375,7843.39990234375,7725.0498046875,7731.7998046875,143600,16.969999313354492,17.75,14.899999618530273,17.420000076293945,0,-0.01349273722468125,30.556886386268204,7958.896256471702,-84.07642791815942,98.31310044541057,0.012715422402143291,0.014349853606560714,2,118.35009765625,0.026517429649235646,-0.003922856815034348,-0.023170657229063196
7788.5,7854.89990234375,7765.4501953125,7842.75,132600,17.420000076293945,17.420000076293945,14.420000076293945,15.84000015258789,0,0.014349853606560714,40.640247622757144,7947.8347082363025,-82.30583262640539,100.08360024618482,0.012761289120038866,0.0017595619760288894,1,89.44970703125,-0.09070033965477431,0.004630684535077423,0.007631662664337346
7841.89990234375,7906.9501953125,7817.7998046875,7856.5498046875,151900,15.84000015258789,16.139999389648438,13.829999923706055,15.899999618530273,0,0.0017595619760288894,41.77273171139562,7939.1409078983215,-78.87981676604068,99.30265670181447,0.01263947396382149,-0.0009291361817810317,1,89.150390625,0.003787845035631454,0.0024242270190917292,0.01214851424361485
7869.5,7877.5,7825.2001953125,7849.25,127000,15.899999618530273,17.559999465942383,15.779999732971191,17.079999923706055,0,-0.0009291361817810317,41.32361284782837,7930.579869050863,-75.87902161671173,95.94531012936343,0.01222350035090785,-0.002248610038379506,1,52.2998046875,0.0742138574519573,0.015190537556507122,0.005463313325932306
7837.0,7870.35009765625,7812.64990234375,7831.60009765625,130600,17.079999923706055,17.079999923706055,15.649999618530273,16.25,0,-0.002248610038379506,40.198253168949776,7921.153224156137,-74.07122250871362,93.21351621387319,0.011902231351389998,0.006665267171503286,2,57.7001953125,-0.04859484352538335,-0.001421682744413677,-0.0007591284495176431
7837.14990234375,7897.10009765625,7832.0,7883.7998046875,219800,16.25,16.790000915527344,15.09000015258789,16.690000534057617,0,0.006665267171503286,44.971270330298054,7917.595755635314,-67.64665999700628,91.23397934145369,0.011572335878849736,0.0074710662477730505,2,65.10009765625,0.027076955942007208,0.0034684436142364827,0.019659070829517455
7910.60009765625,7959.2998046875,7879.4501953125,7942.7001953125,150300,16.690000534057617,16.979999542236328,16.170000076293945,16.729999542236328,0,0.0074710662477730505,49.83648368614528,7919.986654652189,-57.14366208188585,90.42081005813557,0.011384139881233176,-0.0009379927643368147,1,79.849609375,0.002396585194655243,0.011905620959008933,0.012744279151126747
7936.25,7966.0,7922.7998046875,7935.25,216300,16.729999542236328,17.239999771118164,15.850000381469727,16.43000030517578,0,-0.0009379927643368147,49.2434288455163,7921.440306590076,-48.85792531198331,87.04790900487589,0.010969775243990535,0.0024762801857218797,1,43.2001953125,-0.017931813823615084,0.013234830820175514,0.010017144582415094
7958.14990234375,7972.14990234375,7934.14990234375,7954.89990234375,138600,16.43000030517578,16.43000030517578,15.529999732971191,15.640000343322754,0,0.0024762801857218797,50.90294072142546,7924.626934757092,-40.24195215358941,83.54448693309904,0.010502267528028146,-0.00296041496142041,1,38.0,-0.04808277219594215,0.009018506230203283,0.013459872260884742
7976.7001953125,7979.2998046875,7910.7998046875,7931.35009765625,126300,15.640000343322754,15.979999542236328,14.729999542236328,15.489999771118164,0,-0.00296041496142041,48.84187421244368,7925.267235985583,-34.91156498571945,82.46988072359196,0.010397962479044039,-0.008472730932953976,0,68.5,-0.00959082921431198,-0.0014289973657759525,0.012736860763594482
7902.2998046875,7912.2998046875,7853.2998046875,7864.14990234375,125700,15.489999771118164,16.15999984741211,15.119999885559082,16.059999465942383,0,-0.008472730932953976,43.43709657411054,7919.446537543504,-35.6981824718805,82.15419588396038,0.010446672164714968,-0.010458854551524621,0,59.0,0.03679791499332419,-0.008960032469834012,-0.002492440552849473
7817.60009765625,7821.39990234375,7775.7001953125,7781.89990234375,152500,16.059999465942383,16.549999237060547,15.5600004196167,16.09000015258789,0,-0.010458854551524621,37.90786376773234,7906.34685800067,-42.46891489013342,82.60387525162392,0.010614872497491944,-0.0021203048364873966,1,45.69970703125,0.0018680378358124639,-0.021747602373856312,-0.02024504123467341
7816.5498046875,7825.39990234375,7746.0498046875,7765.39990234375,137600,16.09000015258789,16.360000610351562,15.789999961853027,15.869999885559082,0,-0.0021203048364873966,36.8932887151831,7892.923338414296,-48.60588285440372,82.37146256624007,0.010607497823953503,-0.00820301695113268,0,79.35009765625,-0.01367310534135846,-0.020923322419160284,-0.02140450491871715
7738.5,7771.25,7685.4501953125,7701.7001953125,135100,15.869999885559082,16.239999771118164,15.470000267028809,15.970000267028809,0,-0.00820301695113268,33.19909789283963,7874.7116104998395,-57.94159355420925,82.61634414633006,0.01072702676697452,-0.011581883616657795,0,85.7998046875,0.006301221310072158,-0.020656995231339015,-0.0318294020213441
7695.5,7702.85009765625,7606.89990234375,7612.5,140000,15.970000267028809,16.920000076293945,15.369999885559082,16.729999542236328,0,-0.011581883616657795,28.843629062869766,7849.739076166521,-71.71127884475027,83.56876208677077,0.01097783410006841,0.00930046695402309,2,95.9501953125,0.04758918362553777,-0.02176845043878428,-0.0402012385949867
7643.2998046875,7691.9501953125,7610.0,7683.2998046875,140800,16.729999542236328,16.729999542236328,15.460000038146973,16.290000915527344,0,0.00930046695402309,36.018498352200304,7833.8877169780435,-76.0344235976554,83.45315017432287,0.010861628765730186,-0.00948155235730297,0,81.9501953125,-0.026299978406943203,-0.010572552436284743,-0.02299677649867171
7699.60009765625,7703.0498046875,7575.2998046875,7610.4501953125,167800,16.290000915527344,17.770000457763672,15.039999961853027,17.18000030517578,0,-0.00948155235730297,32.398525604589906,7812.607953009897,-84.3663785126364,86.61721087615695,0.01138135177988643,0.005203320218742258,1,127.75,0.054634704704043635,-0.011848033250572043,-0.02203185715349698
7558.2001953125,7663.9501953125,7551.0498046875,7650.0498046875,148900,17.18000030517578,18.360000610351562,16.459999084472656,17.799999237060547,0,0.005203320218742258,36.15479181579575,7797.12622459824,-86.77388000855899,88.49458085821718,0.011567843754950837,0.006647028314128445,2,112.900390625,0.03608841215782643,0.004932650862069066,-0.014854366691589793
7659.14990234375,7705.0,7625.10009765625,7700.89990234375,134300,17.799999237060547,18.360000610351562,16.110000610351562,17.34000015258789,0,0.006647028314128445,40.71057460682646,7787.961812954955,-83.61480495719115,87.88067525004094,0.011411741012669788,0.006492747683265243,2,79.89990234375,-0.02584264630275457,0.00229069515750413,-0.00010391120771446882
7725.25,7776.60009765625,7715.75,7750.89990234375,154300,17.34000015258789,17.34000015258789,14.90999984741211,16.729999542236328,0,0.006492747683265243,44.87581240427168,7784.43210718246,-76.19826689749061,87.01064096878801,0.011225875971185921,0.012056689737954374,2,60.85009765625,-0.03517881228279707,0.0184548487181162,0.018180611145320213
7783.0498046875,7852.89990234375,7737.5498046875,7844.35009765625,175900,16.729999542236328,16.729999542236328,14.020000457763672,14.220000267028809,0,0.012056689737954374,51.704870216185604,7790.138582465678,-62.064516177383666,89.0348878750353,0.011350193039145117,-0.010504363180879661,0,115.35009765625,-0.1500298472137318,0.025398565751780344,0.020961084047572243
7828.89990234375,7836.14990234375,7753.35009765625,7761.9501953125,191400,14.220000267028809,14.710000038146973,13.039999961853027,14.489999771118164,0,-0.010504363180879661,46.26260347801143,7787.453974165375,-56.856988407827885,89.1752530268185,0.011488769031354014,0.009340436124388285,2,82.7998046875,0.018987306541434323,0.007927682964710359,0.019906838112325298
7745.64990234375,7840.75,7733.4501953125,7834.4501953125,126300,14.489999771118164,14.979999542236328,12.979999542236328,14.229999542236328,0,0.009340436124388285,51.13601663938017,7791.9298047508155,-46.34559783728946,90.46986385972433,0.011547697873407143,-0.006171472975241898,0,107.2998046875,-0.017943425327036633,0.010779431294614561,0.024104469295351594
7829.39990234375,7846.2998046875,7776.85009765625,7786.10009765625,125700,14.229999542236328,14.609999656677246,12.229999542236328,14.479999542236328,0,-0.006171472975241898,48.009046574493745,7791.374594551333,-41.439010760729616,88.96842408626188,0.011426570808284742,0.01025546764808305,2,69.44970703125,0.017568517782307058,-0.007425726704549329,0.011063667414579648
7830.4501953125,7871.4501953125,7826.10009765625,7865.9501953125,117900,14.479999542236328,14.479999542236328,12.630000114440918,13.649999618530273,0,0.01025546764808305,53.1088188207266,7798.477032719063,-30.752770807817797,88.70997219840389,0.011277718520423407,-0.0006229877514251081,1,45.35009765625,-0.05732043853213187,0.013398694578433012,0.014843475521334026
7888.75,7888.75,7835.5,7861.0498046875,93500,13.649999618530273,13.9399995803833,11.199999809265137,13.75,0,-0.0006229877514251081,52.76674234085272,7804.436344335105,-22.420816013567674,86.17711704137504,0.010962545611908998,0.008154139618607559,2,53.25,0.007326035477244419,0.003395210731049758,0.0021288834413750735
7863.2001953125,7937.2001953125,7863.0,7925.14990234375,122900,13.75,14.529999732971191,10.380000114440918,14.399999618530273,0,0.008154139618607559,56.69589011053928,7815.932873669261,-10.52402522482771,85.46092229734825,0.010783508621341585,0.0004795231655652099,1,74.2001953125,0.04727269952947433,0.017858722973437713,0.021025606055783186
7929.2001953125,7942.14990234375,7902.75,7928.9501953125,113000,14.399999618530273,14.710000038146973,13.329999923706055,14.239999771118164,0,0.0004795231655652099,56.924672253421306,7826.696428111474,-0.780088555517068,82.1708494435198,0.010363395836702092,-0.004124151937772491,1,39.39990234375,-0.011111100809073515,0.008009204029481687,0.012062109994207537
7938.60009765625,7944.75,7889.85009765625,7896.25,106800,14.239999771118164,14.5,12.779999732971191,14.350000381469727,0,-0.004124151937772491,54.26790205127114,7833.320577815143,4.254377169645522,80.2229246506791,0.01015962319464038,0.006344796283837217,2,54.89990234375,0.007724762087051973,0.004477798282299439,0.014146992841372219
7897.7998046875,7955.5498046875,7891.14990234375,7946.35009765625,150900,14.350000381469727,14.489999771118164,12.979999542236328,13.869999885559082,0,0.006344796283837217,57.53776263178413,7844.085293990486,12.146865204165806,79.09270877161273,0.009953338048236872,-0.01951213966956744,0,64.39990234375,-0.033449511020952505,0.0026750529105108445,0.010221257489230196
7924.5498046875,7937.5498046875,7781.10009765625,7791.2998046875,134700,14.260000228881836,17.100000381469727,14.029999732971191,16.84000015258789,0,-0.01951213966956744,46.46506661973176,7839.058104533059,5.823328296904947,85.24680100221182,0.01094128106210527,-0.0008535035886758635,1,156.44970703125,0.21413123947614876,-0.017360481177745024,-0.00887286071618687
7828.39990234375,7831.2001953125,7763.25,7784.64990234375,145200,16.84000015258789,16.84000015258789,15.569999694824219,16.700000762939453,0,-0.0008535035886758635,46.055701189146596,7833.87637099122,0.272151008273795,84.0113291672324,0.010791921309388473,-0.005607176031205752,0,67.9501953125,-0.008313502872915546,-0.01413330348662345,-0.017728371290295586
7788.0498046875,7800.9501953125,7721.2001953125,7741.0,147100,16.700000762939453,17.15999984741211,15.609999656677246,16.549999237060547,0,-0.005607176031205752,43.35558563709342,7825.03100232539,-7.562206894950577,83.70694851243009,0.010813454141897699,-0.022309804329221028,0,79.75,-0.008982126887789654,-0.02584206524160282,-0.023704297628658777
7673.35009765625,7674.9501953125,7556.60009765625,7568.2998046875,188900,16.549999237060547,19.260000228881836,16.489999771118164,18.959999084472656,0,-0.022309804329221028,34.69000688786181,7800.580412074161,-27.390711352377366,90.89930235752436,0.012010531387938015,0.004366937597831466,1,118.35009765625,0.1456193328405344,-0.028621668475115825,-0.04153239769669148
7611.64990234375,7634.10009765625,7581.0498046875,7601.35009765625,157400,18.959999084472656,18.959999084472656,16.8700008392334,17.799999237060547,0,0.004366937597831466,37.27386243718367,7781.606096415313,-39.97722895140305,89.1065159726119,0.011722459145788643,-0.00493333414699082,1,53.05029296875,-0.06118142950555805,-0.02354631319159428,-0.04341615908689411
7527.4501953125,7605.10009765625,7494.35009765625,7563.85009765625,189000,17.799999237060547,19.200000762939453,17.799999237060547,18.690000534057617,0,-0.00493333414699082,35.55504231187723,7760.86742986683,-52.374332723273255,90.65247911742533,0.011984965057083177,-0.007079766557687717,0,110.75,0.05000007500809556,-0.02288462761190413,-0.029192780759689008
7587.2001953125,7588.2998046875,7487.7998046875,7510.2998046875,163900,18.690000534057617,19.190000534057617,17.149999618530273,18.709999084472656,0,-0.007079766557687717,33.200604164956275,7737.003846516418,-65.76212306371872,91.35587346618067,0.012164078111656948,0.006937152844914696,2,100.5,0.001070013367768352,-0.007663544190476879,-0.03524244520921238
7557.89990234375,7590.9501953125,7425.7998046875,7562.39990234375,215200,18.709999084472656,19.65999984741211,17.520000457763672,18.350000381469727,0,0.006937152844914696,37.53458591917652,7720.374899452354,-71.34557353948094,96.62691040609634,0.012777281240595276,-0.003385181686611949,1,165.150390625,-0.0192409791885928,-0.005124115428456588,-0.023071967143295402
7467.39990234375,7604.7998046875,7443.7998046875,7536.7998046875,200800,18.350000381469727,19.790000915527344,16.469999313354492,18.610000610351562,0,-0.003385181686611949,36.28871263335531,7702.891557093796,-76.94918983877324,101.22498823423233,0.013430765159939052,-0.013135548583687595,0,161.0,0.014168949508273077,-0.003576259790914138,-0.004162097275862475
7561.64990234375,7566.5,7427.2998046875,7437.7998046875,197500,18.610000610351562,19.690000534057617,15.670000076293945,19.420000076293945,0,-0.013135548583687595,31.881542413352307,7677.644723531292,-88.36000956227781,103.93750302553715,0.013974227023431441,-0.01167009155487031,0,139.2001953125,0.043524956441529206,-0.009653409568916249,-0.02151595320141586
7420.35009765625,7463.64990234375,7336.39990234375,7351.0,233600,19.420000076293945,20.540000915527344,18.100000381469727,20.229999542236328,0,-0.01167009155487031,28.601731373546713,7646.535702242598,-103.21735975306092,105.60268138085594,0.014365757227704522,0.011440633608522655,2,127.25,0.04170955009063837,-0.027954076096694203,-0.028140443677248994
7381.7998046875,7462.75,7364.14990234375,7435.10009765625,188300,20.229999542236328,20.229999542236328,17.93000030517578,18.43000030517578,0,0.011440633608522655,35.522871218279064,7626.3989779962785,-106.97262792707261,106.04177556793766,0.014262319830954929,-0.01691978471256972,0,98.60009765625,-0.08897673147755125,-0.013493751946017984,-0.010012876847381613
7357.0,7470.89990234375,7241.5,7309.2998046875,225600,18.43000030517578,22.110000610351562,17.190000534057617,20.969999313354492,0,-0.01691978471256972,30.724970525256566,7596.199056728776,-118.73107932100356,114.85307033763854,0.01571327943943174,-0.004446390334017725,1,229.39990234375,0.1378187176407908,-0.01727661450621676,-0.03346822449548181
7376.64990234375,7398.7001953125,7250.0,7276.7998046875,240700,20.969999313354492,21.690000534057617,17.850000381469727,20.809999465942383,0,-0.004446390334017725,29.612213222814688,7565.780080343892,-129.18307309891497,117.27072212155723,0.01611569993254657,0.020015720445019758,2,148.7001953125,-0.007629940517461797,-0.010093891349816309,-0.034497400320795735
7355.7001953125,7433.39990234375,7327.60009765625,7422.4501953125,229200,20.809999465942383,20.809999465942383,17.1200008392334,18.81999969482422,0,0.020015720445019758,40.084902628885075,7552.129615102807,-124.28095075996862,120.07996323117814,0.01617794125543776,0.0018457122204607046,1,105.7998046875,-0.09562709381011736,-0.0017013761990558596,-0.002063729836520478
7468.75,7487.14990234375,7421.2001953125,7436.14990234375,163200,18.81999969482422,19.149999618530273,17.209999084472656,18.270000457763672,0,0.0018457122204607046,40.97448266016244,7541.083928173373,-117.93109536644988,116.2135163597547,0.015628183654975293,0.00021517824106065397,1,65.94970703125,-0.029224189478164853,0.017354616864244665,0.01158344474816353
7469.60009765625,7477.89990234375,7419.7001953125,7437.75,187600,18.270000457763672,19.270000457763672,17.93000030517578,19.059999465942383,0,0.00021517824106065397,41.084509375341526,7531.242601680671,-111.48455021243717,112.0696728362901,0.015067684828918704,-0.001761298464757477,1,58.19970703125,0.04324022924931059,0.02211826622038182,0.00035640439388107126
7426.5,7468.85009765625,7409.60009765625,7424.64990234375,274500,19.059999465942383,19.059999465942383,17.260000228881836,17.899999618530273,0,-0.001761298464757477,40.420201280553236,7521.090916029536,-106.20838102774178,108.29683906226937,0.01458612062342268,0.018707939656508632,2,59.25,-0.06086043441317357,0.00029635861115506756,0.01578127874605384
7413.35009765625,7575.64990234375,7402.7998046875,7563.5498046875,298700,17.899999618530273,18.799999237060547,17.079999923706055,17.239999771118164,0,0.018707939656508632,49.70600797547165,7525.134619711247,-89.78394423136797,112.90778610469656,0.014927882941250959,-0.0010047675458274563,1,172.85009765625,-0.036871500641199484,0.0171325086256795,0.03940605866541547
7589.5,7600.4501953125,7541.25,7555.9501953125,200400,17.239999771118164,18.170000076293945,17.1299991607666,17.889999389648438,0,-0.0010047675458274563,49.25370078961898,7528.069436435176,-76.49885353783975,109.07152961953966,0.014435183769104855,-0.013287592960483763,0,59.2001953125,0.037702994614837726,0.01589192905280501,0.01798597450802819
7566.64990234375,7576.2998046875,7428.0498046875,7455.5498046875,230200,17.889999389648438,18.350000381469727,16.489999771118164,18.040000915527344,0,-0.013287592960483763,43.607980092147514,7521.162804840159,-73.22767286156795,111.86999178957254,0.015004928505639777,-0.01257452534768888,0,148.25,0.008384657965147868,0.004161799243085573,0.0026088638070131953
7392.4501953125,7419.39990234375,7350.2998046875,7361.7998046875,192000,18.040000915527344,18.940000534057617,18.020000457763672,18.59000015258789,0,-0.01257452534768888,39.10096926130758,7505.985376254192,-77.30891110253287,111.3971352331745,0.015131780025075427,0.005732320415128722,1,69.10009765625,0.030487761039255323,-0.026673983144127056,-0.010211447724446265
7411.4501953125,7457.0498046875,7365.9501953125,7404.0,222700,18.59000015258789,18.649999618530273,17.329999923706055,18.209999084472656,0,0.005732320415128722,42.00652767889506,7496.272483277602,-76.25905185212105,110.24376843080488,0.01488975802685101,0.011493800331746407,2,91.099609375,-0.020441154652832805,-0.020110004881552235,-0.0027812627686635283
7418.25,7503.14990234375,7406.64990234375,7489.10009765625,249800,18.209999084472656,18.329999923706055,16.540000915527344,18.110000610351562,0,0.011493800331746407,47.45132004362806,7495.5893989327105,-67.77885175056326,109.45134942458667,0.014614753174261884,-0.013599777854234385,0,96.5,-0.005491404675926681,0.0045000427664847464,-0.00984322295135942
7489.7001953125,7512.5498046875,7363.2001953125,7387.25,171500,18.110000610351562,20.450000762939453,17.360000610351562,20.260000228881836,0,-0.013599777854234385,42.3291095936563,7485.271360939119,-68.4872058800338,112.30122513533047,0.015202033928096445,-0.012054527014450533,0,149.349609375,0.11871891474710106,0.003457061586528809,-0.022326800859163498
7303.9501953125,7323.4501953125,7275.14990234375,7298.2001953125,212100,20.260000228881836,22.030000686645508,20.25,21.729999542236328,0,-0.012054527014450533,38.4237169932295,7467.45505945087,-75.3653913311291,112.28685888682472,0.015385554778141672,-0.011304156886925099,0,48.30029296875,0.07255672738142027,-0.014289546824351684,-0.021105030949705395
7264.2998046875,7271.85009765625,7177.75,7215.7001953125,246900,21.729999542236328,23.100000381469727,21.440000534057617,22.469999313354492,0,-0.011304156886925099,35.1848922252765,7443.4784057234065,-86.47661478903956,112.86995434580152,0.01564227327780673,-0.03317073758299127,0,94.10009765625,0.034054292991577695,-0.0365063757699422,-0.019845637378236414
7203.60009765625,7208.64990234375,6959.9501953125,6976.35009765625,292300,22.469999313354492,26.8700008392334,22.110000610351562,25.969999313354492,0,-0.03317073758299127,27.850215452096876,7398.989995431296,-113.28995588916587,123.07567189252998,0.017641842821775538,0.0006593845767279838,1,248.69970703125,0.15576324463525282,-0.05562285049832483,-0.057759306097210916
7023.64990234375,7034.7998046875,6869.0,6980.9501953125,333900,25.969999313354492,25.969999313354492,24.010000228881836,24.670000076293945,0,0.0006593845767279838,28.160177222685036,7359.176681134268,-132.63954632963032,126.12739566359927,0.018067367927691286,0.02607094949942601,2,165.7998046875,-0.05005773089843912,-0.043469621483357535,-0.0678519309019221
7057.35009765625,7182.7998046875,7056.7998046875,7162.9501953125,354200,24.670000076293945,24.670000076293945,21.799999237060547,22.3799991607666,0,0.02607094949942601,39.275586173419846,7340.488444389337,-131.7694015598563,131.5361252144136,0.01836340078149532,-0.016012982386442,0,126.0,-0.09282533070309418,-0.007310447852901025,-0.030363099216555556
7201.25,7204.64990234375,7037.7001953125,7048.25,253800,22.3799991607666,23.329999923706055,17.31999969482422,23.040000915527344,0,-0.016012982386442,35.54314089486235,7312.6562115903525,-138.7358917331403,134.06566677275904,0.019021128191077083,0.008541154940942874,1,166.94970703125,0.029490696135403116,0.010306234827278216,-0.03424819662703116
7058.85009765625,7123.7001953125,6960.64990234375,7108.4501953125,260000,23.040000915527344,23.809999465942383,20.639999389648438,21.829999923706055,0,0.008541154940942874,38.82889834995181,7293.20801956389,-137.8106374937397,136.13599721532984,0.01915129085452431,0.011718419964794835,2,163.05029296875,-0.05251740207205602,0.018263989347125253,-0.01486342241182248
7177.39990234375,7215.10009765625,7127.85009765625,7191.75,246700,21.829999923706055,22.299999237060547,19.790000915527344,21.489999771118164,0,0.011718419964794835,43.147532804814055,7283.545351033996,-128.87023294371102,134.02984758164556,0.01863661105873335,0.0026419160844022294,1,87.25,-0.01557490397508754,0.004020662422914434,0.030875730049172212
7170.5498046875,7226.85009765625,7145.9501953125,7210.75,192300,21.489999771118164,21.65999984741211,17.700000762939453,20.920000076293945,0,0.0026419160844022294,44.116651267335705,7276.61246045933,-118.88136632538499,130.23485149322445,0.0180612074324064,0.0033006004489823937,1,80.89990234375,-0.026523950716382916,0.023055368353846806,0.03291812693948226
7208.85009765625,7252.39990234375,7200.7001953125,7234.5498046875,154400,20.920000076293945,21.860000610351562,17.40999984741211,21.020000457763672,0,0.0033006004489823937,45.372799724775525,7272.606493242965,-107.80199790204824,124.62519831736914,0.017226393028163332,-0.017278200216274464,0,51.69970703125,0.004780132940011006,0.01773939549554049,0.00999582677844879
7240.2998046875,7241.7001953125,7090.7001953125,7109.5498046875,194400,21.020000457763672,24.639999389648438,21.020000457763672,23.84000015258789,0,-0.017278200216274464,40.25482859484881,7257.077284809111,-107.86457822106331,126.50911272327134,0.017794250859577747,-0.012778531956425754,0,151.0,0.13415792737448107,-0.011429790428268527,0.00869716662824116
7075.0,7090.7998046875,7009.75,7018.7001953125,199700,23.84000015258789,24.81999969482422,22.1299991607666,22.959999084472656,0,-0.012778531956425754,36.98914378106657,7234.374704857052,-113.9316447092242,124.60130500643052,0.017752760701995305,-0.006853134671341854,1,81.0498046875,-0.03691279624508337,-0.026633818214124694,-0.012625818221133955
7029.85009765625,7034.2001953125,6961.39990234375,6970.60009765625,283100,22.959999084472656,23.489999771118164,22.200000762939453,22.75,0,-0.006853134671341854,35.35383275423578,7209.253313695071,-121.22372288524275,120.90123271802477,0.017344451126765373,0.008485625558068977,1,72.80029296875,-0.009146301953238067,-0.0364846070809034,-0.030750499161365408
7039.2998046875,7052.89990234375,6985.10009765625,7029.75,206700,22.75,23.149999618530273,21.190000534057617,21.8700008392334,0,0.008485625558068977,38.92944729271724,7192.157760009826,-120.83691189162255,118.14398785870158,0.01680628583643822,-0.006074212498666354,1,67.7998046875,-0.03868128179193853,-0.011224311929692976,-0.025101411087612213
7050.4501953125,7094.60009765625,6825.7998046875,6987.0498046875,473400,21.8700008392334,22.40999984741211,19.360000610351562,20.15999984741211,0,-0.006074212498666354,37.324494153627896,7172.623669026748,-122.56307940711486,128.90515250941934,0.01844915323530955,0.03366943224623564,2,268.80029296875,-0.07818934276187384,-0.004509437608709699,-0.03421083642822342
7038.25,7235.5,7035.10009765625,7222.2998046875,275100,20.15999984741211,20.15999984741211,18.399999618530273,18.670000076293945,0,0.03366943224623564,49.64232517002203,7177.354729565867,-103.7523778376908,137.44408413821083,0.01903051491285439,0.020291361052837242,2,200.39990234375,-0.07390871936486809,0.036108757281296366,0.015858950720854637
7321.7001953125,7380.35009765625,7308.14990234375,7368.85009765625,338500,18.670000076293945,19.200000762939453,17.5,18.989999771118164,0,0.020291361052837242,55.50850217348611,7195.592383669713,-76.14166374633078,138.91595619753505,0.0188517820767882,0.014486656477644022,2,72.2001953125,0.017139780049092446,0.048237860187951176,0.049888140624328337
7429.5498046875,7483.9501953125,7406.0498046875,7475.60009765625,278600,18.989999771118164,19.020000457763672,17.90999984741211,18.040000915527344,0,0.014486656477644022,59.23375757219802,7222.259785001764,-45.12595710784262,137.21482344458613,0.018355024566871322,0.0013042431206367056,1,77.900390625,-0.050026269986357286,0.0699222571221676,0.07244713409535541
7505.39990234375,7505.89990234375,7444.10009765625,7485.35009765625,281700,18.040000915527344,18.31999969482422,17.200000762939453,17.8799991607666,0,0.0013042431206367056,59.56675360064165,7247.316005254572,-19.533868349963086,131.82803639050854,0.017611472365438918,-6.71885323921817e-06,1,61.7998046875,-0.008869276421323513,0.03642195700572026,0.06481028452736592
7486.39990234375,7527.14990234375,7442.14990234375,7485.2998046875,257000,17.8799991607666,18.979999542236328,17.40999984741211,18.469999313354492,0,-6.71885323921817e-06,59.56405082537109,7269.981129010089,0.7355096520077495,128.48317664832936,0.017164733544522782,0.006212176026787919,1,85.0,0.03299777294634931,0.01580296864341002,0.07131049783926424
7436.10009765625,7539.0,7424.2998046875,7531.7998046875,245100,18.469999313354492,18.68000030517578,17.31999969482422,17.510000228881836,0,0.006212176026787919,61.3119378011568,7294.916240979366,20.317096295694682,127.4986779814844,0.016928049242909266,-0.006060955352974129,1,114.7001953125,-0.05197612994920586,0.007517751925878224,0.04285338581474063
7545.35009765625,7547.10009765625,7447.39990234375,7486.14990234375,224700,17.510000228881836,18.239999771118164,16.270000457763672,17.899999618530273,0,-0.006060955352974129,58.63242908243053,7313.128970633117,31.785673720783052,125.51307207655694,0.016766037778279265,0.0032126384433233124,1,99.7001953125,0.022272951716194367,0.0001068493359783762,0.015918332322272244
7484.85009765625,7543.9501953125,7460.60009765625,7510.2001953125,198700,17.899999618530273,17.899999618530273,16.030000686645508,17.100000381469727,0,0.0032126384433233124,59.63334612604755,7331.89765869782,42.327338393550235,122.50143104653502,0.01631134029196644,0.0038014705260878134,1,83.35009765625,-0.04469269576030488,0.0033265722515758434,0.004628404035028177
7542.60009765625,7583.7001953125,7515.0498046875,7538.75,166900,17.100000381469727,17.399999618530273,15.59000015258789,17.100000381469727,0,0.0038014705260878134,60.84449721281305,7351.59788167898,52.38159184849792,119.00132882892537,0.015785286530117775,-0.010366427105786724,0,68.650390625,0.0,0.0009227801445512718,0.007133921813552879
7535.85009765625,7545.2001953125,7452.7998046875,7460.60009765625,193700,17.100000381469727,17.84000015258789,15.229999542236328,17.600000381469727,0,-0.010366427105786724,55.90025913430629,7361.979045105387,53.42773448978551,117.10126181435928,0.01569595746743572,0.005113516586384925,1,92.400390625,0.02923976542958573,-0.0034129432379521596,-0.003299761890069197
7457.0498046875,7508.0,7405.14990234375,7498.75,195400,17.600000381469727,17.8799991607666,14.600000381469727,17.110000610351562,0,0.005113516586384925,57.70700146539455,7375.004850333446,56.681795897248776,116.08332151735146,0.015480356261690477,0.0018402806717785491,1,102.85009765625,-0.0278408954828242,-0.0015246191865360137,-0.0043880354688836665
7557.39990234375,7585.2998046875,7479.39990234375,7512.5498046875,239600,17.110000610351562,17.270000457763672,15.5600004196167,16.84000015258789,0,0.0018402806717785491,58.37138119972608,7388.104369795736,59.68616693631884,115.35593443352279,0.015355097461256866,0.012219591930221929,2,105.89990234375,-0.015780271661727574,-0.003475403125518195,0.0035264992937804607
7534.64990234375,7613.60009765625,7517.89990234375,7604.35009765625,237400,16.84000015258789,16.8700008392334,14.899999618530273,16.3799991607666,0,0.012219591930221929,62.582334267119286,7408.699201020547,68.68293494521913,114.33410290032474,0.015035354952366521,0.013137204502793765,2,95.7001953125,-0.027315973138551164,0.019267887049080556,0.012536270657939719
7619.2001953125,7713.5498046875,7617.7001953125,7704.25,196800,16.3799991607666,17.110000610351562,14.829999923706055,16.329999923706055,0,0.013137204502793765,66.54800051279247,7436.846896161447,82.91819627938276,113.96736033824797,0.014792791035889019,0.001382341219943628,1,95.849609375,-0.0030524566313961943,0.027404567427904647,0.021953241585143335
7695.5498046875,7728.2001953125,7643.7998046875,7714.89990234375,208900,16.329999923706055,16.860000610351562,13.699999809265137,16.43000030517578,0,0.001382341219943628,66.95013782207673,7463.328134845476,93.97580695574379,111.85543393015882,0.01449862413589808,0.00020740355370829633,1,84.400390625,0.006123722102690188,0.026934942585005173,0.03408570374484876
7717.4501953125,7726.85009765625,7670.60009765625,7716.5,199600,16.43000030517578,16.8700008392334,13.949999809265137,16.350000381469727,0,0.00020740355370829633,67.0142977058114,7487.439741050668,101.69587089463676,107.88361722086177,0.013980900307245742,-0.013140659929210097,0,56.25,-0.0048691370797390165,0.014748124547594887,0.029038173028838044
7741.0,7749.39990234375,7587.7001953125,7615.10009765625,242400,16.350000381469727,18.56999969482422,15.180000305175781,17.489999771118164,0,-0.013140659929210097,59.174509770469825,7499.5978702512,98.49654563535478,111.72762363588949,0.014671852267611904,-0.0023768693023248355,1,161.69970703125,0.06972473168504978,-0.01157152251598148,0.01365053086300505
7606.5498046875,7652.89990234375,7582.25,7597.0,216800,17.489999771118164,18.040000915527344,16.809999465942383,17.639999389648438,0,-0.0023768693023248355,57.873019131960106,7508.8742635606095,93.4236015805991,108.79350068645094,0.014320587164203098,0.01819141704784788,2,70.64990234375,0.008576307632546243,-0.015282103959369908,-0.000966564869036679
7651.10009765625,7741.9501953125,7643.4501953125,7735.2001953125,232600,17.639999389648438,17.639999389648438,16.56999969482422,16.809999465942383,0,0.01819141704784788,64.32487058007581,7530.429114203646,99.4089333394868,111.37612173116872,0.014398608816700336,0.00041365536126503066,1,98.5,-0.047052151497982364,0.002423403785718925,0.0040172885501508215
7727.64990234375,7777.60009765625,7702.0,7738.39990234375,380100,16.809999465942383,16.889999389648438,15.5,16.579999923706055,0,0.00041365536126503066,64.46058330218304,7550.235855931275,103.2206777759875,108.8206914401031,0.014062427997181211,-0.0032758836421172832,1,75.60009765625,-0.013682305148332352,0.01619148837261486,0.0030460537787224684
7718.0498046875,7740.14990234375,7666.10009765625,7713.0498046875,183900,16.579999923706055,17.899999618530273,16.290000915527344,17.280000686645508,0,-0.0032758836421172832,62.43415452746739,7565.741946289011,103.0085532020803,106.33705667206003,0.013786642037166043,0.005931505845093277,1,74.0498046875,0.04221958782633006,0.015275741040871482,-0.00044711920073869926
7733.14990234375,7764.4501953125,7704.39990234375,7758.7998046875,155500,17.280000686645508,18.170000076293945,16.229999542236328,17.450000762939453,0,0.005931505845093277,64.59722450093994,7584.12840899363,105.31804473873945,103.03085926468074,0.01327922640850127,-0.02005459778469787,0,60.05029296875,0.00983796698719619,0.003050937115926411,0.018870363513078026
7736.2998046875,7736.2998046875,7588.64990234375,7603.2001953125,203800,17.450000762939453,18.059999465942383,16.889999389648438,17.829999923706055,0,-0.02005459778469787,53.3463945413376,7585.944769595427,93.51476534023641,107.8250766274714,0.014181538543986698,0.0014664749128432408,1,147.64990234375,0.021776455252291438,-0.017471274260496883,0.0008161373321706744
7636.0498046875,7638.64990234375,7591.75,7614.35009765625,165600,17.829999923706055,17.920000076293945,16.1299991607666,17.350000381469727,0,0.0014664749128432408,53.965129807239116,7588.650038934553,84.09093733361624,103.47327846434845,0.01358924624390442,-0.00891736017820488,0,46.89990234375,-0.02692089423949684,-0.012796456593767491,-0.015623396241183918
7630.39990234375,7630.75,7535.85009765625,7546.4501953125,234400,17.350000381469727,17.420000076293945,16.34000015258789,16.93000030517578,0,-0.00891736017820488,49.647002338312156,7584.631006208643,70.332778596352,102.86089445573428,0.013630368159008938,0.0011594855559287076,1,94.89990234375,-0.024207496660490935,-0.02736887337223326,-0.02480483167755565
7542.35009765625,7569.35009765625,7526.7001953125,7555.2001953125,143400,16.93000030517578,16.93000030517578,15.199999809265137,16.43000030517578,0,0.0011594855559287076,50.200014944611944,7581.828071837582,59.45008695209799,98.56010930487825,0.013045333910017137,0.015380096361092388,2,42.64990234375,-0.029533372178802697,-0.006313131150958329,-0.020465265150896528
7577.7998046875,7678.7998046875,7516.85009765625,7671.39990234375,179800,16.43000030517578,16.790000915527344,14.880000114440918,16.010000228881836,0,0.015380096361092388,56.96024068636326,7590.358722361979,59.51576002017828,103.08793771390481,0.013437956439007906,0.004894842329530746,1,161.94970703125,-0.025562998690976113,0.007492406305964261,-0.011264616247856685
7669.25,7717.39990234375,7663.35009765625,7708.9501953125,163400,16.010000228881836,16.299999237060547,14.649999618530273,16.020000457763672,0,0.004894842329530746,58.9017876402474,7601.653148357266,61.88443596538218,99.58521392630448,0.012918129110090529,0.018355287868643932,2,54.0498046875,0.0006246239062379644,0.02153330318153257,0.01390861706695512
7777.14990234375,7864.7998046875,7772.2001953125,7850.4501953125,220400,16.020000457763672,16.1200008392334,13.550000190734863,16.040000915527344,0,0.018355287868643932,65.26124558650929,7625.348105210146,74.32274975760265,103.60409931549701,0.01319721757834461,0.008184244011682829,2,92.599609375,0.001248467989523716,0.03907904388598249,0.03100725533081583
7908.14990234375,7920.60009765625,7842.75,7914.7001953125,184600,16.040000915527344,17.420000076293945,14.140000343322754,16.950000762939453,0,0.008184244011682829,67.70487588530737,7652.905447124656,88.34624062321654,101.76452776840793,0.012857660461817393,6.292681500319475e-06,1,77.85009765625,0.056733154331131797,0.03171524051228469,0.04879777782522687
7950.0498046875,7950.39990234375,7877.5498046875,7914.75,205300,16.950000762939453,17.520000457763672,15.430000305175781,17.079999923706055,0,6.292681500319475e-06,67.70677221779641,7677.8430235889755,98.33048437478556,99.69921133182523,0.012596634300745473,-0.0003411598992387743,1,72.85009765625,0.007669566661662852,0.02669621666678279,0.047589712435492704
7953.64990234375,7978.4501953125,7884.10009765625,7912.0498046875,223700,17.079999923706055,17.079999923706055,15.640000343322754,16.510000228881836,0,-0.0003411598992387743,67.47544171226917,7700.148431312644,104.81692205408126,99.31713178356985,0.01255264239170099,-0.0016114660947212922,1,94.35009765625,-0.03337234762121355,0.007846633994542218,0.031369750685299014
7891.7998046875,7923.35009765625,7873.35009765625,7899.2998046875,183300,16.510000228881836,16.860000610351562,15.34000015258789,16.3799991607666,0,-0.0016114660947212922,66.32314167461104,7719.115228776916,107.68730004151621,95.79447951331485,0.012126958323125011,-0.005601762319964343,1,50.0,-0.007874080333918898,-0.001945795828643071,0.024692027390544657
7894.7998046875,7911.0,7827.0,7855.0498046875,146300,16.3799991607666,17.030000686645508,16.1299991607666,16.56999969482422,0,-0.005601762319964343,62.343889115365315,7732.061378863638,105.17905145570057,94.95201669093522,0.012088022234343137,0.013698206928241197,2,84.0,0.01159954479806724,-0.007542903479263452,0.0005859038985747134
7828.14990234375,7974.5,7822.5498046875,7962.64990234375,202400,16.56999969482422,16.81999969482422,15.640000343322754,16.579999923706055,0,0.013698206928241197,67.45692738326957,7754.022190623649,110.59876133448324,99.02331516390414,0.012435975005601757,0.0021663642394880167,1,151.9501953125,0.0006035141258911025,0.006395320922559344,0.00605830996095702
7942.0,7991.0,7940.5498046875,7979.89990234375,206800,16.579999923706055,16.790000915527344,16.229999542236328,16.350000381469727,0,0.0021663642394880167,68.20234522962369,7775.534353644611,114.96065640949018,95.55380660308957,0.01197431142902241,-0.016623003291656557,0,50.4501953125,-0.013872107556977431,0.010203448362400502,0.008231454227076052
7967.39990234375,7992.0,7834.4501953125,7847.25,292500,16.350000381469727,16.770000457763672,15.3100004196167,16.600000381469727,0,-0.016623003291656557,57.327843752749054,7782.364415202267,106.48624402876158,99.98209218054747,0.012741035672439067,0.00032492971263820003,1,157.5498046875,0.015290519520925416,-0.0009929669297380483,-0.008190014760664055
7844.25,7889.0498046875,7788.7001953125,7849.7998046875,243700,16.600000381469727,17.239999771118164,15.630000114440918,16.540000915527344,0,0.00032492971263820003,57.46822471740962,7788.7868332484795,98.83663192173753,100.00834340872265,0.01274024126691776,-0.005592486870497626,1,100.349609375,-0.003614425576119795,-0.014172429912187035,-0.006266378188434674
7822.7001953125,7829.7998046875,7777.2998046875,7805.89990234375,146300,16.540000915527344,17.65999984741211,16.540000915527344,17.09000015258789,0,-0.005592486870497626,54.16438641368298,7790.416649352791,88.21501618742514,98.04346173667103,0.012560174094370994,-0.0075455620851691,0,52.5,0.03325267270960186,-0.021804784787951448,-0.006257108938306111
7824.7998046875,7890.25,7735.14990234375,7747.0,186500,17.09000015258789,18.079999923706055,15.609999656677246,17.459999084472656,0,-0.0075455620851691,50.01020603266318,7786.281730366811,74.18937044009999,102.11893573092667,0.013181739477336604,-0.0052214012278947175,1,155.10009765625,0.021650025077895485,-0.012775176017076006,-0.027082680387627622
7724.14990234375,7749.0,7697.25,7706.5498046875,199700,17.459999084472656,17.780000686645508,16.270000457763672,17.450000762939453,0,-0.0052214012278947175,47.325729736713484,7778.688213635448,59.12835753119907,98.52115460728905,0.012784080698130786,0.003756570196288278,1,51.75,-0.000572641584047684,-0.0182488730367949,-0.03425482788023004
7731.0,7777.5498046875,7706.85009765625,7735.5,185100,17.450000762939453,17.479999542236328,15.729999542236328,17.170000076293945,0,0.003756570196288278,49.41843816475952,7774.575050432071,48.96400849609108,96.55535784962555,0.012482109475745013,-0.00026498670900398924,1,70.69970703125,-0.01604588391996964,-0.009018806700635817,-0.014240657555194547
7717.64990234375,7738.89990234375,7678.35009765625,7733.4501953125,163600,17.170000076293945,17.5,16.059999465942383,16.950000762939453,0,-0.00026498670900398924,49.26918236426283,7770.65839756354,40.278975590424125,93.98353262375943,0.01215285936421055,0.01714624210748439,2,60.5498046875,-0.012813005962547308,-0.0017490389424938968,-0.014821984288761358
7755.25,7873.64990234375,7753.5498046875,7866.0498046875,160600,16.950000762939453,16.950000762939453,15.220000267028809,16.610000610351562,0,0.01714624210748439,58.08774285702205,7779.743293480108,43.59318958210588,97.28468793858019,0.012367667425727046,0.002765047328716186,1,120.10009765625,-0.02005900514950354,0.020696680621331343,0.007705697369458919
7873.5498046875,7896.89990234375,7837.7001953125,7887.7998046875,162000,16.610000610351562,17.18000030517578,15.020000457763672,16.420000076293945,0,0.002765047328716186,59.33637253824765,7790.034389785574,47.42805023562141,94.56433215948518,0.011988683093007536,-0.00493796850778383,1,59.19970703125,-0.01143892396603563,0.01968842410800864,0.018174752121788984
7804.64990234375,7893.10009765625,7780.89990234375,7848.85009765625,214100,16.420000076293945,17.459999084472656,15.539999961853027,16.959999084472656,0,-0.00493796850778383,56.11247207871775,7795.6358857732575,46.784980953282684,95.8240366704148,0.012208672031974325,0.006567816182767139,2,112.2001953125,0.03288666295186715,0.014922175669237259,0.01846485088336114
7871.4501953125,7916.0498046875,7849.64990234375,7900.39990234375,152700,16.959999084472656,17.170000076293945,15.960000038146973,16.329999923706055,0,0.006567816182767139,59.26686628565967,7805.6134111609235,49.86022469913405,93.77944169618874,0.011870214527794716,-0.010822236982540034,0,66.39990234375,-0.037146178937201846,0.0043668802650829175,0.02131729071730981
7881.0,7881.0,7784.2001953125,7814.89990234375,179500,16.329999923706055,17.3700008392334,14.199999809265137,17.0,0,-0.010822236982540034,52.52383671551011,7806.497838892621,44.88088319290182,95.38088922012169,0.01220500459532645,0.005867010227795566,1,96.7998046875,0.04102878624765416,-0.00924210859160346,0.010532130546417662
7831.2001953125,7873.89990234375,7772.14990234375,7860.75,205200,17.0,17.770000457763672,16.170000076293945,17.030000686645508,0,0.005867010227795566,55.45095537357756,7811.664711379038,44.12578429657697,95.83582570439872,0.012191689813872558,0.003816429729987636,1,101.75,0.001764746273265061,0.00151613321641908,-0.000673756818109883
7896.85009765625,7940.10009765625,7879.7001953125,7890.75,183400,17.030000686645508,17.030000686645508,15.739999771118164,16.3700008392334,0,0.003816429729987636,57.305766151210904,7819.196643628653,45.4244870496359,94.65827370095953,0.011996106035669554,-0.002610664088489645,1,60.39990234375,-0.03875512746923515,-0.001221444795583948,0.0003740200544575245
7846.75,7882.0498046875,7810.75,7870.14990234375,156400,16.3700008392334,16.969999313354492,15.989999771118164,16.450000762939453,0,-0.002610664088489645,55.59408636808098,7824.049334934853,44.28101860097013,93.61125415089099,0.011894469014244992,-0.011022661712474568,0,71.2998046875,0.004886983482268459,0.00706982823713842,0.0027137484373489507
7875.5,7876.2001953125,7766.7998046875,7783.39990234375,170400,16.450000762939453,17.420000076293945,15.420000076293945,17.059999465942383,0,-0.011022661712474568,48.961757078098216,7820.177960402367,35.96028384943838,94.73904961332734,0.012171936531848938,-0.0043296897826234915,1,109.400390625,0.037081986304657644,-0.009840040410425188,-0.014809376923475837
7792.2001953125,7812.39990234375,7735.75,7749.7001953125,157000,17.059999465942383,17.059999465942383,14.979999542236328,16.43000030517578,0,-0.0043296897826234915,46.63428678047455,7813.46579229857,26.343090148744523,93.4469676655004,0.012058139709975223,-0.0024065951139995434,1,76.64990234375,-0.036928439653488576,-0.01787533563824728,-0.008342999634799675
7813.9501953125,7820.60009765625,7722.2001953125,7731.0498046875,172000,16.43000030517578,16.549999237060547,15.180000305175781,16.15999984741211,0,-0.0024065951139995434,45.349456597540794,7805.616650621325,17.020265174995984,93.80074871394679,0.012132989837560405,0.002302441895789764,1,98.39990234375,-0.016433381177638595,-0.017674389863250983,-0.01649972271252742
7738.0498046875,7761.5498046875,7715.7998046875,7748.85009765625,147000,16.15999984741211,16.889999389648438,15.6899995803833,16.219999313354492,0,0.002302441895789764,46.85443855027295,7800.210312243698,10.942060829252114,90.3685523772363,0.011662188742632865,0.024009988881288802,2,45.75,0.0037128382740665433,-0.004438909104117372,-0.017983069080093728
7811.7998046875,7941.2001953125,7809.2998046875,7934.89990234375,176200,16.219999313354492,16.219999313354492,14.550000190734863,15.520000457763672,0,0.024009988881288802,59.43002614924756,7813.037892253227,20.896818928549692,97.65294846859442,0.01230676500906463,0.016981940750153468,2,131.900390625,-0.04315652806560155,0.023897660859612424,0.00822728928971439
7974.4501953125,8083.0,7948.5,8069.64990234375,264300,15.520000457763672,15.520000457763672,14.470000267028809,15.329999923706055,0,0.016981940750153468,65.75111584081583,7837.477131309468,39.207278192347076,101.25631626771268,0.012547795442563596,0.010781136858828422,2,134.5,-0.01224230209107835,0.04379742806092768,0.03677698738231405
8081.9501953125,8164.2001953125,8077.0498046875,8156.64990234375,260900,15.329999923706055,15.859999656677246,14.9399995803833,15.260000228881836,0,0.010781136858828422,69.09875308732322,7867.874538074637,60.04644396093681,100.77731460350105,0.012355233559128665,0.0026788078338353394,1,87.150390625,-0.004566190161291006,0.052627138162195886,0.05251167100340193
8166.5,8200.0,8150.7998046875,8178.5,247400,15.260000228881836,16.440000534057617,14.770000457763672,15.979999542236328,0,0.0026788078338353394,69.89464578341648,7897.457915400862,77.43216346205736,97.09323465414384,0.011871765562651323,-0.0022497893677019265,1,49.2001953125,0.04718212991843762,0.0306998324684975,0.05787702920258009
8209.849609375,8213.599609375,8134.2998046875,8160.10009765625,471000,15.979999542236328,16.360000610351562,14.300000190734863,16.049999237060547,0,-0.0022497893677019265,68.29934753298913,7922.4714565680415,88.70323737469243,95.82227537081214,0.011742781856111578,0.0024325801667495206,1,79.2998046875,0.004380456622617768,0.01120868890312443,0.05307239071825487
8179.2001953125,8215.349609375,8171.0498046875,8179.9501953125,194400,16.049999237060547,16.100000381469727,14.720000267028809,15.84000015258789,0,0.0024325801667495206,69.11824911289803,7946.993241210371,98.10647130873986,92.92422082423627,0.011359998362518914,0.00476775519028827,1,44.2998046875,-0.013084055729283395,0.0028566008407513444,0.03088259410762939
8156.89990234375,8229.5,8154.75,8218.9501953125,181700,15.84000015258789,15.9399995803833,14.960000038146973,15.09000015258789,0,0.00476775519028827,70.71869354734805,7972.893903505811,107.46676602847856,91.62606219393368,0.011148146663084857,0.00022504204686080165,1,74.75,-0.04734848439237338,0.004945918605184341,0.018501458523670022
8246.2001953125,8262.0,8209.849609375,8220.7998046875,379000,15.09000015258789,15.390000343322754,14.050000190734863,15.0,0,0.00022504204686080165,70.79599385292987,7996.503989332639,113.7231849638465,88.80637136758128,0.010802643718065472,-0.002402442641741276,1,52.150390625,-0.005964224763275183,0.007438598338846969,0.007864736517049442
8228.75,8234.7001953125,8186.0498046875,8201.0498046875,171600,15.0,15.539999961853027,14.119999885559082,15.359999656677246,0,-0.002402442641741276,68.71014240670523,8015.9845431759595,115.7534484036496,85.93808702882548,0.01047891295327893,0.007974636440766236,2,48.650390625,0.02399997711181645,0.002579430054120646,0.0027572054395672563
8235.5498046875,8294.9501953125,8216.400390625,8266.4501953125,241900,15.359999656677246,15.359999656677246,14.399999618530273,14.869999885559082,0,0.007974636440766236,71.68514258863516,8039.838414808011,121.2421082037381,86.50682299998081,0.010464809072343362,0.0007983607496653278,1,78.5498046875,-0.03190102747854895,0.005779326905654081,0.01303294032959168
8285.5,8288.900390625,8252.0498046875,8273.0498046875,174300,14.869999885559082,15.289999961853027,13.319999694824219,15.140000343322754,0,0.0007983607496653278,71.97471423252091,8062.049023367962,124.6871283596056,82.95994892408932,0.010027734739017805,-0.0083947512649023,0,36.8505859375,0.018157394743888444,0.006355829267391533,0.011381439636191315
8273.349609375,8273.349609375,8184.60009765625,8203.599609375,174900,15.140000343322754,15.829999923706055,13.979999542236328,15.670000076293945,0,-0.0083947512649023,64.49927971713976,8075.5300315591085,120.42509576893644,83.37348912370794,0.010163037336491832,-0.004089644337244347,1,88.74951171875,0.03500658658868128,0.0003109119866633314,-0.0018677064068662874
8180.25,8265.599609375,8162.85009765625,8170.0498046875,182200,15.670000076293945,16.270000457763672,14.550000190734863,15.970000267028809,0,-0.004089644337244347,61.19285660683051,8084.531914714193,113.03719298614487,84.75749073763951,0.010374170631005283,-0.007276541569812833,0,102.74951171875,0.019144874873913587,-0.011661642947980777,-0.006173365269284692
8102.25,8125.25,8063.89990234375,8110.60009765625,169700,15.970000267028809,17.079999923706055,15.65999984741211,16.579999923706055,0,-0.007276541569812833,55.74010457697784,8087.014598803913,101.21835015398756,86.28552013807598,0.010638611089087011,-0.00021576701833758705,1,61.35009765625,0.038196596523334625,-0.019636012216342036,-0.011029040084545194
8134.39990234375,8134.9501953125,8069.5,8108.85009765625,145500,16.579999923706055,17.540000915527344,14.90999984741211,17.190000534057617,0,-0.00021576701833758705,55.583093335823996,8089.094170123183,90.66548639484336,84.79728265053484,0.010457374551176414,0.012054669964487674,2,65.4501953125,0.03679135181896975,-0.011549748431221696,-0.019065027180060645
8139.39990234375,8213.2001953125,8123.14990234375,8206.599609375,169800,17.190000534057617,17.6299991607666,15.420000076293945,17.059999465942383,0,0.012054669964487674,62.01875742110781,8100.2851643376425,89.16203012356527,86.1939122938002,0.010502999585277022,-0.008023982222768011,0,90.05029296875,-0.007562598259242104,0.004473633032999302,-0.008032128039994313
8180.64990234375,8180.64990234375,8074.4501953125,8140.75,189200,17.059999465942383,18.459999084472656,15.779999732971191,17.700000762939453,0,-0.008023982222768011,56.11968691053375,8104.138958210248,81.71505674010132,89.47644813442162,0.01099117994465149,0.003617626792678852,1,106.19970703125,0.03751473136178762,0.0037173454467891442,-0.007661223410169393
8176.64990234375,8195.25,8135.7998046875,8170.2001953125,166600,17.700000762939453,17.899999618530273,16.040000915527344,17.350000381469727,0,0.003617626792678852,58.04187659484775,8110.430504600939,77.29861104590418,87.33171578999864,0.010689054576667972,0.008359624373303065,2,59.4501953125,-0.019774031999058583,0.0075658196806451805,1.8407553025401313e-05
8115.75,8244.150390625,8107.35009765625,8238.5,168600,17.350000381469727,18.450000762939453,16.290000915527344,17.520000457763672,0,0.008359624373303065,62.17966142240708,8122.627599400849,78.40595441103869,90.86518558848088,0.011029336115613386,-0.002257645126540031,1,136.80029296875,0.009798275075285412,0.0038871630326107187,0.015769474613932744
8255.400390625,8257.25,8202.150390625,8219.900390625,137000,17.520000457763672,17.700000762939453,16.389999389648438,17.260000228881836,0,-0.002257645126540031,60.431880476762245,8131.89167475553,76.89628644883851,88.31050157323226,0.010743500210045437,-0.0019708505629796313,1,55.099609375,-0.014840195324687944,0.00972273938212087,0.01369494954665007
8213.650390625,8238.349609375,8153.25,8203.7001953125,136100,17.260000228881836,18.309999465942383,16.219999313354492,18.18000030517578,0,-0.0019708505629796313,58.879480152046696,8138.730581475242,73.54486392989293,88.0811521305014,0.010736759027448365,0.008136572328440339,2,85.099609375,0.053302437085398946,0.004100266725314716,-0.00035330273200950835
8201.150390625,8285.599609375,8188.2998046875,8270.4501953125,154100,18.18000030517578,18.829999923706055,16.989999771118164,18.020000457763672,0,0.008136572328440339,63.087056431137256,8151.2753066026,75.40577376342571,88.73962731314415,0.01072972150457296,-0.021987932139331257,0,97.2998046875,-0.008800871547100964,0.0038781568625962937,0.01593221697171643
8029.10009765625,8100.7001953125,7927.0498046875,8088.60009765625,297600,18.020000457763672,21.049999237060547,16.149999618530273,18.6299991607666,0,-0.021987932139331257,48.520790837684494,8145.3062390838995,61.49786599930212,106.92968183541957,0.013219800774475607,0.0007541598771854119,1,173.650390625,0.03385120352425508,-0.01597346521601417,-0.009987527319473388
8039.35009765625,8120.64990234375,8039.35009765625,8094.7001953125,162500,18.6299991607666,19.729999542236328,18.3799991607666,18.530000686645508,0,0.0007541598771854119,48.946624854596614,8140.486615867576,50.38714416239054,105.0989763248539,0.012983677441903888,0.004095260052119798,1,81.2998046875,-0.005367604864507047,-0.013286687397752739,-0.01745461002457971
8096.0498046875,8146.35009765625,8086.85009765625,8127.85009765625,170400,18.530000686645508,18.809999465942383,17.450000762939453,17.729999542236328,0,0.004095260052119798,51.30401668277051,8139.283137942688,43.75238685135082,101.84190658736432,0.012529993216377293,0.009369009200318468,2,59.5,-0.043173292755770754,-0.01724212035483541,-0.011198468180190546
8173.10009765625,8212.400390625,8157.64990234375,8204.0,147000,17.729999542236328,17.729999542236328,15.90999984741211,16.15999984741211,0,0.009369009200318468,56.296280172827274,8145.446648614813,44.130248554153695,100.60679132889187,0.012263138874803983,0.010208434909800168,2,54.75048828125,-0.0885504644872761,0.014266980806380669,3.654505654315798e-05
8260.25,8308.150390625,8242.099609375,8287.75,279400,16.15999984741211,16.40999984741211,14.65999984741211,16.290000915527344,0,0.010208434909800168,61.02837095425306,8158.999348746735,50.60429691328136,100.85990556432817,0.012169757239821203,0.00489874928358125,1,66.05078125,0.008044620627645216,0.02384891349024776,0.002091760941539178
8313.0498046875,8356.75,8308.650390625,8328.349609375,165500,16.290000915527344,16.360000610351562,15.649999618530273,15.739999771118164,0,0.00489874928358125,63.113458637387964,8175.127944997046,58.33858515717566,98.58419802401902,0.01183718295315622,0.005085111447510116,1,48.099609375,-0.03376311316747249,0.024668209835287946,0.02964042094109942
8376.75,8398.4501953125,8364.7001953125,8370.7001953125,154200,15.739999771118164,15.970000267028809,15.149999618530273,15.579999923706055,0,0.005085111447510116,65.20476558908413,8193.753873598518,67.11177983721063,96.54965430355337,0.011534238719673667,-0.0041513850919495665,1,33.75,-0.01016517469750533,0.02031938021849089,0.034096383231071004
8379.2998046875,8381.4501953125,8319.9501953125,8335.9501953125,139000,15.579999923706055,15.699999809265137,14.829999923706055,15.359999656677246,0,-0.0041513850919495665,62.093916336182765,8207.29638042842,70.44847903282607,94.04610756758527,0.011281990098797566,0.00023394997172565546,1,61.5,-0.014120684730817179,0.005815836060752311,0.025603338540441056
8342.0,8361.9501953125,8317.7001953125,8337.900390625,155500,15.359999656677246,15.579999923706055,14.289999961853027,15.3100004196167,0,0.00023394997172565546,62.20290117274973,8219.73485759,72.41544151548442,90.48924274132916,0.010852761307040056,-0.0017630571995113087,1,44.25,-0.0032551587355544864,0.001146779577942958,0.016321354293637347
8350.0,8353.2998046875,8287.5498046875,8323.2001953125,137900,15.3100004196167,15.8100004196167,13.90999984741211,15.079999923706055,0,-0.0017630571995113087,60.78424271696852,8229.588699277858,71.95859663775991,88.72215397409137,0.010659620325371766,0.017385163388715874,2,65.75,-0.015022892854786973,-0.005674555161657713,0.0042774209299869526
8413.349609375,8475.25,8407.0498046875,8467.900390625,149800,15.079999923706055,15.079999923706055,13.760000228881836,14.850000381469727,0,0.017385163388715874,68.41940417426292,8252.285050834727,82.3236642754382,93.24555759647771,0.011011650266896376,0.006276575256050743,2,68.2001953125,-0.015251959111403202,0.015829052743945082,0.016756114692028756
8502.599609375,8526.599609375,8479.2001953125,8521.0498046875,183600,14.850000381469727,15.029999732971191,13.819999694824219,14.779999732971191,0,0.006276575256050743,70.67764625189167,8277.8816940588,93.74612164583596,90.77796196458644,0.01065337769938262,-0.00018187954806314632,1,47.3994140625,-0.004713848262649423,0.02196589134938942,0.01796141372488691
8540.4501953125,8550.25,8493.5498046875,8519.5,195500,14.779999732971191,15.40999984741211,13.869999885559082,15.329999923706055,0,-0.00018187954806314632,70.51929506950495,8300.892961291294,101.50337736955589,88.34383577515169,0.010369603354087879,0.005340689007570898,2,56.7001953125,0.03721246283299484,0.023584654950153938,0.022019062060941064
8515.75,8571.400390625,8500.7001953125,8565.0,153900,15.329999923706055,15.920000076293945,14.15999984741211,15.609999656677246,0,0.005340689007570898,72.46946725522713,8326.046012596886,110.05389535971153,87.08357574210514,0.010167376035272053,-0.0027553542761237226,1,70.7001953125,0.018264822854839213,0.011466786912432303,0.02723702595803945
8565.4501953125,8594.7998046875,8510.0498046875,8541.400390625,221700,15.609999656677246,16.31999969482422,13.920000076293945,15.640000343322754,0,-0.0027553542761237226,69.88714467682921,8346.555953361467,113.61625377382552,86.91689176052621,0.01017595333148482,-0.003828434895569499,1,84.75,0.0019218890009824463,0.0023882721500236848,0.026215901359117444
8564.0498046875,8587.099609375,8494.349609375,8508.7001953125,164300,15.640000343322754,16.200000762939453,14.109999656677246,15.989999771118164,0,-0.003828434895569499,66.35869848616304,8361.998262118708,112.50394061153747,87.33354234906005,0.010264028622982002,0.0023328603569714446,1,92.75,0.0223784795468267,-0.00126765710282295,0.004818172487322858
8514.2998046875,8540.0498046875,8476.7001953125,8528.5498046875,167900,15.989999771118164,16.229999542236328,13.920000076293945,15.800000190734863,0,0.0023328603569714446,67.43353670316964,8377.860313791927,111.933818618445,85.62040427948433,0.010039268837056596,0.004373522526303297,1,63.349609375,-0.01188240044421307,-0.004255714572387603,0.0008801732382639482
8515.4501953125,8569.900390625,8512.5498046875,8565.849609375,160300,15.800000190734863,16.209999084472656,14.140000343322754,15.989999771118164,0,0.004373522526303297,69.41128414805698,8395.76405622841,113.1870257656683,83.60113154077116,0.009759817805962046,-0.006508402848794281,0,57.3505859375,0.01202528975251016,0.002862436793951817,0.005440414270203586
8582.7001953125,8585.25,8503.4501953125,8510.099609375,150000,15.989999771118164,16.110000610351562,14.029999732971191,15.710000038146973,0,-0.006508402848794281,63.23041869115006,8406.653156528086,108.43170913439826,83.47246533696607,0.009808635523491418,0.003654550165692383,1,81.7998046875,-0.017510927891127293,0.00016446860629448778,-0.006409852962638629
8519.650390625,8548.9501953125,8489.7998046875,8541.2001953125,143200,15.710000038146973,15.960000038146973,14.4399995803833,15.5,0,0.003654550165692383,65.09758528395128,8419.46716022184,105.95130314041853,81.73517428611135,0.009569518617649129,0.011058187743255843,2,59.150390625,-0.013367284381734623,0.001483299144017014,-2.343823065831252e-05
8519.9501953125,8641.150390625,8517.2001953125,8635.650390625,150000,15.5,16.110000610351562,13.520000457763672,15.720000267028809,0,0.011058187743255843,70.06855424075543,8440.056039307856,110.33503136789295,84.7505329308534,0.009814030107432316,-0.005210956669673972,0,123.9501953125,0.014193565614761816,0.008148728314539389,0.01492004564721161
8633.75,8644.900390625,8577.150390625,8590.650390625,154800,15.720000267028809,16.149999618530273,13.949999809265137,15.619999885559082,0,-0.005210956669673972,65.29686406110197,8454.398358480918,108.92245341086709,83.53620915007816,0.00972408436516535,0.0029275331807177007,1,67.75,-0.006361347313680876,0.009465315912549732,0.007281494200030103
8599.400390625,8665.0,8572.0498046875,8615.7998046875,184100,15.619999885559082,15.670000076293945,14.470000267028809,15.430000305175781,0,0.0029275331807177007,66.66324696533933,8469.769924786306,108.58067233373004,84.20863673310829,0.009773745751066994,0.005861324676151858,2,92.9501953125,-0.012163865670636653,0.008734089784705024,0.005831318268515018
8636.9501953125,8674.7001953125,8625.25,8666.2998046875,233500,15.430000305175781,15.539999961853027,12.59000015258789,15.149999618530273,0,0.005861324676151858,69.27894726570331,8488.487056205468,111.10399858572964,82.40090486824342,0.00950819919981002,-0.003207805558776422,1,49.4501953125,-0.018146512061414932,0.0035491726362351095,0.018354684725478965
8668.2998046875,8670.349609375,8631.150390625,8638.5,157000,15.149999618530273,15.229999542236328,14.149999618530273,14.920000076293945,0,-0.003207805558776422,66.19962417648733,8502.774003233519,109.59717292677487,79.31507014551174,0.00918157899467636,-0.00022575624385023918,1,39.19921875,-0.015181488318653846,0.0055699635300276995,0.01139181876815143
8654.2998046875,8711.2998046875,8590.5,8636.5498046875,188400,14.920000076293945,15.479999542236328,14.359999656677246,15.180000305175781,0,-0.00022575624385023918,65.97807269894867,8515.514555752945,107.01206974538218,82.27826546993947,0.00952675169258942,-0.001580424402241265,1,120.7998046875,0.017426288709940785,0.002408366079805102,0.00010415128239515958
8647.4501953125,8687.2001953125,8611.400390625,8622.900390625,169400,15.180000305175781,15.789999961853027,13.960000038146973,15.6899995803833,0,-0.001580424402241265,64.35469364635236,8525.741778121712,102.67835109120824,81.8155182711938,0.009488166923526725,-0.009051569392458547,0,75.7998046875,0.03359678952270051,-0.005007836682389577,0.0037540813015968233
8635.2001953125,8635.4501953125,8529.599609375,8544.849609375,163000,15.6899995803833,16.450000762939453,14.300000190734863,16.239999771118164,0,-0.009051569392458547,55.88676460488553,8527.561571574406,91.88659066595756,83.5323088187871,0.009775749444102498,0.0007314347572768831,1,105.8505859375,0.03505418772748148,-0.01084104770793537,-0.008234893674514021
8599.9501953125,8601.400390625,8518.150390625,8551.099609375,164700,16.239999771118164,16.239999771118164,14.100000381469727,15.140000343322754,0,0.0007314347572768831,56.38170524092494,8529.803289460177,82.8829425759086,83.51214390315944,0.009766246180970793,0.015442549763450941,2,83.25,-0.06773395586813313,-0.009894019862668024,-0.013292892919558263
8600.2001953125,8689.400390625,8590.150390625,8683.150390625,157900,15.140000343322754,15.140000343322754,13.619999885559082,14.350000381469727,0,0.015442549763450941,65.252351506407,8544.407775285397,85.4182328321258,87.42561799936233,0.010068421490632452,0.0032475792173825013,1,99.25,-0.05217965283610071,0.006987208163219183,0.005168766640620381
8712.849609375,8723.5,8697.599609375,8711.349609375,172600,14.350000381469727,14.819999694824219,13.109999656677246,14.59000015258789,0,0.0032475792173825013,66.80488692098876,8560.306997579646,88.68065452480914,84.06304595476502,0.009649830362025404,-0.003799596028080332,1,25.900390625,0.016724722281406867,0.019485421933854052,0.008660843320431377
8727.7998046875,8728.349609375,8638.2001953125,8678.25,200100,14.59000015258789,14.960000038146973,12.350000381469727,14.539999961853027,0,-0.003799596028080332,63.23352422006342,8571.539664476823,87.58565248745435,84.49778653388896,0.009736731084480046,-0.011863013316336768,0,90.1494140625,-0.0034270178349514735,0.014869478363414013,0.006418908588481154
8686.7001953125,8690.099609375,8564.599609375,8575.2998046875,173600,14.539999961853027,15.25,12.710000038146973,14.920000076293945,0,-0.011863013316336768,53.6301523593834,8571.897773068315,77.51706662143624,87.42651606718259,0.010195155628190724,0.00196501420606765,1,125.5,0.026134808489537864,-0.012420674649830321,0.0035635729947887107
8572.7998046875,8601.150390625,8540.0498046875,8592.150390625,189200,14.920000076293945,14.920000076293945,13.170000076293945,14.210000038146973,0,0.00196501420606765,54.83911076438981,8573.826593787999,70.08939433257365,85.54609248649096,0.009956307629325407,0.0058657509204553815,2,61.1005859375,-0.047587133680721316,-0.01368320915759369,0.004800643557583362
8670.25,8682.349609375,8600.4501953125,8642.5498046875,224800,13.770000457763672,14.640000343322754,13.140000343322754,14.180000305175781,0,0.0058657509204553815,58.337857110444105,8580.371661492713,67.49171950916207,85.87845864817018,0.009936703934479138,-0.0021405719860551065,1,81.8994140625,-0.0021111705060279373,-0.004113755113358097,-0.004675789789537199
8639.7998046875,8667.099609375,8603.599609375,8624.0498046875,174100,14.180000305175781,14.90999984741211,12.710000038146973,14.779999732971191,0,-0.0021405719860551065,56.6043303339024,8584.53148465412,63.21158431122967,84.27999731615803,0.009772670523116487,0.0057049989769026865,2,63.5,0.04231307580271393,0.0056849324350563,-0.010021386880575855
8648.849609375,8690.7001953125,8645.0498046875,8673.25,164300,14.779999732971191,14.779999732971191,12.90999984741211,14.550000190734863,0,0.0057049989769026865,60.007895875687346,8592.980867068014,63.062644003744936,83.02073969536103,0.009572045046016319,-0.0007320911278931863,1,45.650390625,-0.015561538998085767,0.009438802358893605,-0.0005761530262438086
8694.2998046875,8696.599609375,8647.099609375,8666.900390625,191900,14.550000190734863,14.90999984741211,12.109999656677246,14.539999961853027,0,-0.0007320911278931863,59.3608240215626,8600.02082169249,61.72076872433536,80.62640114569238,0.009302795406868422,-0.0043556517669032235,1,49.5,-0.0006873009450683032,0.002817523356856144,0.010681910606487266
8667.0,8684.849609375,8614.0,8629.150390625,152300,14.539999961853027,15.010000228881836,13.270000457763672,14.239999771118164,0,-0.0043556517669032235,55.52724129997281,8602.795066352728,56.9546753433242,79.92805887635721,0.009262564129510797,0.0003997170745508871,1,70.849609375,-0.020632750448551618,0.0005914374398356959,0.004306256096305194
8628.349609375,8642.150390625,8580.0,8632.599609375,187500,14.239999771118164,14.619999885559082,13.0600004196167,13.899999618530273,0,0.0003997170745508871,55.80806669925584,8605.633594259612,52.846651821524574,78.65822542983169,0.009111765747181056,0.0020503899304304962,1,62.150390625,-0.023876415593593325,-0.004686869469345378,-0.0011513032076602148
8648.5,8661.0498046875,8620.900390625,8650.2998046875,149600,13.899999618530273,14.039999961853027,12.390000343322754,13.489999771118164,0,0.0020503899304304962,57.298217839161325,8609.88751906227,50.437855220297934,75.90759604645086,0.008775140487653085,-0.006716485056797228,0,40.1494140625,-0.029496392709646768,-0.0019154005687497255,0.0030438135904238273
8668.849609375,8683.0498046875,8583.650390625,8592.2001953125,213100,13.489999771118164,13.609999656677246,10.930000305175781,13.289999961853027,0,-0.006716485056797228,51.195805674277835,8608.20301203848,43.34110436924675,77.58558304759723,0.00902976900956338,-0.0022870033493540554,1,99.3994140625,-0.01482578299914672,-0.004282020087706839,-0.009344802085435089
8614.349609375,8622.9501953125,8547.5498046875,8572.5498046875,147500,13.289999961853027,14.210000038146973,12.350000381469727,13.569999694824219,0,-0.0022870033493540554,49.28397760589235,8604.807468481244,35.71950368828948,77.42949787455457,0.009032259903840495,0.004071179686342186,1,75.400390625,0.021068452503753887,-0.006956167018598469,-0.010886312486013905
8583.75,8622.0,8543.75,8607.4501953125,129700,13.569999694824219,14.010000228881836,12.9399995803833,13.170000076293945,0,0.004071179686342186,52.66494600461119,8605.059156750887,32.125180997360076,77.48810516922924,0.009002445952162257,0.015904758198549196,2,78.25,-0.02947675958186191,-0.004953540379234012,-0.0025147545621728717
8646.75,8750.599609375,8642.25,8744.349609375,150200,13.170000076293945,13.170000076293945,12.289999961853027,13.020000457763672,0,0.015904758198549196,63.06601691773138,8618.32491414366,39.863768261617224,82.17819866160572,0.009397862886623467,0.00478601471887985,2,108.349609375,-0.011389492609060303,0.017707852541134494,0.012945115614842129
8754.0498046875,8819.2001953125,8754.0498046875,8786.2001953125,362200,13.020000457763672,13.539999961853027,12.25,13.239999771118164,0,0.00478601471887985,65.55758849798156,8634.313036159741,48.8109843039947,81.65479775274103,0.009293528025494394,-0.0013145392127147382,1,65.150390625,0.016897028081386045,0.024922618764859905,0.01571048330040048
8793.599609375,8813.25,8759.9501953125,8774.650390625,238900,13.239999771118164,13.680000305175781,12.539999961853027,13.34000015258789,0,-0.0013145392127147382,64.2690224107903,8647.678498489766,54.34330892846265,79.62944110522382,0.009074941742442685,0.0039887629069979,1,53.2998046875,0.007552899033115512,0.019425055215951836,0.021234397612387657
8796.349609375,8824.099609375,8768.2001953125,8809.650390625,191500,13.34000015258789,13.449999809265137,12.640000343322754,12.9399995803833,0,0.0039887629069979,66.4228253467492,8663.104392978836,60.85047712223604,77.9344391736007,0.00884648490211785,0.015136765190694401,2,55.8994140625,-0.029985050047169004,0.0074677688069551,0.027658117052624442
8852.7001953125,8950.849609375,8848.4501953125,8943.0,195600,12.9399995803833,13.180000305175781,12.350000381469727,12.75,0,0.015136765190694401,73.0806705139294,8689.761117457041,75.89280876696102,82.45335200048635,0.009219876104269971,-0.002801051625573092,1,102.3994140625,-0.014683121062178062,0.017846145227962573,0.03898364754642847
8968.7001953125,8968.7001953125,8913.349609375,8917.9501953125,290100,12.75,13.359999656677246,11.949999809265137,13.149999618530273,0,-0.002801051625573092,70.26223076497226,8711.493410586132,84.81496100622644,80.51744013884446,0.009028693631992525,0.0038741867728371293,1,55.3505859375,0.0313725191004135,0.01633111272907284,0.019852887143416487
8915.5,8960.349609375,8896.0,8952.5,217200,13.149999618530273,13.229999542236328,12.050000190734863,13.119999885559082,0,0.0038741867728371293,71.87342892792779,8734.446419101738,93.59480873563552,79.36259508428415,0.008864852843818391,-0.009583893290980194,0,64.349609375,-0.002281348581099407,0.016215128074437146,0.018927386241007982
8934.2998046875,8939.150390625,8858.7001953125,8866.7001953125,175900,13.119999885559082,13.449999809265137,12.640000343322754,13.229999542236328,0,-0.009583893290980194,62.777080786411695,8747.042016836096,92.56257044331323,80.39382434165671,0.009066938384153102,-0.017041355026008564,0,80.4501953125,0.008384120246702098,-0.008531790751146184,0.010490424186683
8732.9501953125,8746.9501953125,8699.400390625,8715.599609375,184500,13.229999542236328,15.34000015258789,12.699999809265137,15.239999771118164,0,-0.017041355026008564,50.625504770360365,8744.047501839801,78.64538463587269,86.60139436635981,0.009936366773114082,0.0012621047883116798,1,47.5498046875,0.15192746019869308,-0.022690257458923724,-0.010675881230211681
8710.650390625,8739.849609375,8688.900390625,8726.599609375,184300,15.239999771118164,15.520000457763672,14.199999809265137,14.760000228881836,0,0.0012621047883116798,51.36358616289808,8742.385797795534,67.72285575954811,84.05481039376268,0.009632023257198882,0.001827767518446155,1,50.94921875,-0.03149603342816265,-0.025233218723820117,-0.02419774020183385
8743.849609375,8751.9501953125,8704.349609375,8742.5498046875,145400,14.760000228881836,15.079999923706055,13.4399995803833,14.680000305175781,0,0.001827767518446155,52.47301601325994,8742.40141749953,59.66592870747627,81.45093721831533,0.009316611176140365,0.004266467508998506,1,47.6005859375,-0.005420048947527345,-0.014001870807657801,-0.019668240658844982
8780.849609375,8847.650390625,8750.5,8779.849609375,265800,14.680000305175781,14.949999809265137,13.430000305175781,14.579999923706055,0,0.004266467508998506,55.05495152352105,8745.96791196386,55.64905086445651,83.14019784111424,0.009469433024494897,0.003251853109136782,1,97.150390625,-0.006812014944881817,0.0073718393317299125,-0.019285159522479778
8788.4501953125,8824.2998046875,8774.2001953125,8808.400390625,131700,14.579999923706055,15.199999809265137,13.640000343322754,14.9399995803833,0,0.003251853109136782,56.981400560100596,8751.91386231254,54.145302330873164,80.78015580782038,0.009170808799041051,-0.0036896597064991488,1,50.099609375,0.024691334606381732,0.00937372916274537,-0.006575141078788316
8816.099609375,8816.4501953125,8759.2998046875,8775.900390625,136500,14.9399995803833,15.149999618530273,13.770000457763672,14.779999732971191,0,-0.0036896597064991488,54.136818612439285,8754.198293580394,49.75751869537817,79.09231543761892,0.009012444526160596,0.0001424355273373923,1,57.150390625,-0.010709494772824124,0.003814743602560622,0.006918718614051134
8790.2998046875,8826.849609375,8757.2998046875,8777.150390625,148800,14.779999732971191,14.949999809265137,13.170000076293945,14.8100004196167,0,0.0001424355273373923,54.23145622156652,8756.384207584642,45.85247432345932,78.41070752689613,0.008933503932056096,0.010288054854791007,2,69.5498046875,0.0020298164538246066,-0.00030743336960092904,0.005792723799965982
8873.349609375,8893.349609375,8837.7998046875,8867.4501953125,172800,14.8100004196167,14.8100004196167,12.59000015258789,13.34000015258789,0,0.010288054854791007,60.56243875353835,8766.96192070158,49.47383452767281,81.10988689997498,0.009146923310925523,-0.00404855847332275,1,55.5498046875,-0.09925727382706273,0.006703805693295761,0.014286494605730615
8880.75,8885.2001953125,8820.2998046875,8831.5498046875,185900,13.34000015258789,13.59000015258789,12.029999732971191,13.25,0,-0.00404855847332275,57.17620898314249,8773.11314774786,48.883429344048636,79.95206573747677,0.00905300513563778,-0.012285499419638857,0,64.900390625,-0.0067466380478586885,0.006341162910411757,0.005888505795964338
8807.900390625,8809.5498046875,8715.099609375,8723.0498046875,164000,13.25,14.789999961853027,12.8100004196167,14.569999694824219,0,-0.012285499419638857,48.37316589561832,8768.345210313539,39.20851440708975,82.55907499283558,0.0094644736464156,-0.0019086689214536934,1,94.4501953125,0.09962261847729947,-0.006163798445938173,-0.009689680549528679
8748.900390625,8768.5,8690.5,8706.400390625,151400,14.569999694824219,14.569999694824219,13.770000457763672,14.25,0,-0.0019086689214536934,47.172936437942475,8762.445703676534,29.85347378303777,82.2334267790616,0.009445169425886968,0.004450748674702076,1,78.0,-0.02196291705743092,-0.018161906877428358,-0.007919415319964762
8711.2001953125,8767.0498046875,8703.150390625,8745.150390625,165500,14.25,14.350000381469727,13.489999771118164,13.850000381469727,0,0.004450748674702076,50.26587764322677,8760.798531004959,25.274983564386275,80.92385444216436,0.009253569215792627,-0.0175983698107679,0,63.8994140625,-0.028070148668791095,-0.00978304102600902,-0.0036458302040921486
8792.7001953125,8800.650390625,8558.25,8591.25,372900,13.850000381469727,19.1299991607666,13.149999618530273,18.450000762939453,0,-0.0175983698107679,40.199215924921,8744.651051861629,9.122859114566381,92.45789274093832,0.01076186733489752,0.002316355667103087,1,242.400390625,0.33212998229402113,-0.01510937202452689,-0.03114764551578808
8581.5,8637.150390625,8555.2001953125,8611.150390625,181700,18.450000762939453,18.850000381469727,16.829999923706055,17.18000030517578,0,0.002316355667103087,41.82169764284572,8731.936703172427,-2.048407901555038,91.7073429246213,0.010649836405651853,0.014742422671912614,2,81.9501953125,-0.06883471031148813,-0.010940227387493562,-0.02495591588528656
8666.150390625,8745.2001953125,8635.0,8738.099609375,137300,17.18000030517578,17.18000030517578,15.510000228881836,15.619999885559082,0,0.014742422671912614,50.96196869553846,8732.523646620291,-0.6504781945095601,94.73180447911264,0.010841236506102088,0.0035534936242527237,1,110.2001953125,-0.0908032824159335,-0.0008062504285298866,0.0017252916152574738
8770.0,8783.650390625,8736.099609375,8769.150390625,184300,15.619999885559082,15.720000267028809,14.8100004196167,14.989999771118164,0,0.0035534936242527237,52.91068054907208,8736.011907954073,2.9291641337404144,91.36173139131888,0.010418538549526154,-0.0028737328235858284,1,47.55078125,-0.040332914152154564,0.020707160264804347,0.007207341402259537
8806.349609375,8806.9501953125,8731.400390625,8743.9501953125,157200,14.989999771118164,15.149999618530273,13.90999984741211,14.930000305175781,0,-0.0028737328235858284,51.134667726362494,8736.767935321543,3.6900744328377186,90.23230805533183,0.010319398674491994,-0.003934193340149772,1,75.5498046875,-0.004002632879153589,0.015421842455809465,-0.00013724124330516396
8768.7001953125,8781.150390625,8684.650390625,8709.5498046875,163600,14.930000305175781,15.119999885559082,14.329999923706055,14.84000015258789,0,-0.003934193340149772,48.73006206789074,8734.175732404015,1.4999863901630306,90.68000033709384,0.010411559996854218,-0.0013720795655899343,1,96.5,-0.006028141376305918,-0.003267278466002943,0.013769801214898791
8721.7001953125,8723.7001953125,8663.7998046875,8697.599609375,150400,14.84000015258789,14.970000267028809,13.779999732971191,14.489999771118164,0,-0.0013720795655899343,47.88760485095293,8730.692292115538,-1.186280350710149,88.48145678623,0.010173089215426437,0.0012877340663539627,1,59.900390625,-0.02358493112337945,-0.008159374404901776,0.010039218319089827
8735.349609375,8745.7998046875,8703.9501953125,8708.7998046875,108400,14.489999771118164,14.569999694824219,13.270000457763672,14.289999961853027,0,0.0012877340663539627,48.78135120606809,8728.607293312869,-2.3839235518134956,85.6042238238207,0.009829623569684578,-0.015553256286772621,0,41.849609375,-0.013802609553091982,-0.00401996693026041,-0.003353109485735861
8671.5,8681.5498046875,8541.349609375,8573.349609375,212300,14.289999961853027,16.010000228881836,14.289999961853027,15.430000305175781,0,-0.015553256286772621,39.87478456269501,8713.820847223547,-14.100224562771473,91.45036464444065,0.010666818549477935,0.0011723284023095193,1,140.2001953125,0.07977609141819242,-0.015638029331802694,-0.022328363926718442
8594.0,8604.4501953125,8549.7998046875,8583.400390625,162800,15.430000305175781,15.430000305175781,14.329999923706055,14.890000343322754,0,0.0011723284023095193,40.739408680257085,8701.399851357019,-22.317204633320216,88.82179507162347,0.01034808945515775,-0.007339748483457642,0,54.650390625,-0.03499675639487132,-0.01312996963287505,-0.018361244186130943
8612.9501953125,8615.400390625,8506.150390625,8520.400390625,197400,14.890000343322754,16.049999237060547,14.350000381469727,15.65999984741211,0,-0.007339748483457642,37.13465567029016,8684.161807477778,-33.52632343920959,90.28095256650751,0.010595857991115497,0.01848504680288232,2,109.25,0.05171252426697581,-0.021633223668902635,-0.021717473153514688
8556.0498046875,8685.099609375,8555.900390625,8677.900390625,216600,15.65999984741211,15.65999984741211,14.300000190734863,14.539999961853027,0,0.01848504680288232,49.22942446430207,8683.565482063228,-29.36222764964441,95.59654300818555,0.011016091301469813,-0.002166512682066579,1,129.19921875,-0.07151978904675194,0.012194858020915467,-0.0022649029197396864
8697.5,8698.75,8636.7001953125,8659.099609375,172100,14.539999961853027,14.949999809265137,13.149999618530273,14.609999656677246,0,-0.002166512682066579,48.0412489904647,8681.235398950064,-27.264924579192666,93.20034741385086,0.01076328389997328,0.004654153788272275,1,62.0498046875,0.004814284388436674,0.008819257555860993,-0.005706893765745846
8693.349609375,8727.0,8678.2998046875,8699.400390625,161000,14.609999656677246,14.609999656677246,12.75,14.170000076293945,0,0.004654153788272275,50.78338993978912,8682.965398157201,-22.096149884915576,91.39320764321867,0.010505690454448966,-0.0007300027188475999,1,48.7001953125,-0.030116330644963885,0.021008402398196457,0.014702629309804705
8708.599609375,8709.099609375,8652.0498046875,8693.0498046875,157300,14.170000076293945,14.350000381469727,12.430000305175781,13.829999923706055,0,-0.0007300027188475999,50.33260901547308,8683.925817826754,-18.301331553815544,88.94010743209591,0.010231174263391115,0.0018290923188344355,1,57.0498046875,-0.023994364908769605,0.0017457464802046463,0.012774589215512
8709.849609375,8736.9501953125,8684.150390625,8708.9501953125,157100,13.829999923706055,14.449999809265137,13.100000381469727,14.329999923706055,0,0.0018290923188344355,51.49358098848063,8686.309091873016,-13.851213876416296,86.35865723605335,0.009916081192258393,-0.0020266955521803798,1,52.7998046875,0.036153290148827066,0.005757017263495534,0.022129218821096863
8721.7001953125,8722.650390625,8663.4501953125,8691.2998046875,189800,14.329999923706055,14.8100004196167,12.84000015258789,14.479999542236328,0,-0.0020266955521803798,50.093782798364536,8686.784397855348,-11.614814220316475,84.41876709865667,0.009713019800919409,-0.008750107164233856,0,59.2001953125,0.010467524028533237,-0.0009311660084331264,0.0015440847969372395
8657.2998046875,8657.2998046875,8596.599609375,8615.25,219300,14.479999542236328,14.9399995803833,13.600000381469727,14.449999809265137,0,-0.008750107164233856,44.48286909827001,8679.971598059601,-15.79693777855573,85.15315482821691,0.009884002765818392,0.0,1,60.7001953125,-0.0020718048287008406,-0.008949655924615607,-0.005063991795119738
8607.099609375,8624.849609375,8550.25,8615.25,242800,14.449999809265137,14.819999694824219,12.75,14.09000015258789,0,0.0,44.48286909827001,8673.80763633964,-18.893508226992708,84.39933015298713,0.009796503891702172,0.0026406662604103737,1,74.599609375,-0.024913471379177432,-0.010759068913143266,-0.009673125370305513
8625.0,8653.75,8581.75,8638.0,175500,14.09000015258789,14.880000114440918,13.479999542236328,14.649999618530273,0,0.0026406662604103737,46.559562717293325,8670.397385259674,-19.289470735289797,83.51366371348806,0.009668171302788615,-0.0013602685806899384,1,72.0,0.03974446131141662,-0.006132547016587053,-0.006332622718647651
8653.150390625,8669.599609375,8614.5,8626.25,165000,15.489999771118164,15.890000343322754,14.3100004196167,15.739999771118164,0,-0.0013602685806899384,45.61059315318986,8666.1928723778,-20.31719668070218,81.48408840359605,0.00944606154512054,-0.013012606868569754,0,55.099609375,0.07440274272834713,0.0012768056643741588,-0.009496000488900758
8542.7998046875,8549.5,8504.849609375,8514.0,155300,15.739999771118164,17.260000228881836,15.119999885559082,16.799999237060547,0,-0.013012606868569754,37.704382373702686,8651.698313103723,-29.845276020490928,84.33525284798205,0.009905479545217529,-0.003412004309079175,1,44.650390625,0.06734431266558283,-0.011752415774353597,-0.020399688041123243
8499.849609375,8537.650390625,8476.150390625,8484.9501953125,170500,16.799999237060547,16.799999237060547,15.489999771118164,16.469999313354492,0,-0.003412004309079175,35.96679764760225,8635.81753998075,-39.287541677500485,82.70416335884047,0.009747159553691934,-0.00603423639902867,0,61.5,-0.01964285349359296,-0.017718199199756923,-0.015124320790168566
8503.599609375,8504.0,8400.25,8433.75,224800,16.469999313354492,17.43000030517578,14.600000381469727,16.850000381469727,0,-0.00603423639902867,33.07378003785689,8616.573012363535,-50.32195295305064,84.20743740463759,0.009984578319802886,0.007505534867348507,2,103.75,0.02307231839451962,-0.02231560643385022,-0.02106729346217462
8535.75,8535.849609375,8481.4501953125,8497.0498046875,172800,16.850000381469727,16.850000381469727,14.9399995803833,16.510000228881836,0,0.007505534867348507,39.547837939879265,8605.189849727722,-53.34412035394416,85.48544968823491,0.010060603580442218,0.005472487636161372,2,54.3994140625,-0.020178050141873904,-0.0019908615589029344,-0.016317457202188024
8540.0,8559.400390625,8480.099609375,8543.5498046875,195700,16.510000228881836,17.3799991607666,15.069999694824219,16.770000457763672,0,0.005472487636161372,43.845204491242946,8599.3193692477,-51.39460341328959,85.04368765693242,0.009954139625928369,-0.013056610804363489,0,79.30078125,0.015748045140968836,0.006906299745562894,-0.009587039016084598
8067.5,8476.2001953125,8002.25,8432.0,314300,16.770000457763672,22.790000915527344,15.84000015258789,16.6200008392334,0,-0.013056610804363489,37.042370445203325,8583.38419122411,-58.1800705327114,117.63341030197296,0.013950831392548975,0.011118358633776193,2,473.9501953125,-0.008944520836958625,-0.00020749962946498002,-0.009631195677707316
8555.599609375,8598.4501953125,8510.7001953125,8525.75,263100,16.6200008392334,16.6200008392334,14.239999771118164,15.460000038146973,0,0.011118358633776193,44.79475431365229,8577.895220631337,-55.35466647490466,121.12032351701062,0.014206412751606676,-0.026912611243878892,0,87.75,-0.06979547187194557,0.0033776658925392944,0.0048084907687542255
8456.650390625,8460.599609375,8284.9501953125,8296.2998046875,266900,15.460000038146973,17.709999084472656,14.170000076293945,17.360000610351562,0,-0.026912611243878892,33.81871141440928,8551.076609589067,-70.81392769129707,129.6688578863313,0.015629721796344313,-0.022642577269069153,0,175.6494140625,0.12289783748489058,-0.028939961216629673,-0.01629763691270192
8284.849609375,8288.5498046875,8093.2001953125,8108.4501953125,359200,17.360000610351562,20.84000015258789,16.450000762939453,20.149999618530273,0,-0.022642577269069153,27.810627692280306,8508.921712991298,-97.1040421820162,134.91391156409335,0.016638680427745262,0.0003884715658204474,1,195.349609375,0.16071422293125193,-0.03837165615364091,-0.045733474359609394
8205.650390625,8210.0498046875,8089.39990234375,8111.60009765625,269500,20.149999618530273,20.190000534057617,16.899999618530273,19.5,0,0.0003884715658204474,28.041479151645973,8471.081559149865,-116.34383719795733,133.89505376264026,0.016506614250045147,-0.003901807530291679,1,120.64990234375,-0.03225804619532213,-0.04857636012594202,-0.05055857540553654
8105.10009765625,8151.25,8060.2998046875,8079.9501953125,191300,19.5,19.5,17.440000534057617,18.709999084472656,0,-0.003901807530291679,27.103601201785295,8433.830953070115,-132.6166735119641,130.82756387334453,0.016191629986685167,-0.000724026450019899,1,90.9501953125,-0.040512867462940694,-0.026077843673484424,-0.041751637178308876
8097.5498046875,8128.9501953125,8048.2998046875,8074.10009765625,161200,18.709999084472656,18.709999084472656,15.859999656677246,17.809999465942383,0,-0.000724026450019899,26.924348366764008,8399.570871602129,-144.32142002671935,127.24348006989135,0.015759462792246975,-0.017958657713704862,0,80.650390625,-0.048102600885597036,-0.004236333310169149,-0.05297480014588163
8102.10009765625,8102.4501953125,7916.39990234375,7929.10009765625,218800,17.809999465942383,19.770000457763672,15.720000267028809,19.100000381469727,0,-0.017958657713704862,22.88446072198846,8354.764131226331,-163.41406849239138,131.4439667055241,0.01657741295817131,0.009231779915716665,2,186.05029296875,0.07243127199381338,-0.02249864364648979,-0.044260660255283746
7989.14990234375,8019.0498046875,7938.14990234375,8002.2998046875,210200,19.100000381469727,20.1299991607666,17.950000762939453,18.469999313354492,0,0.009231779915716665,28.70061469785614,8321.196100127394,-170.67113475226324,128.48009101450452,0.01605539584248579,0.0038738863522509437,1,80.89990234375,-0.032984348457209656,-0.009610256096633907,-0.013091329177352007
8051.2001953125,8055.2001953125,7973.10009765625,8033.2998046875,181000,18.469999313354492,23.09000015258789,16.34000015258789,18.040000915527344,0,0.0038738863522509437,31.071601929295582,8293.777405323595,-171.93896575641156,125.16723434605777,0.015581048559026964,-0.008439844937436325,0,82.10009765625,-0.02328091033096269,-0.005053231007204562,-0.009652878843395385
8011.7998046875,8024.85009765625,7952.5498046875,7965.5,260500,18.040000915527344,18.579999923706055,16.639999389648438,17.15999984741211,0,-0.008439844937436325,28.81471794494199,8262.512890530872,-176.38139366058567,121.9945747499108,0.015315369374164936,0.018680535394827613,2,72.30029296875,-0.04878054453743419,0.004590672572605037,-0.014164715443282905
8007.9501953125,8122.25,7976.75,8114.2998046875,177900,17.15999984741211,18.8700008392334,16.8700008392334,17.610000610351562,0,0.018680535394827613,39.24479839714273,8248.39735854579,-165.9818140815396,124.47710512491717,0.015340461669041211,0.001552826240037497,1,145.5,0.026223820917301355,0.01399597649845541,0.004978846750106403
8080.64990234375,8146.5,8066.5,8126.89990234375,189700,17.610000610351562,18.610000610351562,16.81999969482422,18.059999465942383,0,0.001552826240037497,40.04587263940728,8236.826172240833,-154.93732868285406,121.30016904456595,0.01492576142221017,0.0018764842908427504,1,80.0,0.025553596819656077,0.011651513068344999,0.024946059735828863
8131.5498046875,8197.349609375,8128.7001953125,8142.14990234375,189700,18.059999465942383,18.219999313354492,16.520000457763672,17.709999084472656,0,0.0018764842908427504,41.058824279431484,8227.809384631588,-143.30205005217158,117.66799318647195,0.014451710493883286,0.01011404833415619,2,68.6494140625,-0.019379866656682787,0.02217687556885939,0.01747623821521027
8172.14990234375,8234.25,8139.25,8224.5,248000,17.709999084472656,17.989999771118164,16.040000915527344,16.850000381469727,0,0.01011404833415619,46.33190880597724,8227.494205142864,-125.98378065609904,116.04885081600966,0.014110140533285872,-0.00384213136056899,1,95.0,-0.04856006479169939,0.013580986402405237,0.02380095352608813
8244.0,8250.7998046875,8185.0498046875,8192.900390625,157700,16.850000381469727,16.889999389648438,14.34000015258789,16.690000534057617,0,-0.00384213136056899,44.680090549076674,8224.199556141162,-113.50038993232647,112.45607575772326,0.013726039668003882,-0.012950308300941793,0,65.75,-0.009495539690792199,0.008121237996571828,0.028548162780114295
8153.5498046875,8159.2998046875,8070.0498046875,8086.7998046875,171500,16.690000534057617,18.190000534057617,15.829999923706055,17.93000030517578,0,-0.012950308300941793,39.577911514491205,8211.113865526528,-110.89036827273412,113.19854077056445,0.013997940285964431,0.00518749027126697,1,89.25,0.07429596952904949,-0.006797970845552337,-0.003389078621930386
8088.75,8141.89990234375,8056.85009765625,8128.75,126500,17.93000030517578,18.299999237060547,16.920000076293945,17.290000915527344,0,0.00518749027126697,42.3795936086777,8203.269687857335,-104.23531728062972,111.18791676463127,0.013678353592450409,0.0017714780678148578,1,85.0498046875,-0.03569433233437769,-0.011642045109125143,0.00022765109432643094
8153.14990234375,8178.7001953125,8130.85009765625,8143.14990234375,115300,17.290000915527344,17.360000610351562,14.960000038146973,17.110000610351562,0,0.0017714780678148578,43.35061448786487,8197.543993998897,-96.6846689684462,106.81379380376474,0.013117011854715059,-0.005047198952388254,1,47.85009765625,-0.010410659088752938,-0.006072390229249991,0.00012281768476318788
8168.39990234375,8190.4501953125,8077.5,8102.0498046875,169800,17.110000610351562,17.110000610351562,15.510000228881836,16.850000381469727,0,-0.005047198952388254,41.215688607913336,8188.449309302574,-92.94573954579937,107.25210819724582,0.013237651061487467,0.017871996368588716,2,112.9501953125,-0.015195804769553067,0.0018857892328631998,-0.01488846681409206
8152.10009765625,8256.25,8151.75,8246.849609375,142500,16.850000381469727,16.850000381469727,14.15999984741211,15.529999732971191,0,0.017871996368588716,50.47038725916259,8194.011242642806,-77.40618660944256,110.60554299119255,0.013411854008524227,0.0018067979083868924,1,104.5,-0.07833831564479754,0.014528631016453852,0.006584874242061334
8271.7001953125,8274.9501953125,8241.9501953125,8261.75,149700,15.529999732971191,15.640000343322754,14.529999732971191,15.069999694824219,0,0.0018067979083868924,51.3197015661868,8200.4625528673,-63.16056626347108,105.06228992039307,0.012716711340865201,-0.011008587201561393,0,33.0,-0.029620093113740587,0.014564400640852071,0.02163404554804127
8230.650390625,8230.650390625,8154.4501953125,8170.7998046875,108100,15.069999694824219,16.309999465942383,14.220000267028809,16.190000534057617,0,-0.011008587201561393,46.12102150499617,8197.63752923113,-58.53497540465014,105.22211240375785,0.01287782284708445,0.006241739024219095,1,76.2001953125,0.07431989793722837,0.008485506959019729,0.0051729730508995875
8196.150390625,8228.849609375,8155.7998046875,8221.7998046875,184000,16.190000534057617,16.479999542236328,13.760000228881836,15.920000076293945,0,0.006241739024219095,49.226963422598,8199.938698322212,-50.175495667346695,102.92409042402515,0.012518437917369988,-0.004786009184091999,1,73.0498046875,-0.016676988811439086,-0.0030374998786231178,0.00965841268881884
8229.349609375,8229.400390625,8165.10009765625,8182.4501953125,144600,15.920000076293945,16.670000076293945,14.430000305175781,16.59000015258789,0,-0.004786009184091999,46.976808511278804,8198.273126607,-46.19324538834917,100.16524774864835,0.012241473563264738,-0.003525850688682164,1,64.30029296875,0.042085431726324174,-0.009598427050866998,0.009923462896819446
8128.39990234375,8225.900390625,8121.9501953125,8153.60009765625,181800,16.59000015258789,16.59000015258789,15.260000228881836,15.65999984741211,0,-0.003525850688682164,45.340419878153696,8194.018552421216,-44.848262271816566,100.43560114606633,0.012317945440436368,-0.001735417750965862,1,103.9501953125,-0.05605788406401613,-0.002105021227099768,-0.01130728898132738
8178.2001953125,8178.7001953125,8127.4501953125,8139.4501953125,203000,15.65999984741211,15.65999984741211,13.449999809265137,15.25,0,-0.001735417750965862,44.521273783212735,8188.821566029909,-44.412176401421675,96.9223439213473,0.011907726148034516,-0.004312342580149231,1,51.25,-0.026181344278867535,-0.010016007605542776,-0.01480313549641421
8126.0,8132.5,8094.85009765625,8104.35009765625,107400,15.25,15.59000015258789,13.25,14.84000015258789,0,-0.004312342580149231,42.471468218624636,8180.776664280037,-46.364399804300774,93.1850406166975,0.011498150930528816,-0.0027084460873485483,1,37.64990234375,-0.026885235895875992,-0.009544830190471698,-0.008132582931860366
8110.60009765625,8124.10009765625,8062.75,8082.39990234375,128000,14.84000015258789,14.930000305175781,13.399999618530273,14.539999961853027,0,-0.0027084460873485483,41.19416063066204,8171.407448857533,-49.11656306733312,90.91111611952269,0.011248034892849104,-0.0026106228238139684,1,61.35009765625,-0.0202156460680728,-0.008732362939036786,-0.01695491323740017
8105.85009765625,8112.5498046875,8053.25,8061.2998046875,123700,14.539999961853027,14.859999656677246,13.34000015258789,14.710000038146973,0,-0.0026106228238139684,39.95036305027079,8160.921006555625,-52.39628209707644,88.65316530294965,0.01099737851846168,-0.010196830414798908,0,59.2998046875,0.011691889734522398,-0.009601433604201737,-0.01480612624986144
8043.85009765625,8046.4501953125,7964.9501953125,7979.10009765625,122600,14.710000038146973,15.699999809265137,12.760000228881836,15.550000190734863,0,-0.010196830414798908,35.45869837486366,8143.6047295175895,-60.92599549213628,89.20291130809609,0.01117957040472499,0.0008334150796909245,1,81.5,0.05710402110194046,-0.015454663050183615,-0.0214015892256183
7972.5,8022.60009765625,7942.0498046875,7985.75,124100,15.550000190734863,15.779999732971191,12.609999656677246,15.130000114440918,0,0.0008334150796909245,36.08476516405478,8128.57094575401,-66.38402949797091,88.58486714099993,0.011092867562971535,-0.009704786651222541,0,80.55029296875,-0.027009650877315994,-0.011958069819797412,-0.01888336332606544
7965.10009765625,7970.0498046875,7893.7998046875,7908.25,106900,15.130000114440918,16.90999984741211,13.4399995803833,16.600000381469727,0,-0.009704786651222541,32.16839721376573,8107.587998539342,-76.08608999259377,88.82524772467852,0.011231972651936714,0.01575571051196545,2,76.25,0.09715798122339447,-0.01898574775726669,-0.024196893679724107
7915.0498046875,8044.64990234375,7903.7001953125,8032.85009765625,118800,16.600000381469727,16.760000228881836,14.949999809265137,15.079999923706055,0,0.01575571051196545,42.89859573244369,8100.470103217142,-72.88073256147163,92.54842338943362,0.011521243676193652,0.00024897763255693484,1,140.94970703125,-0.09156629053216292,0.006736348628561206,-0.006130580679772013
8047.5498046875,8100.5498046875,8028.39990234375,8034.85009765625,126700,15.079999923706055,15.630000114440918,14.260000228881836,15.539999961853027,0,0.00024897763255693484,43.05431158275782,8094.220578878009,-69.37931881843815,91.09138617188479,0.011337036169281611,0.008556475748073389,2,72.14990234375,0.03050398146380906,0.006148464158814093,-0.0032810722429489347
8030.60009765625,8111.10009765625,8020.7998046875,8103.60009765625,178500,15.539999961853027,16.079999923706055,14.65999984741211,15.279999732971191,0,0.008556475748073389,48.275940728223965,8095.113866380699,-60.36106795060914,91.03487951451802,0.011233881042679713,0.01014360358861044,2,90.30029296875,-0.016731031500648252,0.02470206400357222,0.015603263334993178
8119.64990234375,8197.0,8114.75,8185.7998046875,127600,15.279999732971191,15.579999923706055,14.529999732971191,15.470000267028809,0,0.01014360358861044,53.737948509008994,8103.750622409918,-46.05036978157659,91.20380971660602,0.011141710265669978,-0.0007696016073948098,1,82.25,0.012434590142540003,0.01904052797846645,0.02505084740788277
8210.099609375,8212.0,8133.7998046875,8179.5,118300,15.470000267028809,16.3799991607666,14.640000343322754,15.829999923706055,0,-0.0007696016073948098,53.2736326427055,8110.964848847068,-34.8160423047666,90.27498011631272,0.011036735756013535,0.0015587749862460143,1,78.2001953125,0.023270824205770202,0.01800281281986127,0.034299623810577495
8196.0498046875,8219.099609375,8148.60009765625,8192.25,127300,15.829999923706055,16.420000076293945,14.899999618530273,15.960000038146973,0,0.0015587749862460143,54.137326033963674,8118.706291814014,-24.600360751085645,88.86244665934396,0.010847135604912442,-0.00021361652781592966,1,70.49951171875,0.008212262480572496,0.010939570225015238,0.019843505157684627
8202.650390625,8218.5,8180.89990234375,8190.5,132400,15.960000038146973,16.100000381469727,14.899999618530273,15.890000343322754,0,-0.00021361652781592966,53.989815861412545,8125.543787831727,-16.45587679021355,85.20085030198011,0.010402399157802346,0.01017029542610337,2,37.60009765625,-0.004385945780507994,0.0005741888910852921,0.019371848939553127
8226.650390625,8282.650390625,8223.7001953125,8273.7998046875,159100,15.890000343322754,15.890000343322754,14.449999809265137,15.050000190734863,0,0.01017029542610337,59.628647032818115,8139.663408484657,-3.2423408140011816,85.69724603933868,0.01035766492570767,-0.0036259035398709116,1,58.9501953125,-0.05286344458393122,0.011528798176844601,0.021002974601433744
8281.849609375,8306.849609375,8233.25,8243.7998046875,139400,15.050000190734863,15.09000015258789,13.920000076293945,14.90999984741211,0,-0.0036259035398709116,56.92291842424989,8149.581160503976,4.753931997151994,84.83312913474306,0.010290537269780152,-0.0009401004613908137,1,73.599609375,-0.00930234827564591,0.006292508735390223,0.007085440810168153
8259.349609375,8263.0,8227.75,8236.0498046875,99100,14.90999984741211,15.640000343322754,13.819999694824219,15.479999542236328,0,-0.0009401004613908137,56.2132861103174,8157.816269473836,10.346408621307091,81.29147705368999,0.00987020221847413,0.0063804622280927425,2,35.25,0.0382293561809226,0.005561297196447157,0.006913601648939505
8262.7001953125,8293.7998046875,8261.0,8288.599609375,142900,15.479999542236328,15.479999542236328,14.029999732971191,15.199999809265137,0,0.0063804622280927425,59.86674863937658,8170.2718256549,18.802078046968745,79.60994297842642,0.009604751915918567,0.01110570972035907,2,32.7998046875,-0.01808783858211538,0.0017887554735267486,0.011761068006347353
8327.7998046875,8389.0,8322.25,8380.650390625,186500,15.199999809265137,15.199999809265137,13.539999961853027,14.8100004196167,0,0.01110570972035907,65.32463404749024,8190.307879461576,32.55570384431849,81.09497495318168,0.009676453637046886,0.003167988574872327,1,66.75,-0.025657854904097666,0.016600425675024955,0.023215968576399515
8391.0498046875,8417.2001953125,8382.2998046875,8407.2001953125,172600,14.8100004196167,14.869999885559082,13.460000038146973,14.609999656677246,0,0.003167988574872327,66.73000613584469,8210.964290494998,45.07826455697614,77.91317707706155,0.009267434492698609,-0.0008148474852923693,1,34.900390625,-0.013504440058930811,0.02078064055994311,0.016123231619578515
8457.650390625,8461.0498046875,8373.150390625,8400.349609375,185300,14.609999656677246,14.649999618530273,13.380000114440918,14.380000114440918,0,-0.0008148474852923693,65.98685224811774,8229.000987531188,53.82918971795516,78.62647971887858,0.00935990564382338,0.0014821044232022906,1,87.8994140625,-0.01574261106373198,0.013482374015702625,0.01899000562804609
8390.9501953125,8426.7001953125,8374.400390625,8412.7998046875,124100,14.380000114440918,15.25,13.430000305175781,15.069999694824219,0,0.0014821044232022906,66.71241177500049,8246.50563678417,61.06506757877469,76.74600293092297,0.009122528137203635,-0.0017592008642893786,1,52.2998046875,0.047983280590545796,0.0038361478601307564,0.021460530738826256
8415.0498046875,8440.900390625,8378.2998046875,8398.0,122000,15.069999694824219,15.619999885559082,13.979999542236328,15.390000343322754,0,-0.0017592008642893786,64.93905272556549,8260.933671376153,64.85769324874673,75.73561600282132,0.009018291974615542,0.002262443438914019,1,62.6005859375,0.021234283674766097,-0.0010943233298559285,0.013198899184520885
8403.849609375,8460.2998046875,8397.400390625,8417.0,163800,15.390000343322754,15.390000343322754,13.609999656677246,15.180000305175781,0,0.002262443438914019,66.1819104175672,8275.79713124509,68.6056741212451,74.81874443565552,0.008889003734781456,0.0021503634757038537,1,62.8994140625,-0.013645226345825545,0.0019821068645069495,0.004337325587004948
8418.400390625,8445.150390625,8404.0498046875,8435.099609375,165900,15.180000305175781,15.279999732971191,14.039999961853027,15.020000457763672,0,0.0021503634757038537,67.36859108940948,8290.96879582889,72.20413881056811,72.41030454293012,0.008584404203413476,-0.010165855054597661,0,41.1005859375,-0.010540174189427098,0.0026506995536819122,0.0033185142989762273
8404.349609375,8423.650390625,8340.9501953125,8349.349609375,202600,15.020000457763672,15.869999885559082,13.850000381469727,15.789999961853027,0,-0.010165855054597661,57.13882478877794,8296.528873309473,67.36015372316433,73.96309808004226,0.008858546059323399,0.005048344194100052,2,82.7001953125,0.051264945447544896,-0.005793092477375583,-0.00607117588809436
8329.599609375,8404.150390625,8327.2001953125,8391.5,195000,15.789999961853027,16.3700008392334,15.5,15.90999984741211,0,0.005048344194100052,60.327769736864894,8305.573742518096,66.15979595556018,74.17646216807495,0.008839475918259542,0.010045856484240057,2,76.9501953125,0.007599739445787845,-0.00302958298681244,-0.002531833061762856
8407.0498046875,8480.9501953125,8398.150390625,8475.7998046875,179200,15.90999984741211,15.960000038146973,14.390000343322754,15.289999961853027,0,0.010045856484240057,65.80711145315638,8321.785748438992,71.19015766877055,75.26744310696245,0.008880276179403878,0.014977960574563243,2,82.7998046875,-0.03896919494062279,0.00482509954799637,0.009264087245475006
8499.4501953125,8612.599609375,8493.9501953125,8602.75,292500,15.289999961853027,15.430000305175781,14.40999984741211,15.170000076293945,0,0.014977960574563243,72.06445979066567,8348.54424858766,84.44712151266867,79.66261179128655,0.009260133305197355,0.00447531312661642,1,118.6494140625,-0.007848259375962674,0.030349716143215577,0.022068432933349147
8610.5,8672.7001953125,8606.900390625,8641.25,275400,15.170000076293945,16.1299991607666,14.930000305175781,16.010000228881836,0,0.00447531312661642,73.63994008009988,8376.420986817406,96.94249635888264,78.96886775708751,0.009138593115242299,-0.0009836539852451365,1,65.7998046875,0.05537245539639479,0.0297622594291842,0.02443959172644261
8635.5498046875,8662.599609375,8617.75,8632.75,304700,16.010000228881836,16.860000610351562,15.390000343322754,16.670000076293945,0,-0.0009836539852451365,72.66556219685856,8400.833273787177,104.94949948501744,76.53177787265268,0.008865283701329552,-0.008276643631809133,0,44.849609375,0.041224224733081405,0.018517449553928866,0.0339428103845103
8629.4501953125,8631.75,8552.400390625,8561.2998046875,521000,16.670000076293945,17.09000015258789,15.710000038146973,16.829999923706055,0,-0.008276643631809133,64.89273124472363,8416.115800539588,104.32705616022213,76.80448012282035,0.008971123763329513,0.01811647640847469,2,79.349609375,0.00959807118655287,-0.004818249433320765,0.02023473809062737
8570.349609375,8722.400390625,8537.5,8716.400390625,327700,16.829999923706055,17.43000030517578,13.800000190734863,13.970000267028809,0,0.01811647640847469,71.91554675338402,8444.714332928676,115.02317088184645,84.52561658726177,0.009697307695751795,0.002047818890261066,1,184.900390625,-0.16993462089377476,0.008696703674236916,0.02838677074515572
8724.75,8757.599609375,8685.7998046875,8734.25,283500,13.970000267028809,13.970000267028809,12.640000343322754,13.520000457763672,0,0.002047818890261066,72.5949761924598,8472.28915836404,123.51641284030666,83.61663002299306,0.009573418441536832,0.0007671174184962215,1,71.7998046875,-0.03221186833669576,0.011757551185890946,0.015285809770131609
8735.150390625,8748.25,8707.75,8740.9501953125,191000,13.520000457763672,13.600000381469727,11.779999732971191,13.130000114440918,0,0.0007671174184962215,72.86039115420881,8497.875923787702,129.29755630459658,80.53687073563641,0.009213743235698315,0.006875638006406781,2,40.5,-0.028846178263167266,0.020984008821491873,0.011537705229278217
8785.4501953125,8814.099609375,8770.2001953125,8801.0498046875,194400,13.130000114440918,13.609999656677246,11.0600004196167,13.399999618530273,0,0.006875638006406781,75.18220442956206,8526.74962673054,137.14773661787694,80.00919525898381,0.00909086950245076,-0.0037211469911869743,1,43.8994140625,0.020563556872509103,0.009711510516835054,0.019495503134864256
8805.7001953125,8809.2998046875,8741.0498046875,8768.2998046875,226300,13.399999618530273,13.720000267028809,12.239999771118164,13.510000228881836,0,-0.0037211469911869743,71.58811427255483,8549.754405583582,139.12269000727974,79.16925274048496,0.009029031226573865,8.55353964515082e-05,1,68.25,0.008209001006197703,0.0038984234121417494,0.024178571563007623
8774.5498046875,8791.25,8715.0,8769.0498046875,218700,13.510000228881836,13.760000228881836,11.4399995803833,13.350000381469727,0,8.55353964515082e-05,71.62157203457876,8570.639681688717,139.14440346043193,78.96073468759319,0.00900448012570127,0.0010663168924529565,1,76.25,-0.011843067705510468,0.003214708784185616,0.00604027026100451
8795.5498046875,8821.400390625,8724.099609375,8778.400390625,187500,13.350000381469727,13.779999732971191,11.399999618530273,13.239999771118164,0,0.0010663168924529565,72.06327925758384,8590.426415873124,138.32163990494882,80.2707380134794,0.009144119024145391,0.0017257602055471555,1,97.30078125,-0.008239745858303338,-0.0025734900455212095,0.005054857672381674
8812.349609375,8822.099609375,8771.2001953125,8793.5498046875,225900,13.239999771118164,13.329999923706055,11.369999885559082,13.180000305175781,0,0.0017257602055471555,72.80190815814076,8609.771500522113,137.30920986612364,78.17278630269516,0.008889787177986332,0.001307776751758416,1,50.8994140625,-0.004531681796042464,0.00287969168053559,0.006017607719948748
8819.7998046875,8826.900390625,8754.2001953125,8805.0498046875,204900,13.180000305175781,13.760000228881836,11.569999694824219,13.6899995803833,0,0.001307776751758416,73.37733366229367,8628.369434252148,135.86859704520612,77.78188694625264,0.0088337815993777,-0.0014480326951941125,1,72.7001953125,0.038694936524944046,0.00410534787711625,0.0004544912355648467
8819.900390625,8820.4501953125,8772.5,8792.2998046875,188300,13.6899995803833,14.010000228881836,12.100000381469727,13.800000190734863,0,-0.0014480326951941125,71.56943011134699,8643.981850484086,132.17445768927064,75.65105182955601,0.008604239335563106,-0.007688501401983627,0,47.9501953125,0.008035106919154655,0.0015833652424128708,0.002737132686449595
8778.9501953125,8807.900390625,8712.849609375,8724.7001953125,216100,13.800000190734863,14.460000038146973,11.729999542236328,14.210000038146973,0,-0.007688501401983627,62.74278245658357,8651.669311896316,122.38136590539943,77.03674678815915,0.00882972996935167,0.006109070053333943,2,95.05078125,0.029710133459807997,-0.007829558131154157,-0.005057515963849735
8739.0,8783.9501953125,8719.599609375,8778.0,184600,14.210000038146973,14.210000038146973,11.4399995803833,13.729999542236328,0,0.006109070053333943,66.27454991330531,8663.700806001429,117.56589247823104,76.13059244168349,0.008672885901308212,0.004978377228582742,2,64.3505859375,-0.033779063660948294,-0.0030720785557737385,-4.561088662891066e-05
8883.7001953125,8896.4501953125,8804.25,8821.7001953125,298300,13.729999542236328,13.770000457763672,12.470000267028809,13.430000305175781,0,0.004978377228582742,68.87934107953859,8678.748366888198,115.93935887813313,79.15342121817038,0.008972581187947122,0.0065180179247708026,2,92.2001953125,-0.02184990874454784,0.0033438794488473977,0.0032012544706341295
8818.5498046875,8886.25,8809.7998046875,8879.2001953125,167800,13.430000305175781,13.850000381469727,12.40999984741211,13.609999656677246,0,0.0065180179247708026,71.94927098053758,8697.839017214323,117.9306575233204,78.96033365347964,0.008892730416773834,0.003226575978951818,1,76.4501953125,0.013402780894360422,0.017708344876194992,0.008421348234228576
8890.75,8920.7998046875,8860.9501953125,8907.849609375,175700,13.609999656677246,14.279999732971191,11.890000343322754,13.529999732971191,0,0.003226575978951818,73.35939201207707,8717.84002599153,120.43227601643412,77.59528191930251,0.008710888185363832,0.0021386509747480797,1,59.849609375,-0.0058780254022127165,0.01479261897641826,0.01314215930465612
8931.599609375,8960.75,8905.25,8926.900390625,247100,13.529999732971191,14.039999961853027,12.720000267028809,13.699999809265137,0,0.0021386509747480797,74.28510986597593,8737.750536909005,122.53950637694834,76.01704749649518,0.008515503049225017,0.0014114204061503877,1,55.5,0.012564676988106038,0.011925161021500097,0.023175603835778213
8956.400390625,8982.150390625,8927.5498046875,8939.5,377200,13.699999809265137,13.960000038146973,12.920000076293945,13.399999618530273,0,0.0014114204061503877,74.90616550741282,8756.9647714891,123.79910576764269,74.53368696103124,0.008337567756701296,-0.004787717958219084,0,54.6005859375,-0.02189782444609789,0.00679113021005362,0.018398268398268414
8943.7001953125,8951.7998046875,8888.650390625,8896.7001953125,189900,13.399999618530273,14.270000457763672,13.399999618530273,13.680000305175781,0,-0.004787717958219084,68.82532646870324,8770.272907091328,119.96092593322828,73.72052461113614,0.008286277270529815,-0.0019221268068030373,1,63.1494140625,0.020895574225114677,-0.00125163923409366,0.008501762510570554
8898.9501953125,8914.75,8867.599609375,8879.599609375,293600,13.680000305175781,14.029999732971191,13.170000076293945,13.789999961853027,0,-0.0019221268068030373,66.50239128818376,8780.684973975487,114.2225795957711,71.8226578978407,0.00808850185339562,0.007455313102474381,2,47.150390625,0.008040910396444056,-0.005298679180925414,4.4983112635677e-05
8904.400390625,8960.7998046875,8898.599609375,8945.7998046875,205900,13.789999961853027,13.800000190734863,13.210000038146973,13.579999923706055,0,0.007455313102474381,70.63439519808531,8796.41019594806,113.70596964581819,72.49248199888778,0.00810352160584932,-0.0051476453411544165,0,62.2001953125,-0.015228429204343086,0.0007047155531629823,0.004260309387414951
8982.849609375,8992.5,8879.7998046875,8899.75,218800,13.579999923706055,13.619999885559082,13.029999732971191,13.359999656677246,0,-0.0051476453411544165,64.65947262445854,8806.252082048244,108.33193504162955,75.36446152128865,0.008468154894383398,-0.0002472199008398679,1,112.7001953125,-0.01620031430521318,0.0003428017827449281,-0.0030414129694460446
8883.5,8907.099609375,8860.099609375,8897.5498046875,202600,13.359999656677246,13.600000381469727,12.569999694824219,13.350000381469727,0,-0.0002472199008398679,64.379264844078,8814.947103251983,102.71144294741862,73.33842855548232,0.008242542066676087,0.00740657732427441,2,47.0,-0.0007484487623112823,0.0020215095389604087,-0.0046926780370826204
8915.099609375,8967.7998046875,8914.0,8963.4501953125,174800,13.350000381469727,13.729999542236328,12.8100004196167,13.640000343322754,0,0.00740657732427441,68.74783732135184,8829.090254876794,102.39443394400587,73.11782651580502,0.008157330595091888,-0.0018463654426456033,1,53.7998046875,0.0217228429637768,0.0019730366216950124,0.007502781765667432
8977.75,8977.849609375,8932.7998046875,8946.900390625,173400,13.640000343322754,14.010000228881836,13.09000015258789,13.880000114440918,0,-0.0018463654426456033,66.54077749668448,8840.310267805195,99.65896459082978,71.11296781378323,0.007948335703871127,-0.0025260799775062015,1,45.0498046875,0.01759529069481669,0.005297945518132563,0.007579258548881418
8950.7001953125,8957.0498046875,8891.9501953125,8924.2998046875,177800,13.880000114440918,14.289999961853027,12.6899995803833,14.079999923706055,0,-0.0025260799775062015,63.540791719095665,8848.309271317796,94.57718015568207,70.683442211013,0.007920334789053863,0.0003025666294942386,1,65.099609375,0.014409208041508137,0.003006445660569179,-0.002403362524246777
8914.5,8945.7998046875,8899.5,8927.0,171500,14.079999923706055,14.779999732971191,12.600000381469727,14.390000343322754,0,0.0003025666294942386,63.751066275064225,8855.803626430386,89.73332268691229,68.94175381647635,0.0077228356465191385,0.0008457269729471584,1,46.2998046875,0.022017075376169704,-0.004066536268764187,0.003061883760779871
8953.7001953125,8975.7001953125,8903.9501953125,8934.5498046875,152700,14.390000343322754,14.390000343322754,13.579999923706055,13.960000038146973,0,0.0008457269729471584,64.36982686468366,8863.303262454874,85.51793931537577,69.14234282958519,0.007738760692039542,0.017062996865551794,2,71.75,-0.029881882899002843,-0.001380431814178018,0.004158448203404053
9091.650390625,9122.75,9060.5,9087.0,270300,13.960000038146973,13.960000038146973,11.09000015258789,12.399999618530273,0,0.017062996865551794,74.01527621737185,8884.607713649648,93.40199425644641,77.6464751497934,0.008544786524682888,-0.0002421255983823256,1,62.25,-0.11174788075600683,0.018231144053121318,0.013783733048699398
9086.849609375,9106.5498046875,9075.5,9084.7998046875,240600,12.399999618530273,12.529999732971191,11.199999809265137,12.420000076293945,0,-0.0002421255983823256,73.70516292901735,8903.673627081824,98.33903603142971,74.31814154534388,0.008180493037061512,0.0075841396735512046,2,31.0498046875,0.0016129401918516528,0.017676689222303033,0.015413093701925895
9129.650390625,9158.4501953125,9128.5498046875,9153.7001953125,208600,12.420000076293945,12.420000076293945,11.34000015258789,11.90999984741211,0,0.0075841396735512046,76.9606394372263,8927.48568119903,106.58274338611409,74.2704450510336,0.008113707404254577,0.0006936658662091144,1,29.900390625,-0.041062820108614395,0.024528420056489253,0.025705141652066388
9207.7998046875,9218.400390625,9147.599609375,9160.0498046875,286700,11.90999984741211,12.109999656677246,10.390000343322754,11.850000381469727,0,0.0006936658662091144,77.24029325420562,8949.63464534079,112.33339185190925,74.02261192238835,0.008081027232462047,-0.0036244557639315556,1,70.80078125,-0.005037738598747343,0.008038935257785873,0.02610617281141492
9166.9501953125,9167.599609375,9116.2998046875,9126.849609375,332100,11.850000381469727,12.3100004196167,11.4399995803833,12.020000457763672,0,-0.0036244557639315556,72.29878375225977,8966.512260963096,112.91028442152674,72.39955426275347,0.007932589815919114,-0.0005861397529225432,1,51.2998046875,0.014345997537669408,0.004628589026893337,0.021523166683408146
9133.9501953125,9147.75,9087.2001953125,9121.5,247700,12.020000457763672,12.15999984741211,11.029999732971191,11.9399995803833,0,-0.0005861397529225432,71.50497099940091,8981.27299801423,111.6487894256843,71.5531435788068,0.007844449222036594,-0.009981889457600146,0,60.5498046875,-0.006655646783166214,-0.0035177244857755863,0.0037966325519973587
9047.2001953125,9072.900390625,9019.2998046875,9030.4501953125,232300,11.9399995803833,12.359999656677246,11.579999923706055,12.270000457763672,0,-0.009981889457600146,59.52563496277011,8985.956540614065,102.12485548605582,73.74221870264202,0.008165951542584213,0.006184587497530369,2,53.6005859375,0.027638265408530094,-0.014148352043749757,-0.005982477384582241
9048.75,9099.0498046875,9048.599609375,9086.2998046875,191800,12.270000457763672,12.270000457763672,11.239999771118164,11.84000015258789,0,0.006184587497530369,63.55854075317436,8995.513041954391,97.95450735830127,73.37488946495331,0.008075332208067821,0.002388232369495924,1,50.4501953125,-0.03504484834014043,-0.0044429136474263276,-0.00736318528976021
9104.0,9133.5498046875,9089.400390625,9108.0,203700,11.84000015258789,12.100000381469727,10.710000038146973,11.979999542236328,0,0.002388232369495924,65.01709339902558,9006.226085577782,95.30191962093522,71.50882593174236,0.007851210576607637,-0.006895015885759803,0,44.1494140625,0.011824272621976162,-0.0014800197335964604,-0.005682262192599041
9093.4501953125,9094.849609375,9024.650390625,9045.2001953125,202700,11.979999542236328,12.569999694824219,11.34000015258789,12.4399995803833,0,-0.006895015885759803,57.80633242194789,9009.937905552517,87.12794857389781,72.35459617768934,0.007999225513569696,0.006146863328001739,2,70.19921875,0.038397333532877775,0.0016333626431666026,-0.008946067652810918
9081.5,9110.400390625,9079.7998046875,9100.7998046875,183300,12.4399995803833,12.4399995803833,11.460000038146973,12.119999885559082,0,0.006146863328001739,61.841343703595065,9018.591419755849,84.16622558321251,71.84356754446154,0.007894203705860825,0.004724859454424246,2,30.6005859375,-0.025723449004679044,0.00159580910950341,-0.00226938500383711
9128.7001953125,9153.150390625,9109.099609375,9143.7998046875,243400,12.119999885559082,12.239999771118164,11.449999809265137,12.09000015258789,0,0.004724859454424246,64.65641545316525,9030.516027844578,84.31682750694017,70.45121171539286,0.007704806887753227,0.003275464899958447,1,44.05078125,-0.0024752255160443992,0.0039305890082894646,0.012551933394620463
9142.599609375,9183.150390625,9136.349609375,9173.75,323400,12.09000015258789,12.449999809265137,11.75,12.149999618530273,0,0.003275464899958447,66.5096563916828,9044.157358526047,85.86313430964037,68.76189525357908,0.007495505682363165,0.0,1,46.80078125,0.004962734920192613,0.014211935823611466,0.009624401262589455
9158.900390625,9191.7001953125,9152.099609375,9173.75,190900,12.149999618530273,12.510000228881836,11.489999771118164,12.420000076293945,0,0.0,66.5096563916828,9056.4995148569,86.09613098629052,66.67894458814486,0.007268450152679642,0.006987285393105225,2,39.6005859375,0.022222260595949894,0.008015800465682732,0.007218928414580494
9220.599609375,9245.349609375,9192.400390625,9237.849609375,139100,12.420000076293945,12.760000228881836,11.40999984741211,11.489999771118164,0,0.006987285393105225,70.3664788025517,9073.770952430052,90.41088490262518,67.0304206443488,0.007256063205047547,0.002955317785461098,1,52.94921875,-0.07487925116448857,0.010285636901114836,0.021298524068305014
9264.400390625,9273.900390625,9215.400390625,9265.150390625,184800,11.489999771118164,11.890000343322754,10.890000343322754,11.550000190734863,0,0.002955317785461098,71.85324522289918,9091.997565591475,94.93890673277019,66.42110488403817,0.007168918159304438,-0.00034540133484917135,1,58.5,0.005221968739069993,0.009963252827360769,0.01805891673969673
9245.7998046875,9267.9501953125,9218.849609375,9261.9501953125,186100,11.550000190734863,11.770000457763672,11.029999732971191,11.289999961853027,0,-0.00034540133484917135,71.40102495470873,9108.18353032681,97.14929108493197,65.18392495928545,0.007037818557076157,-0.006872244968150865,0,49.1005859375,-0.022510841955691197,0.009614410171685517,0.012921366734695017
9223.7001953125,9250.5,9188.099609375,9198.2998046875,190000,11.289999961853027,11.8100004196167,10.3100004196167,11.6899995803833,0,-0.006872244968150865,62.919083071226034,9116.766032646878,92.6964352302457,65.80297217201506,0.007153819028434095,-0.0018318178068531532,1,62.400390625,0.03542955003381776,-0.00428127825845559,0.002676092621610504
9225.599609375,9225.650390625,9174.849609375,9181.4501953125,135800,11.6899995803833,11.920000076293945,11.239999771118164,11.619999885559082,0,-0.0018318178068531532,60.85806209209449,9122.926429091223,86.80723248534741,64.73138710615684,0.007050235608662869,0.006050221207523521,2,50.80078125,-0.00598799806132444,-0.009033873362400358,0.0008393727006403839
9184.5498046875,9242.7001953125,9172.849609375,9237.0,200100,11.619999885559082,11.829999923706055,10.239999771118164,11.399999618530273,0,0.006050221207523521,64.93598535561071,9133.790578701584,85.6352519909342,65.0970441655385,0.007047422774227401,-0.003632110499891761,0,69.8505859375,-0.018932897521127923,-0.002693838207543764,-9.197047050191198e-05
9242.5,9246.400390625,9161.7998046875,9203.4501953125,161800,11.399999618530273,12.069999694824219,10.789999961853027,11.630000114440918,0,-0.003632110499891761,60.81501325307219,9140.424827902625,81.06479565139671,66.49015429210718,0.007224481350045436,-0.005720723153564311,0,84.6005859375,0.02017548277254222,0.0005599285448789626,-0.006659384112634781
9202.5,9202.650390625,9144.9501953125,9150.7998046875,166500,11.630000114440918,11.779999732971191,10.59000015258789,11.579999923706055,0,-0.005720723153564311,54.92421214006435,9141.412920929755,72.3601072939091,65.91942898552809,0.007203679502611437,-0.0012567207506942735,1,57.7001953125,-0.0042992424972359,-0.0033382951465170674,-0.012000754515096967
9144.75,9160.0,9120.25,9139.2998046875,0,11.579999923706055,12.210000038146973,10.6899995803833,11.890000343322754,0,-0.0012567207506942735,53.700655529489545,9141.211671763827,63.79819923839568,64.05018405799036,0.007008215664961483,-0.003736545992832463,0,39.75,0.026770330022375832,-0.01057704831790629,-0.006414228852372639
9163.0,9217.900390625,9095.4501953125,9105.150390625,174200,11.890000343322754,12.59000015258789,10.760000228881836,12.380000114440918,0,-0.003736545992832463,50.12938532264211,9137.77726403632,53.63893682822709,68.22161343331248,0.0074926399352564215,-0.00018125901870869043,1,122.4501953125,0.041211081326279375,-0.010680755868876846,-0.008310212772972836
9112.2001953125,9120.5,9075.150390625,9103.5,173700,12.380000114440918,12.520000457763672,10.75,12.220000267028809,0,-0.00018125901870869043,49.95647414155559,9134.512762699527,44.93647572392547,66.58789885771874,0.0073145382388882015,0.003614037526775471,1,45.349609375,-0.012924058637566072,-0.005168925743875508,-0.014452744397531636
9108.099609375,9143.900390625,9102.650390625,9136.400390625,170300,12.220000267028809,12.220000267028809,10.859999656677246,11.5600004196167,0,0.003614037526775471,53.40674166287,9134.692536787667,40.230744188091194,64.77804893931025,0.007090106187309829,-0.0018606890321317682,1,41.25,-0.05400980630032204,-0.00031724684871514697,-0.007285290110186082
9179.099609375,9183.650390625,9088.75,9119.400390625,155200,11.5600004196167,11.739999771118164,10.5600004196167,11.420000076293945,0,-0.0018606890321317682,51.433485902211366,9133.236141915031,34.729322110864814,66.92964477400237,0.007339259370913018,0.010806610135114969,2,94.900390625,-0.012110755903190218,0.0015650482846139013,-0.0034313300184335427
9135.349609375,9225.400390625,9130.5498046875,9217.9501953125,167700,11.420000076293945,11.859999656677246,10.970000267028809,11.630000114440918,0,0.010806610135114969,60.53631625235049,9141.304147000505,37.884838269179454,69.7203844330022,0.007563545360492001,0.00961704198701141,2,94.8505859375,0.01838879481121003,0.012572109113253127,0.008605734827153988
9273.0498046875,9309.2001953125,9250.349609375,9306.599609375,168700,11.630000114440918,11.630000114440918,10.970000267028809,11.15999984741211,0,0.00961704198701141,66.60064079889085,9157.04657198855,46.997120845277095,71.25821411635918,0.0076567400669711036,0.004862141050359314,2,58.8505859375,-0.04041274827204955,0.01862869527091271,0.022124754683614967
9336.2001953125,9367.0,9301.349609375,9351.849609375,185700,11.15999984741211,11.869999885559082,9.920000076293945,11.739999771118164,0,0.004862141050359314,69.2021900135866,9175.599242215832,57.21048046079159,70.85765529554781,0.007576860006871235,-0.001037144431864756,1,65.650390625,0.05197132003909033,0.02548952878403754,0.027280673298731184
9359.150390625,9367.150390625,9322.650390625,9342.150390625,209400,11.739999771118164,11.739999771118164,10.359999656677246,11.069999694824219,0,-0.001037144431864756,67.9798916408368,9191.46125635004,63.7867022483224,68.9749656315801,0.007383200092860591,-0.004078352878555069,0,44.5,-0.05706985428928435,0.013473732519802217,0.022519809903594368
9340.9501953125,9342.650390625,9282.25,9304.0498046875,162200,11.069999694824219,11.069999694824219,10.529999732971191,10.859999656677246,0,-0.004078352878555069,63.253582685745435,9202.18397523932,65.17273579911489,68.36249598825296,0.007347606410469885,0.0010479307618374012,1,60.400390625,-0.01897019367084163,-0.0002739781224638804,0.02024797751531171
9339.849609375,9352.5498046875,9269.900390625,9313.7998046875,161600,10.859999656677246,11.8100004196167,10.350000381469727,11.449999809265137,0,0.0010479307618374012,63.9444137305873,9212.814054234386,66.29372805914682,69.38299013641345,0.007449482659214341,-0.00019858805361794296,1,82.6494140625,0.054327824239398526,-0.004068692962016396,0.010398147890161136
9344.7001953125,9346.2998046875,9298.400390625,9311.9501953125,151600,11.449999809265137,11.65999984741211,9.949999809265137,11.529999732971191,0,-0.00019858805361794296,63.69975838250522,9222.25559147992,66.26896708128879,67.84844898827677,0.007286169659974201,0.005149318274558334,2,47.8994140625,0.006986893016480256,-0.0032326813474129468,0.0005749238349213037
9360.9501953125,9365.650390625,9323.25,9359.900390625,269600,11.529999732971191,11.779999732971191,10.609999656677246,11.329999923706055,0,0.005149318274558334,67.20308146628929,9235.364619969929,69.3194523562579,66.83785944000701,0.00714087294208309,-0.007970232889681239,0,42.400390625,-0.01734603763200593,0.0060028253405697285,0.0008608758252408588
9374.5498046875,9377.099609375,9272.0,9285.2998046875,231900,11.329999923706055,12.15999984741211,10.449999809265137,11.989999771118164,0,-0.007970232889681239,57.848964319395485,9240.120351847792,64.9684245355802,69.5708415782208,0.007492578919541115,0.0030962920535411165,1,105.099609375,0.058252414109127626,-0.0030599755843642162,-0.006085385437013535
9311.4501953125,9338.7001953125,9297.9501953125,9314.0498046875,174300,11.989999771118164,11.989999771118164,10.609999656677246,11.670000076293945,0,0.0030962920535411165,60.15099643075244,9247.161252118241,63.112565991907104,68.41580936727645,0.007345441650187945,0.0003006001413146109,1,40.75,-0.02668888247980139,0.00022547472129486046,0.0010748007813716765
9337.349609375,9338.9501953125,9307.7001953125,9316.849609375,132300,11.670000076293945,11.670000076293945,10.539999961853027,11.109999656677246,0,0.0003006001413146109,60.37793837287237,9253.798238523646,61.16266048698344,65.76110869818528,0.007058298830112459,0.009708238203339103,2,31.25,-0.047986325274690045,-0.004599491389151944,0.00032745010108170547
9339.650390625,9414.75,9336.0,9407.2998046875,152700,11.109999656677246,11.109999656677246,9.960000038146973,10.949999809265137,0,0.009708238203339103,66.93025156706786,9268.417435301157,66.15334656375853,68.05677169295777,0.007234463991361923,0.0016051987553300506,1,78.75,-0.014401426854765753,0.013139048018504518,0.010239488761763171
9448.599609375,9450.650390625,9411.2998046875,9422.400390625,171100,10.949999809265137,11.260000228881836,9.899999618530273,10.84000015258789,0,0.0016051987553300506,67.88509719647533,9283.082478665332,70.5141491025297,66.2920441389965,0.007035579193275957,-0.002281796475279485,1,39.3505859375,-0.01004563092176236,0.01163302625706053,0.006677421488651802
9436.650390625,9437.75,9372.5498046875,9400.900390625,154300,10.84000015258789,10.84000015258789,9.470000267028809,10.630000114440918,0,-0.002281796475279485,65.00708703376827,9294.3032321853,71.41205252632244,66.2140549371039,0.00704337373930007,0.004733589140501593,2,65.2001953125,-0.019372696973333325,0.00902137361597255,0.012449849586885886
9433.5498046875,9449.25,9423.099609375,9445.400390625,140800,10.630000114440918,11.140000343322754,8.84000015258789,10.680000305175781,0,0.004733589140501593,68.02835404375247,9308.693437750986,74.85158310022052,64.93802311123933,0.006875094800183733,0.007077477566896029,2,26.150390625,0.004703686754145675,0.00405010861017896,0.014102413954389048
9461.0,9517.2001953125,9456.349609375,9512.25,166500,10.680000305175781,11.020000457763672,9.069999694824219,10.5600004196167,0,0.007077477566896029,71.94680874687974,9328.079777012796,82.02609488916823,65.42815036668652,0.006878304330383087,0.0014192225814082526,1,60.8505859375,-0.011235944019676425,0.009535745208237856,0.02097279647278838
9517.599609375,9532.599609375,9486.099609375,9525.75,205500,10.5600004196167,10.8100004196167,9.239999771118164,10.640000343322754,0,0.0014192225814082526,72.6751374075723,9346.905512535388,87.78930389886591,64.07613962620891,0.0067266241110893014,-0.010109419697924005,0,46.5,0.00757575004991895,0.013280601238952139,0.012591306514275091
9453.2001953125,9489.099609375,9418.099609375,9429.4501953125,193300,10.640000343322754,12.75,9.819999694824219,11.789999961853027,0,-0.010109419697924005,60.59067721178628,9354.766910895112,83.62215498382648,67.18858612612256,0.0071253980597429595,-0.00016435790585866972,1,71.0,0.10808266742697681,-0.0016886732857117615,0.0007481962552253751
9469.900390625,9505.75,9390.75,9427.900390625,252100,11.789999961853027,11.899999618530273,10.399999618530273,11.300000190734863,0,-0.00016435790585866972,60.416563225718704,9361.73200420272,79.28070454844055,70.60368711711381,0.0074888028290287555,0.001097763971423804,1,115.0,-0.041560625335333,-0.008867471878367339,0.002872065321203321
9480.25,9498.650390625,9427.900390625,9438.25,196800,11.300000190734863,11.850000381469727,10.199999809265137,11.199999809265137,0,0.001097763971423804,61.218036991047036,9369.01943237389,75.80140931931055,70.61413803731996,0.007481698200123959,-0.00552004973114717,0,70.75,-0.008849591131132817,-0.009185628428207804,-0.0007570235595408814
9445.0498046875,9448.0498046875,9370.0,9386.150390625,224400,11.199999809265137,12.770000457763672,9.869999885559082,12.199999809265137,0,-0.00552004973114717,55.16297385724797,9370.65095220733,68.05553784413132,71.1452570837614,0.007579812183152545,-0.0027274851639997877,1,78.0498046875,0.089285715806241,-0.00459197554370927,-0.013256549120870487
9410.900390625,9431.900390625,9341.650390625,9360.5498046875,211800,12.199999809265137,12.789999961853027,10.449999809265137,11.829999923706055,0,-0.0027274851639997877,52.4193112267729,9369.688938157822,59.169061452959795,72.50988157777843,0.007746327202005541,0.015939255537936958,2,90.25,-0.030327859946201796,-0.007143752388864111,-0.017342486976091087
9384.0498046875,9523.2998046875,9379.2001953125,9509.75,289200,11.829999923706055,11.920000076293945,10.1899995803833,10.449999809265137,0,0.015939255537936958,63.73885096380649,9383.028086904695,63.43444098391774,78.95560432222283,0.008302595159938255,0.008974958266515953,2,144.099609375,-0.11665258861714323,0.0075755569093847175,0.008515852252702683
9507.75,9604.900390625,9495.400390625,9595.099609375,218800,10.449999809265137,11.1899995803833,9.890000343322754,10.859999656677246,0,0.008974958266515953,68.37395752679119,9403.22537475901,72.8618787889809,81.13734687063548,0.008456123456119135,0.00102143611312,1,109.5,0.03923443587516595,0.022261439467100574,0.01773451265100978
9560.0498046875,9637.75,9547.7001953125,9604.900390625,235000,10.859999656677246,11.880000114440918,10.260000228881836,11.789999961853027,0,0.00102143611312,68.86610522277172,9422.432519127198,80.19954191216311,81.77395100041153,0.008513773977315595,0.0020457696866569286,1,90.0498046875,0.0856353899241582,0.02610429846921347,0.017656916337774442
9590.650390625,9635.2998046875,9581.2001953125,9624.5498046875,193900,11.789999961853027,12.270000457763672,10.859999656677246,11.770000457763672,0,0.0020457696866569286,69.87816377939487,9441.681784418655,86.60194300896183,79.79721231288214,0.008291007260829805,-0.0003428528870922376,1,54.099609375,-0.0016963107849079506,0.012071800487657436,0.025399061824176172
9636.5498046875,9649.599609375,9609.25,9621.25,414300,11.770000457763672,12.25,11.020000457763672,11.760000228881836,0,-0.0003428528870922376,69.46975855287704,9458.783519235925,90.36792021219298,76.9795263887477,0.00800099014044409,-0.0005353140834091219,1,40.349609375,-0.0008496370852083546,0.002725390218924817,0.02785094900963503
9603.5498046875,9634.650390625,9589.900390625,9616.099609375,176100,11.760000228881836,11.90999984741211,10.609999656677246,11.3100004196167,0,-0.0005353140834091219,68.79392998769447,9473.766004011075,91.87778093167981,74.67741736098002,0.007765873940009414,0.00388935141525959,2,44.75,-0.038265289158750604,0.0011659900982348148,0.011183218210257806
9657.150390625,9673.5,9637.4501953125,9653.5,162200,11.3100004196167,11.3100004196167,10.3100004196167,10.8100004196167,0,0.00388935141525959,71.0001893686767,9490.883527438591,94.9971869477231,73.44334402269571,0.007607949865095117,0.002237489964779682,1,36.0498046875,-0.04420866325811734,0.003007953192615931,0.006086480912396164
9656.2998046875,9687.2001953125,9640.7001953125,9675.099609375,127700,10.8100004196167,11.140000343322754,10.050000190734863,11.020000457763672,0,0.002237489964779682,72.22164704961318,9508.42791619444,98.08162275718678,71.51881944964602,0.007392049936141799,-0.003922359487981697,0,46.5,0.019426459759047665,0.005596945238404594,0.007308687846312223
9704.25,9709.2998046875,9630.2001953125,9637.150390625,145900,11.020000457763672,11.319999694824219,9.489999771118164,11.130000114440918,0,-0.003922359487981697,66.89085619825714,9520.687199473541,96.35317612349354,72.06030444431416,0.007477345638853397,0.002775716774745085,1,79.099609375,0.009981819610520137,0.0021891184685187692,0.0013092130222405185
9663.9501953125,9678.5498046875,9630.5498046875,9663.900390625,160700,11.130000114440918,11.1899995803833,10.220000267028809,10.890000343322754,0,0.002775716774745085,68.64757030193687,9534.326551011774,96.03484128372293,70.34171126972028,0.007278811704015404,-0.0017229472523487832,1,48.0,-0.021563321531935076,0.0010773699305950402,0.004432936533714349
9682.400390625,9688.7001953125,9641.5,9647.25,155400,10.890000343322754,11.130000114440918,9.529999732971191,11.069999694824219,0,-0.0017229472523487832,66.28988557055231,9545.081165201129,93.36278321086866,68.68874584420455,0.007120033775864059,0.0021767861307626646,1,47.2001953125,0.016528865548827376,-0.0028784829613551777,0.0032393997452595524
9638.5498046875,9676.25,9608.150390625,9668.25,159000,11.069999694824219,11.229999542236328,10.279999732971191,10.859999656677246,0,0.0021767861307626646,67.79233331135148,9556.81153042007,91.88054075252512,68.6466646678328,0.007100216137132655,-0.005362874292141773,0,68.099609375,-0.01897019367084163,0.003227054483372349,0.0015279432330241871
9646.7001953125,9647.0498046875,9598.5,9616.400390625,141400,10.859999656677246,11.5,10.350000381469727,11.420000076293945,0,-0.005362874292141773,60.6095748358238,9562.486659963395,85.53601681647342,68.72547433441616,0.007146694349521514,-0.0009878956380873216,1,48.5498046875,0.051565417801130886,-0.004915199668870773,-0.006067040249706723
9615.5498046875,9654.150390625,9595.400390625,9606.900390625,129700,11.420000076293945,11.460000038146973,9.899999618530273,11.34000015258789,0,-0.0009878956380873216,59.36841157839723,9566.716539074025,78.83263177464869,68.01294045338643,0.007079592552011637,0.0011710332721861505,1,58.75,-0.0070052472129243926,-0.0041824985747234145,-0.0031388946705062093
9621.5498046875,9627.400390625,9580.4501953125,9618.150390625,181800,11.34000015258789,11.529999732971191,10.4399995803833,11.180000305175781,0,0.0011710332721861505,60.40252637379002,9571.615001126498,73.5797502544192,66.50845865760883,0.006914890696909452,-0.0041692616884621,0,46.9501953125,-0.014109333797107215,-0.00518186945672694,-0.004734113365280734
9617.900390625,9621.400390625,9560.7998046875,9578.0498046875,171100,11.180000305175781,11.430000305175781,9.890000343322754,11.329999923706055,0,-0.0041692616884621,55.02651883333599,9572.22783956088,65.42682197712202,66.08646774902962,0.006899783264510369,0.001044053873587636,1,60.6005859375,0.013416781255437993,-0.003988039638500029,-0.0071730488286817495
9595.4501953125,9615.849609375,9565.5,9588.0498046875,213200,11.329999923706055,11.329999923706055,9.710000038146973,10.920000076293945,0,0.001044053873587636,56.076391767643585,9573.734693382463,59.09131609631004,64.96240643659894,0.006775351375922086,0.007248606485755094,2,50.349609375,-0.03618710063309494,-0.0019621922962681504,-0.00829521323016058
9626.400390625,9673.2998046875,9614.900390625,9657.5498046875,141700,10.920000076293945,10.920000076293945,9.739999771118164,10.630000114440918,0,0.007248606485755094,62.60938656906344,9581.717084935324,58.998354895145894,66.41152026255615,0.0068766427930117315,-0.0004193408027297618,1,58.3994140625,-0.026556772877921797,0.00409636078272424,0.004279087017073024
9670.5,9676.5,9643.75,9653.5,159500,10.630000114440918,10.869999885559082,9.819999694824219,10.65999984741211,0,-0.0004193408027297618,62.03042066658442,9588.553553036721,57.930114777907875,64.00712595808785,0.006630457964270768,-0.0020614689620345183,1,32.75,0.002822176166342283,0.007877406867896397,0.0048506393821334814
9648.099609375,9650.4501953125,9608.599609375,9633.599609375,144000,10.65999984741211,11.0600004196167,9.779999732971191,10.920000076293945,0,-0.0020614689620345183,59.13653341247946,9592.843653640368,54.845506718498655,62.64235914858158,0.006502487303667963,-0.00037365154469337636,1,41.8505859375,0.024390265722654236,0.004750685031405633,0.0016062567253116722
9642.650390625,9698.849609375,9617.75,9630.0,198800,10.920000076293945,11.420000076293945,10.069999694824219,11.210000038146973,0,-0.00037365154469337636,58.603956574527075,9596.382353293666,51.51662265664345,63.96073416475433,0.006641820785540428,-0.005716490621754944,0,81.099609375,0.026556772877921908,-0.002852670216013653,0.0054238802649653195
9643.25,9647.650390625,9565.2998046875,9574.9501953125,175200,11.210000038146973,11.779999732971191,8.760000228881836,11.5600004196167,0,-0.005716490621754944,51.03433810499456,9594.341195390698,43.93000117833617,65.27429500566474,0.006817194207194972,-0.006637089842891464,0,82.3505859375,0.0312221570275375,-0.008136924917128474,-0.0013662433593738532
9594.0498046875,9615.400390625,9473.4501953125,9511.400390625,203300,11.5600004196167,12.869999885559082,10.930000305175781,12.510000228881836,0,-0.006637089842891464,43.973150422323776,9586.442071127298,32.41594008859647,70.75114502758154,0.007438562369566322,-0.0021185514012070916,1,141.9501953125,0.08217991131324176,-0.012684689389735548,-0.015133177360531214
9520.2001953125,9522.5,9474.349609375,9491.25,172400,12.510000228881836,12.760000228881836,11.09000015258789,11.989999771118164,0,-0.0021185514012070916,41.98930474751498,9577.376159591364,21.41810106428784,69.13680542739715,0.007284267659939118,0.0013538374160411148,1,48.150390625,-0.041566782434036,-0.014408099688473563,-0.01680737556326717
9522.9501953125,9575.7998046875,9493.7998046875,9504.099609375,259300,11.989999771118164,11.989999771118164,10.600000381469727,11.380000114440918,0,0.0013538374160411148,43.732589655449004,9570.397440523138,13.5825196584683,70.23773394597592,0.0073902565032769926,0.0017677404426008625,1,82.0,-0.050875702111907395,-0.007399577490458942,-0.013442535007784251
9478.5,9535.7998046875,9448.75,9520.900390625,179600,11.380000114440918,12.100000381469727,11.079999923706055,11.729999542236328,0,0.0017677404426008625,46.016835656084695,9565.683435770934,8.628978090850069,71.43859614179907,0.007503344558897279,0.009883477981521338,2,87.0498046875,0.030755661184156846,0.0009988013972541676,-0.011329139083592898
9587.9501953125,9624.0,9543.5498046875,9615.0,183000,11.729999542236328,11.75,10.460000038146973,11.199999809265137,0,0.009883477981521338,56.635370814736774,9570.380251411798,12.156183843104372,73.70009708702771,0.007665116701718951,-0.00017682738559543498,1,80.4501953125,-0.04518326970626174,0.013038324772816967,0.004182768982663454
9645.900390625,9650.650390625,9595.5,9613.2998046875,144800,11.199999809265137,11.649999618530273,10.420000076293945,11.279999732971191,0,-0.00017682738559543498,56.4194320273115,9574.467827914246,14.645504007627096,72.37511805402573,0.007528644640702375,0.0025277277502206985,1,55.150390625,0.007142850452539706,0.011489799118349131,0.010713397594211083
9619.75,9643.650390625,9607.349609375,9637.599609375,130800,11.279999732971191,11.420000076293945,10.449999809265137,11.149999618530273,0,0.0025277277502206985,58.83521235909827,9580.480378529557,18.36737170125525,69.79837971088104,0.007242299176133493,0.003833962481337938,2,36.30078125,-0.011524833113331634,0.012257162029014612,0.01541942414065578
9653.599609375,9700.7001953125,9639.9501953125,9674.5498046875,147400,11.149999618530273,11.180000305175781,10.289999961853027,10.979999542236328,0,0.003833962481337938,62.26095041849101,9589.43937149698,24.021644059354003,69.31996586992526,0.007165187762673818,-0.0009044348498532528,1,60.75,-0.015246644135433085,0.006193427424596942,0.017934386456173623
9670.349609375,9684.25,9642.650390625,9665.7998046875,141800,10.979999542236328,11.130000114440918,9.619999885559082,10.869999885559082,0,-0.0009044348498532528,60.96705408598536,9596.711793705601,27.479872897643872,67.33994040600201,0.006966825484358265,0.010888907501369838,2,41.599609375,-0.01001818408590227,0.005461184095642224,0.015219087283507182
9719.2998046875,9782.150390625,9646.4501953125,9771.0498046875,37500,10.869999885559082,11.09000015258789,9.569999694824219,10.90999984741211,0,0.010888907501369838,69.24613571048332,9613.315413799115,38.27216189747014,72.22281575646615,0.007391510349463007,0.001535147225716127,1,135.7001953125,0.003679849335248564,0.013846829160933938,0.016229828880655273
9797.4501953125,9830.0498046875,9778.849609375,9786.0498046875,179700,10.90999984741211,11.079999923706055,9.899999618530273,10.890000343322754,0,0.001535147225716127,70.21573342415346,9629.766308169437,47.48809018055363,71.27832891671856,0.007283667091350422,0.0030706776776372458,1,51.2001953125,-0.0018331351392364414,0.011525084086700943,0.01796989623851797
9807.2998046875,9824.9501953125,9787.7001953125,9816.099609375,145500,10.890000343322754,11.300000190734863,9.670000076293945,11.050000190734863,0,0.0030706776776372458,72.11259267583081,9647.512336855681,56.56450741239314,68.96561903873867,0.007025766015339953,0.007701693029408263,2,37.25,0.01469236385380035,0.015549650078062971,0.018521209350341072
9855.7998046875,9897.25,9853.4501953125,9891.7001953125,181300,11.050000190734863,11.399999618530273,9.859999656677246,11.25,0,0.007701693029408263,76.21645655755268,9670.768323375378,69.06186671540308,69.83595986632876,0.00706005625801546,-0.0005409167111671831,1,43.7998046875,0.018099529937821268,0.012347740829969034,0.0224455292503416
9913.2998046875,9913.2998046875,9845.4501953125,9886.349609375,159600,11.25,11.479999542236328,10.069999694824219,11.170000076293945,0,-0.0005409167111671831,75.37107959395627,9691.29987442296,77.63938789835629,69.69407768837671,0.007049525906132978,0.0029940865038224906,1,67.849609375,-0.007111104329427076,0.010249263665044639,0.02281754320843099
9908.150390625,9928.2001953125,9894.7001953125,9915.9501953125,163500,11.170000076293945,11.569999694824219,10.479999542236328,11.460000038146973,0,0.0029940865038224906,76.89773118894732,9712.695143079109,85.83618898088753,67.70525684902837,0.00682791417014521,-0.008955249163058343,0,33.5,0.025962395691338847,0.010172124358043044,0.014829562178209965
9832.7001953125,9885.349609375,9792.0498046875,9827.150390625,293900,11.460000038146973,11.789999961853027,10.289999961853027,11.489999771118164,0,-0.008955249163058343,64.06764172116984,9723.595642845385,84.19624883992583,71.71919497588348,0.007298066288300915,0.007372352703497453,2,93.2998046875,0.0026177777374634115,-0.006525653165073586,0.00419991587594537
9855.9501953125,9905.0498046875,9851.650390625,9899.599609375,200200,11.489999771118164,11.6899995803833,9.079999923706055,11.260000228881836,0,0.007372352703497453,68.66171357435846,9740.357925372015,87.73131889940123,72.16063919635609,0.007289248256870852,-0.002656653372384299,1,53.3994140625,-0.020017366998950403,0.001340231786607582,0.008506433647051947
9920.2001953125,9922.5498046875,9863.4501953125,9873.2998046875,161100,11.260000228881836,11.569999694824219,10.369999885559082,11.319999694824219,0,-0.002656653372384299,65.39321534540404,9753.019056735395,87.4031834564048,71.22770849483065,0.007214174582343201,0.004248852576378193,2,59.099609375,0.005328549264900007,-0.004301190484514716,-0.0018601848278538835
9899.599609375,9924.7001953125,9838.0,9915.25,187500,11.319999694824219,11.720000267028809,9.010000228881836,11.09000015258789,0,0.004248852576378193,68.00914249257693,9768.469622760595,89.49650393532102,72.33288612466417,0.007295114709630536,0.005158759549683589,2,86.7001953125,-0.020317981310678745,0.008964919215955547,0.00292326204988691
9936.7998046875,9982.0498046875,9919.599609375,9966.400390625,174500,11.09000015258789,11.800000190734863,10.359999656677246,11.3100004196167,0,0.005158759549683589,70.89776256577613,9787.320172081016,94.1970397001678,71.9376660220096,0.00721801886362889,-0.00018568247962835738,1,62.4501953125,0.019837715419460222,0.006747826567322868,0.005087782241619987
10010.5498046875,10011.2998046875,9949.099609375,9964.5498046875,185500,11.3100004196167,11.510000228881836,10.239999771118164,10.90999984741211,0,-0.00018568247962835738,70.64921080465612,9804.199184710204,96.6587000143627,71.24213239990176,0.007149558564742003,0.0056300171143817135,2,62.2001953125,-0.035366981199293934,0.009242097556551254,0.013981613041515795
9983.650390625,10025.9501953125,9965.9501953125,10020.650390625,197600,10.90999984741211,11.779999732971191,10.90999984741211,11.170000076293945,0,0.0056300171143817135,73.66350174281403,9824.813585273518,101.96108802745766,70.53915084455164,0.0070393784928916205,-1.0037865166290239e-05,1,60.0,0.023831368700111266,0.010630129409243239,0.0122278461782801
10063.25,10114.849609375,10005.5,10020.5498046875,287900,11.170000076293945,11.920000076293945,10.8100004196167,11.220000267028809,0,-1.0037865166290239e-05,73.64889725981516,9843.455129979611,104.94540695976866,73.31132645386937,0.007316098206465194,-0.0006037397952625145,1,109.349609375,0.004476292783648139,0.005433196735045609,0.014913960166599072
9996.5498046875,10026.0498046875,9944.5,10014.5,191600,11.220000267028809,12.020000457763672,10.979999542236328,11.140000343322754,0,-0.0006037397952625145,72.715111447969,9859.7451176006,105.60498401759469,73.899789184843,0.0073792789639865195,0.006250897136651945,2,81.5498046875,-0.007130117807674474,0.005012789969598197,0.010009833337535579
10034.7001953125,10085.900390625,10016.9501953125,10077.099609375,237700,11.140000343322754,12.029999732971191,11.140000343322754,11.899999618530273,0,0.006250897136651945,76.09283467045152,9880.445545388638,109.91197210116115,73.72126071628279,0.007315722139701575,0.0037263481265050746,2,68.9501953125,0.06822255402021216,0.0056332889133436925,0.011107241773482324
10101.0498046875,10128.599609375,10065.75,10114.650390625,184300,11.899999618530273,12.390000343322754,11.59000015258789,11.90999984741211,0,0.0037263481265050746,77.86314662166586,9902.750768744483,115.02933879510965,72.94471419190545,0.007211787988195416,-0.0032774628232060676,1,62.849609375,0.0008403553951601417,0.009390760763793748,0.015063458849579936
10136.2998046875,10137.849609375,10054.2001953125,10081.5,161500,11.90999984741211,12.170000076293945,10.920000076293945,11.9399995803833,0,-0.0032774628232060676,72.74206499164069,9919.774505054533,115.08332041378526,73.70933561123363,0.0073113460904859024,-0.006730110536626532,0,83.6494140625,0.002518869299373616,0.0066902990663537665,0.006072421150620011
10081.150390625,10081.150390625,9998.25,10013.650390625,192700,11.9399995803833,12.229999542236328,11.210000038146973,11.640000343322754,0,-0.006730110536626532,63.531945078951864,9928.715065585055,108.40161842227644,74.39081163900265,0.007428940370102092,0.0052678092346210015,2,82.900390625,-0.025125565125934113,-0.006296377053866875,-0.000688526497744868
10008.599609375,10075.25,9988.349609375,10066.400390625,178600,11.640000343322754,11.75,10.75,11.390000343322754,0,0.0052678092346210015,67.02731953841149,9941.827953684098,106.1392978486183,75.28435299514533,0.00747877593516535,-0.000894063384204502,1,86.900390625,-0.021477662596755098,-0.004770308229805065,0.0051825244021168615
10074.7998046875,10088.099609375,10046.349609375,10057.400390625,137400,11.390000343322754,12.0,10.640000343322754,11.899999618530273,0,-0.000894063384204502,65.8673252125696,9952.834852440375,102.43931109890218,72.88904206692067,0.007247304396359137,-0.007840056363968673,0,41.75,0.04477605441921706,-0.0023904785374200266,-0.001954850057418578
10068.349609375,10083.7998046875,9947.0,9978.5498046875,203300,11.899999618530273,13.050000190734863,10.489999771118164,12.770000457763672,0,-0.007840056363968673,56.62174151509745,9955.28389551153,92.08298629315505,77.45409653981918,0.0077620594230470765,-0.007065154895241621,0,136.7998046875,0.0731093165649066,-0.0035052737581453552,-0.013455787464848767
9961.150390625,9969.7998046875,9893.0498046875,9908.0498046875,169200,12.770000457763672,13.680000305175781,10.520000457763672,13.449999809265137,0,-0.007065154895241621,49.8801705288356,9950.785410671146,77.2957462169361,78.0288039298321,0.007875293873968684,-0.008861461782919355,0,76.75,0.05324975153685685,-0.015730606750450238,-0.01720480040792538
9872.849609375,9892.650390625,9776.2001953125,9820.25,235500,13.449999809265137,14.170000076293945,12.229999542236328,13.800000190734863,0,-0.008861461782919355,43.01178763288941,9938.353466797704,57.825465484520464,81.87314717591552,0.008337175446237674,-0.011145357329243155,0,116.4501953125,0.026022333563798794,-0.023579690716704405,-0.019313675141491404
9712.150390625,9771.650390625,9685.5498046875,9710.7998046875,285900,13.800000190734863,15.539999961853027,11.670000076293945,15.199999809265137,0,-0.011145357329243155,36.30126947624169,9916.681689453875,33.18092265801715,85.64650775710012,0.008819717168482632,0.008583287433983067,2,86.1005859375,0.1014492463174177,-0.02683255635746007,-0.035325495920932815
9755.75,9818.2998046875,9752.099609375,9794.150390625,195600,15.199999809265137,15.199999809265137,11.859999656677246,14.380000114440918,0,0.008583287433983067,43.52706580044055,9905.012041946362,20.143439576335368,87.20747148873582,0.008904036390150917,0.010531736796816515,2,66.2001953125,-0.05394734902064857,-0.011495644078072131,-0.026174755878804246
9825.849609375,9903.9501953125,9773.849609375,9897.2998046875,219500,14.380000114440918,14.699999809265137,12.619999885559082,14.239999771118164,0,0.010531736796816515,50.94348727040182,9904.277543159804,17.92777572443083,90.27126537793326,0.00912079730424853,0.0006921671640436333,1,130.1005859375,-0.009735767886549618,0.007846012544232561,-0.0081424657480621
9945.5498046875,9947.7998046875,9883.75,9904.150390625,197600,14.239999771118164,14.619999885559082,10.789999961853027,14.34000015258789,0,0.0006921671640436333,51.399982362733084,9904.265433394585,16.53403710357452,88.39830390004518,0.008925379806805096,-0.006739598791147605,0,64.0498046875,0.007022498811590561,0.019910881680844428,-0.00039356019997549563
9865.9501953125,9865.9501953125,9783.650390625,9837.400390625,246300,14.34000015258789,14.890000343322754,11.170000076293945,14.569999694824219,0,-0.006739598791147605,46.82753252812555,9897.897334083194,9.928868245597187,90.6912821928991,0.009219029275186105,-0.008442350412935062,0,82.2998046875,0.01603901951108555,0.004415901152732937,0.0017464311626484985
9864.25,9884.349609375,9740.099609375,9754.349609375,205300,14.569999694824219,14.970000267028809,13.149999618530273,14.819999694824219,0,-0.008442350412935062,41.840317573715005,9884.226122206224,-1.9844046430825983,94.51690489340629,0.009689718810423319,0.0011482257414410224,1,144.25,0.017158545314782003,-0.014443353049161667,0.004484677427545991
9815.75,9828.4501953125,9752.599609375,9765.5498046875,183600,14.819999694824219,14.819999694824219,11.15999984741211,14.109999656677246,0,0.0011482257414410224,42.726206593663214,9872.92361577587,-10.402088281443866,93.18359639655584,0.009542073744975154,0.008903768559017866,2,75.8505859375,-0.04790823567931213,-0.013994192381074466,-0.0029201701828958093
9803.0498046875,9857.900390625,9786.75,9852.5,168600,14.109999656677246,14.109999656677246,12.260000228881836,13.180000305175781,0,0.008903768559017866,49.19592647503089,9870.978509511502,-9.942399331795968,93.12409564948042,0.009451823968483168,0.00046179189926420783,1,71.150390625,-0.06591065727357148,0.001534918654870543,-0.004526467377120591
9881.2001953125,9881.5,9848.849609375,9857.0498046875,184700,13.180000305175781,13.199999809265137,11.9399995803833,12.569999694824219,0,0.00046179189926420783,49.51727711971459,9869.651966194931,-9.10599309324607,88.80454529058896,0.009009241816791688,0.005655850493267112,2,32.650390625,-0.04628229106428894,0.010528656386664004,-0.004755641229164276
9907.150390625,9925.75,9882.0,9912.7998046875,159600,12.569999694824219,13.680000305175781,11.369999885559082,12.640000343322754,0,0.005655850493267112,53.40633423170794,9873.761284146605,-3.8996236118400702,87.36852029215403,0.008813707732788044,-0.011777701789638884,0,43.75,0.005568866364201952,0.015078516104574113,0.00766456696571538
9886.400390625,9887.349609375,9783.75,9796.0498046875,173300,12.640000343322754,13.850000381469727,12.279999732971191,13.539999961853027,0,-0.011777701789638884,45.501016195999576,9866.360190864785,-9.089509361599994,90.3457548918216,0.009222672066100595,0.009019001301445284,2,103.599609375,0.07120249953202817,-0.005729530100228364,0.0042750359565153495
9859.5,9909.4501953125,9850.7998046875,9884.400390625,157800,13.539999961853027,14.130000114440918,11.75,12.890000343322754,0,0.009019001301445284,51.367650976247326,9868.078305127663,-6.004165023960013,91.99251458704863,0.009306838144102322,0.0033891787742403867,1,58.650390625,-0.04800588038120768,0.0027747233177712882,0.012170393712031657
9905.7001953125,9925.099609375,9856.9501953125,9917.900390625,327700,12.890000343322754,13.699999809265137,11.789999961853027,11.949999809265137,0,0.0033891787742403867,53.41533833928019,9872.82326565122,-0.8460842463318841,90.2894359781523,0.009103684491880896,0.00569677026131532,2,68.1494140625,-0.07292478735615815,0.0005145454400368177,0.006637948807409311
9937.650390625,9983.4501953125,9909.849609375,9974.400390625,157800,11.949999809265137,12.15999984741211,10.529999732971191,11.680000305175781,0,0.00569677026131532,56.72485986346418,9882.497277553484,7.711911624986897,89.09737526096285,0.008932604645057764,-0.006170875324781666,0,73.6005859375,-0.022594101121241716,0.018206378029249848,0.01190524429344908
9984.150390625,9988.400390625,9861.0,9912.849609375,148800,11.680000305175781,13.960000038146973,11.489999771118164,13.170000076293945,0,-0.006170875324781666,52.36072910079637,9885.3879758222,9.418975280577797,91.83330492982266,0.009264067200512356,0.003969654285916446,1,127.400390625,0.1275684702215203,0.0028781936815289733,5.024280574694728e-06
9933.25,9963.099609375,9901.0498046875,9952.2001953125,139200,13.170000076293945,13.4399995803833,12.479999542236328,12.890000343322754,0,0.003969654285916446,54.75722072926021,9891.751044345085,13.78815764643332,89.70591205537104,0.009013676402693613,-0.0036172905783141696,1,62.0498046875,-0.021260419996138924,0.0034583735807551808,0.01594013849850784
9899.25,9931.5498046875,9882.5498046875,9916.2001953125,149200,12.890000343322754,13.5,12.039999961853027,13.119999885559082,0,-0.0036172905783141696,52.171508525523734,9894.07953491341,14.182381350208743,88.27337481034454,0.008901935526883812,0.0013815972895521167,1,49.0,0.017843253383268642,-0.005834956792711288,0.0032171708379662434
9945.849609375,9964.849609375,9917.2001953125,9929.900390625,188800,13.119999885559082,13.130000114440918,11.180000305175781,13.010000228881836,0,0.0013815972895521167,53.079558641355725,9897.49104498118,15.422516569258732,85.44309189978422,0.00860462729117128,0.0004934001218306339,1,47.6494140625,-0.008384120246702209,0.0017200685899516621,0.0012099335068280759
9958.650390625,9963.599609375,9913.2998046875,9934.7998046875,163600,13.010000228881836,13.100000381469727,11.770000457763672,12.960000038146973,0,0.0004934001218306339,53.42014195354592,9901.044260191306,16.609213756471945,82.93285709890678,0.008347712961440538,0.007171760015373785,2,50.2998046875,-0.003843212133376017,-0.0017483963629666421,-0.003970222207514418
9971.75,10028.650390625,9968.7998046875,10006.0498046875,173000,12.960000038146973,12.960000038146973,11.550000190734863,12.359999656677246,0,0.007171760015373785,58.17485330094703,9911.044788238562,23.03344415948777,83.712694873092,0.00836620809481434,0.008694739852208588,2,59.8505859375,-0.04629632559441832,0.009060891027338647,0.009401957962154261
10056.849609375,10097.5498046875,10028.0498046875,10093.0498046875,182600,12.359999656677246,12.359999656677246,11.520000457763672,11.760000228881836,0,0.008694739852208588,63.12458822824217,9928.378599328937,34.74435465575698,84.26893095358544,0.00834920391599064,-0.0013623236054590704,1,69.5,-0.048543644373911676,0.01643011587674459,0.014152610137539323
10099.25,10131.9501953125,10063.150390625,10079.2998046875,215000,11.760000228881836,11.869999885559082,10.680000305175781,11.760000228881836,0,-0.0013623236054590704,61.87820863349489,9942.752047458323,42.42675627356584,83.16399336315077,0.008250969310831923,0.0007242372812548137,1,68.7998046875,0.0,0.014544832592582324,0.01644779312262168
10107.400390625,10126.5,10070.349609375,10086.599609375,225600,11.760000228881836,11.880000114440918,10.359999656677246,11.470000267028809,0,0.0007242372812548137,62.30375132045242,9956.451815259912,48.544556703918715,81.23445031042571,0.00805370030103329,-0.00011889227256378643,1,56.150390625,-0.024659860221839525,0.008050110309241632,0.015780542864049618
10062.349609375,10115.150390625,10043.650390625,10085.400390625,266600,11.470000267028809,12.020000457763672,10.020000457763672,11.680000305175781,0,-0.00011889227256378643,62.180951128623136,9968.73263196135,52.688826694036834,80.53913243110959,0.007985714925703463,0.006712596042585561,2,71.5,0.01830863411142447,-0.0007578892614744648,0.015158894884468976
10133.099609375,10171.7001953125,10131.2998046875,10153.099609375,156100,11.680000305175781,11.680000305175781,10.84000015258789,11.4399995803833,0,0.006712596042585561,66.22777624686735,9986.291391715029,60.73582688066563,80.95060902085176,0.007972994665205976,-0.0005466118624873895,1,40.400390625,-0.02054800672275059,0.007321917803573941,0.014696089621561992
10175.599609375,10178.9501953125,10129.9501953125,10147.5498046875,187500,11.4399995803833,11.640000343322754,10.399999618530273,11.470000267028809,0,-0.0005466118624873895,65.60799373493799,10001.649335807646,65.90559101898361,78.6684226622195,0.007752454944924722,-0.0006306363787978997,1,49.0,0.0026224377400285714,0.006042690071275336,0.0053997553816378385
10160.9501953125,10171.0498046875,10134.2001953125,10141.150390625,199400,11.470000267028809,11.880000114440918,10.119999885559082,11.630000114440918,0,-0.0006306363787978997,64.85431679254717,10014.935150552155,68.69442059223547,75.68136457027525,0.007462798761000427,-0.0018982067377479872,1,36.849609375,0.013949419676304586,0.005527792436661461,0.006136397084719691
10139.599609375,10158.900390625,10058.599609375,10121.900390625,191800,11.630000114440918,12.180000305175781,9.260000228881836,11.630000114440918,0,-0.0018982067377479872,62.52743515778941,10025.122316273379,68.56094609159663,77.43989433311273,0.007650726775066696,-0.01556031910231781,0,100.30078125,0.0,-0.003072876259501256,0.0034997702513333007
10094.349609375,10095.0498046875,9952.7998046875,9964.400390625,226600,11.630000114440918,12.989999771118164,11.010000228881836,12.8100004196167,0,-0.01556031910231781,47.50844515818149,10019.339275735438,55.110948165551235,83.98708659056898,0.008428714553621127,-0.009212875602266135,0,142.25,0.10146176212935543,-0.018048634161706434,-0.011997540535175655
9960.099609375,9960.5,9816.0498046875,9872.599609375,221400,12.8100004196167,13.84000015258789,11.510000228881836,13.34000015258789,0,-0.009212875602266135,41.283978322096715,10005.364069415396,36.622016264340346,88.58447940106406,0.008972761269174172,-0.00011137992205778602,1,144.4501953125,0.04137390441920452,-0.02648129363097329,-0.027627031231033827
9875.25,9891.349609375,9813.0,9871.5,190900,13.34000015258789,13.630000114440918,12.630000114440918,12.930000305175781,0,-0.00011137992205778602,41.214322688444305,9992.615110423454,21.631322815936073,87.8534172563452,0.00889970290800235,-0.013751709466646389,0,78.349609375,-0.030734620893731468,-0.024738476072825533,-0.02720359200010858
9920.599609375,9921.0498046875,9714.400390625,9735.75,200100,12.930000305175781,14.170000076293945,11.770000457763672,13.859999656677246,0,-0.013751709466646389,33.663133757414826,9968.151766573603,-1.189093108778252,96.33884559964197,0.009895369704403047,0.003410132276660871,1,206.6494140625,0.07192570220815786,-0.022946728519673498,-0.03997577937506702
9736.400390625,9789.2001953125,9687.5498046875,9768.9501953125,385000,13.859999656677246,13.970000267028809,12.819999694824219,13.170000076293945,0,0.003410132276660871,36.71693091408478,9949.180188358261,-16.4063368071038,96.71824167288183,0.009900576800902392,0.002011415113154058,1,101.650390625,-0.049783520741350396,-0.010498695193115526,-0.03486995343674848
9814.2998046875,9854.0,9775.349609375,9788.599609375,196300,13.170000076293945,13.170000076293945,11.90999984741211,12.489999771118164,0,0.002011415113154058,38.52080837606712,9933.886799883665,-26.574237308699594,95.8847818882117,0.009795556638804428,0.007243159742390093,2,78.650390625,-0.05163252097467974,-0.008397952755407001,-0.017642886110377676
9893.2998046875,9895.400390625,9831.0498046875,9859.5,162800,12.489999771118164,12.869999885559082,11.4399995803833,12.460000038146973,0,0.007243159742390093,44.65149479028201,9926.802342751887,-28.58182919247338,96.66449612833945,0.009804198603209031,0.005618985813175215,2,64.3505859375,-0.0024019002018368374,0.012710885139819661,-0.0013268652526494673
9884.349609375,9938.2998046875,9850.650390625,9914.900390625,156200,12.460000038146973,12.579999923706055,11.579999923706055,11.800000190734863,0,0.005618985813175215,48.93640042685276,9925.668823501706,-25.409605584974997,96.02056169506521,0.009684470636321987,-0.0026425071639926134,1,87.6494140625,-0.0529694899993165,0.014940212857522006,0.004396534531226237
9927.0,9945.9501953125,9881.849609375,9888.7001953125,147800,11.800000190734863,11.899999618530273,10.59000015258789,11.710000038146973,0,-0.0026425071639926134,47.0800964506179,9922.148001769401,-24.72472112442847,93.74056342666769,0.009479563701516924,0.009202422785872022,2,64.1005859375,-0.007627131451960256,0.010226241743673814,0.01571016052307228
9908.150390625,9989.349609375,9906.599609375,9979.7001953125,195800,11.710000038146973,11.710000038146973,10.75,11.119999885559082,0,0.009202422785872022,53.655691066234155,9927.62916305922,-16.647108272154583,94.23405275779858,0.009442573515591244,0.0009068212982741297,1,82.75,-0.05038429980067316,0.012191307400223117,0.021573454238831724
9988.2001953125,10015.75,9959.4501953125,9988.75,143900,11.119999885559082,11.569999694824219,10.40999984741211,11.390000343322754,0,0.0009068212982741297,54.264321425405804,9933.450195148818,-9.40686183707112,91.5244636099201,0.00916275445975924,0.0028231956263296,1,56.2998046875,0.024280616955248968,0.0074483460716183725,0.020447295692154643
10013.7001953125,10034.0,10002.2998046875,10016.9501953125,148600,11.390000343322754,11.449999809265137,10.75,11.109999656677246,0,0.0028231956263296,56.19486588915506,9941.402576116789,-1.377515154033972,88.21914478064011,0.008806986463996082,-0.0032095987299651796,1,31.7001953125,-0.02458302705931481,0.012969348596572283,0.015969389453065475
10042.599609375,10067.25,9955.7998046875,9984.7998046875,189700,11.109999656677246,12.180000305175781,10.1899995803833,11.729999542236328,0,-0.0032095987299651796,53.42603490498419,9945.535645504477,2.364278182009002,89.87850553291581,0.00900153305935299,0.011177047924897598,2,111.4501953125,0.05580557198185465,0.0005109982539750479,0.0070499360869620276
10011.2001953125,10104.4501953125,9977.099609375,10096.400390625,200900,11.729999542236328,11.729999542236328,10.460000038146973,11.039999961853027,0,0.011177047924897598,60.670173376780255,9959.903716468336,14.17155015048229,92.55508270467182,0.00916713671444862,0.007037142143597297,2,127.3505859375,-0.05882349593440417,0.010777163371292753,0.02100379131839336
10123.7001953125,10191.900390625,10120.099609375,10167.4501953125,230100,11.039999961853027,11.350000381469727,10.09000015258789,11.260000228881836,0,0.007037142143597297,64.4601790684261,9979.670047786827,28.92855334700289,92.7654339400524,0.009123765758185867,0.006235527378509298,2,71.80078125,0.0199275604881326,0.015024533122908856,0.018813190409085356
10207.400390625,10242.9501953125,10175.099609375,10230.849609375,203000,11.260000228881836,11.579999923706055,10.029999732971191,11.3100004196167,0,0.006235527378509298,67.47233695191002,10003.591910795225,45.218140980634416,91.53218865862009,0.008946684992294767,0.00035193420634405115,1,67.8505859375,0.004440514184592459,0.024642437454979182,0.024237227818796114
10227.650390625,10251.849609375,10212.599609375,10234.4501953125,195700,11.3100004196167,11.729999542236328,10.109999656677246,11.609999656677246,0,0.00035193420634405115,67.64007924135569,10025.578414082584,57.75255819310223,87.79774661157579,0.008578648089155606,-0.0023059945074831445,1,39.25,0.026525130497803584,0.013673170570343673,0.021713195709187172
10209.400390625,10236.4501953125,10175.75,10210.849609375,254200,11.609999656677246,11.75,10.130000114440918,11.539999961853027,0,-0.0023059945074831445,65.26433382007372,10043.223289824718,65.03215390365949,85.86220723307038,0.008408918994775593,-0.006297204164917303,0,60.7001953125,-0.006029258991748554,0.004268465862022008,0.02263939278796334
10210.349609375,10211.9501953125,10123.349609375,10146.5498046875,30200,11.539999961853027,12.8100004196167,10.829999923706055,12.399999618530273,0,-0.006297204164917303,59.166911901016555,10053.063910287841,64.86510454052222,86.05780571195821,0.008481484580325152,0.00377466285828576,1,88.6005859375,0.07452336737609078,-0.00823976579718777,0.004967058765722676
10176.650390625,10224.150390625,10124.5,10184.849609375,218100,12.399999618530273,12.9399995803833,10.880000114440918,12.329999923706055,0,0.00377466285828576,61.47566292620572,10065.614929248524,67.05027701409927,87.02870463431834,0.00854491798820571,0.0022435859942857572,1,99.650390625,-0.005645136853037691,-0.004846433857308541,0.0017112858905885542
10218.5498046875,10237.75,10182.400390625,10207.7001953125,217200,12.329999923706055,12.470000267028809,11.359999656677246,11.59000015258789,0,0.0022435859942857572,62.82614235140283,10079.146859349856,69.8210397731491,84.7659121157956,0.008304114589368635,0.008586597606260904,2,55.349609375,-0.06001620240851879,-0.0003084380030049516,-0.0022627069057185034
10321.150390625,10340.5498046875,10240.900390625,10295.349609375,594200,11.59000015258789,12.489999771118164,11.1899995803833,11.760000228881836,0,0.008586597606260904,67.52827160895544,10099.737597447489,78.18815998225546,88.2004619200245,0.008567019602686313,0.004706027201677676,2,99.6494140625,0.01466782347332285,0.014665064238758019,0.005950433379449338
10291.7998046875,10355.650390625,10271.849609375,10343.7998046875,429700,11.760000228881836,12.649999618530273,11.289999961853027,11.619999885559082,0,0.004706027201677676,69.80213499876021,10122.981617184632,87.71753572677517,87.88619901502274,0.008496510051866564,-0.002006032637116295,1,83.80078125,-0.011904790867173776,0.015606533371507858,0.01302048315259019
10362.2998046875,10366.150390625,10311.2998046875,10323.0498046875,312700,11.619999885559082,12.149999618530273,11.1899995803833,11.479999542236328,0,-0.002006032637116295,67.61824816021712,10142.035730280144,92.52867016220262,85.52651236662825,0.00828500433348605,0.00393300300838062,1,54.8505859375,-0.012048222435590672,0.01130025443223448,0.017395075508175317
10353.849609375,10384.5,10344.2998046875,10363.650390625,236900,11.479999542236328,12.260000228881836,11.479999542236328,12.109999656677246,0,0.00393300300838062,69.6210287385745,10163.141888408225,98.48241288397912,83.80677543419051,0.008086607737173618,-0.002735579151063039,1,40.2001953125,0.05487806093746528,0.006634139086234114,0.01755556420640869
10364.900390625,10367.7001953125,10323.9501953125,10335.2998046875,232600,12.109999656677246,12.529999732971191,11.529999732971191,12.4399995803833,0,-0.002735579151063039,66.526856705162,10179.537880434822,99.76313422501335,80.94557718889119,0.007831952504384915,0.010178727013297362,2,43.75,0.027250200913432554,-0.000821748309180137,0.012500328862871113
10390.349609375,10451.650390625,10383.0498046875,10440.5,260300,12.4399995803833,12.4399995803833,11.789999961853027,12.140000343322754,0,0.010178727013297362,71.57511854703996,10204.391415631506,108.02168493907084,83.4745063852204,0.007995259459338192,-0.0015995589591015769,1,68.6005859375,-0.02411569511092404,0.011377470566805492,0.0140986363875224
10440.5,10453.0,10412.5498046875,10423.7998046875,201500,12.140000343322754,12.369999885559082,11.40999984741211,12.010000228881836,0,-0.0015995589591015769,69.77607530739547,10225.287452684457,111.92883376487953,80.40134130859751,0.007713246878786147,0.0027533333189682097,1,40.4501953125,-0.010708411100862958,0.005803882975144781,0.00773410173346023
10461.5498046875,10461.7001953125,10403.599609375,10452.5,199900,12.010000228881836,12.300000190734863,11.069999694824219,11.90999984741211,0,0.0027533333189682097,71.11955584360297,10246.926742904985,116.00392225715404,78.80843021066197,0.00753967282570313,-6.698831021290097e-05,1,58.1005859375,-0.008326426275100607,0.011339796380105405,0.012539917733780381
10431.75,10490.4501953125,10413.75,10451.7998046875,193600,11.90999984741211,13.260000228881836,11.369999885559082,13.020000457763672,0,-6.698831021290097e-05,71.03659337297398,10266.43846307475,117.81881735002389,78.6578420036504,0.007525770056213032,-0.009725541625559164,0,76.7001953125,0.09319904488435005,0.001082304936305789,0.00850563370434032
10477.150390625,10485.75,10340.7998046875,10350.150390625,286900,13.020000457763672,13.680000305175781,11.680000305175781,13.239999771118164,0,-0.009725541625559164,60.079629047802584,10274.411027603344,109.78929395227169,83.39301009713965,0.008057178586764855,-0.004540996818999998,0,144.9501953125,0.016897028081386045,-0.007065505424363572,0.001436880034265231
10361.9501953125,10384.25,10285.5,10303.150390625,274500,13.239999771118164,13.859999656677246,11.239999771118164,13.609999656677246,0,-0.004540996818999998,55.79437842418024,10277.148109795882,98.49790902295172,84.48993794734396,0.00820039839700124,0.0005629156585715833,1,98.75,0.027945611174873486,-0.014288410368332949,-0.013155462801111018
10358.650390625,10368.4501953125,10266.9501953125,10308.9501953125,240200,13.609999656677246,13.720000267028809,11.079999923706055,13.270000457763672,0,0.0005629156585715833,56.20945623390329,10280.176879845083,88.99156155741184,85.70494237967652,0.008313644042886804,0.0012416205767800115,1,101.5,-0.024981572923608808,-0.013667465129874934,-0.011018017568157124
10304.349609375,10344.9501953125,10254.099609375,10321.75,279400,13.270000457763672,13.819999694824219,11.170000076293945,13.479999542236328,0,0.0012416205767800115,57.16537640806551,10284.136224621741,81.55048671979421,86.07248834809249,0.008338943333067794,-0.009378235734008311,0,90.8505859375,0.015825100017219373,-0.0027439592231166543,-0.012508969146137305
10322.0,10334.150390625,10216.25,10224.9501953125,210300,13.479999542236328,14.380000114440918,11.170000076293945,14.050000190734863,0,-0.009378235734008311,48.53630906681197,10278.499459925622,67.06931276403157,88.34590993930017,0.008640228876596509,-0.0037506868204679744,1,117.900390625,0.042284916012984786,-0.0075899304919061494,-0.02170435844678742
10223.400390625,10248.0,10175.5498046875,10186.599609375,305000,14.050000190734863,14.739999771118164,12.460000038146973,14.170000076293945,0,-0.0037506868204679744,45.599516739525335,10269.747093206515,51.90003500009516,87.21050175167159,0.008561296712929546,-0.00672940994209803,0,72.4501953125,0.008540917005696258,-0.011868384619137418,-0.015801778242579112
10171.9501953125,10175.4501953125,10094.0,10118.0498046875,207400,14.170000076293945,14.579999923706055,11.579999923706055,14.270000457763672,0,-0.00672940994209803,40.84247028406731,10255.29973239518,33.95545934102665,87.59543801048075,0.00865734402393428,0.009557197007243445,2,81.4501953125,0.007057189903409089,-0.019735044475258534,-0.017965435708472866
10152.900390625,10232.25,10139.2001953125,10214.75,182600,14.270000457763672,14.270000457763672,11.069999694824219,13.460000038146973,0,0.009557197007243445,48.93535385170642,10251.437853119449,27.223337760235154,89.49577781776783,0.008761426155096095,0.006740214824151325,2,93.0498046875,-0.056762466267197165,-0.0009975789727735274,-0.009137709808253125
10324.5498046875,10343.599609375,10268.0498046875,10283.599609375,203300,13.460000038146973,13.859999656677246,11.630000114440918,13.710000038146973,0,0.006740214824151325,53.78323150014502,10254.500877524739,27.130922594256845,92.30676578614155,0.008976114326931834,0.0014732575363192169,1,75.5498046875,0.018573551210362194,0.009522313992858633,-0.0036961165136726315
10287.2001953125,10309.849609375,10261.5,10298.75,147200,13.710000038146973,15.609999656677246,11.119999885559082,13.430000305175781,0,0.0014732575363192169,54.800125273522525,10258.71507966524,27.957911416131537,89.16696889963144,0.008658038004576424,0.0027333793542905216,1,48.349609375,-0.020423029335675746,0.017859192117119838,0.0072176199666313945
10329.25,10358.7001953125,10315.0498046875,10326.900390625,186100,13.430000305175781,13.930000305175781,11.010000228881836,13.720000267028809,0,0.0027333793542905216,56.70622973885476,10265.208918804265,30.5328436607233,87.08005650055063,0.008432351742213368,0.00149119420929833,1,43.650390625,0.021593444174477394,0.010979259465478952,0.013773073118617196
10350.7998046875,10368.7001953125,10309.5498046875,10342.2998046875,157600,13.720000267028809,14.34000015258789,12.1899995803833,14.039999961853027,0,0.00149119420929833,57.755728067828954,10272.550907936002,33.4307313711779,85.08508036658272,0.008226901363661795,0.0006236712756650942,1,59.150390625,0.023323592463275977,0.005708136989210022,0.022163361945116034
10358.4501953125,10374.2998046875,10307.2998046875,10348.75,153000,14.039999961853027,14.460000038146973,12.819999694824219,13.869999885559082,0,0.0006236712756650942,58.21266303147438,10279.80796432305,35.83472471488312,83.7932889118268,0.008096947835422327,0.003957018510689636,1,67.0,-0.012108267575202225,0.004854958125986242,0.013118284833206983
10366.7998046875,10404.5,10362.25,10389.7001953125,129200,13.869999885559082,13.989999771118164,12.489999771118164,13.510000228881836,0,0.003957018510689636,61.09015337851665,10290.27389108395,40.57650459923934,81.79019684669632,0.00787223840044946,0.000948016707878141,1,42.25,-0.025955274668175266,0.006081186252606008,0.010317455946142973
10361.0498046875,10407.150390625,10340.2001953125,10399.5498046875,141900,13.510000228881836,13.899999618530273,11.529999732971191,13.029999732971191,0,0.000948016707878141,61.7720181672485,10300.681120950956,44.6148878251679,80.73019673711087,0.007762854955579182,-0.0028174108723719726,1,66.9501953125,-0.03552927370678305,0.0055355192830566224,0.009787576617307892
10387.900390625,10409.5498046875,10355.2001953125,10370.25,196000,13.029999732971191,13.359999656677246,12.039999961853027,13.149999618530273,0,-0.0028174108723719726,58.488498518699885,10307.306728479436,44.933125160152485,78.84586906838867,0.007603082767376743,-0.0008630645657047298,1,54.349609375,0.009209507906238423,0.002077545597294339,0.0041977367588781345
10376.650390625,10392.9501953125,10345.900390625,10361.2998046875,152500,13.149999618530273,13.289999961853027,12.260000228881836,13.0600004196167,0,-0.0008630645657047298,57.48332240212732,10312.448926213538,43.95642230468184,76.5747216126109,0.007390455160651576,-0.013005125084696312,0,47.0498046875,-0.0068440457432981106,-0.002733513969711443,0.0018371155699226094
10332.7001953125,10332.7001953125,10211.25,10226.5498046875,342500,13.0600004196167,13.90999984741211,11.970000267028809,13.550000190734863,0,-0.013005125084696312,44.95640513149011,10304.268057496773,31.94098363097146,81.82294183224583,0.008001030982584274,-0.010242946252702612,0,121.4501953125,0.03751912368870691,-0.016635335495198245,-0.011808208267906739
10263.7001953125,10272.7001953125,10108.5498046875,10121.7998046875,143400,13.550000190734863,15.020000457763672,12.619999885559082,14.800000190734863,0,-0.010242946252702612,38.02013573810052,10286.890128657795,13.807053232698308,87.70347388887113,0.008664810170248066,0.0005878594150563465,1,164.150390625,0.09225092121066658,-0.023957975488777983,-0.02578518971566357
10175.0498046875,10179.2001953125,10095.7001953125,10127.75,148600,14.800000190734863,15.260000228881836,14.140000343322754,14.859999656677246,0,0.0005878594150563465,38.599653922535644,10271.73392592848,-0.08312797444341413,87.40322575395177,0.008630073387865199,-0.0009380168349337747,1,83.5,0.004054017916833796,-0.022540589413486578,-0.02613572796824226
10118.25,10147.9501953125,10069.099609375,10118.25,155500,14.859999656677246,15.34000015258789,13.550000190734863,15.010000228881836,0,-0.0009380168349337747,37.98892218897478,10257.116409173386,-11.7226360088207,86.79232290991949,0.008577799808259283,-0.007328380957675518,0,78.8505859375,0.010094251390994291,-0.010590062802789957,-0.024300282056845313
10088.7998046875,10104.2001953125,10033.349609375,10044.099609375,166100,15.010000228881836,15.260000228881836,13.550000190734863,15.09000015258789,0,-0.007328380957675518,33.52958986971795,10236.829094906872,-26.62344826784647,86.65718488956809,0.00862767079775709,0.012206229598028528,2,70.8505859375,0.005329774982422819,-0.007676519671582116,-0.030613938530086426
10063.4501953125,10182.650390625,10061.900390625,10166.7001953125,166200,15.09000015258789,15.09000015258789,13.920000076293945,14.270000457763672,0,0.012206229598028528,45.02100357478232,10230.150152088361,-28.214368985540204,90.36387034388464,0.008888220229563587,0.009732773998600175,2,120.75,-0.05434060215589798,0.0038458883081138318,-0.0058523754851872445
10198.4501953125,10270.849609375,10195.25,10265.650390625,200000,14.270000457763672,14.270000457763672,12.90999984741211,13.670000076293945,0,0.009732773998600175,52.20313441276007,10233.531127187089,-21.245822696862888,91.34855203807146,0.008898467078276365,0.0055134947345070184,2,75.599609375,-0.042046276259458226,0.014567775121686166,0.014211957232238559
10310.5,10329.2001953125,10282.0498046875,10322.25,147400,13.670000076293945,14.489999771118164,12.15999984741211,14.149999618530273,0,0.0055134947345070184,55.76292438393563,10241.980543645463,-11.028949241952432,89.36292722731636,0.008657310879635387,-0.007953654423696332,0,47.150390625,0.03511335329607834,0.027692914391786783,0.019204660462590395
10324.900390625,10326.099609375,10230.2001953125,10240.150390625,175100,14.149999618530273,15.369999885559082,12.15999984741211,15.260000228881836,0,-0.007953654423696332,49.95146115169536,10241.8062433578,-9.447846864262829,89.82981914411519,0.008772314440455448,-0.004609326378225087,0,95.8994140625,0.07844527493117037,0.007224585549042262,0.012047576470733512
10236.599609375,10296.5498046875,10169.849609375,10192.9501953125,181600,15.260000228881836,16.309999465942383,12.699999809265137,15.949999809265137,0,-0.004609326378225087,46.92371323908194,10237.153286401106,-11.8666814153421,92.46341744185698,0.00907131062843599,0.005802972930222028,2,126.7001953125,0.04521622346226262,-0.007081888876606657,0.01481970427678414
10229.2998046875,10276.099609375,10141.5498046875,10252.099609375,154300,15.949999809265137,17.389999389648438,12.800000190734863,16.40999984741211,0,0.005802972930222028,50.93714316055166,10238.576745731953,-8.90807509663864,95.46958795940292,0.009312198632180774,0.007915489872025061,2,134.5498046875,0.0288401281283881,-0.0067960367773498565,0.008399914664728225
10345.650390625,10373.099609375,10319.650390625,10333.25,255100,16.40999984741211,16.40999984741211,13.399999618530273,14.9399995803833,0,0.007915489872025061,55.86770608203177,10247.593246138433,-0.015026733304694062,97.29318881944558,0.009415545817573907,0.005371011056540809,2,53.44921875,-0.0895795417853481,0.009091625203105913,0.0065850293749274424
10263.099609375,10443.5498046875,10074.7998046875,10388.75,230400,14.9399995803833,18.260000228881836,12.819999694824219,13.119999885559082,0,0.005371011056540809,58.90912415778094,10261.0367465062,11.379982972819562,116.68296104662804,0.011231665123005947,0.007166424768379365,2,368.75,-0.12182059879131035,0.01920933595629104,0.00644239385792833
10414.7998046875,10472.2001953125,10406.0,10463.2001953125,169100,13.119999885559082,13.119999885559082,12.079999923706055,12.1899995803833,0,0.007166424768379365,62.62965001876977,10280.290408297278,26.117057633910008,114.30919206561889,0.010924878615705859,-0.001815888030940238,1,66.2001953125,-0.07088417022010907,0.020590961264603802,0.021781887587481563
10494.400390625,10494.4501953125,10437.150390625,10444.2001953125,175200,12.1899995803833,12.420000076293945,11.199999809265137,12.1899995803833,0,-0.001815888030940238,61.10897513674368,10295.90086420349,35.84989894805403,110.23709296718182,0.01055486211540236,-0.00037345038892977467,1,57.2998046875,0.0,0.01073720226574415,0.024649389547252376
10473.9501953125,10473.9501953125,10426.900390625,10440.2998046875,151900,12.1899995803833,12.239999771118164,10.15999984741211,12.09000015258789,0,-0.00037345038892977467,60.78270629088275,10309.653144249585,42.75565629306038,105.72371523291883,0.010126501844846529,0.0050477664720738336,1,47.0498046875,-0.008203398788982241,0.0049620796233906805,0.01835723436986525
10457.2998046875,10501.099609375,10448.25,10493.0,138800,12.09000015258789,12.130000114440918,10.729999542236328,11.59000015258789,0,0.0050477664720738336,63.609822041271464,10327.114749559149,51.882910177546364,102.51486447967464,0.009769833649068393,0.003669112741827796,1,52.849609375,-0.04135649244743589,0.002848058350336302,0.015459802095178166
10512.2998046875,10545.4501953125,10477.9501953125,10531.5,155600,11.59000015258789,12.260000228881836,10.319999694824219,12.050000190734863,0,0.003669112741827796,65.56292617475324,10346.580011505896,61.51385940126056,100.01380273112646,0.009496634167129703,-0.003869344347908643,1,67.5,0.0396893901717732,0.008358687410710663,0.01374082541210453
10531.0498046875,10552.400390625,10469.25,10490.75,165200,12.050000190734863,12.739999771118164,11.510000228881836,12.489999771118164,0,-0.003869344347908643,61.78317665137953,10360.310486600572,65.1077499964631,98.80927329497457,0.00941870441054973,-0.0012248513571480046,1,83.150390625,0.03651448742064023,0.004832255419509046,0.0026330189782513003
10498.2001953125,10534.5498046875,10460.4501953125,10477.900390625,272900,12.489999771118164,12.6899995803833,11.329999923706055,12.300000190734863,0,-0.0012248513571480046,60.59685683233349,10371.50952507909,66.15646752123575,97.04429730069067,0.00926180758384763,0.005039158869532878,2,74.099609375,-0.015212136418341293,-0.0014390173806346773,0.0032266899027486584
10492.349609375,10538.7001953125,10488.650390625,10530.7001953125,152000,12.300000190734863,12.760000228881836,11.479999542236328,12.670000076293945,0,0.005039158869532878,63.68268905741596,10386.670541291795,70.43614267929115,94.45540497117705,0.008969527497632275,-0.008403999578242116,0,50.0498046875,0.03008129104240087,-7.594404287136758e-05,0.008658792593715825
10477.5498046875,10495.2001953125,10404.650390625,10442.2001953125,153400,13.350000381469727,13.84000015258789,12.609999656677246,13.6899995803833,0,-0.008403999578242116,55.79527716830791,10391.959079769958,65.92664438227621,96.71214780805725,0.009261663825548116,9.576525840304662e-05,1,90.5498046875,0.0805050906035758,-0.004627867853823631,-0.004841304173020089
10482.650390625,10503.599609375,10429.5498046875,10443.2001953125,167300,13.6899995803833,13.720000267028809,12.770000457763672,13.619999885559082,0,9.576525840304662e-05,55.86179975994045,10396.839186012105,61.72203296002954,95.09340901373173,0.009105772869930718,0.0058985376343401175,2,74.0498046875,-0.005113199194287987,-0.0033117508297318965,-0.008384352151877716
10469.400390625,10513.0,10441.4501953125,10504.7998046875,174900,13.619999885559082,13.789999961853027,12.180000305175781,13.420000076293945,0,0.0058985376343401175,59.86817849500094,10407.121149695475,62.63836569376872,93.41172299042945,0.008892289689209198,0.005145248428569005,2,71.5498046875,-0.014684273931396374,-0.00245951267670963,0.0013392564580703148
10534.25,10566.099609375,10520.099609375,10558.849609375,180900,13.420000076293945,13.420000076293945,12.420000076293945,13.109999656677246,0,0.005145248428569005,63.03839590395579,10421.571479188764,66.95412800218219,91.1180145402202,0.008629539950954342,0.006132296831134809,2,46.0,-0.023099882105388825,0.01117096128025441,0.007725709897226096
10591.7001953125,10631.2001953125,10588.5498046875,10623.599609375,169000,13.109999656677246,13.859999656677246,11.8100004196167,13.739999771118164,0,0.006132296831134809,66.45688281361237,10440.812253492215,74.73765541758075,89.77748392574019,0.008450759368464369,0.0012613794869653638,1,42.650390625,0.04805492989620652,0.017274342221599293,0.008821769905086763
10645.099609375,10659.150390625,10603.599609375,10637.0,205000,13.739999771118164,14.130000114440918,12.25,13.850000381469727,0,0.0012613794869653638,67.13434914491502,10459.49680077867,81.053126514631,87.3327194489016,0.008210277282025157,-0.0004512366915013777,1,55.55078125,0.008005866971176223,0.012584742000843141,0.018655053632753216
10652.0498046875,10655.5,10592.7001953125,10632.2001953125,176400,13.850000381469727,14.229999542236328,12.520000457763672,14.039999961853027,0,-0.0004512366915013777,66.61537044358445,10475.944743115226,84.69457242454519,85.58036839451577,0.008049168264556027,0.0017870242895141608,1,62.7998046875,0.0137183808772674,0.006946834991604867,0.018097900688031743
10637.0498046875,10664.599609375,10612.349609375,10651.2001953125,153800,14.039999961853027,14.279999732971191,12.989999771118164,14.010000228881836,0,0.0017870242895141608,67.68045647541172,10492.635738562585,88.09804631493898,83.19962779490751,0.007811291335179574,0.00282125996474325,1,52.25,-0.0021367331234117826,0.002598044631985541,0.013936523622246622
10682.5498046875,10690.400390625,10597.099609375,10681.25,175200,14.010000228881836,14.550000190734863,11.920000076293945,13.729999542236328,0,0.00282125996474325,69.3461528886389,10510.599001556624,92.15775476465024,83.92113875598555,0.00785686495082369,0.005645388385020489,2,93.30078125,-0.019985773167104037,0.004160007520917608,0.0115922089198357
10718.5,10782.650390625,10713.7998046875,10741.5498046875,175900,13.729999542236328,14.479999542236328,11.8100004196167,14.3100004196167,0,0.005645388385020489,72.41810008141583,10532.594316140516,99.09844802921361,85.16965674662944,0.007928991467270607,-0.003826227138756466,1,68.8505859375,0.04224332823873511,0.010284758315894926,0.01110265819961942
10761.5,10762.349609375,10687.849609375,10700.4501953125,211000,14.3100004196167,14.59000015258789,12.350000381469727,14.09000015258789,0,-0.003826227138756466,67.45610327160728,10548.58059034737,100.1283847618015,84.40753840758448,0.007888223099674865,0.008233261943837888,2,74.5,-0.015373882639948988,0.004623892058819301,0.005965046094998483
10702.4501953125,10803.0,10666.75,10788.5498046875,252700,14.09000015258789,14.449999809265137,10.350000381469727,13.859999656677246,0,0.008233261943837888,71.90064225228511,10571.434801236906,106.82214010343705,88.1105713784713,0.008167044966524442,0.002637073177355065,1,136.25,-0.016323668801976554,0.010045622440023383,0.014705292084693067
10873.400390625,10887.5,10782.400390625,10817.0,312000,13.859999656677246,14.220000267028809,11.65999984741211,13.960000038146973,0,0.002637073177355065,73.17472406750757,10594.821963023867,113.11872023815522,89.32407409250906,0.008257749292087368,0.007183155709762357,2,105.099609375,0.007215034916797425,0.007024144251472464,0.015566302543113197
10829.2001953125,10906.849609375,10793.900390625,10894.7001953125,207600,13.960000038146973,14.199999809265137,10.75,13.979999542236328,0,0.007183155709762357,76.33117577778191,10623.381794670404,122.96114224626217,91.011584425187,0.008353748409189378,0.006562824007838586,2,112.94921875,0.0014326292288471265,0.018153441813606452,0.019983634435342346
10883.2001953125,10975.099609375,10881.400390625,10966.2001953125,231600,13.979999542236328,15.59000015258789,12.069999694824219,15.390000343322754,0,0.006562824007838586,78.80290000718247,10656.031166160128,134.97487866576012,91.20355830553079,0.008316787645780508,0.010714741469905364,2,93.69921875,0.10085842970355863,0.016466568152451178,0.02091415063094204
10997.400390625,11092.900390625,10994.5498046875,11083.7001953125,284600,15.390000343322754,16.299999237060547,14.109999656677246,16.229999542236328,0,0.010714741469905364,82.10937569976815,10696.761549888924,152.22239433726827,93.73903237745716,0.008457377114648149,0.00020749430668232094,1,98.3505859375,0.05458084341616165,0.0246556527052324,0.03581625006468303
11069.349609375,11110.099609375,11046.150390625,11086.0,283400,16.229999542236328,18.5,14.640000343322754,18.040000915527344,0,0.00020749430668232094,82.16800659861046,10733.831878470934,164.18413725340906,91.61118854692451,0.008263682892560392,-0.001474797886974577,1,63.94921875,0.11152196083436339,0.01755897833423692,0.027570915525946038
11095.599609375,11095.599609375,11009.2001953125,11069.650390625,330300,18.040000915527344,18.239999771118164,17.040000915527344,17.510000228881836,0,-0.001474797886974577,80.15686391509533,10765.814593914178,170.38058651387837,91.2389189408942,0.00824225840214117,0.005487978197707966,2,86.3994140625,-0.02937919399933775,0.009433549768380178,0.02335678937089769
11079.349609375,11171.5498046875,11075.9501953125,11130.400390625,241700,17.510000228881836,18.489999771118164,16.360000610351562,17.889999389648438,0,0.005487978197707966,81.92695289201946,10800.53705074378,178.13984919357608,92.00038287815175,0.008265684939388394,-0.0072549052294663685,0,95.599609375,0.021701836424868448,0.004213411991444094,0.021634390216071386
11120.849609375,11121.099609375,11033.900390625,11049.650390625,228000,17.889999389648438,18.010000228881836,16.149999618530273,16.420000076293945,0,-0.0072549052294663685,72.65007602939905,10824.262130732468,175.7473644076581,92.32178410114092,0.008355176936590745,-0.001986505865481769,1,87.19921875,-0.08216877381253951,-0.003278875101479395,0.007609763986268447
11018.7998046875,11058.5,10979.2998046875,11027.7001953125,245900,16.420000076293945,16.420000076293945,14.289999961853027,15.930000305175781,0,-0.001986505865481769,70.3191466146862,10843.637184501995,170.11907881646584,91.38452775909514,0.008286816483997234,-0.000979334267002474,1,79.2001953125,-0.029841642438576566,-0.0037896585557957163,-0.005052464340715712
11044.5498046875,11117.349609375,10878.7998046875,11016.900390625,306200,15.930000305175781,16.770000457763672,13.899999618530273,14.109999656677246,0,-0.000979334267002474,69.14368682300272,10860.138442227995,162.90925151135525,101.8963332539812,0.009249092724909399,-0.023264327729431322,0,238.5498046875,-0.11424988158394467,-0.01019729713367723,-0.006233051540230905
10938.2001953125,10954.9501953125,10736.099609375,10760.599609375,282700,14.109999656677246,15.489999771118164,11.5,15.25,0,-0.023264327729431322,48.44636691215277,10850.658553384852,134.95836436050013,114.67522239655396,0.010656954682771117,-0.00874020111347329,0,218.8505859375,0.08079378958618721,-0.02615926939147717,-0.027918748139664662
10604.2998046875,10702.75,10586.7998046875,10666.5498046875,240100,15.25,18.34000015258789,15.079999923706055,16.049999237060547,0,-0.00874020111347329,43.32176248040872,10833.124386842246,104.0189855708195,118.89840684590726,0.011146847764556109,-0.015778279553294694,0,115.9501953125,0.05245896636462599,-0.03274938420782536,-0.041674204849647234
10295.150390625,10594.150390625,10276.2998046875,10498.25,266500,16.049999237060547,23.15999984741211,16.049999237060547,20.020000457763672,0,-0.015778279553294694,35.98603022804238,10801.231588095367,65.16770454319885,138.28066349977104,0.0131717822970277,-0.0020527044686019513,1,317.8505859375,0.24735211273631208,-0.04707770536496392,-0.04990206668374153
10607.2001953125,10614.0,10446.400390625,10476.7001953125,250400,20.020000457763672,20.020000457763672,16.799999237060547,19.469999313354492,0,-0.0020527044686019513,35.16493859288772,10770.32383640176,32.266942058813584,140.37487391943026,0.013398767866072657,0.009559251691416026,2,167.599609375,-0.027472584007653733,-0.026383233682922058,-0.04996508703004199
10518.5,10637.7998046875,10479.5498046875,10576.849609375,232200,19.469999313354492,24.040000915527344,15.260000228881836,17.770000457763672,0,0.009559251691416026,41.80995610631792,10751.897719542068,14.111404002715062,141.85521216625668,0.013411858672975788,-0.011525115565078292,0,158.25,-0.08731376042857841,-0.008409485443276243,-0.039943247705540474
10416.5,10480.2001953125,10398.2001953125,10454.9501953125,191600,17.770000457763672,20.420000076293945,15.149999618530273,19.229999542236328,0,-0.011525115565078292,36.85821036736094,10723.617002948777,-9.998003903803692,144.48336944455977,0.013819613364522693,0.008110971654893273,2,82.0,0.08216089177616115,-0.004124478335674975,-0.028404496511161725
10518.2001953125,10555.5,10485.400390625,10539.75,217400,19.229999542236328,19.229999542236328,16.56999969482422,17.8799991607666,0,0.008110971654893273,42.00402781409915,10706.105859810797,-22.008547001889383,141.34525767619837,0.013410684093664306,-0.0036860086221209842,1,70.099609375,-0.07020282962069846,0.006018097636860009,-0.01188761192787724
10585.75,10590.5498046875,10456.650390625,10500.900390625,229200,17.8799991607666,17.8799991607666,15.520000457763672,17.18000030517578,0,-0.0036860086221209842,40.38040679251504,10686.562481793102,-34.26682115136464,140.81341170379136,0.013409651217100091,0.004247217640005241,1,133.8994140625,-0.03914982597576411,-0.007180703286419177,0.00025246023146707763
10537.900390625,10618.099609375,10511.0498046875,10545.5,210600,17.18000030517578,17.18000030517578,14.09000015258789,16.31999969482422,0,0.004247217640005241,43.09958842459165,10673.127959717569,-39.92257341347249,139.1266836356634,0.013192990719801186,-0.00883791146104973,0,107.0498046875,-0.05005824185535501,0.008660950362833653,0.006566934569558702
10596.2001953125,10612.900390625,10434.0498046875,10452.2998046875,184300,16.31999969482422,16.969999313354492,12.569999694824219,16.3799991607666,0,-0.00883791146104973,39.08760842509436,10652.096706857563,-51.33353366183837,141.96410522865173,0.013582092733791053,-0.0070701582851038225,0,178.8505859375,0.003676437932864207,-0.008297179279631917,-0.011775699692004982
10488.900390625,10489.349609375,10302.75,10378.400390625,187300,16.3799991607666,18.040000915527344,13.960000038146973,16.670000076293945,0,-0.0070701582851038225,36.209439410426924,10626.030391025892,-65.58385710173206,145.15235552481946,0.013986004592378056,-0.001734371321447492,1,186.599609375,0.017704574504616266,-0.011665666318420254,-0.007321871769587318
10391.0,10429.349609375,10347.650390625,10360.400390625,187700,16.670000076293945,17.540000915527344,16.329999923706055,16.8700008392334,0,-0.001734371321447492,35.52330879359883,10600.732295749616,-77.43714347655987,140.61998861233235,0.013572833414775906,0.003576097765586983,1,81.69921875,0.011997646192207778,-0.017552473507657318,-0.017016495588130676
10426.0,10426.099609375,10349.599609375,10397.4501953125,234100,16.8700008392334,16.8700008392334,15.729999542236328,15.920000076293945,0,0.003576097765586983,38.122371512016514,10581.372095707986,-82.88589176123423,136.03998942573716,0.013083976058579083,-0.0014186170381128571,1,76.5,-0.05631302404740268,-0.005247611568738431,-0.009851554768089965
10354.349609375,10397.5498046875,10340.650390625,10382.7001953125,313600,15.920000076293945,16.459999084472656,14.5,14.829999923706055,0,-0.0014186170381128571,37.47471734531016,10562.450962336987,-87.38692370209174,130.38709118550594,0.012558110003443234,0.010435590678416817,2,56.8994140625,-0.06846734593996529,0.00041430321876800846,-0.015437845971030262
10408.099609375,10499.099609375,10396.650390625,10491.0498046875,210600,14.829999923706055,14.829999923706055,13.539999961853027,14.199999809265137,0,0.010435590678416817,44.88226764480921,10555.650852084656,-81.27423716769772,129.38797139100552,0.012333176736344703,0.008726467454819975,2,102.44921875,-0.04248146444248124,0.012610459937506091,0.0037073180758384616
10526.5498046875,10592.9501953125,10520.2001953125,10582.599609375,171900,14.199999809265137,14.329999923706055,13.529999732971191,13.699999809265137,0,0.008726467454819975,50.24593984227534,10558.217400398024,-68.25577484040514,127.42457276486228,0.012040951889739677,-0.0026741826897078713,1,72.75,-0.03521126807859265,0.017807194127842152,0.01967540382566635
10615.2001953125,10631.650390625,10537.25,10554.2998046875,187500,13.699999809265137,14.420000076293945,12.449999809265137,13.920000076293945,0,-0.0026741826897078713,48.669285270952415,10557.844296044641,-59.53581555801975,125.06570261201497,0.011849739435719774,-0.005822290104475547,1,94.400390625,0.016058413875307043,0.016527454915097328,0.018715436349154624
10488.9501953125,10535.5,10461.5498046875,10492.849609375,286000,13.920000076293945,14.399999618530273,12.529999732971191,13.8100004196167,0,-0.005822290104475547,45.34220892464332,10551.654325885627,-56.927477677285424,122.75743813972818,0.011699151585099307,-0.0032879533476946055,1,73.9501953125,-0.00790227414327227,0.0001715562046704644,0.00917527011627417
10479.9501953125,10525.5,10447.150390625,10458.349609375,176000,13.8100004196167,14.25,12.40999984741211,14.069999694824219,0,-0.0032879533476946055,43.542502390458615,10542.768162408425,-56.98729868038754,119.58545037081902,0.01143444757895845,-0.009513929416818057,0,78.349609375,0.018826883946954753,-0.011740971461296601,0.0072861021352281785
10428.2998046875,10428.7001953125,10323.900390625,10358.849609375,194000,14.069999694824219,15.989999771118164,12.229999542236328,15.399999618530273,0,-0.009513929416818057,38.76376033946937,10525.252109738574,-64.322061019795,120.6471481121891,0.011646770892686831,-0.010580287725753812,0,104.7998046875,0.09452735981190585,-0.018518537366703836,-0.012601236079675449
10420.5,10441.349609375,10215.900390625,10249.25,222900,15.399999618530273,16.450000762939453,13.15999984741211,16.25,0,-0.010580287725753812,34.29850768215384,10498.966194525377,-78.07864353192599,128.13301030060418,0.01250169625100414,-0.00927383024977435,0,225.44921875,0.05519483133278458,-0.023215772496858467,-0.03149978471071413
10232.9501953125,10243.349609375,10141.5498046875,10154.2001953125,249500,16.25,16.459999084472656,13.449999809265137,15.699999809265137,0,-0.00927383024977435,30.966962885604573,10466.131337457484,-95.54912828394117,126.6735235157396,0.012474987796105902,0.008710700361544088,2,101.7998046875,-0.03384616558368392,-0.029081970427710324,-0.03790868335929809
10216.25,10270.349609375,10146.400390625,10242.650390625,226400,15.699999809265137,15.699999809265137,12.489999771118164,14.59000015258789,0,0.008710700361544088,37.09071282098685,10444.847437759152,-101.09209502160229,126.47893031818678,0.012348261972697198,-0.001542645765246653,1,123.94921875,-0.07070061593390564,-0.01121738640213843,-0.023844735039989073
10271.2998046875,10296.7001953125,10211.900390625,10226.849609375,186500,14.59000015258789,14.760000228881836,12.90999984741211,14.529999732971191,0,-0.001542645765246653,36.46835367946555,10424.085739817805,-105.54328974459531,123.50184991599487,0.012076236048565744,0.019023530088059015,2,84.7998046875,-0.004112434474927484,-0.002185563882723174,-0.02213542371852628
10301.599609375,10433.650390625,10295.4501953125,10421.400390625,216400,14.529999732971191,14.65999984741211,12.010000228881836,14.489999771118164,0,0.019023530088059015,48.03104603125763,10423.829992275632,-92.30820004329689,129.45177358270954,0.01242172536611905,0.0005228873803659884,1,138.2001953125,-0.0027529224079928527,0.026314253232455176,0.006038390710237707
10389.5,10478.599609375,10377.849609375,10426.849609375,266700,14.489999771118164,14.619999885559082,12.390000343322754,14.460000038146973,0,0.0005228873803659884,48.31478639622233,10424.117574856524,-80.45218695774201,127.40164689823028,0.012218613643730008,-0.001529629691374823,1,100.75,-0.002070374978955347,0.01798355032390786,0.017328059065297552
10393.0498046875,10420.349609375,10336.2998046875,10410.900390625,181400,14.460000038146973,14.949999809265137,11.739999771118164,14.359999656677246,0,-0.001529629691374823,47.497382542845486,10422.858795405902,-71.51875612766162,124.7693724546067,0.011984493922058973,-0.004874698450260895,1,84.0498046875,-0.0069156556850563655,0.017996820944866432,0.025280198378499597
10405.4501953125,10420.0,10346.2001953125,10360.150390625,173900,14.359999656677246,14.65999984741211,11.300000190734863,14.329999923706055,0,-0.004874698450260895,44.89463311866705,10416.88656637915,-67.75303389751025,121.1286890426705,0.011691788678307316,-0.01592640973139836,0,73.7998046875,-0.0020891179448769837,-0.005877329121247499,0.011471640202378452
10345.150390625,10346.2998046875,10180.25,10195.150390625,328500,14.329999923706055,15.619999885559082,11.630000114440918,15.220000267028809,0,-0.01592640973139836,37.667555773587786,10395.768835354946,-77.19296053887228,125.32666772712261,0.012292772830734048,-0.009896900659531527,0,166.0498046875,0.06210749114174319,-0.022221402190521156,-0.0030996074021604203
10215.349609375,10224.5498046875,10075.2998046875,10094.25,210200,15.220000267028809,16.010000228881836,13.140000343322754,15.819999694824219,0,-0.009896900659531527,34.05704364366953,10367.052755797333,-91.7582566121473,127.03547717518528,0.012584934707896603,0.002981856935879268,1,149.25,0.03942177511620626,-0.03041527425525492,-0.031392171719964
10051.5498046875,10155.650390625,10049.099609375,10124.349609375,203000,15.819999694824219,16.1299991607666,15.170000076293945,15.609999656677246,0,0.002981856935879268,36.026974373426604,10343.938170423779,-99.72302678651067,125.57228460910062,0.012402997669383376,0.003052086486265315,1,106.55078125,-0.013274338950567621,-0.022760362770735343,-0.029011639309347692
10181.9501953125,10227.2998046875,10132.9501953125,10155.25,204800,15.609999656677246,15.609999656677246,12.390000343322754,15.109999656677246,0,0.003052086486265315,38.07226729275348,10325.967868478656,-102.3617981634452,123.95642108791488,0.01220614175799856,-0.003988084980675044,1,94.349609375,-0.03203075022401569,-0.003913663761320296,-0.024556030797798556
10167.5,10207.849609375,10105.400390625,10114.75,230500,15.109999656677246,15.359999656677246,11.989999771118164,15.25,0,-0.003988084980675044,36.42837210300849,10305.851881004497,-106.493464647785,122.42019234949238,0.012103135752192826,-0.011537625281148767,0,102.44921875,0.009265410092903936,0.002030859152487796,-0.023686952541448147
9968.7998046875,10027.7001953125,9951.900390625,9998.0498046875,285700,15.25,16.3799991607666,15.25,15.550000190734863,0,-0.011537625281148767,32.124118548397135,10276.537397545735,-117.82634183682421,125.30800785131434,0.012533245012698853,0.013262645068574441,2,75.7998046875,0.019672143654745122,-0.0124748561201945,-0.019332778662955796
9989.150390625,10143.5,9958.5498046875,10130.650390625,262600,15.550000190734863,16.3799991607666,14.859999656677246,15.199999809265137,0,0.013262645068574441,40.69814648158971,10262.643396886619,-114.78480181798841,129.5681640985419,0.01278971824143152,0.005281003483202706,1,184.9501953125,-0.022508062840942422,-0.0024223538933064725,0.0036060520221907755
10188.0,10207.900390625,10139.650390625,10184.150390625,225700,15.199999809265137,16.110000610351562,14.5,15.550000190734863,0,0.005281003483202706,43.783643482462686,10255.167872480752,-106.82593369134338,125.83115237721748,0.012355586627339194,-0.006917631084606968,0,68.25,0.023026341175108822,0.006861305580958543,0.005906629418903631
10143.599609375,10158.349609375,10096.900390625,10113.7001953125,344400,15.550000190734863,15.970000267028809,14.819999694824219,15.760000228881836,0,-0.006917631084606968,40.77504383494793,10241.69476036949,-104.99292229293133,123.07535577884481,0.012169171856200344,0.009699675438319622,2,61.44921875,0.013504825438658052,0.011567294910931336,-0.004091460543807379
10151.650390625,10220.099609375,10127.75,10211.7998046875,225400,15.760000228881836,16.450000762939453,15.199999809265137,15.350000381469727,0,0.009699675438319622,46.307706794973534,10238.84762173311,-94.53469184781716,121.88421708482018,0.011935625395718385,0.0032511600254110373,1,92.349609375,-0.026015218366605253,0.008010286697643476,0.009594879229590347
10186.849609375,10255.349609375,10171.0498046875,10245.0,205300,15.350000381469727,15.779999732971191,14.880000114440918,15.1899995803833,0,0.0032511600254110373,48.07561169517824,10239.433562520433,-82.6151545015291,119.19961619929731,0.011634906412815746,-0.011381123413860439,0,84.2998046875,-0.010423504697731234,0.005974932325333304,0.024699836481782533
10274.599609375,10279.849609375,10111.2998046875,10128.400390625,231100,15.1899995803833,16.489999771118164,13.680000305175781,16.34000015258789,0,-0.011381123413860439,42.75158409566041,10228.858974720868,-81.63639573874752,122.72462966274036,0.012116881731525555,0.019425574859986305,2,168.5498046875,0.0757077421970258,0.0014534932842198423,-0.0002220982773309954
10228.4501953125,10331.7998046875,10227.4501953125,10325.150390625,236800,16.34000015258789,16.34000015258789,13.859999656677246,14.800000190734863,0,0.019425574859986305,52.34229744333577,10238.029585759357,-64.24407595891898,128.4871142627232,0.012444091311191608,0.0006246125727966678,1,104.349609375,-0.09424724280734631,0.011099961623363352,0.01384504299247169
10322.75,10350.4501953125,10290.849609375,10331.599609375,200200,14.800000190734863,15.15999984741211,13.010000228881836,14.75,0,0.0006246125727966678,52.62247725295272,10246.941016579894,-49.37102077860982,123.56664795377868,0.011960069362507335,0.004621743176794313,1,59.6005859375,-0.0033783912223301904,0.008452865727184067,0.02154497462397509
10333.7001953125,10397.7001953125,10328.5,10379.349609375,221600,14.75,15.140000343322754,14.460000038146973,14.869999885559082,0,0.004621743176794313,54.74392141192504,10259.551358750858,-33.34659269399526,119.68332990797306,0.011530908429933874,0.002206341580816895,1,69.2001953125,0.008135585461632733,0.024776786962557473,0.01640747056269065
10412.900390625,10424.849609375,10381.5,10402.25,251700,14.869999885559082,14.869999885559082,14.010000228881836,14.5,0,0.002206341580816895,55.7668868481127,10273.141705536491,-18.58501140754379,114.38452062883212,0.010996132627924931,0.0014324199692374862,1,43.349609375,-0.02488230587805218,0.0074671657514069345,0.01534895070766229
10428.150390625,10428.150390625,10355.599609375,10417.150390625,250400,14.5,14.90999984741211,12.739999771118164,14.720000267028809,0,0.0014324199692374862,56.4565645386475,10286.856818402062,-5.619239792431472,111.39639638748697,0.010693557471123685,0.003983815001590951,1,72.55078125,0.015172432208883313,0.008280497162546974,0.028508944044833617
10410.650390625,10469.900390625,10395.25,10458.650390625,238600,14.720000267028809,14.989999771118164,11.8100004196167,14.5600004196167,0,0.003983815001590951,58.401954725742186,10303.218110994723,7.913706513340003,108.77168169016647,0.010400164230335877,0.002098666456015641,1,74.650390625,-0.010869554654186486,0.00764024570271471,0.012929593754025692
10495.2998046875,10519.900390625,10451.4501953125,10480.599609375,213100,14.5600004196167,14.5600004196167,13.449999809265137,14.140000343322754,0,0.002098666456015641,59.43423899957383,10320.11158703094,20.17719236243829,105.89157552033316,0.010103579896861253,0.004556037037927396,1,68.4501953125,-0.028846158254781318,0.007531986769689247,0.014421774520258834
10398.2998046875,10540.150390625,10396.349609375,10528.349609375,195000,14.140000343322754,14.859999656677246,13.40999984741211,14.260000228881836,0,0.004556037037927396,61.66309702818676,10339.943779635136,33.36451384121938,108.59937592959508,0.010314947732443501,0.001932932196645476,1,143.80078125,0.00848655464253567,0.010674629296901994,0.014355427421523403
10557.2998046875,10560.4501953125,10495.650390625,10548.7001953125,206100,14.260000228881836,14.399999618530273,13.350000381469727,14.039999961853027,0,0.001932932196645476,62.606097257082084,10359.82534303298,44.93964705361395,105.4708351265883,0.009998467410558896,-0.002132964212026689,1,64.7998046875,-0.015427788464072112,0.008610078865263437,0.014078703675887372
10578.900390625,10594.2001953125,10509.7001953125,10526.2001953125,205400,14.039999961853027,14.369999885559082,13.170000076293945,14.109999656677246,0,-0.002132964212026689,60.8246830543294,10375.670567059602,51.70147909120169,103.97291833183199,0.009877535711142273,0.0037145036812440413,1,84.5,0.004985733263134673,0.004350952010103493,0.010468295128544858
10563.650390625,10572.2001953125,10546.2001953125,10565.2998046875,262600,14.109999656677246,14.109999656677246,12.5,13.75,0,0.0037145036812440413,62.80531486289348,10393.730494452735,59.52907725779005,99.831995593844,0.00944904521777523,-0.00011831183431687542,1,26.0,-0.025513796274749367,0.0035095904565705105,0.010197244393798544
10560.349609375,10582.349609375,10527.4501953125,10564.0498046875,244600,13.75,13.770000457763672,9.739999771118164,12.9399995803833,0,-0.00011831183431687542,62.69618223713506,10409.95138114176,64.88370172155192,96.62252548446229,0.009146352702879985,0.0019547797489403163,1,54.8994140625,-0.05890912142666904,0.0014551185540205847,0.007962349333319851
10592.7998046875,10638.349609375,10514.9501953125,10584.7001953125,194200,12.9399995803833,13.489999771118164,11.529999732971191,13.149999618530273,0,0.0019547797489403163,63.81482602186163,10426.594125348496,69.9868295225424,98.53516038289355,0.009309206549518565,0.0028011576629851653,1,123.3994140625,0.01622875154225878,0.005557561030052449,0.005352271536207542
10578.099609375,10636.7998046875,10569.0,10614.349609375,219200,13.149999618530273,13.390000343322754,11.489999771118164,11.899999618530273,0,0.0028011576629851653,65.41828406173697,10444.475600017688,75.55263129158084,96.33977783322258,0.009076371268959485,-0.00412647089076601,1,67.7998046875,-0.0950570369780519,0.004642537892368903,0.006223460032703576
10612.400390625,10612.599609375,10536.4501953125,10570.5498046875,189200,11.899999618530273,13.319999694824219,11.899999618530273,12.399999618530273,0,-0.00412647089076601,61.110225827630046,10456.482667129098,75.55830203251935,95.02260899245668,0.008989372430781132,0.0044699661676110836,1,76.1494140625,0.042016808069591516,0.0006152943350490325,0.0042132591582999535
10586.5,10628.400390625,10559.650390625,10617.7998046875,335100,12.399999618530273,13.579999923706055,11.739999771118164,12.039999961853027,0,0.0044699661676110836,63.87408313467372,10471.84620403942,78.47091241892304,93.14599406442406,0.00877262670024183,0.007016519558704637,2,68.75,-0.029032231270335718,0.003127118271111673,0.004969097041307657
10651.650390625,10719.7998046875,10647.5498046875,10692.2998046875,0,12.039999961853027,12.630000114440918,11.4399995803833,12.020000457763672,0,0.007016519558704637,67.76416118444195,10492.841785053524,85.8016366542106,93.77842305982234,0.008770650353323419,0.004400344691688707,2,72.25,-0.0016610883847775204,0.007343850370601368,0.012140230533852048
10705.75,10759.0,10704.599609375,10739.349609375,173800,12.020000457763672,12.550000190734863,12.020000457763672,12.359999656677246,0,0.004400344691688707,69.96389101289314,10516.318720703188,94.32054591158158,91.8442639350136,0.008552125340517589,-0.0019833421447520427,1,54.400390625,0.0282861219605004,0.01596887653021084,0.014610656060999094
10783.849609375,10784.650390625,10689.7998046875,10718.0498046875,229700,12.359999656677246,13.199999809265137,12.359999656677246,12.84000015258789,0,-0.0019833421447520427,67.71124150481498,10535.53120489217,98.22089728161336,92.0590012209055,0.008589155947068265,-0.003582686660562606,1,94.8505859375,0.03883499265724777,0.009441692426310544,0.009769811540869977
10720.150390625,10720.599609375,10647.4501953125,10679.650390625,185200,12.84000015258789,13.210000038146973,12.470000267028809,12.989999771118164,0,-0.003582686660562606,63.72759443656201,10549.25684162863,97.09420054053408,90.70831642387654,0.008493566091218091,-0.0057492884485150775,0,73.1494140625,0.011682213142344855,-0.0011830395979876007,0.010321183661527122
10700.4501953125,10700.4501953125,10601.599609375,10618.25,186500,12.989999771118164,13.460000038146973,10.989999771118164,13.25,0,-0.0057492884485150775,57.86527695729618,10555.82761861638,90.20693745375866,91.28990710342107,0.008597453168217086,0.00915875968262192,2,98.8505859375,0.020015414431331813,-0.011276251707951213,4.240005658240342e-05
10653.150390625,10725.650390625,10635.650390625,10715.5,168400,13.25,13.960000038146973,12.829999923706055,13.760000228881836,0,0.00915875968262192,63.57988310198494,10571.034512081487,91.54076908145362,92.44065592639099,0.008626816847220473,0.00021462411343375898,1,90.0,0.038490583311836746,-0.00023789819360464648,0.0021698040399436014
10757.900390625,10758.5498046875,10689.400390625,10717.7998046875,269800,13.760000228881836,14.4399995803833,11.09000015258789,14.0600004196167,0,0.00021462411343375898,63.705248020129744,10585.012158996346,91.72605441632732,90.7769957932559,0.008469741686493714,0.0022299717349214543,1,69.1494140625,0.021802339080283728,0.0035721594497128972,-0.002006621021880872
10693.349609375,10766.25,10689.849609375,10741.7001953125,215400,14.0600004196167,14.5600004196167,12.119999885559082,14.270000457763672,0,0.0022299717349214543,65.05160626291828,10599.934829121694,92.7324936953155,89.75009542409477,0.008355297000679671,-0.0023413789407356056,1,76.400390625,0.014935990887594786,0.011626227986014648,0.002206594581661392
10779.650390625,10785.5498046875,10705.0,10716.5498046875,192100,14.270000457763672,14.649999618530273,12.5600004196167,14.430000305175781,0,-0.0023413789407356056,62.427292724226966,10611.041017270818,90.45793497577506,89.09293180005228,0.008313583515571621,0.00839357787271755,2,80.5498046875,0.011212322514331907,9.79706674910652e-05,0.003455114419746552
10741.9501953125,10812.0498046875,10724.4501953125,10806.5,203100,14.430000305175781,14.819999694824219,13.0,13.979999542236328,0,0.00839357787271755,67.48026336977753,10629.656158483122,94.82052779905825,89.55057952861998,0.008286732941157634,9.217542682682378e-06,1,87.599609375,-0.031185083397264113,0.008275970528364152,0.017728910131142195
10815.150390625,10834.849609375,10774.75,10806.599609375,171400,13.979999542236328,14.5,12.109999656677246,14.25,0,9.217542682682378e-06,67.4854781312248,10646.50791571092,97.16588386090007,87.4469388033614,0.008091993963346153,-0.0004395462191344457,1,60.099609375,0.019313338097612043,0.006041819533449733,0.008501666686108855
10812.599609375,10929.2001953125,10781.400390625,10801.849609375,254300,14.25,14.25,11.489999771118164,13.170000076293945,0,-0.0004395462191344457,66.93427198889661,10661.302362726547,97.51719264028361,91.75785779508558,0.008494643150321987,-0.005624036826737067,0,147.7998046875,-0.07578946833024947,0.007959633113466147,0.007842076379402041
10751.9501953125,10790.4501953125,10699.7001953125,10741.099609375,231100,13.170000076293945,13.649999618530273,10.859999656677246,13.4399995803833,0,-0.005624036826737067,60.165798107939914,10668.90210050259,91.83497367666132,92.50011181418662,0.008611791639419402,-0.005437005165795927,0,90.75,0.02050110117883408,-0.006051949347614882,-5.5911627263816044e-05
10775.599609375,10777.25,10664.5,10682.7001953125,214100,13.4399995803833,13.680000305175781,11.09000015258789,13.40999984741211,0,-0.005437005165795927,54.46415684523573,10670.2162047702,81.67789759844709,93.94653239888758,0.008794268366729108,-0.008078463600931896,0,112.75,-0.002232123058618085,-0.01146516189560809,-0.00315862940889744
10671.849609375,10674.9501953125,10589.099609375,10596.400390625,223000,13.40999984741211,14.350000381469727,11.609999656677246,14.149999618530273,0,-0.008078463600931896,47.32671512657419,10663.186127232562,65.90495730456496,93.92182193735991,0.008863559178120126,-0.007521440524559053,0,85.8505859375,0.055182683037910074,-0.01901981847365186,-0.019441966351270046
10616.7001953125,10621.7001953125,10505.7998046875,10516.7001953125,0,14.149999618530273,14.539999961853027,11.760000228881836,14.40999984741211,0,-0.007521440524559053,41.86958063098895,10649.235086097318,46.43833656728566,95.49171970076277,0.009080007790212116,0.0019017372016476575,1,115.900390625,0.01837457497464179,-0.02089166121005348,-0.02682614555377849
10518.4501953125,10558.599609375,10490.5498046875,10536.7001953125,241700,14.40999984741211,14.40999984741211,11.75,13.600000381469727,0,0.0019017372016476575,43.62625190490051,10638.517477451145,32.25294041622692,93.53158291410115,0.008876743304864163,-0.010093348388598211,0,68.0498046875,-0.056210928141532945,-0.013666956605602798,-0.024546667806999878
10521.099609375,10533.5498046875,10417.7998046875,10430.349609375,290900,13.600000381469727,14.9399995803833,11.880000114440918,14.15999984741211,0,-0.010093348388598211,37.19031882605946,10618.691966205799,12.287663751108994,95.34364060773679,0.009140982246850103,0.008005484296034426,2,115.75,0.04117643016432515,-0.015670489518016972,-0.028930929914174897
10464.849609375,10535.150390625,10419.7998046875,10513.849609375,297600,14.15999984741211,14.220000267028809,10.899999618530273,13.149999618530273,0,0.008005484296034426,44.156111441044466,10608.706979840961,3.1662912784267974,96.77270813129131,0.009204307815569373,0.00868385840031305,2,115.3505859375,-0.07132770054841664,-0.0002710532661918119,-0.015805983772865795
10533.0498046875,10628.0498046875,10524.0,10605.150390625,260800,13.149999618530273,13.170000076293945,11.0,12.649999618530273,0,0.00868385840031305,50.60650759246125,10608.368257058488,3.267086947653297,98.01752864423479,0.00924244589033671,0.007873532851907061,2,104.0498046875,-0.038022814791220716,0.00649635977523122,0.0008257521117964739
10648.349609375,10709.7998046875,10640.5498046875,10688.650390625,232600,12.649999618530273,13.149999618530273,11.350000381469727,13.0600004196167,0,0.007873532851907061,55.65176930239744,10616.014174541013,9.969794814453053,98.49123474553944,0.00921456228299187,-0.005178444790938985,0,69.25,0.03241113149804664,0.024764345484434624,0.016350204162817406
10689.400390625,10717.25,10616.099609375,10633.2998046875,225800,13.0600004196167,13.869999885559082,11.979999542236328,13.069999694824219,0,-0.005178444790938985,51.869548630317844,10617.660425031154,10.692156859644456,98.6811744512152,0.009280390496251538,-0.0017821556488181178,1,101.150390625,0.0007656412623464615,0.011361223505231388,0.00916791856884891
10579.0,10648.7001953125,10558.4501953125,10614.349609375,238700,13.069999694824219,13.850000381469727,12.180000305175781,13.40999984741211,0,-0.0017821556488181178,50.60158111820521,10617.345109254378,9.62456559536804,98.07894770469981,0.009240222087472296,0.011475105468772284,2,90.25,0.026013784279010466,0.0008674293537724864,0.017640827670303283
10670.099609375,10763.7998046875,10620.400390625,10736.150390625,610300,13.40999984741211,14.229999542236328,12.130000114440918,13.220000267028809,0,0.011475105468772284,57.75047083978669,10628.659897956342,18.39475367212981,101.7483225338284,0.009477170012696252,-0.0037210912532843476,1,143.3994140625,-0.014168499816945679,0.004443966100871055,0.021143614328644977
10738.4501953125,10764.75,10681.5,10696.2001953125,220600,13.220000267028809,14.59000015258789,12.15999984741211,13.569999694824219,0,-0.0037210912532843476,54.941916259613755,10635.092307228357,21.86944665694682,100.42701378141207,0.00938903647534787,-0.006329368754912523,0,83.25,0.026474994003466312,0.005915415889738318,0.008585432675050741
10765.9501953125,10770.2998046875,10618.349609375,10628.5,203800,13.569999694824219,15.470000267028809,12.180000305175781,13.880000114440918,0,-0.006329368754912523,50.46315951437594,10634.464468444705,18.941974621182453,104.10724103363263,0.009795101946053783,-0.003325926459519235,1,151.9501953125,0.022844541384546835,0.0013331377941896427,-0.0056275009871926684
10630.7001953125,10633.150390625,10550.900390625,10593.150390625,167700,13.880000114440918,14.489999771118164,13.130000114440918,13.319999694824219,0,-0.003325926459519235,48.25137532070257,10630.529794366637,13.612596356737413,102.5460095312303,0.00968040722068707,0.0086376570355291,2,82.25,-0.040345851224746654,-0.013319485550879584,-0.00377581887090217
10603.4501953125,10698.349609375,10587.5,10684.650390625,189900,13.319999694824219,13.510000228881836,12.149999618530273,12.550000190734863,0,0.0086376570355291,53.88550602137305,10635.684136867434,16.581173541497265,103.13912380578527,0.00965301811805488,0.007833594520176401,2,110.849609375,-0.05780777190171826,-0.001079804461079692,0.006623183128235066
10722.599609375,10818.0,10722.599609375,10768.349609375,220900,12.550000190734863,13.649999618530273,11.609999656677246,12.779999732971191,0,0.007833594520176401,58.35237616499701,10648.318943772916,25.394883389482857,105.29701563215777,0.009778380109472434,-6.493276828523076e-05,1,95.400390625,0.018326656473370173,0.013157981782471628,0.002999140062169392
10736.400390625,10779.4501953125,10709.0498046875,10767.650390625,209400,12.779999732971191,13.170000076293945,10.800000190734863,12.699999809265137,0,-6.493276828523076e-05,58.30156929164218,10659.683843473114,31.955033103553433,102.80439956021793,0.0095475239101119,0.0017923877528847054,1,70.400390625,-0.006259775068669371,0.01647290877267582,0.006679960547467445
10781.849609375,10850.5498046875,10777.0498046875,10786.9501953125,211400,12.699999809265137,13.819999694824219,11.319999694824219,13.180000305175781,0,0.0017923877528847054,59.35355779362674,10671.8044484102,38.27017717821218,101.38261488180952,0.00939863567052211,0.005182133323169635,2,73.5,0.037795315206262003,0.009574464390267767,0.01490804867220219
10816.150390625,10856.5498046875,10789.400390625,10842.849609375,198300,13.180000305175781,13.899999618530273,10.449999809265137,12.729999542236328,0,0.005182133323169635,62.31876745964696,10688.09446374018,47.24102477242195,99.1124002027517,0.009140807423636738,0.0012773935299743577,1,67.1494140625,-0.034142697459782156,0.006918423221989434,0.023571761897290378
10887.5,10893.25,10842.650390625,10856.7001953125,213400,12.729999542236328,13.140000343322754,11.220000267028809,12.640000343322754,0,0.0012773935299743577,63.038267403258125,10704.152152461353,54.83599740936734,95.6472008579123,0.008809969800880108,-0.0044811397339686865,0,50.599609375,-0.0070698509151527755,0.008270124071360296,0.0161025207561738
10832.900390625,10833.7001953125,10773.5498046875,10808.0498046875,184300,12.640000343322754,12.640000343322754,10.430000305175781,12.100000381469727,0,-0.0044811397339686865,58.79182284062512,10714.04716695908,56.28062005330503,94.75457155556141,0.008767036909329002,0.000892889170515776,1,60.150390625,-0.042721514808999994,0.001956031036851158,0.0036867483646645383
10808.650390625,10834.0,10755.400390625,10817.7001953125,305400,12.100000381469727,12.510000228881836,10.5,12.069999694824219,0,0.000892889170515776,59.37640132684007,10723.918883945122,57.54090405436,93.6006456855213,0.008652545734820799,-0.00165012762557748,1,78.599609375,-0.0024793955123713074,-0.0023194469137296503,0.00464816397930945
10830.2001953125,10830.2001953125,10787.349609375,10799.849609375,196600,12.069999694824219,12.550000190734863,9.819999694824219,12.380000114440918,0,-0.00165012762557748,57.74461539685196,10731.15038160511,56.448590885762314,89.97564141780549,0.008331193921413549,-0.008277838793689818,0,42.8505859375,0.02568354825639574,-0.005236451676361664,0.0011958351368031028
10789.4501953125,10789.4501953125,10701.2001953125,10710.4501953125,224500,12.380000114440918,13.0,11.479999542236328,12.920000076293945,0,-0.008277838793689818,50.29040981798996,10729.178935291528,47.817923995002275,90.59519660671224,0.00845857970063311,0.005751355755517995,2,88.25,0.043618736418518544,-0.009030270135567897,-0.0122107581339157
10734.650390625,10781.7998046875,10724.0498046875,10772.0498046875,193500,12.920000076293945,12.920000076293945,10.609999656677246,12.170000076293945,0,0.005751355755517995,54.63582118113062,10733.261875234002,45.42500083705636,89.22051180444707,0.008282593695920567,-0.0028731945983977436,1,57.75,-0.0580495352609266,-0.004219971879492523,-0.0077970644028236835
10808.4501953125,10809.599609375,10725.900390625,10741.099609375,223600,12.170000076293945,12.59000015258789,10.90999984741211,12.449999809265137,0,-0.0028731945983977436,52.16826404493995,10734.008326104573,40.56357821445272,88.82613372912942,0.008269743039306755,0.007517852262492797,2,83.69921875,0.023007373148386856,-0.005439890565605787,-0.006194475092394902
10742.7001953125,10837.0,10710.4501953125,10821.849609375,229800,12.449999809265137,12.539999961853027,10.390000343322754,12.020000457763672,0,0.007517852262492797,57.55449826295091,10742.374162606518,42.73410375840285,91.52068165472733,0.00845702767625256,-0.005488841206131911,0,126.5498046875,-0.03453810105133215,0.010401002014953198,0.00038357635981611793
10822.900390625,10831.0498046875,10753.0498046875,10762.4501953125,229600,12.020000457763672,12.779999732971191,9.739999771118164,12.579999923706055,0,-0.005488841206131911,52.84078993164517,10744.286165721373,39.20924482906594,90.55491867938966,0.008413968662900772,0.0006225529680423669,1,78.0,0.04658897209780721,-0.0008911590225680888,-0.0034629569313664454
10742.7001953125,10805.25,10732.5498046875,10769.150390625,220000,12.579999923706055,12.970000267028809,12.329999923706055,12.800000190734863,0,0.0006225529680423669,53.30534858784463,10746.654187140764,36.535262731818875,89.2795812960404,0.008290308711238915,-0.009076853461448153,0,72.7001953125,0.01748809764412118,0.002611537204767922,0.00548064686750438
10785.5,10785.5,10652.400390625,10671.400390625,246000,12.800000190734863,13.8100004196167,12.09000015258789,13.510000228881836,0,-0.009076853461448153,46.1609915441745,10739.48715890117,26.226185445008014,92.40958330168039,0.008659555439683785,-0.007712275637441368,0,133.099609375,0.05546875215368341,-0.013902357192218329,-0.009343571176091525
10660.7998046875,10674.2001953125,10557.7001953125,10589.099609375,352300,13.510000228881836,14.079999923706055,12.520000457763672,13.949999809265137,0,-0.007712275637441368,41.15914275104517,10725.164535136773,11.285094645425488,94.13032735156035,0.008889360835573082,0.011823497741172861,2,116.5,0.032568436190153705,-0.016106981476485815,-0.014151251317633395
10612.849609375,10723.0498046875,10612.349609375,10714.2998046875,242800,13.949999809265137,13.949999809265137,12.630000114440918,12.9399995803833,0,0.011823497741172861,50.02973842890939,10724.12979890351,9.437986726006784,96.97460363448462,0.009050951102941724,-0.005319993003655044,0,110.7001953125,-0.07240145108898333,-0.005093306709250678,-0.009938209138882215
10732.349609375,10736.150390625,10604.650390625,10657.2998046875,295400,12.9399995803833,13.9399995803833,12.470000267028809,13.369999885559082,0,-0.005319993003655044,46.58634265141208,10717.765037549603,3.3362584503811377,99.44070337487858,0.009330759685595092,0.003997315147197256,1,131.5,0.033230318324557695,-0.0013213435370570403,-0.009770116350531155
10668.599609375,10713.2998046875,10630.25,10699.900390625,202100,13.369999885559082,13.75,12.1899995803833,13.0,0,0.003997315147197256,49.38997255389248,10716.063642604404,1.9160194095020415,98.26992489720867,0.009184190628850196,0.006542116977213297,2,83.0498046875,-0.02767388846118979,0.01046366408262922,-0.006430405137649919
10715.0,10777.150390625,10677.75,10769.900390625,173900,13.0,13.34000015258789,12.579999923706055,12.65999984741211,0,0.006542116977213297,53.691260146852024,10721.1909519397,6.365507119247923,98.35067244919377,0.009131994622234966,-0.0018709913642785958,1,99.400390625,-0.026153857891376253,0.0051893811962564484,0.009230278725792518
10786.0498046875,10786.0498046875,10726.25,10749.75,220500,12.65999984741211,12.949999809265137,11.229999542236328,12.579999923706055,0,-0.0018709913642785958,52.312967689542134,10723.910861278775,8.171593028657298,95.59703903764421,0.008892954630353656,0.0021303184376380013,1,59.7998046875,-0.006319109373639331,0.008674823548816546,0.015171298462691718
10744.150390625,10816.349609375,10735.0498046875,10772.650390625,0,12.579999923706055,12.680000305175781,11.670000076293945,12.4399995803833,0,0.0021303184376380013,53.76557215272145,10728.55272121651,11.320305822027876,94.57580801263391,0.008779251584636907,0.007449420253147654,2,81.2998046875,-0.011128803193308001,0.006799128715603953,0.005446047525380138
10838.2998046875,10860.349609375,10807.150390625,10852.900390625,183600,12.4399995803833,12.579999923706055,11.220000267028809,12.390000343322754,0,0.007449420253147654,58.53253137614868,10740.395356398272,20.05994911230846,94.08462306530292,0.008669076438458378,0.008693492612951825,2,53.19921875,-0.004019231410537283,0.007706663663505253,0.01835367208600691
10902.75,10956.900390625,10876.650390625,10947.25,197000,12.390000343322754,12.520000457763672,11.020000457763672,12.399999618530273,0,0.008693492612951825,63.32077119614188,10760.095798646056,34.20510914330043,94.79286427492414,0.008659057231261197,9.589665783638068e-05,1,80.25,0.0008070439814724661,0.018372520291169536,0.02311700112570403
10956.400390625,10976.650390625,10923.0,10948.2998046875,222300,12.399999618530273,12.859999656677246,10.020000457763672,12.779999732971191,0,9.589665783638068e-05,63.371451727560846,10778.019989697623,44.981442770649664,91.85411615707243,0.008389806435310185,0.006841280560560881,2,53.650390625,0.03064517146218737,0.01630512526567851,0.016564629902964922
11006.9501953125,11078.2998046875,10999.650390625,11023.2001953125,248300,12.779999732971191,12.869999885559082,10.649999618530273,12.510000228881836,0,0.006841280560560881,66.88690257122553,10801.370485470468,58.88679010380838,94.57882214585297,0.008579978633253129,-0.0003900686380828855,1,78.6494140625,-0.021126722201157966,0.01569163988961053,0.025437819048117483
11056.900390625,11071.349609375,10999.75,11018.900390625,0,12.510000228881836,12.510000228881836,11.319999694824219,12.300000190734863,0,-0.0003900686380828855,66.49237035864905,10822.08761929471,68.76721410652317,92.93744980507776,0.00843436699764978,-0.0074463674542162295,0,71.599609375,-0.016786573485597978,0.006545058405078796,0.02285881292632519
11018.9501953125,11019.5,10926.25,10936.849609375,210500,12.300000190734863,13.050000190734863,11.170000076293945,12.949999809265137,0,-0.0074463674542162295,59.30379921832228,10833.01733263569,69.17925362025744,92.95977481900078,0.008499684839710718,0.006510119262449043,2,93.25,0.052845496622015764,-0.0010458423240837789,0.007735187436394231
10939.650390625,11018.5,10925.599609375,11008.0498046875,210600,12.949999809265137,12.949999809265137,11.239999771118164,12.829999923706055,0,0.006510119262449043,63.03809140753463,10849.68709187872,74.39349669873445,92.95553309085787,0.00844432344876157,-0.002507220612614547,1,92.900390625,-0.009266400565753452,-0.0013744094597358814,0.005553888390920081
11060.2001953125,11076.2001953125,10956.2998046875,10980.4501953125,225500,12.829999923706055,13.899999618530273,10.649999618530273,13.680000305175781,0,-0.002507220612614547,60.71247129880361,10862.140720777177,75.42926250296841,94.88016577186802,0.008640826567600289,-0.0021265599790679657,1,119.900390625,0.06625100440563347,-0.0034894766219335516,0.0029365646902759224
10999.5,11006.5,10935.4501953125,10957.099609375,215400,13.680000305175781,13.800000190734863,10.989999771118164,13.59000015258789,0,-0.0021265599790679657,58.73807222760453,10871.18442445316,73.51844238873127,93.17799712298459,0.008503892493891413,0.00484622644956767,2,71.0498046875,-0.006578958375742072,0.0018515386718531701,-0.005996496912539895
10963.5,11030.25,10946.2001953125,11010.2001953125,187300,13.59000015258789,13.899999618530273,11.319999694824219,13.539999961853027,0,0.00484622644956767,61.78184974145347,10884.424021677858,75.41948827271881,92.52598337759284,0.008403660400015705,0.006770976309698584,2,84.0498046875,-0.003679189858238674,0.00019534710172597336,-0.0007895701934017563
11019.849609375,11093.400390625,11010.9501953125,11084.75,229100,13.539999961853027,13.619999885559082,12.069999694824219,13.010000228881836,0,0.006770976309698584,65.61665564004349,10903.502686279968,81.99642330478855,91.85985565865762,0.008287048030732097,0.00447008770495505,2,82.4501953125,-0.0391432595616239,0.00949868200595505,0.013523125571574202
11109.0,11143.400390625,11092.5,11134.2998046875,205800,13.010000228881836,13.079999923706055,12.149999618530273,12.470000267028809,0,0.00447008770495505,67.92064006001112,10925.483364223543,90.16755142971488,89.48775101339636,0.008037124254164805,-0.0002065513528324292,1,50.900390625,-0.04150652977347702,0.01617218074397031,0.011468879796150633
11148.400390625,11157.150390625,11113.25,11132.0,205900,12.470000267028809,13.260000228881836,11.220000267028809,12.210000038146973,0,-0.0002065513528324292,67.69390708146784,10945.151615249873,95.35842179263818,86.23151098565377,0.007746272995477342,0.0031710209025781477,1,43.900390625,-0.020850058004352023,0.011062451411133711,0.013801784261286087
11132.9501953125,11185.849609375,11125.7001953125,11167.2998046875,365400,12.210000038146973,13.050000190734863,11.609999656677246,12.029999732971191,0,0.0031710209025781477,69.38332456644133,10966.308585672505,101.15457619116569,84.36850406257136,0.007554960065382814,0.009944194803553685,2,60.1494140625,-0.014742039689878528,0.00744715078711744,0.01918392665999402
11232.75,11283.400390625,11210.25,11278.349609375,314600,12.029999732971191,12.5,11.25,12.3100004196167,0,0.009944194803553685,73.99122083635436,10996.026778406076,113.40163797487185,86.63508133935197,0.00768153890772614,0.0036530340643325943,1,73.150390625,0.02327520306406128,0.01293748212409862,0.024354635638383915
11296.650390625,11328.099609375,11261.4501953125,11319.5498046875,278800,12.3100004196167,13.0600004196167,12.3100004196167,12.59000015258789,0,0.0036530340643325943,75.46648758089697,11026.838495194783,124.99121320954328,85.20753367671968,0.007527466652554916,0.0032642813495284972,1,66.6494140625,0.022745712707287646,0.016847808541816445,0.02118223727982138
11311.0498046875,11366.0,11267.75,11356.5,256500,12.59000015258789,12.800000190734863,12.289999961853027,12.479999542236328,0,0.0032642813495284972,76.74072097076738,11058.234828985755,135.59455738460383,86.13913841409683,0.007585007565191462,-0.0009069523785937283,1,98.25,-0.008737141304081097,0.01694234046023224,0.01995636898684494
11359.7998046875,11390.5498046875,11313.5498046875,11346.2001953125,269700,12.479999542236328,12.770000457763672,12.0,12.529999732971191,0,-0.0009069523785937283,75.56259147375775,11085.660101969253,141.5351468072622,85.48634281308992,0.007534358758133602,-0.008945726168478219,0,77.0,0.004006425686607251,0.006016003075582921,0.01924184291344777
11328.900390625,11328.900390625,11234.9501953125,11244.7001953125,210000,12.529999732971191,12.800000190734863,10.890000343322754,12.5600004196167,0,-0.008945726168478219,64.97629956289245,11100.806777525753,136.47965251666938,87.32660404072635,0.007766023328672612,0.010324829240302646,2,93.9501953125,0.0023943086420477044,-0.006612419280491499,0.006930985285495073
11297.7998046875,11368.0,11294.5498046875,11360.7998046875,218300,12.5600004196167,12.5600004196167,10.90999984741211,12.079999923706055,0,0.010324829240302646,70.13103717182923,11125.568018207823,140.22497879165712,89.89611837263875,0.007912833596059614,0.0023149606664707445,1,73.4501953125,-0.038216598716108385,0.0003786205862281733,0.007310484083944635
11401.5,11427.650390625,11370.599609375,11387.099609375,203700,12.079999923706055,12.739999771118164,11.850000381469727,12.5600004196167,0,0.0023149606664707445,71.16630169519914,11150.475788795175,143.6593358905302,88.25000891298599,0.0077499988531170615,0.00020642534254866618,1,57.05078125,0.039735140640910105,0.003604679395609267,0.005967534562154375
11423.150390625,11428.9501953125,11359.7001953125,11389.4501953125,226400,12.5600004196167,12.819999694824219,10.579999923706055,12.579999923706055,0,0.00020642534254866618,71.26217404971814,11173.235256082538,144.900439209272,86.89286541920127,0.007629241440904965,0.005316306199962151,2,69.25,0.0015923171513687606,0.012872730929753162,0.0029014392913748743
11412.5,11459.9501953125,11379.2998046875,11450.0,210500,12.579999923706055,12.779999732971191,10.479999542236328,12.539999961853027,0,0.005316306199962151,73.68906683725658,11199.593803122298,149.0517103974962,86.4469743624726,0.007549954092792367,0.001807877319869089,1,80.650390625,-0.0031796472254066455,0.00785157707608719,0.009148419990895551
11493.25,11495.2001953125,11454.099609375,11470.7001953125,302200,12.539999961853027,12.760000228881836,10.880000114440918,12.680000305175781,0,0.001807877319869089,74.48244832676797,11225.413459521364,152.25683348559323,83.50077585890313,0.007279483766215571,-0.003591776841080363,1,41.1005859375,0.011164301734341242,0.007341692687808932,0.020098357099303632
11474.9501953125,11478.75,11419.650390625,11429.5,0,12.680000305175781,12.989999771118164,10.0600004196167,12.850000381469727,0,-0.003591776841080363,69.96066981007141,11244.850272900281,149.74622393155914,81.75783539576719,0.007153229397241103,-0.006452600726191027,0,59.099609375,0.01340694575729251,0.0035163949093857116,0.006047126654247892
11369.599609375,11406.2998046875,11340.2998046875,11355.75,246900,12.850000381469727,13.5,11.289999961853027,13.399999618530273,0,-0.006452600726191027,62.6308835016942,11255.412151671682,140.18952158658612,82.28943253267667,0.007246499133274039,0.006987615029830696,2,66.0,0.04280149577689274,-0.008231441048034971,-0.002753081157662818
11381.7001953125,11452.4501953125,11370.7998046875,11435.099609375,232600,13.399999618530273,13.420000076293945,10.760000228881836,13.279999732971191,0,0.006987615029830696,66.67625665053049,11272.525242881522,137.43435871275688,83.31877273123548,0.007286230603791774,-0.004376857779749166,0,81.650390625,-0.0089552155951661,-0.0031036105321667895,0.004008043696550612
11397.150390625,11449.849609375,11366.25,11385.0498046875,290600,13.279999732971191,13.869999885559082,11.470000267028809,13.649999618530273,0,-0.004376857779749166,62.1091258331962,11283.241867815424,129.71697479137947,83.33883249150438,0.007320023532720232,0.0075274326228431665,2,83.599609375,0.02786143772581995,-0.003889076102410405,-0.005672506140829703
11437.150390625,11486.4501953125,11431.7998046875,11470.75,234700,13.649999618530273,13.649999618530273,10.300000190734863,13.15999984741211,0,0.0075274326228431665,66.35838470626524,11301.099785166338,129.02881807116864,84.62894378675408,0.007377803873918801,0.007061438877143944,2,54.650390625,-0.03589742013274311,0.010127028157541407,4.34190473574958e-06
11502.099609375,11565.2998046875,11499.650390625,11551.75,232600,13.15999984741211,13.550000190734863,11.350000381469727,13.029999732971191,0,0.007061438877143944,69.80506182034067,11324.971234198114,133.48078852603248,85.33757670823593,0.0073874154745589135,0.00165779129785526,1,65.6494140625,-0.00987842826354457,0.010201082160173236,0.010696005949516696
11576.2001953125,11581.75,11539.599609375,11570.900390625,224200,13.029999732971191,13.640000343322754,9.930000305175781,12.899999618530273,0,0.00165779129785526,70.57269123476996,11348.393058619722,136.97531746757886,82.2527777022905,0.007108589213068805,0.0010240870610727093,1,42.150390625,-0.009976985196090582,0.016324090726505203,0.01894638316491637
11620.7001953125,11620.7001953125,11546.7001953125,11582.75,248500,12.899999618530273,13.119999885559082,9.529999732971191,12.760000228881836,0,0.0010240870610727093,71.06290274835976,11370.712767322606,139.09749197343444,81.66329358069832,0.007050423567865863,-0.0022145337355118366,1,74.0,-0.010852666185147353,0.009763964867162134,0.01291203362181026
11566.599609375,11604.599609375,11532.0,11557.099609375,218800,12.760000228881836,12.84000015258789,9.430000305175781,12.40999984741211,0,-0.0022145337355118366,68.40643497607289,11388.46389513712,137.12882269627335,81.01588756600559,0.00701005358647998,0.011668203138797129,2,72.599609375,-0.027429496488370897,0.0004630994762697682,0.015111906196199731
11605.849609375,11700.9501953125,11595.599609375,11691.9501953125,199500,12.40999984741211,12.529999732971191,9.520000457763672,12.239999771118164,0,0.011668203138797129,73.92503459827509,11417.36735229668,144.7810080644922,85.50408030682662,0.007313072573735958,0.003981355027167455,2,105.3505859375,-0.013698636453198354,0.0104615717533596,0.019283847639648632
11731.9501953125,11760.2001953125,11710.5,11738.5,241900,12.239999771118164,12.600000381469727,10.380000114440918,12.430000305175781,0,0.003981355027167455,75.51497385693457,11447.951413982712,152.83975870623908,84.27164599919615,0.007179081313557623,-0.003969809547642367,0,49.7001953125,0.015522919739422436,0.013446720338434304,0.016166381717055867
11744.9501953125,11753.2001953125,11678.849609375,11691.900390625,251600,12.430000305175781,12.670000076293945,10.729999542236328,12.4399995803833,0,-0.003969809547642367,70.85708450692519,11471.184649853405,153.69448329072657,83.56299885193214,0.007147084396898904,-0.0012915424723947133,1,74.3505859375,0.0008044468995995757,0.011663893693591776,0.010457267448092278
11694.75,11698.7998046875,11639.7001953125,11676.7998046875,313800,12.4399995803833,12.630000114440918,10.619999885559082,12.40999984741211,0,-0.0012915424723947133,69.36399314079134,11490.767045551891,151.4080300751193,81.81561388929413,0.007006681218980076,0.00031688436681198695,1,59.099609375,-0.00241155417870742,-0.0012957967124316294,0.00811981651054361
11675.849609375,11727.650390625,11640.099609375,11680.5,346500,12.40999984741211,12.800000190734863,11.600000381469727,12.600000381469727,0,0.00031688436681198695,69.53340451464318,11508.836850737425,148.1863739900964,82.22526870077311,0.007039533299154413,-0.00840292715423141,0,87.55078125,0.015310276905220022,-0.0049410060910678455,0.010677453236182188
11751.7998046875,11751.7998046875,11567.400390625,11582.349609375,234400,12.600000381469727,13.720000267028809,11.170000076293945,13.390000343322754,0,-0.00840292715423141,60.047902599623185,11515.838065845765,136.14389006747115,89.52342194089647,0.007729297159916008,-0.00535727264157837,0,184.3994140625,0.06269840777265734,-0.009369801109308296,-0.009374020938050287
11598.75,11602.5498046875,11496.849609375,11520.2998046875,254800,13.390000343322754,13.880000114440918,12.199999809265137,13.779999732971191,0,-0.00535727264157837,54.944883984014766,11516.262993354501,120.20755624911908,90.67890575315387,0.007871227944628445,-0.0037628889968090995,1,105.7001953125,0.02912616726279027,-0.013402644784333395,-0.018588422312263098
11514.849609375,11542.650390625,11393.849609375,11476.9501953125,246100,13.779999732971191,14.149999618530273,11.949999809265137,13.649999618530273,0,-0.0037628889968090995,51.642939857322574,11512.5189173505,102.89384944700032,94.83046828864289,0.008262688839355097,0.005223530144531363,2,148.80078125,-0.009433970751818621,-0.017426463309575757,-0.018384538708938636
11514.150390625,11562.25,11436.0498046875,11536.900390625,247900,13.649999618530273,14.199999809265137,12.0600004196167,13.720000267028809,0,0.005223530144531363,55.61544465281381,11514.840962424261,92.93875172728258,97.07116307606125,0.00841397253936094,0.0045245444601755835,2,126.2001953125,0.005128252780572051,-0.0039240068106053405,-0.011980972218633035
11558.25,11603.0,11484.400390625,11589.099609375,295900,13.720000267028809,14.140000343322754,11.09000015258789,13.890000343322754,0,0.0045245444601755835,58.78988011494202,11521.913214514807,88.24408291009968,98.60890924027116,0.008508763628237478,-0.013029485041085365,0,118.599609375,0.012390675873562573,0.005972049847132066,-0.007825040933607252
11570.25,11573.0,11427.2998046875,11438.099609375,286700,13.890000343322754,15.319999694824219,12.609999656677246,15.199999809265137,0,-0.013029485041085365,48.07773886766385,11513.930966406253,71.5147089603397,103.12254462935893,0.009015706118246836,-0.013166488710376734,0,145.7001953125,0.09431241422338266,-0.0033850966743209643,-0.01245429510116336
11476.849609375,11479.400390625,11274.0,11287.5,0,15.199999809265137,15.449999809265137,13.4399995803833,15.329999923706055,0,-0.013166488710376734,40.208644855985966,11492.3661124628,45.57902310698955,110.42810505761899,0.009783220824595259,0.0073001453488372725,2,205.400390625,0.008552639215276603,-0.02161762537428724,-0.020207790477186682
11340.099609375,11380.75,11250.2001953125,11369.900390625,268200,15.329999923706055,15.329999923706055,12.979999542236328,14.25,0,0.0073001453488372725,45.46788663686224,11480.70271038301,31.312872780497855,111.8653693168962,0.009838729054225866,0.012779338401883056,2,130.5498046875,-0.07045009322119833,-0.018914257892190256,-0.009327373811487183
11443.5,11523.25,11430.5498046875,11515.2001953125,276600,14.25,14.25,12.319999694824219,13.84000015258789,0,0.012779338401883056,53.272905561857485,11483.9881851382,31.369715231616283,114.82852932104649,0.009971909074389329,-0.011936413868727347,0,92.7001953125,-0.028771919116639233,0.0067406814567609885,-0.0018809380836930512
11464.9501953125,11464.9501953125,11366.900390625,11377.75,201400,13.84000015258789,14.640000343322754,11.729999542236328,14.5,0,-0.011936413868727347,46.493673410402245,11473.870262744085,20.09207233811503,117.21933470436458,0.010302505741852703,-0.008687975159851424,0,98.0498046875,0.04768784972077467,0.007995570321151613,-0.01823693095225698
11381.5498046875,11411.4501953125,11268.9501953125,11278.900390625,240900,14.5,14.619999885559082,11.869999885559082,14.420000076293945,0,-0.008687975159851424,42.32248714936783,11455.30170349465,3.1419038265339623,119.02509651119568,0.010552898987398552,-0.003949922395540484,1,142.5,-0.005517236117658975,-0.008003588147090013,-0.013918327710620404
11326.650390625,11332.0498046875,11210.900390625,11234.349609375,250600,14.420000076293945,14.479999542236328,11.75,14.010000228881836,0,-0.003949922395540484,40.55648557236759,11434.258646911825,-13.727856375719057,119.176833479146,0.010608253937521546,-0.00812241056873042,0,121.1494140625,-0.02843272158410992,-0.024389553040669365,-0.004708783222591384
11271.2998046875,11346.7998046875,10866.4501953125,11143.099609375,719000,14.010000228881836,16.920000076293945,10.979999542236328,15.539999961853027,0,-0.00812241056873042,37.138238587456364,11406.529214765462,-34.06766443872948,144.97488890027844,0.013010283851210218,-0.015767535507102526,0,480.349609375,0.10920768793544156,-0.020623619839159724,-0.019947473017178585
11164.400390625,11170.150390625,10943.599609375,10967.400390625,0,15.539999961853027,17.860000610351562,13.800000190734863,17.43000030517578,0,-0.015767535507102526,31.613222640705658,11364.707421990179,-63.6310680984825,150.80173835383,0.013749998448377633,0.009122472156029238,2,226.55078125,0.1216216440130149,-0.02761794050942401,-0.04757188719224292
10969.9501953125,11080.599609375,10882.849609375,11067.4501953125,405000,17.43000030517578,18.309999465942383,16.219999313354492,16.68000030517578,0,0.009122472156029238,37.33062426435467,11336.397209925639,-78.0869575651177,154.15518561427072,0.013928699284281532,-0.0012333817079910325,1,197.75,-0.043029259143345544,-0.014856170572012717,-0.027272510354639512
11145.5498046875,11145.5498046875,10993.0498046875,11053.7998046875,340500,16.68000030517578,17.579999923706055,15.100000381469727,17.09000015258789,0,-0.0012333817079910325,36.877619305130054,11309.48317133153,-89.6118370823915,154.03695807039426,0.013935204254836693,-0.006898080420062014,1,152.5,0.024580326133740282,-0.008013910654838807,-0.01995767123935266
11079.7998046875,11089.4501953125,10953.349609375,10977.5498046875,405700,17.09000015258789,17.3700008392334,15.600000381469727,16.920000076293945,0,-0.006898080420062014,34.36873463063796,11277.870469746385,-103.70270465766407,152.7557886323304,0.013915289964533112,-0.004290539347394984,1,136.1005859375,-0.009947341999771875,0.0009254165710204099,-0.022858448741278403
11008.099609375,11034.099609375,10850.2998046875,10930.4501953125,478100,16.920000076293945,17.690000534057617,15.930000305175781,17.0,0,-0.004290539347394984,32.880673845719954,11244.782824562204,-117.31799476327433,154.9732183505568,0.014178118520407946,0.007122269255513958,2,183.7998046875,0.004728127857288822,-0.012378641654789191,-0.01908350652125479
10930.900390625,11035.650390625,10821.5498046875,11008.2998046875,387000,17.0,18.860000610351562,16.270000457763672,16.84000015258789,0,0.007122269255513958,37.683367869475745,11222.260632193185,-120.43806239145124,159.1966017496242,0.014461506733477215,-0.01363060666494631,0,214.1005859375,-0.009411755730124094,-0.004116231594922248,0.0037291803532093493
10982.7001953125,10989.0498046875,10843.75,10858.25,386800,16.84000015258789,18.649999618530273,15.579999923706055,18.1200008392334,0,-0.01363060666494631,32.81021448972706,11187.592952936691,-133.4798312787225,159.57897338804392,0.014696564675527265,-0.023852830796859514,0,145.2998046875,0.07600954127359683,-0.010867616800659619,-0.01890229380938213
10754.7001953125,10754.7001953125,10547.25,10599.25,425100,18.1200008392334,19.68000030517578,17.489999771118164,18.920000076293945,0,-0.023852830796859514,26.45161375007214,11131.560290752246,-162.83757235816847,170.39476100318365,0.016076114914091437,-0.026681114672028716,0,207.4501953125,0.04415006622562556,-0.03030069113297218,-0.04112158829715218
10514.099609375,10540.650390625,10261.900390625,10316.4501953125,606400,18.920000076293945,20.479999542236328,18.450000762939453,19.729999542236328,0,-0.026681114672028716,21.542412383167573,11053.930757853223,-206.54248130023552,182.32010731545623,0.017672756022056625,0.003063031253653259,1,278.75,0.04281181092368391,-0.06284799847842082,-0.060222874970943474
10310.150390625,10398.349609375,10198.400390625,10348.0498046875,456200,19.729999542236328,21.770000457763672,18.479999542236328,20.149999618530273,0,0.003063031253653259,23.25632454720082,10986.704000408869,-235.9096920448701,183.57932956078076,0.01774047603420137,-0.004541918611438267,1,199.94921875,0.021287383985734154,-0.04698733178113412,-0.05328237906200439
10390.2998046875,10397.599609375,10279.349609375,10301.0498046875,430500,20.149999618530273,20.360000610351562,17.469999313354492,19.760000228881836,0,-0.004541918611438267,22.47007753366634,10921.403600816358,-259.9790487018363,178.91294887786785,0.01736841897380725,0.015440154906845027,2,118.25,-0.019354808785692845,-0.02813408451659316,-0.06424697842066784
10331.849609375,10482.349609375,10318.25,10460.099609375,0,19.760000228881836,19.760000228881836,17.729999542236328,17.90999984741211,0,0.015440154906845027,30.974545852824292,10877.469887345753,-263.1863488574163,179.08343857855587,0.017120624589277336,-0.021553257346415555,0,164.099609375,-0.09362350000207531,0.013924306456475799,-0.0366680073331338
10169.7998046875,10335.9501953125,10138.599609375,10234.650390625,483500,17.90999984741211,20.850000381469727,17.6299991607666,20.549999237060547,0,-0.021553257346415555,26.53185835237666,10816.248982896157,-280.68446929147467,189.25605010865902,0.018491696627177288,0.02323964183406524,2,197.3505859375,0.14740365226914842,-0.010958529984184229,-0.034398623428544495
10331.5498046875,10492.4501953125,10322.150390625,10472.5,343500,20.549999237060547,20.549999237060547,16.670000076293945,18.6299991607666,0,0.02323964183406524,36.82655941228099,10783.510984525094,-272.2213814843526,194.15203257857624,0.01853922488217486,0.003819527333492445,1,170.2998046875,-0.09343066411561485,0.016643953632228925,0.015126308151849122
10524.2001953125,10526.2998046875,10410.150390625,10512.5,259500,18.6299991607666,19.81999969482422,15.979999542236328,18.889999389648438,0,0.003819527333492445,38.3900938974132,10757.700414570321,-259.2976359775257,188.58041697028509,0.017938684135104407,0.006872770511296089,1,116.1494140625,0.013955997884818938,0.0050095498687254825,0.015891902186053075
10550.150390625,10604.900390625,10525.2998046875,10584.75,265200,18.889999389648438,18.889999389648438,14.279999732971191,17.3700008392334,0,0.006872770511296089,41.2199566916842,10741.228946516007,-240.45370276303402,181.710415088479,0.017167190069532018,-0.012442447418455793,0,79.6005859375,-0.08046578081140576,0.03420728564364972,0.027540901237406157
10688.7001953125,10710.150390625,10436.4501953125,10453.0498046875,284800,17.3700008392334,18.200000762939453,14.84000015258789,17.979999542236328,0,-0.012442447418455793,37.81067768165006,10713.783313960912,-233.45572277360952,188.2811136759091,0.018012074676184694,-0.014302046081609565,0,273.7001953125,0.035117943208450075,-0.0018572638159465304,-0.0006739710854360981
10339.7001953125,10380.099609375,10249.599609375,10303.5498046875,357500,17.979999542236328,20.049999237060547,17.450000762939453,19.790000915527344,0,-0.014302046081609565,34.33868986981058,10674.713455934874,-237.23843676738215,189.36461950709418,0.01837858049863015,-0.0056582251546914986,1,130.5,0.10066748717313323,-0.019876356272294893,0.006731975341884855
10405.849609375,10408.5498046875,10224.0,10245.25,297300,19.790000915527344,21.670000076293945,17.079999923706055,21.360000610351562,0,-0.0056582251546914986,33.06364618075895,10633.812174417268,-242.1492263185719,189.02070416283746,0.018449594120478998,-0.009609350217173795,0,184.5498046875,0.07933297737204192,-0.0320744467276034,-0.021699689663404187
10152.599609375,10222.099609375,10102.349609375,10146.7998046875,302600,21.360000610351562,22.350000381469727,18.760000228881836,19.040000915527344,0,-0.009609350217173795,30.972196066876876,10587.430043966813,-251.0907525010589,185.72639605299193,0.018303938150745047,0.007682244334463961,1,119.75,-0.108614214818884,-0.029297669648782,-0.03478717672413789
10278.150390625,10290.650390625,10126.7001953125,10224.75,351400,19.040000915527344,19.809999465942383,17.709999084472656,18.8799991607666,0,0.007682244334463961,34.50477374990412,10552.889087398546,-249.01653945669932,184.1709531429568,0.01801226955602404,-0.009765481735494741,0,163.9501953125,-0.008403453102266312,-0.00764783071671582,-0.0340111953518033
10135.0498046875,10166.599609375,10079.2998046875,10124.900390625,0,18.8799991607666,20.329999923706055,18.5,18.959999084472656,0,-0.009765481735494741,32.22949304302999,10512.128259134397,-252.51885944950482,181.4051847264956,0.017916737718670795,-0.0093729702973544,0,87.2998046875,0.004237284282951448,-0.011746868975866853,-0.03139269593026783
10122.349609375,10128.849609375,10004.5498046875,10030.0,364300,18.959999084472656,21.040000915527344,18.65999984741211,19.229999542236328,0,-0.0093729702973544,30.19174568794851,10466.211282073979,-259.95553608119553,177.32622900942448,0.017679584148496956,0.022018904224825553,2,124.2998046875,0.014240531160404357,-0.011510999224951912,-0.026549083555946096
10078.099609375,10275.2998046875,10020.349609375,10250.849609375,364400,19.229999542236328,20.809999465942383,19.229999542236328,19.829999923706055,0,0.022018904224825553,39.74029098704146,10445.700646578838,-245.20190322333292,182.87079803107275,0.01783957476693705,-0.005116572845048073,1,254.9501953125,0.031201268629877044,0.002552591444778596,0.0005465566360021157
10239.400390625,10285.099609375,10175.349609375,10198.400390625,289800,19.829999923706055,20.770000457763672,19.549999237060547,20.5,0,-0.005116572845048073,38.397045724694124,10422.1482412499,-235.03244873955555,177.64788388599612,0.01741919095952548,0.01845379780568379,2,109.75,0.03378719510195172,0.007259330676285591,0.005085404948431238
10209.5498046875,10396.0,10105.099609375,10386.599609375,375000,20.5,22.81999969482422,19.579999923706055,19.799999237060547,0,0.01845379780568379,45.51368839842654,10418.762657261814,-209.37345186491984,185.7373486530678,0.017882401906146483,-0.0005920526730374132,1,290.900390625,-0.03414637867997328,0.03555330103439691,0.01582919967480878
10441.7001953125,10441.900390625,10341.900390625,10380.4501953125,348500,19.799999237060547,20.1299991607666,18.899999618530273,19.190000534057617,0,-0.0005920526730374132,45.329418510300975,10415.113851361879,-187.37477849103198,179.61325232070584,0.017303031076803758,0.01662257430466929,2,100.0,-0.030808016490281864,0.012642911648901078,0.025239735190295987
10462.2998046875,10606.9501953125,10457.7001953125,10553.0,421200,19.190000534057617,19.190000534057617,17.489999771118164,18.229999542236328,0,0.01662257430466929,51.28886602111318,10428.24586551789,-154.23936873880302,182.96230572636972,0.017337468561202475,-0.0027480337344830685,1,149.25,-0.0500261055291541,0.03477012039073979,0.052143569292123715
10558.75,10558.7998046875,10477.0,10524.0,301900,18.229999542236328,19.81999969482422,17.739999771118164,19.479999542236328,0,-0.0027480337344830685,50.296530487254884,10437.365306897138,-128.83425433191042,175.73641279502186,0.016698632914768325,0.0005701254275940482,1,81.7998046875,0.06856829574262613,0.013228621087981729,0.026646609894187545
10552.0,10600.25,10491.4501953125,10530.0,0,19.479999542236328,19.479999542236328,16.18000030517578,18.510000228881836,0,0.0005701254275940482,50.509880114111276,10446.18765862122,-106.98313330848396,170.95522650162746,0.0162350642451688,0.006495763592117676,1,108.7998046875,-0.049794627112354384,0.014406870788227666,0.03251486475073362
10614.4501953125,10616.4501953125,10582.2998046875,10598.400390625,31200,18.510000228881836,18.510000228881836,16.809999465942383,17.719999313354492,0,0.006495763592117676,52.98736921045321,10460.684109288246,-83.18768672108854,164.9191528452612,0.01556075886613449,-0.0012454893970770264,1,34.150390625,-0.042679681564491645,0.0043021312067659245,0.020391734467055667
10614.7001953125,10619.5498046875,10544.849609375,10585.2001953125,296600,17.8799991607666,18.760000228881836,16.760000228881836,17.770000457763672,0,-0.0012454893970770264,52.441765880984114,10472.5427841477,-64.64952977046596,158.4749415929211,0.014971369333486901,-0.009730567027500525,0,74.7001953125,0.0028217351211461406,0.005815297920229945,0.019724578043104346
10607.7998046875,10645.5,10464.0498046875,10482.2001953125,259700,17.770000457763672,19.459999084472656,16.479999542236328,19.3700008392334,0,-0.009730567027500525,48.26554536135548,10473.462537591966,-57.605110167893145,160.1160311443196,0.015275040369475234,0.009568583199961456,2,181.4501953125,0.09003941138170823,-0.00453939265788228,-0.006708974195726358
10451.900390625,10596.25,10440.5498046875,10582.5,254600,19.3700008392334,19.68000030517578,17.1200008392334,18.700000762939453,0,0.009568583199961456,52.2530338577721,10483.847057821304,-43.42838548803775,159.80061429918965,0.015100459655014378,-0.0005858913595558901,1,155.7001953125,-0.034589573942448104,-0.0015002632509586444,0.005558722919042136
10634.900390625,10651.599609375,10532.7001953125,10576.2998046875,384500,18.700000762939453,19.510000228881836,14.770000457763672,18.829999923706055,0,-0.0005858913595558901,51.98628759751839,10492.65208133237,-32.320957111507596,156.87909999656898,0.014833079895015732,0.0038198983927342223,1,118.8994140625,0.006951826495335878,-0.0008408334713349008,0.00439694251543199
10580.599609375,10646.5,10557.5,10616.7001953125,0,18.829999923706055,18.920000076293945,15.5,18.450000762939453,0,0.0038198983927342223,53.646760514962864,10504.466187425714,-20.027402782468926,152.03059285395693,0.014319947823437804,0.006169525256907837,1,89.0,-0.020180518444304463,0.012831275638119033,0.0017266572325091989
10644.0,10695.150390625,10631.150390625,10682.2001953125,342800,18.450000762939453,18.8700008392334,16.899999618530273,18.350000381469727,0,0.006169525256907837,56.28627898411893,10521.393235795884,-4.942396937412923,146.7748501724243,0.01374013288356374,0.0076014485618920435,2,64.0,-0.00542007465227845,0.009421232725017825,0.009163737880267586
10731.25,10774.7001953125,10688.7998046875,10763.400390625,272100,18.350000381469727,19.649999618530273,13.520000457763672,19.260000228881836,0,0.0076014485618920435,59.374734058602506,10544.4415362558,13.410171905579773,142.89807516010828,0.013276294662844053,-0.009959695953136949,0,85.900390625,0.04959127130760432,0.01769055240421369,0.026826447699238587
10740.099609375,10740.849609375,10640.849609375,10656.2001953125,295200,19.260000228881836,19.649999618530273,18.25,19.329999923706055,0,-0.009959695953136949,53.954995254260886,10555.085218070724,19.084560154726205,141.44469702367198,0.013273464690152063,-0.00526926949530282,1,100.0,0.003634459708845128,0.003720553399203963,0.006964346356012285
10670.9501953125,10671.2998046875,10562.349609375,10600.0498046875,300900,19.329999923706055,20.100000381469727,15.539999961853027,19.559999465942383,0,-0.00526926949530282,51.31291934110695,10559.367559653276,18.83358462879005,139.12366118715968,0.0131248120292451,-0.006915043423200262,0,108.9501953125,0.01189857957289786,-0.0076903998355178915,0.002245586872402505
10612.650390625,10646.25,10512.0,10526.75,239500,19.559999465942383,20.0,17.09000015258789,19.15999984741211,0,-0.006915043423200262,48.00799216055943,10556.261125400582,12.575045770108773,138.775542530934,0.01318313273621336,0.009675313783931383,2,134.25,-0.02044987880632343,-0.021986582495911233,-0.00847251911212632
10568.2998046875,10637.7998046875,10489.75,10628.599609375,0,19.15999984741211,20.530000686645508,15.020000457763672,20.399999618530273,0,0.009675313783931383,52.57837746052581,10563.150504826717,15.653081933305657,139.43798982783156,0.013119130925285745,0.0053628890065369195,1,148.0498046875,0.06471815140883974,-0.002590096416323018,-0.005017747744609835
10621.4501953125,10695.150390625,10596.349609375,10685.599609375,0,20.399999618530273,20.399999618530273,16.610000610351562,18.31999969482422,0,0.0053628890065369195,54.96438855970594,10574.812324307506,22.433274574746974,136.53533207227215,0.012777507773404032,0.004047503329813518,1,98.80078125,-0.10196078248044149,0.008070698370649998,-0.00722827158950301
10708.75,10757.7998046875,10699.849609375,10728.849609375,424500,18.31999969482422,19.360000610351562,16.670000076293945,17.959999084472656,0,0.004047503329813518,56.742871392694056,10589.48254193298,30.939883914055827,131.93996516085986,0.012297680549606092,0.012102936537020215,2,57.9501953125,-0.019650688665309834,0.01919867094544858,0.006817572186233578
10808.7001953125,10883.0498046875,10782.349609375,10858.7001953125,691300,17.959999084472656,18.850000381469727,14.930000305175781,18.700000762939453,0,0.012102936537020215,61.64073189323759,10615.122318445316,47.61046636107494,133.52998160026272,0.01229705021765912,0.001662243580064171,1,100.7001953125,0.04120276816197421,0.02164919127582321,0.024400865598822152
10892.099609375,10922.4501953125,10835.099609375,10876.75,453900,18.700000762939453,19.920000076293945,16.809999465942383,19.15999984741211,0,0.001662243580064171,62.28007331178998,10640.039240498143,61.56876504693355,130.2314533386368,0.011973379303435016,0.000643574597191332,1,87.3505859375,0.024598880518994726,0.017888597515603566,0.03324862849407473
10930.7001953125,10941.2001953125,10845.349609375,10883.75,409700,19.15999984741211,19.610000610351562,16.309999465942383,18.219999313354492,0,0.000643574597191332,62.54082728002944,10663.24978902213,72.36152025611409,127.77567709569847,0.011740041538596391,-0.0013092913747559942,1,95.8505859375,-0.04906057106177797,0.014437744610535486,0.02400602148941089
10877.099609375,10890.9501953125,10833.349609375,10869.5,322100,18.219999313354492,19.6200008392334,16.90999984741211,18.110000610351562,0,-0.0013092913747559942,61.60715863698617,10682.892666258118,78.85599775326773,122.76317058439858,0.011294279459441427,-0.007967211865771207,0,57.6005859375,-0.006037250666760752,0.0009945761917400375,0.017210114298467083
10820.4501953125,10821.0498046875,10747.9501953125,10782.900390625,312300,18.110000610351562,18.829999923706055,16.6200008392334,18.389999389648438,0,-0.007967211865771207,56.123623780032396,10692.417211435917,76.13738880228266,122.67650159176297,0.01137694842274736,-0.01685539079615528,0,73.099609375,0.015461003305368815,-0.008628460650010328,0.005037891593034249
10718.150390625,10722.650390625,10588.25,10601.150390625,318500,18.389999389648438,19.549999237060547,15.90999984741211,19.309999465942383,0,-0.01685539079615528,46.72396138660525,10683.725133263448,58.64118647541545,127.81749366556562,0.012056945610223536,0.008730166187373989,2,134.400390625,0.05002719449853843,-0.02596527937291837,-0.023718290408153986
10644.7998046875,10704.5498046875,10599.349609375,10693.7001953125,325800,19.309999465942383,19.6299991607666,15.979999542236328,18.59000015258789,0,0.008730166187373989,51.205462673094516,10684.675139172881,51.647950422595386,126.20197235463236,0.011801525201721291,-0.019193543511718203,0,105.2001953125,-0.03728634558609778,-0.016173679073324454,-0.01682945775967082
10508.7001953125,10558.849609375,10474.9501953125,10488.4501953125,381300,18.59000015258789,20.649999618530273,16.889999389648438,20.440000534057617,0,-0.019193543511718203,42.63917366281788,10665.987049281417,29.2071193222655,132.8125457578729,0.01266274266308949,0.005787336945131116,1,83.8994140625,0.09951588844996273,-0.027307142294340836,-0.0363201841908809
10350.0498046875,10567.150390625,10333.849609375,10549.150390625,425500,20.440000534057617,20.440000534057617,17.200000762939453,17.950000762939453,0,0.005787336945131116,45.540786087928915,10654.859748456996,16.13460775209387,139.9902768644534,0.013270289234748454,0.01786392380162427,2,233.30078125,-0.12181994648039596,-0.004905128036480466,-0.02947234089654538
10591.0,10752.2001953125,10560.7998046875,10737.599609375,360500,17.950000762939453,17.950000762939453,15.420000076293945,15.8100004196167,0,0.01786392380162427,53.41890656838536,10662.739735211093,20.74172744495627,144.49452885181387,0.013456874358181103,0.005024418610784842,1,191.400390625,-0.11922006976964117,0.00410516596320365,-0.004201168480549633
10810.75,10838.599609375,10749.5,10791.5498046875,376200,15.8100004196167,15.90999984741211,11.90999984741211,15.550000190734863,0,0.005024418610784842,55.40772108398262,10675.007360875512,28.418640477739245,141.38777679097,0.013101711927378192,0.001288081033454791,1,89.099609375,-0.016445301833087456,0.02889841718564501,0.01796025969321957
10784.5,10815.75,10752.099609375,10805.4501953125,340100,15.550000190734863,15.600000381469727,12.670000076293945,15.15999984741211,0,0.001288081033454791,55.929814418326366,10687.430487964748,35.21831984983146,135.83510635054358,0.012570980745389957,0.007672000015183311,2,63.650390625,-0.025080407623089718,0.024295776929606827,0.010450077892494525
10853.2001953125,10900.349609375,10844.849609375,10888.349609375,296900,15.15999984741211,15.90999984741211,13.869999885559082,14.539999961853027,0,0.007672000015183311,59.01197071455323,10706.565642384772,46.75741427056164,132.91112832996905,0.01220672857671019,0.0018690239262686426,1,55.5,-0.040897090488092536,0.014039450667203246,0.03812759813086819
10850.900390625,10915.400390625,10819.099609375,10908.7001953125,286100,14.539999961853027,15.3100004196167,11.979999542236328,14.579999923706055,0,0.0018690239262686426,59.75605219623708,10725.816552187413,56.888575851382484,130.2961035385427,0.011944237279023518,0.005371823253533137,1,96.30078125,0.0027510290204930676,0.010855752208465352,0.034083294992839575
10930.5498046875,10985.150390625,10928.0,10967.2998046875,312100,14.579999923706055,14.869999885559082,11.869999885559082,14.65999984741211,0,0.005371823253533137,61.90082603895973,10748.81495718742,68.85240546340538,126.4499672366825,0.011529726504115162,-0.001422374664029169,1,57.150390625,0.005486963245862508,0.01497851606823497,0.0213921363869769
10885.2001953125,10962.5498046875,10880.0498046875,10951.7001953125,318900,14.65999984741211,14.920000076293945,13.720000267028809,14.329999923706055,0,-0.001422374664029169,60.96929826176236,10768.13736081838,76.19672016127879,123.64996957691946,0.01129048160301572,-0.018052009440243655,0,82.5,-0.022510226953672774,0.0058181991036505565,0.014840351341883773
10944.25,10963.650390625,10738.650390625,10754.0,377500,14.329999923706055,16.229999542236328,12.9399995803833,15.989999771118164,0,-0.018052009440243655,50.5805946872996,10766.790945502344,65.31151843056614,130.88925746428237,0.01217121605581945,-0.008415473312255894,0,225.0,0.11584088319958608,-0.014181359148450645,-0.004761504091224222
10780.900390625,10782.2998046875,10649.25,10663.5,223400,15.989999771118164,17.1299991607666,14.899999618530273,15.75,0,-0.008415473312255894,46.66108988508393,10756.95371259736,48.81956244860339,131.04358226594076,0.012288984129595419,0.006222123071693231,2,133.0498046875,-0.015009366763823362,-0.027700510617723273,-0.02065047665087849
10635.4501953125,10747.5,10534.5498046875,10729.849609375,263700,15.75,17.479999542236328,14.8100004196167,15.920000076293945,0,0.006222123071693231,49.736309371311584,10754.372369433326,40.63501235648437,136.8940546264093,0.01275824541909709,0.004655255863871277,1,212.9501953125,0.010793655637710842,-0.02025718217089756,-0.016395224246272044
10817.900390625,10834.2001953125,10764.4501953125,10779.7998046875,456100,15.920000076293945,16.3799991607666,12.5600004196167,16.06999969482422,0,0.004655255863871277,51.98086225204393,10756.794029933724,37.74416946187375,134.56952114863006,0.012483489822335448,0.007430619064249022,2,69.75,0.009422086545943786,0.0023990891470615505,-0.017096277419156647
10820.9501953125,10893.599609375,10817.150390625,10859.900390625,245500,16.06999969482422,16.06999969482422,15.020000457763672,15.270000457763672,0,0.007430619064249022,55.41889112927253,10766.613683332893,41.43892140598837,133.08596997283504,0.012254805770384769,0.00024396301689710853,1,76.44921875,-0.04978215633185157,0.018418004466169702,-0.00838224230487905
10913.2001953125,10923.5498046875,10853.2001953125,10862.5498046875,180900,15.270000457763672,16.149999618530273,14.649999618530273,16.0,0,0.00024396301689710853,55.5322978202451,10775.750456795236,44.0727809295131,128.60480135870395,0.011839283010993176,-0.006448744166611009,0,70.349609375,0.04780612445006027,0.012367386323528295,0.010093900380091059
10868.849609375,10895.349609375,10735.0498046875,10792.5,309700,15.329999923706055,16.950000762939453,14.84000015258789,16.389999389648438,0,-0.006448744166611009,51.7816565594422,10777.345651386167,40.04607356199449,130.86873016790366,0.01212589577650254,-0.011141996757007222,0,160.2998046875,0.024374961853027344,0.0011781476040935157,0.01209734139822749
10796.7998046875,10814.0498046875,10661.25,10672.25,286200,16.389999389648438,17.149999618530273,15.4399995803833,16.790000915527344,0,-0.011141996757007222,46.03387497703549,10767.336541730341,26.842287749132083,132.43523549073197,0.012409307830188758,0.0051628859308019415,1,152.7998046875,0.02440521908326243,-0.017279199981152016,-0.0053681655821786745
10699.7001953125,10741.0498046875,10628.650390625,10727.349609375,296600,16.790000915527344,16.969999313354492,15.489999771118164,16.15999984741211,0,0.0051628859308019415,48.836302302716376,10763.528262458403,20.586956731940518,131.0041053887154,0.012212159588257141,0.004143632577580325,1,112.3994140625,-0.03752239629317777,-0.012446451131957748,-0.00486560012827808
10804.849609375,10835.9501953125,10750.150390625,10771.7998046875,269400,16.15999984741211,16.450000762939453,15.300000190734863,16.299999237060547,0,0.004143632577580325,51.04492086461567,10764.316028384983,18.99733169517458,129.40385399934286,0.012013206367150543,0.0028175965472634346,1,85.7998046875,0.008663328649155755,-0.00191801670720404,-0.008112467220560693
10786.25,10818.4501953125,10733.25,10802.150390625,277700,16.299999237060547,16.56999969482422,14.739999771118164,15.699999809265137,0,0.0028175965472634346,52.55105430142031,10767.919300979269,19.956534528102566,126.2464498074255,0.011687159060199034,0.004906430486840696,1,85.2001953125,-0.03680978256926659,0.012171790449530429,-0.005560334833763947
10862.400390625,10870.400390625,10749.400390625,10855.150390625,333000,15.699999809265137,16.31999969482422,13.899999618530273,15.270000457763672,0,0.004906430486840696,55.14618115166829,10776.227023802672,24.70854205215619,125.8717033926094,0.011595574346101912,-0.0030907707440862575,1,121.0,-0.027388494058943058,0.011913546766324279,0.005804993340282616
10859.349609375,10859.349609375,10801.7998046875,10821.599609375,254400,15.270000457763672,15.609999656677246,14.149999618530273,15.350000381469727,0,-0.0030907707440862575,53.163921754046044,10780.548222428608,25.47363044505073,120.99156777081588,0.011180562221688383,-0.0024626132017869784,1,57.5498046875,0.0052390256259213785,0.004623164706962779,0.013994200789430478
10834.75,10850.150390625,10739.400390625,10794.9501953125,260800,15.350000381469727,15.829999923706055,14.359999656677246,15.350000381469727,0,-0.0024626132017869784,51.578008876642386,10781.91983889374,23.656881705781416,120.2600272157576,0.011140396670656083,-0.005312723532749919,1,110.75,0.0,-0.0006665520338199338,0.006301704372384975
10807.0,10808.0,10692.349609375,10737.599609375,298800,15.350000381469727,16.549999237060547,15.350000381469727,16.15999984741211,0,-0.005312723532749919,48.24275214903001,10777.698864653861,17.38893345400902,119.93076745927492,0.011169234449249098,0.013895116296032572,2,115.650390625,0.05276869353828828,-0.01082903294932902,-0.0031749750211303995
10777.5498046875,10896.9501953125,10777.5498046875,10886.7998046875,310700,16.15999984741211,16.15999984741211,12.989999771118164,15.579999923706055,0,0.013895116296032572,56.181289692725954,10788.08943037135,24.181993185336978,122.74646877914813,0.011274798010550126,0.0003214902508350548,1,119.400390625,-0.03589108472664604,0.006025005328788469,0.007836348412253669
10899.650390625,10928.150390625,10876.900390625,10890.2998046875,276500,15.579999923706055,16.309999465942383,12.800000190734863,16.079999923706055,0,0.0003214902508350548,56.35042438193403,10797.823751734793,29.50781498982178,117.63957815206611,0.010802235040529429,0.001368225934293088,1,51.25,0.032092426344573655,0.008832797525680558,0.003238040266384301
10920.849609375,10930.650390625,10844.650390625,10905.2001953125,271700,16.079999923706055,16.43000030517578,12.989999771118164,16.239999771118164,0,0.001368225934293088,57.109437245252245,10808.050079694574,34.53283115441991,115.37960828406139,0.010580237521330076,0.0001604738994844812,1,86.0,0.009950239314132636,0.015608757267421947,0.007725344584461835
10914.849609375,10928.2001953125,10852.2001953125,10906.9501953125,323800,16.239999771118164,16.90999984741211,12.3100004196167,16.6200008392334,0,0.0001604738994844812,57.2035615576897,10817.469138324854,38.215874233186696,112.56677912091415,0.010320646661547256,0.0050334340103701525,1,76.0,0.023399080878747425,0.0018509011818443888,0.010375221559487446
10919.349609375,10987.4501953125,10885.75,10961.849609375,288800,16.6200008392334,18.34000015258789,14.359999656677246,18.149999618530273,0,0.0050334340103701525,60.15749719352744,10831.21965937725,45.045381194662696,111.79059456317029,0.010198150727005287,-0.0035668806605010372,1,101.7001953125,0.09205768363652189,0.006570049123597377,0.020884555967630503
10949.7998046875,10949.7998046875,10864.150390625,10922.75,300800,18.149999618530273,18.469999313354492,15.510000228881836,17.989999771118164,0,-0.0035668806605010372,57.13288996810333,10839.936834674654,46.76373967650579,110.7840677193724,0.010142506943706704,-0.008354123274816327,0,85.6494140625,-0.008815418775477979,0.0016093060533675096,0.003302182088167127
10931.0498046875,10944.7998046875,10811.9501953125,10831.5,298900,17.989999771118164,18.290000915527344,12.020000457763672,18.09000015258789,0,-0.008354123274816327,50.72327882113334,10839.133326610401,40.29790954488453,112.36017783763153,0.010373464232805385,0.001689498655541799,1,132.849609375,0.005558664966203608,-0.006917625363772717,-0.005399282457053234
10844.0498046875,10866.599609375,10798.650390625,10849.7998046875,361100,18.09000015258789,18.3799991607666,14.539999961853027,17.43000030517578,0,0.001689498655541799,51.888982840355986,10840.149181665363,36.23266625962788,109.18796647422927,0.010063592733485845,-0.006382606245884936,0,67.94921875,-0.0364842366967969,-0.010221797295200119,-0.005080180980887805
10859.75,10931.7001953125,10756.4501953125,10780.5498046875,463400,17.43000030517578,18.139999389648438,14.369999885559082,17.690000534057617,0,-0.006382606245884936,47.32642678104342,10834.473050524613,27.110522189870608,113.90668315464146,0.010565943780076375,-0.011038398055380982,0,175.25,0.014916822967847576,-0.013018717384587264,-0.01158897660313174
10792.4501953125,10804.4501953125,10630.9501953125,10661.5498046875,419700,17.690000534057617,19.280000686645508,14.59000015258789,18.899999618530273,0,-0.011038398055380982,40.703149484142024,10818.004169968697,10.161713905134093,118.16334864359564,0.011083130577474155,-0.0008769465552643796,1,173.5,0.06840017229751405,-0.015690365629183356,-0.027394994037381437
10653.7001953125,10690.349609375,10583.650390625,10652.2001953125,356900,18.899999618530273,19.799999237060547,18.040000915527344,18.43000030517578,0,-0.0008769465552643796,40.2268106254933,10802.213315239536,-3.9789077370987798,117.34448222262452,0.011015985436911142,-3.758759858607519e-05,1,106.69921875,-0.024867689039193785,-0.01821228160261812,-0.024769385428349056
10702.25,10710.2001953125,10612.849609375,10651.7998046875,410100,18.43000030517578,18.43000030517578,15.979999542236328,17.850000381469727,0,-3.758759858607519e-05,40.2051113924775,10787.888218996486,-15.044338672041704,115.91634677368707,0.010882324949693118,0.016818790618479573,2,97.3505859375,-0.03147042398817379,-0.011942804618741976,-0.016590517962655205
10690.5498046875,10838.0498046875,10678.5498046875,10830.9501953125,604800,17.850000381469727,17.850000381469727,16.450000762939453,17.1200008392334,0,0.016818790618479573,52.540897855974805,10791.989359598012,-9.251191136203488,120.94017914699513,0.0111661651993688,0.005788983808607595,2,159.5,-0.040896332024404236,0.015888908622883502,-0.0017373232423013585
10851.349609375,10983.4501953125,10813.4501953125,10893.650390625,482300,17.1200008392334,17.18000030517578,15.550000190734863,15.720000267028809,0,0.005788983808607595,55.96492603057677,10801.671362552963,0.39475133003543306,124.44445206506691,0.011423576817938177,0.0017073807867935553,1,170.0,-0.08177573034904595,0.022666697103453703,0.010491170486344181
10876.75,10927.900390625,10814.150390625,10912.25,318300,15.720000267028809,16.450000762939453,14.970000267028809,15.720000267028809,0,0.0017073807867935553,56.956990852968595,10812.202661357442,9.431344593271206,123.68056263184783,0.0113341027406674,0.0020252110586724825,1,113.75,0.0,0.024451285237062415,0.023514423316043143
10908.650390625,10956.7001953125,10886.7001953125,10934.349609375,268100,15.720000267028809,15.979999542236328,14.609999656677246,15.779999732971191,0,0.0020252110586724825,58.16304510530846,10823.835704025782,18.166748671666937,119.846236729573,0.010960527238567355,0.011715428033110209,2,70.0,0.003816759855165275,0.009546661391467648,0.02648743066119419
10965.099609375,11072.599609375,10962.7001953125,11062.4501953125,298500,15.779999732971191,15.970000267028809,12.829999923706055,15.630000114440918,0,0.011715428033110209,64.3913630079322,10846.560893672135,35.02254791132873,121.1607912488892,0.010952437218675908,0.0006282690714798367,1,109.8994140625,-0.00950567940865421,0.015495247105852483,0.0385522069654638
11070.4501953125,11118.099609375,11043.599609375,11069.400390625,263500,15.630000114440918,16.219999313354492,13.600000381469727,15.4399995803833,0,0.0006282690714798367,64.69843151880642,10867.783702905741,48.38397260651982,117.82787758825425,0.010644467941375229,-0.011364733121095205,0,74.5,-0.012156144124533363,0.014401282102682655,0.02201563030136522
11023.5,11041.2001953125,10925.4501953125,10943.599609375,352800,15.4399995803833,15.819999694824219,12.970000267028809,15.569999694824219,0,-0.011364733121095205,55.388058391798495,10875.004265426624,48.265551027465335,119.69375742570038,0.010937329735927374,-0.005007475295473629,1,115.75,0.008419696759971673,0.0008459579518171889,0.004585168144645602
10930.900390625,10930.900390625,10857.099609375,10888.7998046875,286000,15.569999694824219,16.360000610351562,13.460000038146973,15.84000015258789,0,-0.005007475295473629,51.88539187285389,10876.318126308612,43.251241427466084,117.32277475243608,0.010774628687904611,-0.005271417887377283,1,73.80078125,0.017341070202681275,-0.015697281122999396,-0.0021489789284977467
10879.7001953125,10910.900390625,10823.7998046875,10831.400390625,292300,15.84000015258789,15.979999542236328,13.229999542236328,15.75,0,-0.005271417887377283,48.430646468688124,10872.040246719696,34.25088900735318,115.16404697994064,0.01063242450898774,-0.007879921603800577,0,87.1005859375,-0.005681827760158575,-0.021500712920418774,-0.009415211917289779
10786.099609375,10792.7001953125,10718.75,10746.0498046875,627000,15.729999542236328,16.579999923706055,12.09000015258789,15.770000457763672,0,-0.007879921603800577,43.764322497772994,10860.041157002344,20.000413571995523,114.98450009744488,0.010700164449944002,-0.002014639281967212,1,73.9501953125,0.0012698703342013395,-0.018051629421663606,-0.028601294020656365
10780.25,10785.75,10620.400390625,10724.400390625,521900,15.770000457763672,17.540000915527344,12.449999809265137,16.459999084472656,0,-0.002014639281967212,42.642002916991316,10847.122988775931,6.8805674387713225,118.58200790298453,0.01105721565623808,-0.00778133902809619,0,165.349609375,0.04375387486874138,-0.015098028893113402,-0.031166999821615526
10738.650390625,10759.900390625,10628.400390625,10640.9501953125,345400,16.459999084472656,18.190000534057617,11.850000381469727,18.0,0,-0.00778133902809619,38.539334352900376,10827.487484636556,-10.133920951944674,119.50472162419992,0.011230643826981124,-0.0034395975233135756,1,131.5,0.09356020663330922,-0.017583155311786114,-0.02765538075819507
10636.7001953125,10722.849609375,10585.650390625,10604.349609375,291500,18.0,18.610000610351562,15.260000228881836,18.469999313354492,0,-0.0034395975233135756,36.86409163385573,10806.23625842117,-26.26857915675828,120.76861427604277,0.011388592297001857,0.012362906803977669,2,137.19921875,0.026111072964138504,-0.013186258940535489,-0.026123190839641208
10655.4501953125,10752.7001953125,10646.400390625,10735.4501953125,289200,18.469999313354492,18.469999313354492,15.239999771118164,17.059999465942383,0,0.012362906803977669,45.93035491514572,10799.494728601296,-28.15216970788788,122.738755109004,0.01143303288413525,0.005067269008080633,1,106.2998046875,-0.07634000540501518,0.0010303424233544245,-0.008858521691760934
10744.099609375,10808.849609375,10721.5,10789.849609375,279600,17.059999465942383,17.170000076293945,12.130000114440918,16.049999237060547,0,0.005067269008080633,49.190740973928754,10798.57614581784,-24.96754044572117,120.21095898514658,0.011141115338688189,0.00016689586186968697,1,87.349609375,-0.059202828868672785,0.013993056196061504,0.004075898165704972
10782.7001953125,10801.5498046875,10758.400390625,10791.650390625,396800,16.049999237060547,16.049999237060547,12.319999694824219,15.449999809265137,0,0.00016689586186968697,49.29972860530983,10797.916550085189,-22.044278098486757,114.70656291924324,0.010629195606530393,0.008196078963680797,2,43.1494140625,-0.03738314369573115,0.01766263732802753,0.00627074685301654
10813.25,10887.099609375,10788.0498046875,10880.099609375,385900,15.449999809265137,16.040000915527344,11.699999809265137,15.359999656677246,0,0.008196078963680797,54.46611392801655,10805.74350811279,-12.44697786235156,113.58822304554728,0.010439998448881138,-0.004117591409631749,1,99.0498046875,-0.005825252666599945,0.013473996099917507,0.022474441630959685
10775.2998046875,10888.75,10729.2998046875,10835.2998046875,415000,15.359999656677246,18.100000381469727,13.119999885559082,17.110000610351562,0,-0.004117591409631749,51.598126486182856,10808.558393500858,-8.359653232333585,116.86407820747247,0.010785495585172038,-0.002644081343287419,1,159.4501953125,0.11393235630142495,0.004212310361861649,0.021778817543729678
10881.2001953125,10939.7001953125,10751.2001953125,10806.650390625,381100,17.110000610351562,19.979999542236328,14.130000114440918,18.899999618530273,0,-0.002644081343287419,49.792455153864566,10808.376678941253,-7.3474900060246,121.98092976408158,0.011287579902640567,-0.0013094150466157473,1,188.5,0.1046171212346867,0.001389963486310819,0.0066322505360407735
10865.7001953125,10865.7001953125,10784.849609375,10792.5,644200,18.899999618530273,18.899999618530273,17.06999969482422,18.280000686645508,0,-0.0013094150466157473,48.88255027470971,10806.86461428018,-7.5995586391891266,119.0430480621829,0.011030164286512198,0.006578642575862936,2,80.8505859375,-0.032804176952305086,-0.00805136097279091,0.0002456374019057517
10842.650390625,10877.900390625,10823.099609375,10863.5,308500,18.280000686645508,18.280000686645508,15.899999618530273,16.270000457763672,0,0.006578642575862936,53.476434512667865,10812.258460539211,-2.046625988376036,116.64000110238412,0.01073687127559112,0.011409784628572783,2,54.80078125,-0.10995624471448984,0.00260262252275667,0.006657888902462661
10864.849609375,10994.900390625,10817.0,10987.4501953125,373200,16.270000457763672,16.860000610351562,15.449999809265137,15.65999984741211,0,0.011409784628572783,60.20089868845491,10828.943387660476,12.215050512131711,121.0157432111424,0.011013996974727632,0.005965879573721855,2,177.900390625,-0.0374923536071865,0.016730420449647232,0.009866691463467747
11024.849609375,11062.2998046875,10998.849609375,11053.0,372600,15.65999984741211,15.739999771118164,14.289999961853027,15.609999656677246,0,0.005965879573721855,63.227896049944974,10850.282112645193,28.478570075780226,117.71816222284652,0.010650335856586132,0.00047047817900125466,1,63.4501953125,-0.003192860231293393,0.024137132267778583,0.020091755580064374
11077.9501953125,11089.0498046875,11027.099609375,11058.2001953125,321200,15.609999656677246,15.6899995803833,14.3100004196167,15.289999961853027,0,0.00047047817900125466,63.46529419882021,10870.083834803983,41.31093209415849,113.73473601496462,0.01028510372449,-0.0020618006804727917,1,61.9501953125,-0.02049966059335162,0.01792241867837263,0.023277314949109895
11038.849609375,11049.0,11008.9501953125,11035.400390625,326600,15.289999961853027,15.40999984741211,12.920000076293945,14.9399995803833,0,-0.0020618006804727917,61.58792127678464,10885.8282686917,49.07520928910526,109.12868344246715,0.009888964566720768,0.012020353532001593,2,40.0498046875,-0.02289080329254034,0.004364087614518342,0.022506406358582254
11068.75,11180.900390625,11059.849609375,11168.0498046875,352200,14.9399995803833,15.380000114440918,13.670000076293945,14.899999618530273,0,0.012020353532001593,67.5940881109817,10912.706510215108,65.18079044353362,111.72663462514808,0.010004131122181575,0.011922438828049886,2,121.05078125,-0.0026773736932059755,0.010408921079118727,0.02803422512887188
11231.349609375,11320.400390625,11227.0,11301.2001953125,391300,14.899999618530273,15.199999809265137,13.84000015258789,15.100000381469727,0,0.011922438828049886,72.27954298529802,10949.705908795811,87.67800580875883,114.62834543317321,0.010143024055154657,0.0035836901656514097,1,93.400390625,0.013422870339588666,0.02197464286304074,0.028555305773659168
11326.2001953125,11352.2998046875,11276.599609375,11341.7001953125,383000,15.100000381469727,15.600000381469727,12.300000190734863,15.279999732971191,0,0.0035836901656514097,73.53305524349166,10987.038697987877,107.5356189204449,111.84776328169654,0.00986163990897264,0.00013664659273393553,1,75.7001953125,0.011920486553255616,0.027756111590451438,0.026119623207500275
11382.5,11383.4501953125,11313.75,11343.25,294500,15.279999732971191,15.520000457763672,13.760000228881836,15.149999618530273,0,0.00013664659273393553,73.58228527069184,11020.963583893794,121.99173191555019,108.83722271246822,0.00959488882925689,0.007369987382364052,2,69.7001953125,-0.008507861041411102,0.015687626611314398,0.025777233153034373
11376.849609375,11487.0,11370.7998046875,11426.849609375,463700,15.149999618530273,16.389999389648438,11.850000381469727,15.869999885559082,0,0.007369987382364052,76.15844509043396,11059.619395844386,138.59644191125335,111.33099251872048,0.00974292970718548,0.0030936423551506387,1,116.2001953125,0.047524771297562385,0.011118236283843341,0.03547213557222184
11473.849609375,11530.150390625,11412.5,11462.2001953125,320300,15.869999885559082,17.190000534057617,14.270000457763672,16.899999618530273,0,0.0030936423551506387,77.17216803189163,11097.96042436516,152.8463732144519,111.78237809774045,0.009752261886287257,0.006124495656707252,2,117.650390625,0.06490231508498256,0.0106245093702797,0.02633856364980902
11500.2998046875,11543.849609375,11451.25,11532.400390625,326100,16.899999618530273,17.18000030517578,14.550000190734863,16.489999771118164,0,0.006124495656707252,79.07490407016849,11139.33565924705,167.86902587619625,110.41218033183041,0.009574084890565148,-0.0009842344657688962,1,92.599609375,-0.024260346548325318,0.016675149593370575,0.020458021388595204
11553.349609375,11556.099609375,11503.099609375,11521.0498046875,366300,16.489999771118164,16.489999771118164,14.489999771118164,16.030000686645508,0,-0.0009842344657688962,77.94365229670552,11175.689387384235,176.8204132614519,106.31131030812824,0.009227571454892418,-0.005568018119008533,0,53.0,-0.027895639227256575,0.008243759087825486,0.01581329133079401
11549.2001953125,11572.7998046875,11434.5498046875,11456.900390625,386200,16.030000686645508,16.809999465942383,12.680000305175781,16.270000457763672,0,-0.005568018119008533,71.7005271046724,11202.471387692878,176.70122888580954,108.5926452861191,0.009478361649628963,-0.008959700017030503,0,138.25,0.014971912716017943,-0.0004623723715511119,0.010019208835651217
11395.650390625,11395.650390625,11311.599609375,11354.25,294500,16.270000457763672,17.030000686645508,14.260000228881836,16.670000076293945,0,-0.008959700017030503,63.00406764744076,11216.92649362689,166.40552644608033,111.21465499782487,0.009794980293531045,0.011361384503600025,2,84.05078125,0.02458510186085472,-0.015447815250138497,-0.006353423021813187
11375.2001953125,11496.75,11352.4501953125,11483.25,282600,16.670000076293945,16.670000076293945,15.520000457763672,16.489999771118164,0,0.011361384503600025,68.22057630769257,11242.290637090995,166.73333192553764,113.5778799756588,0.009890743472070956,-0.0033266013813597617,1,144.2998046875,-0.010797858689380324,-0.003280934057946716,0.0018364541125452938
11531.4501953125,11546.2001953125,11413.0,11445.0498046875,350400,16.489999771118164,17.420000076293945,14.550000190734863,17.049999237060547,0,-0.0033266013813597617,65.28495764993917,11261.601034004947,162.04275560188944,114.97947392829032,0.01004621874875535,0.010917400749215211,2,133.2001953125,0.03395994382748313,-0.0010343623086046527,-0.007574362923482014
11463.650390625,11588.5,11452.4501953125,11570.0,527700,17.049999237060547,17.329999923706055,15.75,16.649999618530273,0,0.010917400749215211,69.85440935976797,11290.972364099714,166.4886985002904,117.01309688430528,0.010113491519818952,0.008569610252809001,2,136.0498046875,-0.023460389233380008,0.019001695400400642,0.004248761713761873
11665.2001953125,11738.099609375,11644.75,11669.150390625,379600,17.18000030517578,18.219999313354492,17.18000030517578,18.010000228881836,0,0.008569610252809001,72.90243636870635,11326.989319006885,175.98411286085866,120.66213349078348,0.010340267238969126,0.0037748939051200914,1,93.349609375,0.08168172021085085,0.016188830742603466,0.018525953160392294
11711.5498046875,11729.349609375,11655.849609375,11713.2001953125,386100,18.010000228881836,18.549999237060547,17.440000534057617,18.079999923706055,0,0.0037748939051200914,74.1528176440993,11363.771307226467,184.93196764422828,117.29340967001323,0.010013779984478778,-0.005912133221091298,0,73.5,0.003886712600478681,0.02342937734663031,0.03161373012858615
11735.2998046875,11761.0,11629.150390625,11643.9501953125,365800,18.079999923706055,18.8799991607666,17.290000915527344,18.780000686645508,0,-0.005912133221091298,68.77962405045027,11390.455010853708,184.31069184607986,118.33313822036942,0.010162628337933525,-0.003946272059030087,1,131.849609375,0.038716856520647935,0.0063915466994382,0.01399431304835308
11660.2001953125,11662.5498046875,11559.2001953125,11598.0,349000,18.780000686645508,19.329999923706055,18.25,18.649999618530273,0,-0.003946272059030087,65.39358290855273,11410.221200296211,178.05798791267443,117.2628861599859,0.010110612705637687,0.005858785593421345,2,103.349609375,-0.006922314343027591,-0.0060973068512478745,0.013363873283439798
11638.400390625,11689.650390625,11609.5,11665.9501953125,266700,18.649999618530273,19.079999923706055,16.760000228881836,18.389999389648438,0,0.005858785593421345,67.90950334409789,11434.576342678716,176.55052334120046,115.4334221932012,0.009894900994827111,-0.005267483083991831,0,80.150390625,-0.013941031324392394,-0.004033910392730156,0.0082930160166379
11704.349609375,11710.2998046875,11549.099609375,11604.5,260900,18.389999389648438,20.459999084472656,18.389999389648438,20.149999618530273,0,-0.005267483083991831,63.41917504115545,11450.759548137885,168.4554796965549,118.70247741600825,0.010229004042915098,0.005812417192683883,2,161.2001953125,0.09570420268053548,-0.0033880422580629954,-0.005540282579350464
11612.0498046875,11683.900390625,11569.7001953125,11671.9501953125,300500,20.149999618530273,20.65999984741211,16.549999237060547,20.280000686645508,0,0.005812417192683883,66.07110406068934,11471.825324059279,165.57413082956373,118.38088583718624,0.010142339870909359,-0.007509489773200095,0,114.2001953125,0.006451666033565839,0.006376116167658319,-0.0035216678031770865
11646.849609375,11680.0498046875,11571.75,11584.2998046875,359900,20.280000686645508,21.280000686645508,18.700000762939453,21.1299991607666,0,-0.007509489773200095,59.98541961835117,11482.537179357205,154.43772513372278,117.66080861220864,0.010156920193363615,0.0010704480058416621,1,108.2998046875,0.04191313833045496,-0.006999034734248011,-0.005122865490185036
11592.5498046875,11606.7001953125,11550.5498046875,11596.7001953125,279800,21.1299991607666,21.34000015258789,19.40999984741211,20.959999084472656,0,0.0010704480058416621,60.53919041585375,11493.409847543424,144.94185183061563,113.26720732740803,0.009767192858291857,0.0040313191867198395,1,56.150390625,-0.008045436963840302,-0.0006721362133224051,-0.00011207145089675574
11612.849609375,11657.349609375,11578.7998046875,11643.4501953125,246000,20.959999084472656,21.299999237060547,18.68000030517578,21.0,0,0.0040313191867198395,62.63845666417417,11507.699404473813,139.5796507888008,110.78739285312888,0.009514996929151672,0.0040279653604204935,1,78.5498046875,0.0019084407096647826,-0.002441751337445397,-0.0019286898729466984
11667.0,11704.599609375,11648.25,11690.349609375,290000,21.0,22.239999771118164,18.760000228881836,21.389999389648438,0,0.0040279653604204935,64.66906934821813,11525.094662083451,137.5291086352263,107.24182293951253,0.009173534284510246,0.008280400884877803,2,56.349609375,0.01857139950706843,0.009154614994044685,0.0073979584967038825
11736.2001953125,11810.9501953125,11731.5498046875,11787.150390625,354300,21.389999389648438,21.889999389648438,19.670000076293945,21.690000534057617,0,0.008280400884877803,68.47728889242107,11550.05235051598,142.07727486948897,108.19602029651163,0.009179149897210625,-0.0029142400664389223,1,79.400390625,0.014025299344064601,0.016422792010220455,0.00986983266590391
11856.150390625,11856.150390625,11738.5,11752.7998046875,339700,21.690000534057617,23.049999237060547,18.5,22.739999771118164,0,-0.0029142400664389223,65.76820257061756,11569.36163186565,141.28132104810538,108.87133246283223,0.00926343801239683,-0.013473352052831178,0,117.650390625,0.04840936888921865,0.00939151261359128,0.014545548962037191
11727.0498046875,11727.0498046875,11583.9501953125,11594.4501953125,260400,22.739999771118164,24.559999465942383,20.40999984741211,24.049999237060547,0,-0.013473352052831178,54.97170225811095,11571.751018860588,126.41578928863782,113.15549509941563,0.009759453289571512,-0.0015955909670886115,1,143.099609375,0.057607716760234906,-0.008203297357813333,-0.0001940207095212365
11612.9501953125,11645.9501953125,11564.7998046875,11575.9501953125,272500,24.049999237060547,26.31999969482422,22.780000686645508,24.649999618530273,0,-0.0015955909670886115,53.85928673160562,11572.150940427437,111.85258589545265,110.86941620838594,0.00957756506703707,0.012975193636658888,2,81.150390625,0.024948041600980186,-0.01791783326023222,-0.0057972507175900745
11601.5,11740.849609375,11578.849609375,11726.150390625,335200,24.649999618530273,25.1299991607666,23.450000762939453,23.709999084472656,0,0.012975193636658888,60.79583641620253,11586.817554731966,111.14977732577063,114.72870176939409,0.009784003952492296,-0.007193374050953438,0,162.0,-0.03813389649511334,-0.002267494937833514,0.003062421779181923
11735.7001953125,11796.75,11624.2998046875,11641.7998046875,604400,23.709999084472656,25.540000915527344,22.729999542236328,23.229999542236328,0,-0.007193374050953438,55.72893739211102,11592.053959489636,102.60365803170862,118.85166559390166,0.010209045644819175,0.009693568677590747,2,172.4501953125,-0.020244603997082056,0.0040838167034555894,-0.012331274406501613
11683.75,11762.900390625,11661.75,11754.650390625,333500,23.229999542236328,23.959999084472656,21.43000030517578,21.719999313354492,0,0.009693568677590747,60.47507049616194,11607.53933388348,103.74103400964668,119.01230276130153,0.010124699485424134,-0.0005529726349993158,1,101.150390625,-0.06500216352292143,0.015437194554003941,0.0001574591559674321
11748.75,11756.25,11655.900390625,11748.150390625,532600,21.719999313354492,22.780000686645508,20.760000228881836,21.829999923706055,0,-0.0005529726349993158,60.07557478256387,11620.930863096957,102.93138802074282,117.67925323370856,0.01001683237964134,-0.001991836148409698,1,100.349609375,0.005064484982922224,0.0018761485455267568,0.013256359096237125
11725.5498046875,11789.2998046875,11699.5498046875,11724.75,380300,21.829999923706055,23.270000457763672,21.770000457763672,22.979999542236328,0,-0.001991836148409698,58.57538795364232,11630.818399944867,99.2573448967214,115.68430657415796,0.0098666757563409,-0.0010661208128105448,1,89.75,0.05267978115205785,0.007125203723147733,0.012854219496189145
11722.599609375,11770.900390625,11699.349609375,11712.25,305500,22.979999542236328,24.149999618530273,21.100000381469727,24.030000686645508,0,-0.0010661208128105448,57.745843371453844,11638.573790426308,94.25053225087322,112.53191190814667,0.009608052415901869,-0.00973339879186319,0,71.55078125,0.04569195671563531,-0.0036071162659858658,-0.001185418075152156
11605.7998046875,11632.5498046875,11571.349609375,11598.25,299000,24.030000686645508,27.84000015258789,19.739999771118164,26.43000030517578,0,-0.00973339879186319,50.69459892435931,11634.733429433327,80.15971855682255,114.55823181649335,0.009877199734140352,-0.008652133673183404,0,61.2001953125,0.09987513732631959,-0.012759488569759947,-0.003740813741700433
11651.5,11657.0498046875,11484.4501953125,11497.900390625,337500,26.43000030517578,26.809999465942383,23.09000015258789,26.479999542236328,0,-0.008652133673183404,45.435233740387254,11621.70171145158,60.20130914772926,118.70404449924384,0.010323975723083417,-0.012041345863927244,0,172.599609375,0.0018917607447304086,-0.01934792719460965,-0.021842419082474196
11478.7001953125,11479.099609375,11346.9501953125,11359.4501953125,372800,26.479999542236328,27.030000686645508,23.25,26.3700008392334,0,-0.012041345863927244,39.366948852028955,11596.725376581191,32.83386386898019,121.00734098590499,0.01065257023054152,-0.005075103956069027,1,132.1494140625,-0.004154029641408319,-0.03012229116416576,-0.03308607588328816
11322.400390625,11357.599609375,11255.0498046875,11301.7998046875,373000,26.3700008392334,26.5,23.489999771118164,25.489999771118164,0,-0.005075103956069027,37.14242621726839,11568.63722687703,6.419066590826333,119.82113024584035,0.01060195122162257,-0.0020261741013145596,1,102.5498046875,-0.03337129465714561,-0.025559907340547028,-0.03607328048039404
11314.150390625,11345.7998046875,11251.0498046875,11278.900390625,387300,25.489999771118164,26.530000686645508,24.540000915527344,26.34000015258789,0,-0.0020261741013145596,36.26581048615311,11541.043242472075,-16.176173043377275,118.03033522828034,0.010464702332719147,-0.011588026384304118,0,94.75,0.0333464256218956,-0.01904695575364046,-0.03699968916092122
11258.7001953125,11300.2001953125,11125.599609375,11148.2001953125,357600,26.34000015258789,28.059999465942383,23.709999084472656,27.3799991607666,0,-0.011588026384304118,31.67127982614555,11503.629618933068,-44.12087867295668,122.07106742179602,0.010949845291899532,0.006624352638199937,2,174.6005859375,0.03948363713568659,-0.01859685076018669,-0.038803250894531516
11151.650390625,11294.75,11108.2998046875,11222.0498046875,398100,27.3799991607666,27.760000228881836,22.389999389648438,27.1299991607666,0,0.006624352638199937,36.56176040289767,11476.812493766822,-59.62093984373314,126.66957655684631,0.011287561431418337,-0.005796606308085428,0,186.4501953125,-0.009130752653865315,-0.007056398217824,-0.023991387693914956
11271.7001953125,11286.7998046875,11136.9501953125,11157.0,414200,27.1299991607666,29.079999923706055,23.18000030517578,28.65999984741211,0,-0.005796606308085428,34.23725947347873,11446.354161027124,-76.27457971221884,128.32529318671442,0.011501774059936758,0.008971910851931497,2,149.849609375,0.05639516159138269,-0.010807825798898163,-0.017822182573241196
11180.349609375,11281.5498046875,11143.349609375,11257.099609375,350700,28.65999984741211,29.329999923706055,23.780000686645508,28.3700008392334,0,0.008971910851931497,40.50556347316494,11428.329918012636,-80.46792325206297,129.03064333855625,0.011462157022320254,0.013329435330307948,2,138.2001953125,-0.010118597687462927,0.009768340373748297,-0.003955139542815123
11261.900390625,11426.150390625,11259.849609375,11407.150390625,412100,28.3700008392334,29.229999542236328,25.5,28.079999923706055,0,0.013329435330307948,48.43932754883296,11426.312820166193,-70.8664301051922,131.88922461794508,0.011561978241852464,0.036915407876193296,2,166.30078125,-0.010222097530793728,0.01649436503660695,0.011370789310862328
11651.900390625,11845.2001953125,11591.7001953125,11828.25,452100,28.079999923706055,28.079999923706055,19.760000228881836,23.68000030517578,0,0.036915407876193296,63.25040722254275,11464.592551578937,-28.944306463283283,153.75783748005617,0.012999204233936227,-0.010073374389702572,0,253.5,-0.1566951435357965,0.060164022586716825,0.061000860477320895
11863.650390625,11883.5498046875,11682.7998046875,11709.099609375,381000,23.68000030517578,28.100000381469727,20.239999771118164,25.649999618530273,0,-0.010073374389702572,58.15961918519621,11487.878938035705,-5.274362617476072,157.11442051719501,0.013418147061572513,0.0024596922232125173,1,200.75,0.08319253749857025,0.04015243852187034,0.043401144457945406
11727.9501953125,11784.7998046875,11682.400390625,11737.900390625,355900,25.649999618530273,30.18000030517578,19.040000915527344,27.6299991607666,0,0.0024596922232125173,59.018248450004236,11511.69050494897,15.628070097813179,153.2062057704311,0.013052266646665029,-0.006887993870017373,0,102.3994140625,0.07719296575762602,0.028994971458588648,0.05206600256565386
11901.2998046875,12041.150390625,11614.5,11657.0498046875,569000,27.6299991607666,27.6299991607666,18.959999084472656,19.40999984741211,0,-0.006887993870017373,55.5706317303553,11525.534247781212,25.376902890015117,172.73793326004315,0.014818323345464499,0.016046067214389392,2,426.650390625,-0.29750269862572176,-0.014473839774480579,0.03552870714401579
11748.0,11859.0,11658.099609375,11844.099609375,374600,19.40999984741211,19.40999984741211,14.489999771118164,16.469999313354492,0,0.016046067214389392,61.21545255086514,11555.87380602824,47.64703376621401,174.8245234066472,0.014760473921400301,0.006809330661248669,1,200.900390625,-0.15146834400668996,0.011529494538752738,0.03830485299020059
11855.5,11957.150390625,11812.400390625,11924.75,348400,16.469999313354492,17.34000015258789,13.479999542236328,16.190000534057617,0,0.006809330661248669,63.376074643720315,11591.00487212079,70.9858052573527,172.67634316331527,0.014480500066107488,0.0003354368016101894,1,144.75,-0.017000533756540093,0.01591848653991268,0.008158434256969604
11958.349609375,11958.5498046875,11864.900390625,11928.75,598300,16.190000534057617,16.540000915527344,15.380000114440918,15.920000076293945,0,0.0003354368016101894,63.484725425197524,11623.171074775953,88.78130081015661,167.03156251325703,0.014002436341884692,-0.005671205333752538,1,93.6494140625,-0.016676988811439086,0.02330780084711015,0.018758947993672725
11905.7998046875,11931.900390625,11836.7998046875,11861.099609375,318100,15.920000076293945,16.510000228881836,14.479999542236328,16.40999984741211,0,-0.005671205333752538,60.23027392951642,11645.830935213959,96.31527555739376,161.89363561498865,0.013649125371734346,0.007149487319284775,2,95.1005859375,0.03077887994785944,0.0014353138322598102,0.010495848035002808
11865.2998046875,11968.5498046875,11859.400390625,11945.900390625,421200,16.40999984741211,16.40999984741211,14.850000381469727,15.609999656677246,0,0.007149487319284775,62.80431430572025,11674.40897858644,107.88508703392108,158.1261912183823,0.01323685834032886,-0.0019337668306382838,1,109.1494140625,-0.048750773807046954,0.0017736548460134394,0.024779047081136207
11999.7998046875,12039.25,11829.4501953125,11922.7998046875,438900,15.609999656677246,16.790000915527344,14.1899995803833,16.06999969482422,0,-0.0019337668306382838,61.6340306198163,11698.065247738921,113.8775126796736,161.81716360903357,0.013572077553916024,0.013901936014629301,2,209.7998046875,0.02946829264984685,-0.000498811301477553,0.0066446752313875646
11953.75,12103.0498046875,11920.099609375,12088.5498046875,315300,16.06999969482422,16.229999542236328,14.079999923706055,15.970000267028809,0,0.013901936014629301,66.46287030788808,11735.254253162597,130.49690584737436,163.3266658735669,0.013510856844899192,-0.005534114111566901,1,182.9501953125,-0.006222739868975702,0.019176147473942695,0.013736120647183325
12052.650390625,12095.2001953125,12005.849609375,12021.650390625,289200,15.970000267028809,15.970000267028809,14.670000076293945,15.630000114440918,0,-0.005534114111566901,63.015428336721975,11762.530075778064,136.69394830885176,158.04266016384784,0.013146502770293196,-0.014798333410505293,0,89.3505859375,-0.02128992779604677,0.006341087529864842,0.007787940113171965
12039.7998046875,12039.7998046875,11830.25,11843.75,415200,15.630000114440918,15.930000305175781,13.979999542236328,15.529999732971191,0,-0.014798333410505293,54.86545598206521,11770.265306656343,125.79993106147595,161.72174191553728,0.013654606177565153,0.0022712730870713127,1,209.5498046875,-0.0063979770145576875,-0.006630137717855589,-0.001462731951200169
11865.2001953125,11897.5,11769.5,11870.650390625,302500,15.529999732971191,15.729999542236328,13.630000114440918,14.859999656677246,0,0.0022712730870713127,55.79642033435082,11779.825790843835,117.97701502223208,159.31304606442748,0.013420751249674324,0.004384747505377318,1,128.0,-0.04314231087019871,-0.01802527330267578,-0.006299232166631419
11934.900390625,11975.0498046875,11871.75,11922.7001953125,303300,14.859999656677246,15.449999809265137,13.449999809265137,14.979999542236328,0,0.004384747505377318,57.61800993719346,11793.432876983708,114.6556035133126,155.39064377857554,0.013033175474769428,0.0035981290613484873,1,103.2998046875,0.00807536260642916,-0.008230999246964132,-8.354528854948029e-06
11959.849609375,12000.349609375,11904.349609375,11965.599609375,332200,14.979999542236328,14.979999542236328,13.479999542236328,14.489999771118164,0,0.0035981290613484873,59.113521399053404,11809.829708640022,114.16891694563128,151.14845493724872,0.012631916483217815,-0.004964181988503125,1,96.0,-0.032710266094241325,0.010288093667546239,-0.01017079776308849
11962.4501953125,11962.4501953125,11866.349609375,11906.2001953125,283700,14.489999771118164,14.710000038146973,13.3100004196167,14.119999885559082,0,-0.004964181988503125,56.158637335780575,11819.007850227877,107.74812473011843,147.44142244173094,0.01238358334506915,0.0006592875347493088,1,96.1005859375,-0.02553484412722873,0.0029947646942392048,-0.009603522940788034
11873.900390625,11931.349609375,11817.0498046875,11914.0498046875,447900,14.119999885559082,14.289999961853027,13.279999732971191,13.65999984741211,0,0.0006592875347493088,56.46831484251738,11828.059464938318,102.11587032645366,145.07416403071446,0.012176729693847347,-0.007617057296864349,0,114.2998046875,-0.032577906648386556,-0.0007255395575912482,0.005935603562005287
11910.099609375,11911.849609375,11797.7001953125,11823.2998046875,390300,13.65999984741211,14.119999885559082,12.640000343322754,13.899999618530273,0,-0.007617057296864349,51.90367034870461,11827.606163962051,89.30010553353713,143.02241012673485,0.012096657658129567,-0.012784029548381648,0,114.1494140625,0.017569529560692576,-0.011892409016929562,-0.003988878821239328
11844.0,11844.0498046875,11657.75,11672.150390625,295500,13.899999618530273,14.960000038146973,13.520000457763672,14.649999618530273,0,-0.012784029548381648,45.33099870218159,11812.800852215665,66.18409603514374,146.11365259536095,0.012518143418775562,0.0016577587443133979,1,186.2998046875,0.05395683601315815,-0.019657808607959182,-0.02101451857239567
11677.0498046875,11727.2001953125,11641.150390625,11691.5,365500,14.649999618530273,14.970000267028809,11.739999771118164,14.600000381469727,0,0.0016577587443133979,46.26903347297771,11801.248390099889,48.862586252525944,141.82337774479944,0.012130468951357776,-4.259905700743083e-06,1,86.0498046875,-0.0034129172943666575,-0.01867961006843699,-0.02290730246065098
11744.4501953125,11802.5,11625.099609375,11691.4501953125,446900,14.600000381469727,15.300000190734863,10.789999961853027,14.729999542236328,0,-4.259905700743083e-06,46.2668329278989,11790.791419167756,34.730791191330354,144.36459295052805,0.01234787734103411,0.012000205478679637,2,177.400390625,0.008904051874655927,-0.011151676059396376,-0.018036820856124014
11653.650390625,11843.5,11635.0498046875,11831.75,442000,14.729999542236328,15.1899995803833,12.84000015258789,14.0,0,0.012000205478679637,53.04201301764135,11794.692236389874,34.45508670317031,148.9421359763832,0.012588343734137655,-0.009098433505187353,0,208.4501953125,-0.04955869415631353,0.01367353949647443,-0.00690779424601029
11827.599609375,11827.9501953125,11705.099609375,11724.099609375,468400,14.0,14.829999923706055,10.600000381469727,14.609999656677246,0,-0.009098433505187353,48.03708039241829,11787.969129055124,25.25893280414857,147.34986845128444,0.012568118095265783,-0.002085381356743965,1,122.8505859375,0.043571404048374784,0.0027883171000300244,-0.008390229204301436
11725.7998046875,11754.0,11670.2001953125,11699.650390625,277600,14.609999656677246,15.670000076293945,11.859999656677246,15.220000267028809,0,-0.002085381356743965,46.95345334463559,11779.557820633207,15.815752808572142,142.8105781824427,0.01220639706438388,0.008273734808782462,2,83.7998046875,0.04175226726119541,0.0007013839323188886,0.002356035441600124
11681.0,11814.400390625,11651.0,11796.4501953125,300500,15.220000267028809,15.59000015258789,14.930000305175781,15.010000228881836,0,0.008273734808782462,51.60793737400906,11781.16661822171,15.958935205242597,144.2812790711968,0.012230906474604468,0.004331778503613437,1,163.400390625,-0.013797636955493187,-0.0029834812844676817,0.008976623642175996
11768.150390625,11871.849609375,11757.5498046875,11847.5498046875,327900,15.010000228881836,15.199999809265137,14.390000343322754,14.75,0,0.004331778503613437,53.90713304183604,11787.488826456547,19.965569053571016,142.13974518664702,0.011997395877619289,-0.0005064338279993086,1,114.2998046875,-0.017321800460838754,0.010529609899747383,0.013351603673390722
11860.849609375,11911.150390625,11821.0498046875,11841.5498046875,480200,14.75,14.890000343322754,13.649999618530273,14.649999618530273,0,-0.0005064338279993086,53.585200401315056,11792.637491049973,22.398509315895353,138.4226623831365,0.011689573127357166,-0.004450447465215945,1,90.1005859375,-0.006779686879303526,0.012128517462043575,0.000828263332769863
11861.150390625,11871.7001953125,11775.5,11788.849609375,303900,14.649999618530273,15.069999694824219,14.0,14.949999809265137,0,-0.004450447465215945,50.720070714409566,11792.276740414261,19.845401242178923,135.40677187809104,0.01148600383962908,0.006510389269786421,2,96.2001953125,0.020477829252323332,-0.0006443112810767815,0.00552281216957784
11839.900390625,11884.650390625,11830.7998046875,11865.599609375,278400,14.949999809265137,15.020000457763672,14.470000267028809,14.600000381469727,0,0.006510389269786421,54.53290131319333,11799.259870791475,23.741451597619744,132.57777254751312,0.011173288911818964,0.003767209141051886,1,53.8505859375,-0.02341133326158984,0.0015235052804216664,0.014184117747909397
11890.2998046875,11917.4501953125,11814.7001953125,11910.2998046875,363200,14.600000381469727,14.829999923706055,14.029999732971191,14.25,0,0.003767209141051886,56.63721426820297,11809.835102591096,30.08918239564082,130.4472173655479,0.010952471348723581,0.0005415644793391738,1,102.75,-0.023972628241431093,0.0058058278801298435,0.009651175352754837
11932.150390625,11945.2001953125,11887.0498046875,11916.75,340500,14.25,14.319999694824219,13.520000457763672,13.699999809265137,0,0.0005415644793391738,56.946860671095926,11820.017473772896,35.234124585451355,125.28315831265164,0.010513198507365821,0.0025174649128327786,1,58.150390625,-0.038596504612972815,0.010849268152788083,0.005840886635067877
11928.7998046875,11969.25,11923.650390625,11946.75,333600,13.699999809265137,13.699999809265137,13.010000228881836,13.529999732971191,0,0.0025174649128327786,58.433565362712216,11832.087238175476,41.25669610640762,120.08436129031938,0.01005163423444195,-0.011350334557515662,0,45.599609375,-0.012408764865746713,0.006839131042386093,0.008883988755496786
11964.75,11981.75,11797.900390625,11811.150390625,530700,13.529999732971191,13.970000267028809,12.670000076293945,13.069999694824219,0,-0.011350334557515662,50.02488484605305,11830.093252694478,34.68801041221559,124.63902186779657,0.01055265725570032,-0.02138240331360608,0,183.849609375,-0.03399852529383285,-0.008324678277492059,0.001891684260037163
11770.400390625,11771.900390625,11523.2998046875,11558.599609375,464000,13.069999694824219,14.039999961853027,12.109999656677246,13.850000381469727,0,-0.02138240331360608,38.820229025912155,11804.23671523548,8.999798211210873,136.29699072991824,0.011791825596188129,-0.00023352472109261502,1,248.6005859375,0.059678707334200665,-0.03005436806385975,-0.025873113041623208
11531.599609375,11582.5498046875,11461.0,11555.900390625,442500,13.850000381469727,14.220000267028809,13.350000381469727,13.6899995803833,0,-0.00023352472109261502,38.72040699861547,11780.58563670115,-11.444178065485175,135.24362029831693,0.011703425585775777,-0.004932545113165099,1,121.5498046875,-0.011552404092385116,-0.03271597793332914,-0.029755708913642986
11536.150390625,11593.7001953125,11475.650390625,11498.900390625,337600,13.6899995803833,13.960000038146973,12.399999618530273,13.640000343322754,0,-0.004932545113165099,36.581223795505565,11753.758470408182,-31.87812895958632,134.01549061183,0.011654635318094606,0.007305046321514741,2,118.0498046875,-0.0036522453318545978,-0.026436882917674653,-0.03506405768141485
11561.4501953125,11599.0,11519.5,11582.900390625,317300,13.640000343322754,13.640000343322754,12.180000305175781,12.470000267028809,0,0.007305046321514741,41.69349829882591,11737.486272333592,-40.82349642408735,131.59292766634215,0.011360965149355095,-0.0026245922523520093,1,79.5,-0.08577712953406924,0.002102398393512228,-0.03045594905518234
11601.150390625,11639.5498046875,11538.599609375,11552.5,359400,12.470000267028809,12.550000190734863,11.550000190734863,12.0,0,-0.0026245922523520093,40.42346698753354,11719.868532111344,-49.79185256238088,129.40416106963914,0.01120139892401118,0.0031031905972733753,1,100.9501953125,-0.03769047770363798,-0.0002942557922841482,-0.02189883136449622
11614.75,11618.400390625,11532.2998046875,11588.349609375,368800,12.0,12.520000457763672,10.640000343322754,12.020000457763672,0,0.0031031905972733753,42.64231548668447,11707.342920422168,-53.39111599623175,126.31104856020063,0.010899830676321219,0.006407297199588324,2,86.1005859375,0.001666704813639397,0.007778936742762532,0.0025738412096107943
11596.650390625,11670.0498046875,11573.9501953125,11662.599609375,480200,12.020000457763672,12.020000457763672,11.0600004196167,11.5600004196167,0,0.006407297199588324,47.041618171397054,11703.08165270339,-49.679529045588424,124.15308861840059,0.010645404350381703,0.0021350634900458854,1,96.099609375,-0.03826955246493857,0.006880765271408906,0.009233310702172703
11670.75,11706.650390625,11651.150390625,11687.5,464800,11.5600004196167,11.90999984741211,9.15999984741211,11.800000190734863,0,0.0021350634900458854,48.46904805233703,11701.597685779258,-44.219086125049216,119.24929657422912,0.010203148369987518,-0.007751838235294128,0,55.5,0.020761225121661564,0.01168578229820394,0.016401534317904476
11675.599609375,11677.150390625,11582.400390625,11596.900390625,498300,11.800000190734863,11.979999542236328,9.220000267028809,11.75,0,-0.007751838235294128,43.83899936012845,11691.626514812186,-46.66435938673385,118.23860463142704,0.01019570752948881,-0.01531878214359883,0,94.75,-0.004237304231073047,0.0007378773974062725,0.0012086782695059917
11627.9501953125,11640.349609375,11399.2998046875,11419.25,446000,11.75,12.680000305175781,10.59000015258789,12.520000457763672,0,-0.01531878214359883,36.48025862929355,11665.685894353881,-62.219925332365165,127.01083320686082,0.011122519710739394,-0.006397075524881224,0,241.0498046875,0.06553195385222743,-0.020865811870912854,-0.01153429993507904
11392.849609375,11398.150390625,11301.25,11346.2001953125,516000,12.520000457763672,13.399999618530273,11.5600004196167,13.010000228881836,0,-0.006397075524881224,33.95619951780496,11635.258684921368,-79.52561041774607,126.36720226351362,0.01113740283868076,-0.0013352832106081625,1,96.900390625,0.03913736047943317,-0.029202122326203228,-0.020895936196695386
11372.25,11398.150390625,11302.7998046875,11331.0498046875,458900,13.010000228881836,13.779999732971191,11.59000015258789,13.430000305175781,0,-0.0013352832106081625,33.439438149586195,11606.286410613378,-93.38649900552264,124.15172966879835,0.01095677203867187,-0.005273121293252303,1,95.3505859375,0.032282864635279296,-0.022924279504238476,-0.028428464989999624
11322.4501953125,11359.75,11229.7998046875,11271.2998046875,413200,13.430000305175781,14.479999542236328,11.850000381469727,12.760000228881836,0,-0.005273121293252303,31.40928950378614,11574.382924334723,-107.94831771098143,124.5659057862056,0.011051600786486154,-0.0016989534831232112,1,129.9501953125,-0.049888314301507086,-0.012956209498215743,-0.03561071189839571
11290.400390625,11361.400390625,11239.349609375,11252.150390625,553700,12.760000228881836,13.550000190734863,12.0,12.640000343322754,0,-0.0016989534831232112,30.764640996882505,11543.694111600464,-119.65455835743887,124.3862540336195,0.011054442903398704,0.0028571795564771296,1,122.05078125,-0.009404379577318989,-0.008289101467322535,-0.02972777107568314
11247.4501953125,11307.599609375,11210.0498046875,11284.2998046875,522700,12.640000343322754,13.3100004196167,11.920000076293945,12.130000114440918,0,0.0028571795564771296,33.24189822077429,11518.989891894467,-124.89790408563385,122.46936479461097,0.010853076124735465,-0.008427603929443195,0,97.5498046875,-0.040348118277643064,-0.004125831304762295,-0.011817780967445346
11307.5,11310.9501953125,11152.400390625,11189.2001953125,482900,12.130000114440918,13.529999732971191,12.039999961853027,13.0600004196167,0,-0.008427603929443195,29.840625670553422,11487.581349362852,-135.1688941751272,125.04653907267448,0.011175645880843237,-0.009276785013729971,0,158.5498046875,0.07666943910978241,-0.007283952232452928,-0.01383723161035555
11213.7001953125,11267.4501953125,11072.650390625,11085.400390625,479100,13.0600004196167,13.869999885559082,12.5,13.609999656677246,0,-0.009276785013729971,26.63698912834927,11449.278400911628,-149.95590622401141,130.02891518801917,0.011729744583514144,0.00294076968140633,1,194.7998046875,0.04211326335291865,-0.014819389557655716,-0.02167931641787313
11034.0498046875,11145.2998046875,10999.400390625,11118.0,536700,13.609999656677246,14.550000190734863,13.420000076293945,13.59000015258789,0,0.00294076968140633,29.207520913594678,11417.728077015283,-157.23173421844876,131.16252225048208,0.011797312668688801,-0.012412304371289817,0,145.8994140625,-0.001469471314758164,-0.014737272809644653,-0.013600898507175385
11060.2001953125,11076.75,10881.0,10980.0,499900,13.59000015258789,15.279999732971191,13.270000457763672,14.5600004196167,0,-0.012412304371289817,25.18467373937071,11376.039688728113,-172.14890163040764,138.72234208973336,0.012634093086496663,0.0015801101434427256,1,195.75,0.07137603062087505,-0.018696617422230055,-0.024186522680300193
10930.2998046875,11080.150390625,10848.9501953125,10997.349609375,547400,14.5600004196167,16.15999984741211,14.4399995803833,15.1899995803833,0,0.0015801101434427256,26.554295158049143,11339.97396688496,-180.49031578786344,145.3279030342167,0.013214811586086872,-0.012252952282714391,0,231.2001953125,0.043269171882564184,-0.007942950019600992,-0.025429153804766957
10895.7998046875,10895.7998046875,10782.599609375,10862.599609375,506600,15.1899995803833,17.81999969482422,15.1899995803833,16.59000015258789,0,-0.012252952282714391,23.028202215986227,11294.509742360202,-195.7180298338717,150.28662424605838,0.013835235546779524,0.007884888857643269,2,113.2001953125,0.09216593883337443,-0.022971792644810196,-0.029188912543929857
10815.400390625,11018.5498046875,10813.7998046875,10948.25,517900,16.59000015258789,16.790000915527344,15.59000015258789,16.1200008392334,0,0.007884888857643269,29.441664725015073,11261.532624040181,-198.5856603347729,154.17686537133991,0.014082329629971906,-0.00847167355513434,0,204.75,-0.02833027781986952,-0.0028916211293260607,-0.01237216390857554
10958.099609375,10975.650390625,10835.900390625,10855.5,548500,16.1200008392334,16.90999984741211,15.739999771118164,16.739999771118164,0,-0.00847167355513434,26.834197842324514,11222.862850322068,-205.96815533878726,153.14637498767277,0.01410772189099284,0.016300510829763803,2,139.75,0.03846147019892143,-0.012898526864516202,-0.02361036157582297
10899.2001953125,11058.0498046875,10842.9501953125,11032.4501953125,482500,16.739999771118164,16.739999771118164,15.520000457763672,16.09000015258789,0,0.016300510829763803,38.0979542938202,11204.728311749728,-195.28926085445346,157.571606015339,0.014282557657254459,0.006997556657477588,1,215.099609375,-0.03882912947536177,0.01563627419268121,0.00477688481898908
11087.900390625,11181.4501953125,11062.7998046875,11109.650390625,538100,16.09000015258789,16.15999984741211,15.029999732971191,15.850000381469727,0,0.006997556657477588,42.27340257632834,11195.673271642612,-178.53866685058165,156.9593484428148,0.014128198721290694,-0.01654424529912324,0,118.650390625,-0.014916082588076529,0.014742117747128525,0.010211622367108042
11139.400390625,11145.900390625,10901.599609375,10925.849609375,624600,15.850000381469727,18.010000228881836,15.119999885559082,17.780000686645508,0,-0.01654424529912324,36.04035055961545,11169.975779998078,-178.04252399170036,163.19802221475658,0.014936872467540043,0.009477595331455646,2,244.30078125,0.12176657783757205,0.006480549894062992,0.005822731415545457
11003.25,11078.150390625,10935.599609375,11029.400390625,511500,17.780000686645508,17.780000686645508,16.110000610351562,16.360000610351562,0,0.009477595331455646,41.29228652037264,11156.587647676832,-167.36437226189992,162.4196478601311,0.014726063258904623,0.0016682152620135504,1,142.55078125,-0.07986501807958324,-0.00027643947024535986,0.00741217917247039
11043.650390625,11068.650390625,10924.2998046875,11047.7998046875,470900,16.360000610351562,17.43000030517578,15.989999771118164,16.649999618530273,0,0.0016682152620135504,42.200468667974526,11146.226900725467,-155.62325314938607,161.12900057994315,0.014584714008990035,0.0005521991749806165,1,144.3505859375,0.017726100083102603,-0.00556728463657985,0.01771450460020274
11094.7998046875,11146.900390625,11037.849609375,11053.900390625,369500,16.649999618530273,17.020000457763672,14.710000038146973,16.75,0,0.0005521991749806165,42.517982054630686,11137.433899763517,-144.1642298593888,157.4091277706615,0.014240143497598627,-0.0033382235519596737,1,109.05078125,0.006006029054705486,0.01171998387568185,0.0019442820889972179
11063.900390625,11076.2998046875,10985.2998046875,11017.0,444700,16.75,17.100000381469727,15.109999656677246,16.6299991607666,0,-0.0033382235519596737,41.04910478191912,11125.964004547945,-136.48708630757756,152.66561864418568,0.013857276812579257,-0.008922556475220111,0,91.0,-0.007164229207964112,-0.0011243032427710187,-0.008339631524605262
11018.150390625,11034.2001953125,10906.650390625,10918.7001953125,557900,16.6299991607666,17.329999923706055,14.0,17.020000457763672,0,-0.008922556475220111,37.34757188483905,11106.224594144569,-136.75840171860546,150.87163193299384,0.01381772823085338,-0.016242829527789215,0,127.5498046875,0.023451672680607105,-0.011685549309123466,-0.0006543577221093111
10905.2998046875,10908.25,10718.2998046875,10741.349609375,668200,17.020000457763672,18.1200008392334,14.489999771118164,17.850000381469727,0,-0.016242829527789215,31.779665758672976,11071.474595595088,-149.56009555737546,154.4094004109943,0.01437523272459417,0.008192639025843995,2,189.9501953125,0.04876615166760767,-0.028275158107547216,-0.02611663109944251
10699.599609375,10862.5498046875,10637.150390625,10829.349609375,667100,17.850000381469727,18.260000228881836,13.699999809265137,17.350000381469727,0,0.008192639025843995,36.813388885178284,11048.415073097936,-150.86558109421821,159.48011567181612,0.014726656856082447,0.021100066785376237,2,225.3994140625,-0.028011203883169355,-0.017032802997639984,-0.01977318553688967
11000.2998046875,11070.2998046875,10756.5498046875,11057.849609375,684100,17.350000381469727,19.149999618530273,13.699999809265137,16.65999984741211,0,0.021100066785376237,47.620818266391225,11049.313600362419,-131.94121128867846,170.49939312382926,0.015418856210458631,0.004295591066795668,1,313.75,-0.03976948235658584,0.012744137266653688,0.00035726925433032797
11106.5498046875,11141.75,11049.5,11105.349609375,685600,16.65999984741211,16.829999923706055,14.420000076293945,16.010000228881836,0,0.004295591066795668,49.55247218729279,11054.650363125522,-111.82164849187575,164.91015075784145,0.014849613614921797,-0.005335266523260329,1,92.25,-0.03901558370249569,0.03388773415235469,0.008019389069165772
11101.2998046875,11129.650390625,10987.650390625,11046.099609375,550000,16.010000228881836,17.3799991607666,14.119999885559082,16.84000015258789,0,-0.005335266523260329,47.21354527150054,11053.836005625473,-99.51063321242145,163.27371141799563,0.014781118873798915,-0.0088537862364102,0,142.0,0.051842592869470794,0.020015052410198297,0.011668001848534448
10996.0498046875,11021.099609375,10922.400390625,10948.2998046875,649900,16.84000015258789,17.450000762939453,13.869999885559082,16.43000030517578,0,-0.0088537862364102,43.55876556376209,11043.784938869476,-96.53292038208019,160.4469619417102,0.01465496604988978,0.006845829640179435,1,98.69921875,-0.024346784067522886,-0.009906971839680478,0.019266684619582142
10987.7998046875,11042.599609375,10874.7998046875,11023.25,628200,16.43000030517578,17.3799991607666,15.1899995803833,16.280000686645508,0,0.006845829640179435,46.94810421825998,11041.829230405718,-87.12093126919535,160.97216499498091,0.014602967817565683,-0.02044311880570615,0,167.7998046875,-0.009129617513337518,-0.007392798269555856,0.017905081802617184
10960.9501953125,10967.5,10772.7001953125,10797.900390625,483000,16.280000686645508,18.270000457763672,16.280000686645508,18.059999465942383,0,-0.02044311880570615,39.30551266227583,11018.597912331363,-96.7306416150077,167.37056783016084,0.015500288183383877,0.004329545403159107,1,194.7998046875,0.10933652974333152,-0.02246939893058264,-0.02350811667122077
10790.400390625,10858.75,10746.349609375,10844.650390625,508800,18.059999465942383,18.309999465942383,17.1299991607666,17.239999771118164,0,0.004329545403159107,41.43545029793642,11002.031481692662,-99.4279287336376,163.4441266012208,0.015071405782017207,0.000299686931614751,1,112.400390625,-0.04540419263968298,-0.009467169872177106,-0.023475102353366806
10860.9501953125,10920.099609375,10816.0,10847.900390625,595700,17.239999771118164,17.700000762939453,16.059999465942383,17.270000457763672,0,0.000299686931614751,41.58891177241694,10987.352330162408,-100.14884680397518,159.2052325136336,0.014676133332789667,0.009061643373168504,2,104.099609375,0.001740179062865721,-0.015907251434468028,-0.017942914309933
10883.7998046875,10957.0498046875,10867.4501953125,10946.2001953125,497200,17.270000457763672,17.270000457763672,15.890000343322754,16.270000457763672,0,0.009061643373168504,46.18240247891669,10983.43307922432,-91.73079139336733,155.6298169099812,0.014217702411164258,0.005193547382711383,1,89.599609375,-0.05790387802511343,0.013734133426185124,-0.0001917749250984757
10936.7001953125,11028.849609375,10889.7998046875,11003.0498046875,412500,16.270000457763672,16.639999389648438,13.670000076293945,15.850000381469727,0,0.005193547382711383,48.69524171046527,10985.301338792242,-79.55507211704207,154.44553032266114,0.014036611036411425,0.0029673946046386845,1,139.0498046875,-0.025814386261650668,0.014606225959984176,-0.001832508136212052
11028.5,11054.7998046875,11011.650390625,11035.7001953125,687100,15.850000381469727,15.850000381469727,14.649999618530273,15.369999885559082,0,0.0029673946046386845,50.135297152333,10990.10122988941,-66.50449084365937,147.1101352996139,0.01333038526745227,-0.00479356902496042,1,43.1494140625,-0.030283942230803662,0.017312087862624725,0.02202278184506712
11058.2998046875,11081.75,10964.9501953125,10982.7998046875,551400,15.369999885559082,15.369999885559082,14.609999656677246,14.899999618530273,0,-0.00479356902496042,47.79454680986598,10989.405856060655,-59.74176470105158,144.9451116844629,0.013197464604845093,0.008476944640087414,2,116.7998046875,-0.030579067698653595,0.0033435903529950295,0.012738945847616145
10986.7998046875,11084.4501953125,10945.75,11075.900390625,624300,14.899999618530273,15.199999809265137,13.890000343322754,14.119999885559082,0,0.008476944640087414,52.03860677330574,10997.643430781069,-46.33568733845459,144.4990462293227,0.013046257291337808,-0.006536749886833726,0,138.7001953125,-0.052348976707432326,0.006620944849896393,0.021017892107217717
10994.849609375,11052.7001953125,10968.2001953125,11003.5,434500,14.119999885559082,15.3100004196167,14.119999885559082,14.949999809265137,0,-0.006536749886833726,48.72149986363439,10998.20119927811,-41.0798380889737,141.87055687812105,0.012893220964067892,-0.01689465993774708,0,84.5,0.05878186476155145,-0.0029178207764448683,0.005234675381877052
11000.099609375,11000.099609375,10796.5,10817.599609375,482000,14.949999809265137,16.309999465942383,13.279999732971191,16.020000457763672,0,-0.01689465993774708,41.420630322445945,10981.001047858766,-51.323521967995475,146.52265995825525,0.013544840375795788,0.002130859163064436,1,203.599609375,0.07157195064547173,-0.015041719620710214,-0.01685443568868472
10872.7998046875,10885.150390625,10804.849609375,10840.650390625,519200,16.020000457763672,16.190000534057617,13.90999984741211,15.350000381469727,0,0.002130859163064436,42.56980036279968,10967.634318598408,-56.92550801887592,141.79252576480843,0.013079706535636523,-0.012531589991591652,0,80.30078125,-0.04182272516535712,-0.021239808205491206,-0.017674438525463798
10845.2001953125,10845.2001953125,10670.25,10704.7998046875,642600,15.350000381469727,15.970000267028809,14.180000305175781,15.550000190734863,0,-0.012531589991591652,37.85635047195813,10942.602460130702,-71.50288846949115,144.1609307325007,0.013466943180887363,0.05319112930777714,2,174.9501953125,0.013029303211391063,-0.027145925870177723,-0.025312306965783793
10746.7998046875,11381.900390625,10691.0,11274.2001953125,1356800,15.550000190734863,17.049999237060547,13.829999923706055,15.399999618530273,0,0.05319112930777714,58.56480205771536,10974.183196814683,-36.68681192402619,183.21374929625065,0.016250709240769545,0.028915576657539077,2,690.900390625,-0.009646338930205611,0.042209048441928854,0.017903718676934632
11542.7001953125,11694.849609375,11471.349609375,11600.2001953125,882800,15.399999618530273,17.639999389648438,14.210000038146973,16.790000915527344,0,0.028915576657539077,65.6271746555148,11033.803863338286,17.014522257451972,200.17343963669705,0.017256033194805096,-0.0010344649056013289,1,223.5,0.09025982671613386,0.0700649663367392,0.05422821786817833
11590.7001953125,11655.0498046875,11539.2001953125,11588.2001953125,651700,16.790000915527344,18.530000686645508,15.899999618530273,16.729999542236328,0,-0.0010344649056013289,65.18673262998712,11086.603514002498,57.93705448217224,194.1503089037187,0.016754138315823515,-0.012771612287114875,0,115.849609375,-0.003573637285244402,0.08252376566987918,0.07123582067778367
11564.849609375,11564.9501953125,11416.099609375,11440.2001953125,629100,16.729999542236328,17.420000076293945,14.100000381469727,16.170000076293945,0,-0.012771612287114875,59.851591644973084,11120.279388412975,77.53234833934766,192.57532869184593,0.016833213178450462,0.01145084856589107,2,148.8505859375,-0.03347277234100432,0.014723882592489135,0.05530570427822212
11469.849609375,11610.849609375,11466.349609375,11571.2001953125,844500,16.170000076293945,17.010000228881836,13.640000343322754,16.34000015258789,0,0.01145084856589107,62.75711435483147,11163.224227165312,102.45136947144783,191.00919193260694,0.01650729299541329,-0.005081564893442914,1,144.5,0.010513300896217936,-0.0024999568552031004,0.08093569300059333
11556.349609375,11593.599609375,11499.75,11512.400390625,650000,16.34000015258789,16.81999969482422,15.930000305175781,16.110000610351562,0,-0.005081564893442914,60.63594491045336,11196.47909987576,116.11669939222156,184.06922174992073,0.015988778665117966,-0.003296462425282254,1,93.849609375,-0.014075859246543643,-0.006541119708836418,0.021127901863188248
11491.150390625,11508.25,11390.7998046875,11474.4501953125,756800,16.110000610351562,16.510000228881836,15.800000190734863,15.869999885559082,0,-0.003296462425282254,59.244132964812266,11222.952537536401,122.47252122097598,179.60717633474783,0.015652791486961203,-0.009983032105041145,0,117.4501953125,-0.014897623569192553,0.0029938287281050524,-0.010840330156613454
11515.400390625,11554.2001953125,11247.900390625,11359.900390625,1305400,15.869999885559082,18.219999313354492,14.949999809265137,16.760000228881836,0,-0.009983032105041145,55.13066021727675,11235.995190211504,116.91857930295373,188.65664978851584,0.016607245072695245,-0.004040562773145462,1,306.2998046875,0.056080677362361664,-0.018260837347978565,-0.019701058045221598
11322.25,11370.400390625,11257.349609375,11314.0,1017500,16.760000228881836,18.049999237060547,16.420000076293945,17.700000762939453,0,-0.004040562773145462,53.52689051997387,11243.42421971517,107.5732252227026,183.25623060719326,0.016197298091496663,-0.012307760296977222,0,113.05078125,0.05608594995349425,-0.01723362495162739,-0.011031292561139772
11388.4501953125,11400.2998046875,11158.349609375,11174.75,928500,17.700000762939453,17.950000762939453,16.350000381469727,17.579999923706055,0,-0.012307760296977222,48.88116190743354,11236.883817837535,87.91719880401433,187.4486566575723,0.01677430427146668,-0.0043266837625002275,1,241.9501953125,-0.006779708139033391,-0.026118915521976982,-0.03426180418804803
11196.2001953125,11233.849609375,11112.650390625,11126.400390625,733200,17.579999923706055,18.43000030517578,16.989999771118164,17.829999923706055,0,-0.0043266837625002275,47.34465256861635,11226.361586674437,67.65832381012297,182.71655394988855,0.01642189275372867,0.01679783285706482,2,121.19921875,0.014220705408700463,-0.020554757697761272,-0.03352906317559412
11152.9501953125,11321.599609375,11090.150390625,11313.2998046875,741100,17.829999923706055,18.329999923706055,16.34000015258789,17.15999984741211,0,0.01679783285706482,53.4376156742307,11234.641416961394,65.92430579072061,186.19745857846792,0.016458280235914877,-0.006960833829169011,1,231.44921875,-0.037577121657927814,-6.188751215308042e-05,-0.014044279933415282
11280.5,11293.349609375,11208.5498046875,11234.5498046875,562000,17.15999984741211,17.540000915527344,15.729999542236328,17.229999542236328,0,-0.006960833829169011,50.771766085679786,11234.632691982928,57.532419242292235,180.37978296572018,0.016055808741927385,0.006275284833450412,1,84.7998046875,0.004079236331390401,0.0053513326640417525,-0.011034479319990131
11257.7001953125,11362.900390625,11189.400390625,11305.0498046875,737800,17.229999542236328,18.280000686645508,15.779999732971191,17.139999389648438,0,0.006275284833450412,53.030811018418596,11241.339083669078,55.92587087253014,179.88836989674016,0.01591221383404712,0.003193315072573366,1,173.5,-0.005223456470052179,0.016056353159196846,-0.0007910725925843742
11335.900390625,11420.4501953125,11290.0498046875,11341.150390625,587600,17.139999389648438,17.959999084472656,17.059999465942383,17.43000030517578,0,0.003193315072573366,54.190068931782264,11250.844922426784,56.909666089266466,176.353514234473,0.015549878818312216,0.007684353972992053,1,130.400390625,0.01691954059826206,0.0024617562000752713,0.014890748394818631
11360.849609375,11462.349609375,11342.099609375,11428.2998046875,527400,17.43000030517578,17.43000030517578,16.690000534057617,16.850000381469727,0,0.007684353972992053,56.95225134178429,11267.745387403997,63.983992624867824,172.4139216998678,0.0150865767127626,0.003123841334461419,1,120.25,-0.0332759560270246,0.017245906900440255,0.02713361046371099
11464.9501953125,11481.0498046875,11411.099609375,11464.0,533500,16.850000381469727,16.950000762939453,15.5,16.360000610351562,0,0.003123841334461419,58.067656517917285,11286.436302889331,71.64527266914592,165.0950841007701,0.014401176212558452,0.010672506051552677,2,69.9501953125,-0.029080104452521294,0.014060105710157256,0.013320622445633479
11466.2998046875,11599.099609375,11439.650390625,11586.349609375,797600,16.360000610351562,16.360000610351562,15.520000457763672,15.880000114440918,0,0.010672506051552677,61.727678523197866,11314.999474935586,86.59131250959763,164.69180800428651,0.014214296439926815,0.006516288783389612,1,159.44921875,-0.02933988251852082,0.021620312781734263,0.03131409898959325
11580.2998046875,11684.7001953125,11553.150390625,11661.849609375,853400,15.880000114440918,16.149999618530273,14.989999771118164,15.930000305175781,0,0.006516288783389612,63.82594574090742,11348.032821072673,103.33716922209533,162.3245220530875,0.013919277600921407,-0.006302602285396697,1,131.5498046875,0.00314862659789239,0.020436093616629236,0.031561099760883504
11657.150390625,11714.349609375,11573.650390625,11588.349609375,867600,15.930000305175781,17.1200008392334,13.569999694824219,16.809999465942383,0,-0.006302602285396697,60.356764334909265,11370.920134244323,109.41626300855751,160.77985753143838,0.013874267082981957,0.001359123648397631,1,140.69921875,0.05524162861947235,0.010846965228105354,0.02179666173498096
11596.2001953125,11651.599609375,11554.400390625,11604.099609375,664200,16.809999465942383,16.850000381469727,14.829999923706055,16.540000915527344,0,0.001359123648397631,60.84785671452046,11393.127703304388,114.18858705198545,156.23838333276422,0.013464067751240138,-0.0018527934715960592,1,97.19921875,-0.01606178221254939,0.0015319751775517698,0.015382848515699044
11661.650390625,11679.599609375,11534.650390625,11582.599609375,700500,16.540000915527344,16.780000686645508,14.710000038146973,16.239999771118164,0,-0.0018527934715960592,59.75956797581778,11411.172646739686,114.91119321647238,155.43201443399533,0.013419441202835681,0.00011230477560042473,1,144.94921875,-0.018137915828501883,-0.0067956630084039515,0.010345395095516352
11646.150390625,11646.900390625,11490.75,11583.900390625,812000,16.239999771118164,16.239999771118164,15.199999809265137,15.319999694824219,0,0.00011230477560042473,59.80640682046456,11427.622908062096,114.27157440555311,155.48332701906708,0.01342236395134248,0.017519938181983052,2,156.150390625,-0.056650251801733886,-0.00038393894730281986,-0.0002113883002475836
11643.9501953125,11809.400390625,11627.349609375,11786.849609375,951700,15.59000015258789,16.549999237060547,15.5,16.420000076293945,0,0.017519938181983052,66.38134498676334,11461.8349748538,128.65788966018408,160.48451794627655,0.013615556596109508,0.004857107869982835,1,182.05078125,0.07180159291004129,0.015748744508566226,0.010718711369722245
11883.900390625,11883.9501953125,11784.4501953125,11844.099609375,725200,16.420000076293945,16.850000381469727,16.25,16.65999984741211,0,0.004857107869982835,67.9729125398591,11498.241130522487,143.02998406583356,156.12848095011395,0.01318196284220145,0.0028157974888274317,1,99.5,0.014616307551950536,0.022576969663040236,0.02206957924302677
11890.4501953125,11945.0,11855.099609375,11877.4501953125,1414800,16.65999984741211,16.799999237060547,15.5,16.280000686645508,0,0.0028157974888274317,68.89668308080442,11534.356279550108,155.32064626395186,152.18361735546296,0.012812818816577571,0.0011070906504571099,1,89.900390625,-0.022809073484213127,0.025341188614248944,0.023556380515439512
11886.599609375,11918.2998046875,11843.349609375,11890.599609375,855300,16.280000686645508,16.469999313354492,15.170000076293945,15.729999542236328,0,0.0011070906504571099,69.27300059452907,11568.284215723907,164.22900271175058,146.66694435239418,0.01233469708598685,0.004263888868356602,1,74.9501953125,-0.03378385265427819,0.008802182384466839,0.0265916124520702
11928.900390625,11989.150390625,11905.349609375,11941.2998046875,823100,15.729999542236328,16.360000610351562,13.5,15.930000305175781,0,0.004263888868356602,70.74283329798443,11603.809509910916,173.38138869764043,143.23007555936604,0.011994512984519638,-0.002018173043904281,1,83.80078125,0.012714607041305781,0.008206634401787927,0.030853115272965193
11974.599609375,11978.9501953125,11861.900390625,11917.2001953125,632000,15.930000305175781,16.34000015258789,13.510000228881836,15.920000076293945,0,-0.002018173043904281,69.05196854022404,11633.656241853923,176.65372923561335,141.36005621137562,0.01186185126494544,0.004099084396871566,1,117.0498046875,-0.0006277607464066914,0.0033466778935169472,0.011058984398496285
11911.5,12002.900390625,11850.25,11966.0498046875,603400,15.920000076293945,16.149999618530273,13.380000114440918,15.779999732971191,0,0.004099084396871566,70.58661118420204,11665.312771647597,181.1012158267822,142.16650866949163,0.011880822074950772,0.003844209304726398,1,152.650390625,-0.008793991372602061,0.0063453650607334655,0.010296282481107477
12021.099609375,12021.400390625,11946.849609375,12012.0498046875,563000,15.779999732971191,15.920000076293945,13.529999732971191,15.210000038146973,0,0.003844209304726398,71.994903240837,11698.335346222826,186.1913980184181,137.33681385381365,0.011433253781566928,-0.008649599006986697,0,74.55078125,-0.03612165427564895,0.005924815653001847,0.011332365715001735
11987.150390625,12034.150390625,11888.75,11908.150390625,789300,15.210000038146973,15.989999771118164,13.710000038146973,15.859999656677246,0,-0.008649599006986697,64.48481446997741,11718.317731403986,179.7693208585224,137.9127836231841,0.01158137738432994,0.0004450569159482054,1,145.400390625,0.04273501754767017,-0.0007593901704411321,0.0014760215486662176
11879.2001953125,11932.650390625,11853.9501953125,11913.4501953125,549000,15.859999656677246,16.770000457763672,15.199999809265137,16.25,0,0.0004450569159482054,64.68716639304725,11736.90177558575,173.1119021372815,133.68331302956383,0.011221208872150508,-0.006127528029514329,0,78.7001953125,0.024590186113816248,-0.0043957371257468125,-0.0023322092092578073
11908.2998046875,11946.7998046875,11823.2001953125,11840.4501953125,659000,16.25,16.670000076293945,14.470000267028809,16.459999084472656,0,-0.006127528029514329,59.64609398623722,11746.76352984544,160.09982875582864,132.96304848280928,0.01122956021853357,0.002672990768123773,1,123.599609375,0.01292302058293271,-0.014285622534468412,-0.006440271099094952
11858.75,11895.650390625,11802.650390625,11872.099609375,559500,16.459999084472656,16.459999084472656,14.09000015258789,15.649999618530273,0,0.002672990768123773,61.062854409531575,11758.700299324446,150.60542447898297,130.1085450197515,0.010959185763317647,0.001966845520657623,1,93.0,-0.04921017685271234,-0.0030274039265058006,-0.007851395978286546
11904.2001953125,11973.650390625,11879.25,11895.4501953125,580200,15.649999618530273,15.649999618530273,12.520000457763672,15.029999732971191,0,0.001966845520657623,62.1195331102714,11771.724098942357,143.31321232001392,128.06870475048353,0.0107661923380546,-0.0009205364347466549,1,94.400390625,-0.03961660707166892,-0.0015108973223459943,-0.009706886940270554
11915.150390625,11946.2001953125,11867.599609375,11884.5,514400,15.029999732971191,16.06999969482422,12.670000076293945,15.760000228881836,0,-0.0009205364347466549,61.27967854552652,11782.464660947848,135.09322183070435,124.53526769241329,0.010478797399336387,0.004678329704657314,1,78.6005859375,0.048569561469069544,0.0037202812360073167,-0.001986067512518064
11919.4501953125,11958.849609375,11881.75,11940.099609375,613900,15.760000228881836,15.760000228881836,12.609999656677246,15.40999984741211,0,0.004678329704657314,63.945150683328556,11797.477513179005,131.5488309207849,121.14700638402662,0.010146230797681597,0.004941332311304558,1,77.099609375,-0.022208145709815108,0.005727714746118107,0.002236918241617758
12004.75,12038.599609375,11966.0498046875,11999.099609375,646700,15.40999984741211,15.40999984741211,11.609999656677246,15.15999984741211,0,0.004941332311304558,66.5746671137477,11816.679617578624,131.9793072059383,119.52936307088187,0.009961527694752408,-0.002558460196964596,1,72.5498046875,-0.016223231828388585,0.00871336623336405,0.013398934284214015
12025.650390625,12028.2001953125,11956.900390625,11968.400390625,557700,15.15999984741211,15.600000381469727,12.609999656677246,14.979999542236328,0,-0.002558460196964596,63.96078507259318,11831.129215011611,128.36359673469087,116.08439461492603,0.009699240569011745,-0.004511881140131235,1,71.2998046875,-0.01187337117331888,0.007059648333964441,0.008111520659239924
11967.2998046875,11968.099609375,11883.5,11914.400390625,486800,14.979999542236328,15.880000114440918,12.239999771118164,14.869999885559082,0,-0.004511881140131235,59.53300628723545,11839.059803165268,119.76024982149647,113.85696575850274,0.009556248071710982,0.013374538722098483,2,84.599609375,-0.0073431014712049825,-0.00215234542346876,0.0015930624735807086
11922.4501953125,12084.5,11919.75,12073.75,534300,14.869999885559082,15.210000038146973,13.0,15.0,0,0.013374538722098483,66.83021423726689,11861.41125048286,124.36659643712483,117.8742974453954,0.009762857227074885,-0.0029858001604721185,1,164.75,0.008742442195118327,0.006221332687885495,0.015924102823004826
12110.2001953125,12132.4501953125,12006.349609375,12037.7001953125,1201300,15.0,15.130000114440918,13.109999656677246,14.84000015258789,0,-0.0029858001604721185,64.01771417894795,11878.200673799969,123.68250641518534,118.46188948054574,0.009840907113359991,0.005233557820665036,2,126.1005859375,-0.01066665649414067,0.005790231144153779,0.008174185235512388
12068.5,12114.900390625,12055.150390625,12100.7001953125,584200,14.84000015258789,14.84000015258789,12.359999656677246,14.619999885559082,0,0.005233557820665036,66.65846595947693,11899.39110442021,126.7626922223244,115.51462561139962,0.00954611086523299,0.004169196368656758,1,59.75,-0.014824815685089088,0.015636523751047626,0.008467350821733222
12132.099609375,12158.7998046875,12099.9501953125,12151.150390625,620500,14.619999885559082,14.619999885559082,12.890000343322754,13.989999771118164,0,0.004169196368656758,68.64309356613843,11923.368179296856,131.75587113065376,111.46712445165679,0.009173380368796787,-0.007826467690735917,0,58.849609375,-0.04309166343176252,0.00641063386478935,0.015269375525166273
12146.2001953125,12147.400390625,12017.400390625,12056.0498046875,804400,13.989999771118164,14.289999961853027,13.140000343322754,13.899999618530273,0,-0.007826467690735917,61.242730605655076,11936.004524572156,126.58004295121827,113.05875841939557,0.00937776139373921,-0.0006510929783939412,1,130.0,-0.006433177559708958,0.001524345105566427,0.01188892511736972
12137.0498046875,12137.150390625,12023.7001953125,12048.2001953125,720900,13.899999618530273,15.850000381469727,13.5,14.199999809265137,0,-0.0006510929783939412,60.661406695724274,11946.689826547426,120.45621963597841,113.08671819747447,0.009386191826516316,-0.004481997238144242,1,113.4501953125,0.021582748127196183,-0.004338591912254608,-0.0021161449166580137
12067.650390625,12068.599609375,11956.400390625,11994.2001953125,605800,14.199999809265137,16.34000015258789,12.069999694824219,14.5600004196167,0,-0.004481997238144242,56.67582351915162,11951.214623572672,109.97793960681884,113.02332537979773,0.009423164824609882,0.004085307832292884,1,112.19921875,0.025352155999091686,-0.012916488584783892,-0.0036136470666496834
11969.9501953125,12054.7001953125,11935.2998046875,12043.2001953125,747200,14.5600004196167,15.869999885559082,12.260000228881836,13.319999694824219,0,0.004085307832292884,59.28961881692804,11959.97515421456,104.42398300725472,113.47883004016931,0.00942264748570218,-0.00205923710353606,1,119.400390625,-0.08516488249010123,-0.0010658225192470283,-0.004751791141993089
12071.25,12081.2001953125,11998.75,12018.400390625,562200,13.319999694824219,15.119999885559082,12.829999923706055,14.3100004196167,0,-0.00205923710353606,57.40203851870752,11965.539462444127,96.90424361079204,111.26249898819295,0.009257679505750507,-0.008062669529681155,0,82.4501953125,0.07432438044102718,-0.0024733822649373183,-0.010924891531457037
12047.349609375,12057.0498046875,11888.849609375,11921.5,609200,14.3100004196167,14.720000267028809,11.40999984741211,13.640000343322754,0,-0.008062669529681155,50.620680033038305,11961.345227925638,82.1784423402205,115.32947729707202,0.009674074344425786,0.001342112989137334,1,168.2001953125,-0.04682040926955411,-0.006061279128967034,-0.011160355743983885
11939.099609375,11981.9501953125,11888.0498046875,11937.5,599100,13.640000343322754,15.359999656677246,12.470000267028809,14.600000381469727,0,0.001342112989137334,51.636659236905196,11959.074253837482,70.98098046338782,113.79882824906687,0.009532886136047487,-0.006760225785340301,0,93.900390625,0.07038123269673702,-0.008776753155165573,-0.009188110549123274
11950.5,11953.2001953125,11844.7001953125,11856.7998046875,650200,14.600000381469727,15.65999984741211,11.739999771118164,14.289999961853027,0,-0.006760225785340301,46.445948403638894,11949.333830108912,54.961517766145334,113.42034051699066,0.009565847647368623,0.0044995771891509495,1,108.5,-0.021232904898423888,-0.01344609770727534,-0.0114555692240903
11867.349609375,11923.2001953125,11832.2998046875,11910.150390625,997700,14.289999961853027,14.449999809265137,11.710000038146973,13.380000114440918,0,0.0044995771891509495,50.022715373325006,11945.602073967588,46.04020179305007,111.81177266756276,0.009387939614563951,0.005176207859728388,2,90.900390625,-0.06368088522332693,-0.0009520286352387997,-0.011047711781731029
11944.2998046875,12005.5,11934.0,11971.7998046875,752600,13.380000114440918,13.770000457763672,11.829999923706055,13.350000381469727,0,0.005176207859728388,53.8577682220434,11948.097095940913,43.44379408358327,110.63590386095113,0.009241376039184365,0.009597587037832866,2,71.5,-0.0022421324898803663,0.00287328206806281,-0.0038774366324033638
12026.400390625,12098.849609375,12023.599609375,12086.7001953125,597700,13.350000381469727,14.670000076293945,12.1899995803833,13.300000190734863,0,0.009597587037832866,60.016075449863905,11961.297391119158,50.08032867350266,111.80832534856177,0.009250525250218716,-0.0027095898360001147,1,75.25,-0.0037453325322945874,0.0193897505576599,0.013857332996057625
12131.349609375,12134.650390625,12046.2998046875,12053.9501953125,437700,13.300000190734863,14.109999656677246,12.5,13.420000076293945,0,-0.0027095898360001147,57.65414150772068,11970.121467709,52.09664120208981,110.13277253348592,0.009136654022041172,0.009212731336046609,2,88.3505859375,0.009022547657005164,0.01207371863252793,0.009754990183246104
12082.4501953125,12182.75,12070.349609375,12165.0,499600,13.420000076293945,13.430000305175781,11.960000038146973,12.520000457763672,0,0.009212731336046609,62.97505024802597,11988.681327927188,61.94135320152782,111.46613197305835,0.009162855073823127,0.004656834412248179,2,112.400390625,-0.06706405465079668,0.01613794069934693,0.02599353960506745
12197.0,12237.7001953125,12163.4501953125,12221.650390625,518900,12.520000457763672,12.720000267028809,11.390000343322754,12.34000015258789,0,0.004656834412248179,65.36588086152362,12010.868857707932,73.46768176146907,108.80783683212562,0.008902875909098993,0.003113311498149862,1,74.25,-0.014377020654513073,0.011165180994961554,0.02615416176820018
12223.400390625,12268.349609375,12191.150390625,12259.7001953125,623100,12.34000015258789,12.420000076293945,11.329999923706055,12.119999885559082,0,0.003113311498149862,66.9113746425405,12034.567080336938,84.69635457681943,106.55007839768807,0.008691083525715215,0.000986941701855537,1,77.19921875,-0.017828222391283455,0.01706909325708117,0.0240482129104993
12266.4501953125,12293.900390625,12252.75,12271.7998046875,810700,12.119999885559082,12.729999542236328,11.899999618530273,12.329999923706055,0,0.000986941701855537,67.40940860299212,12057.160673132228,93.49375819053603,101.87867212821035,0.008301852519570553,-0.0007374472230261553,1,41.150390625,0.017326735984311892,0.008779268778257299,0.015314321227789307
12235.4501953125,12287.150390625,12213.25,12262.75,604800,12.329999923706055,14.510000228881836,10.699999809265137,11.960000038146973,0,-0.0007374472230261553,66.60195100742854,12076.740609024397,98.59893320409537,99.88022344940961,0.008145010168959623,-0.003930618769240168,1,73.900390625,-0.030008101204259452,0.0033628526476692233,0.01732210613983609
12269.25,12283.7001953125,12202.099609375,12214.5498046875,470300,11.960000038146973,13.3100004196167,10.890000343322754,11.630000114440918,0,-0.003930618769240168,62.32019158583178,12089.865294325646,97.63004980569713,98.57453505570177,0.008070255280130952,-0.007204522590446127,0,81.6005859375,-0.027591966777048893,-0.003682829914736674,0.00407314465166464
12211.849609375,12221.5498046875,12118.849609375,12126.5498046875,520300,11.630000114440918,12.350000381469727,10.84000015258789,11.119999885559082,0,-0.007204522590446127,55.32677750421193,12093.35905721725,88.73841694592011,98.86922507404451,0.008153120769423365,0.009833794601157297,2,102.7001953125,-0.04385212586959231,-0.011836079655122678,-0.007781321089862736
12172.900390625,12258.4501953125,12157.900390625,12245.7998046875,383800,11.119999885559082,11.470000267028809,10.430000305175781,10.529999732971191,0,0.009833794601157297,61.61319013933052,12107.87722364299,90.27359442676789,101.2285940419699,0.008266393020994935,0.0008206736062803532,1,100.5498046875,-0.05305756822480645,-0.0013822507441234588,-0.0011338279406143403
12274.900390625,12286.4501953125,12213.7998046875,12255.849609375,411100,10.529999732971191,11.449999809265137,9.619999885559082,11.010000228881836,0,0.0008206736062803532,62.097262292803244,12121.969831807943,91.24930371672963,99.18729379790061,0.008093057352958068,-0.007131240742024536,0,72.650390625,0.045584093835034256,0.0033811974528648037,-0.001299743767528505
12247.099609375,12247.099609375,12151.7998046875,12168.4501953125,426900,11.010000228881836,11.789999961853027,10.4399995803833,11.670000076293945,0,-0.007131240742024536,55.53801485950855,12126.396533094092,84.00183718146582,99.53461600430056,0.008179728265037649,0.009347944740228264,2,95.2998046875,0.059945488981986816,0.003455260671819671,-0.007689939425292058
12198.5498046875,12289.900390625,12195.25,12282.2001953125,407700,11.600000381469727,11.699999809265137,10.729999542236328,11.489999771118164,0,0.009347944740228264,61.27174279482489,12141.234977114891,86.44041083980483,101.10001452631481,0.008231425389475381,-0.004522789386603554,0,94.650390625,-0.015424190574036767,0.0029724796424539512,0.005538508721708135
12261.099609375,12265.599609375,12191.349609375,12226.650390625,428800,11.489999771118164,12.9399995803833,10.6899995803833,12.699999809265137,0,-0.004522789386603554,57.38016396681013,12149.36977840157,82.93457488947206,100.3679124842566,0.00820894597274291,-0.019105853072941215,0,74.25,0.10530896973457637,-0.002382472017905979,0.008254663325491407
12170.599609375,12179.099609375,11974.2001953125,11993.0498046875,396500,12.699999809265137,15.100000381469727,12.699999809265137,14.779999732971191,0,-0.019105853072941215,44.562446392364215,12134.482161857373,60.60790938477294,111.23093268627399,0.009274616089962306,0.004994592001242859,2,204.8994140625,0.16377952401137952,-0.014414357441555503,-0.02063972986911411
12079.099609375,12152.150390625,12005.349609375,12052.9501953125,447800,14.779999732971191,14.90999984741211,14.460000038146973,14.609999656677246,0,0.004994592001242859,47.78349391409508,12126.717212662625,47.203197949354944,114.65019363279012,0.00951221002119287,-0.0022899444111396106,1,146.80078125,-0.011502035139737465,-0.01866522254599734,-0.016555311996264588
11939.099609375,12044.9501953125,11929.599609375,12025.349609375,446000,14.609999656677246,16.389999389648438,13.789999961853027,15.640000343322754,0,-0.0022899444111396106,46.44443378657375,12117.06315520666,33.961246830303935,115.27165022598368,0.009585721327895327,0.015845758122611686,2,115.3505859375,0.07049970642365921,-0.01646409890024747,-0.0117599680847299
12153.150390625,12224.0498046875,12132.5498046875,12215.900390625,477500,15.640000343322754,15.640000343322754,13.0,14.0,0,0.015845758122611686,55.67886525555083,12126.4762252465,38.400108169164014,121.2308320178777,0.009924019363395872,0.0033480474426501594,1,91.5,-0.10485935468811713,0.018581644332903435,-0.0053980397349981946
12271.0,12311.2001953125,12213.2001953125,12256.7998046875,660600,14.0,14.25,13.180000305175781,14.079999923706055,0,0.0033480474426501594,57.37763353178776,12138.887994717072,44.70287178528815,119.57148687374358,0.009755522549043721,0.0059354808073293075,2,98.0,0.005714280264718097,0.016912839269366486,0.002465876842738357
12296.7001953125,12337.75,12285.7998046875,12329.5498046875,501000,14.079999923706055,14.5,13.579999923706055,14.279999732971191,0,0.0059354808073293075,60.292986163476996,12157.046262333302,54.93491881461523,116.81282319079762,0.009474216418379464,0.0026562202609821117,1,51.9501953125,0.014204531985003932,0.025296578078307652,0.028057917333794258
12333.099609375,12374.25,12308.7001953125,12362.2998046875,616300,14.279999732971191,14.279999732971191,13.0600004196167,13.90999984741211,0,0.0026562202609821117,61.567416508252336,12176.594218747987,64.93797652915964,113.15117901199064,0.009152923064451673,-0.0015369308543056182,1,65.5498046875,-0.025910356616098973,0.011984332663260266,0.025665882988159083
12349.400390625,12355.150390625,12278.75,12343.2998046875,684400,13.90999984741211,14.460000038146973,13.59000015258789,14.119999885559082,0,-0.0015369308543056182,60.35708561714332,12192.470941218417,70.51942657298969,111.03679513166988,0.00899571402207232,0.000988406301843714,1,76.400390625,0.015097055388253011,0.007057307076755892,0.026439995978547293
12347.099609375,12389.0498046875,12315.7998046875,12355.5,395700,14.119999885559082,14.369999885559082,12.600000381469727,14.180000305175781,0,0.000988406301843714,60.88876833768872,12207.997518245234,75.06195228384604,108.3377383365506,0.008768381557731424,-0.000254978804985595,1,73.25,0.0042493215370393855,0.0021047155592521793,0.011427697092400546
12328.400390625,12385.4501953125,12321.400390625,12352.349609375,502100,14.180000305175781,14.529999732971191,12.5,14.130000114440918,0,-0.000254978804985595,60.66251775335836,12221.74533644807,77.51419109823291,105.17431450447556,0.008514518923966655,-0.010346193941151438,0,64.0498046875,-0.003526106463947909,-0.0008048822201131012,0.007795656795418715
12430.5,12430.5,12216.900390625,12224.5498046875,491600,14.130000114440918,15.5,12.470000267028809,15.40999984741211,0,-0.010346193941151438,52.19037265298509,12222.012428661348,68.35725200511115,112.91897842379873,0.009237066413725925,-0.004474618385662321,1,213.599609375,0.09058738305762826,-0.009620604042600012,-0.008516126027576454
12195.2998046875,12230.0498046875,12162.2998046875,12169.849609375,400,15.40999984741211,16.040000915527344,15.069999694824219,15.859999656677246,0,-0.004474618385662321,49.033826729213,12217.044541110268,56.04046360802022,109.69262282209881,0.009013473982258375,-0.005172555189302153,0,67.75,0.029201804913755902,-0.0150257286734653,-0.01556750753120606
12218.349609375,12225.0498046875,12087.900390625,12106.900390625,500,15.859999656677246,16.610000610351562,15.359999656677246,16.360000610351562,0,-0.005172555189302153,45.6147183829464,12206.554622016432,40.73033030707302,111.65382219641319,0.009222329299320289,0.0060667236352978104,2,137.1494140625,0.031525912011215684,-0.01987065024161172,-0.019152043440824884
12123.75,12189.0,12094.099609375,12180.349609375,867700,16.360000610351562,16.709999084472656,15.779999732971191,15.859999656677246,0,0.0060667236352978104,49.996020144634166,12204.058906526772,34.1302452529726,110.45714851274082,0.009068471107571814,0.005574584704263197,2,94.900390625,-0.030562404341106686,-0.003615691049461134,-0.014175904708429443
12174.5498046875,12272.150390625,12149.650390625,12248.25,593200,15.859999656677246,16.219999313354492,14.59000015258789,15.5600004196167,0,0.005574584704263197,53.708727188813434,12208.267582095652,33.98684515784771,111.31735219040219,0.009088429138072965,-0.010552527912150667,0,122.5,-0.01891546302362268,0.006442182372131011,-0.008427514818394766
12197.099609375,12216.599609375,12107.0,12119.0,441200,15.5600004196167,17.34000015258789,14.680000305175781,17.18000030517578,0,-0.010552527912150667,46.613861840646514,12199.765907610352,23.17663887069466,113.45539846251631,0.009361778897806445,-0.005214967844912932,0,109.599609375,0.10411310037734478,0.000999397780159228,-0.008634248816837942
12148.099609375,12163.5498046875,12024.5,12055.7998046875,478500,17.18000030517578,17.610000610351562,16.959999084472656,17.299999237060547,0,-0.005214967844912932,43.582198426256355,12186.054850189128,9.401371767560704,115.28357033572944,0.009562498731183743,0.006113256399948197,2,139.0498046875,0.0069848038273092605,-0.010225470424234495,-0.009371504854065127
12114.900390625,12169.599609375,12103.7998046875,12129.5,514400,17.299999237060547,17.299999237060547,15.649999618530273,16.5,0,0.006113256399948197,47.842293450844004,12180.66867398064,4.38086330123042,115.17758707514163,0.009495658277352045,-0.0077249841553650445,0,65.7998046875,-0.046242732505257345,-0.009695262588533038,0.0018666717859923132
12147.75,12150.2998046875,12010.599609375,12035.7998046875,538100,16.5,17.139999389648438,15.380000114440918,16.799999237060547,0,-0.0077249841553650445,43.359544857385686,12166.871638809866,-7.077167326107883,116.92920194923866,0.009715116888509482,-0.006123414854723341,0,139.7001953125,0.018181771943063474,-0.006865269024878273,-0.011867459418097748
12100.400390625,12103.5498046875,11945.849609375,11962.099609375,771300,16.799999237060547,17.59000015258789,14.899999618530273,17.3700008392334,0,-0.006123414854723341,40.171235815327,12147.36954076845,-21.852823229137357,119.84141576090019,0.010018426503235055,-0.021250384719316173,0,157.7001953125,0.033928668336807855,-0.007772208964192284,-0.023362553068805747
11627.4501953125,11749.849609375,11614.5,11707.900390625,669800,16.84000015258789,17.030000686645508,15.479999542236328,15.779999732971191,0,-0.021250384719316173,31.553183358041792,12105.515335992885,-53.45815714770288,136.1098581619073,0.011625471145184673,0.02321082268667074,2,135.349609375,-0.09153719225337587,-0.034758201852920556,-0.033921908521742705
11786.25,11986.150390625,11783.400390625,11979.650390625,560400,15.779999732971191,15.779999732971191,14.3100004196167,14.380000114440918,0,0.02321082268667074,45.110237166604485,12093.528198338801,-55.9328984554395,146.2627254360568,0.012209264934018329,0.009140500467834434,2,202.75,-0.08871987593289199,-0.0046652000676042915,-0.006316413286233558
12005.849609375,12098.150390625,11953.349609375,12089.150390625,758000,14.380000114440918,14.529999732971191,13.819999694824219,14.170000076293945,0,0.009140500467834434,49.45457110522137,12093.11126427082,-48.49934365716399,146.15830085133845,0.012090039095276917,0.004036661230167438,1,144.80078125,-0.014603618670077978,0.01062111045709968,-0.003326568232408622
12120.0,12160.599609375,12084.650390625,12137.9501953125,565100,14.170000076293945,14.239999771118164,12.649999618530273,13.779999732971191,0,0.004036661230167438,51.304312421505735,12097.381638655741,-38.22977250216536,141.14336641552856,0.011628270354086317,-0.0032625431230384194,1,75.94921875,-0.02752295986047415,0.03673159066435683,0.008487212506244513
12151.150390625,12154.7001953125,12073.9501953125,12098.349609375,473500,13.779999732971191,13.989999771118164,12.979999542236328,13.75,0,-0.0032625431230384194,49.714377570991466,12097.473826343288,-32.90716637287005,136.82955452870507,0.011309770253512593,-0.005525514763038308,1,80.75,-0.002177048878993171,0.009908404242154889,0.01139014089911261
12102.349609375,12103.5498046875,11990.75,12031.5,524700,13.75,14.600000381469727,12.970000267028809,14.210000038146973,0,-0.005525514763038308,47.062910809445555,12091.190604786785,-33.694755294385686,135.11314382576185,0.011229950033309384,0.006350030388978967,2,112.7998046875,0.03345454822887084,-0.004768771068453859,0.027639422832305582
12108.400390625,12172.2998046875,12099.0,12107.900390625,480000,14.210000038146973,14.210000038146973,11.380000114440918,13.880000114440918,0,0.006350030388978967,50.32378516967625,12092.782012961852,-27.833208270849354,135.51933388731456,0.011192636998586934,0.0077056964194832656,2,73.2998046875,-0.023223076905008022,-0.0024756902280835824,0.010705654657531927
12151.0,12231.75,12144.2998046875,12201.2001953125,411700,13.880000114440918,13.880000114440918,13.149999618530273,13.619999885559082,0,0.0077056964194832656,54.046521192725095,12103.107554138105,-15.48092110331163,134.68578213643494,0.011038732254239956,-0.0021759994314084485,1,87.4501953125,-0.018732004808222458,0.008501207954662027,0.009268625260414831
12219.5498046875,12225.650390625,12139.7998046875,12174.650390625,501200,13.619999885559082,13.670000076293945,11.800000190734863,13.369999885559082,0,-0.0021759994314084485,52.83317226042021,12109.921157613047,-7.744715621158321,131.19755383651102,0.01077628922613981,-0.005026854435148831,1,85.8505859375,-0.018355359919280834,0.011897967055229941,0.0030235908635276587
12190.150390625,12246.7001953125,12091.2001953125,12113.4501953125,622800,13.369999885559082,13.989999771118164,11.899999618530273,13.619999885559082,0,-0.005026854435148831,50.04417758698338,12110.257256441568,-6.477393964956718,132.9334428481888,0.010974036356679751,-0.00558473346026378,0,155.5,0.018698579068054055,0.000458362268308532,0.0012481525517991088
12131.7998046875,12159.599609375,12037.0,12045.7998046875,0,13.619999885559082,14.619999885559082,13.380000114440918,14.420000076293945,0,-0.00558473346026378,47.08529022705347,12104.118451512608,-10.807274039556432,132.19531188581817,0.010974390578396937,-0.004424762618648104,1,122.599609375,0.05873716574572674,-0.012736483963659784,0.0011885304980676636
12028.25,12030.75,11908.0498046875,11992.5,676900,14.420000076293945,14.819999694824219,11.380000114440918,14.510000228881836,0,-0.004424762618648104,44.83601858006083,12093.488122797122,-18.328306676614375,132.59207532254544,0.011056249766316067,0.011123651500938081,2,122.7001953125,0.006241342032712538,-0.01496144733365512,-0.009530999339435686
12090.599609375,12134.7001953125,12042.099609375,12125.900390625,513600,14.510000228881836,14.510000228881836,13.479999542236328,14.020000457763672,0,0.011123651500938081,51.12858409386887,12096.575005447396,-13.370357420159053,133.2783696075422,0.010991214286287956,-0.003715252459506435,1,92.6005859375,-0.03376979761467058,0.001027799273680019,-0.006171508005944237
12119.0,12152.0,12071.4501953125,12080.849609375,502600,14.020000457763672,14.029999732971191,10.15999984741211,13.699999809265137,0,-0.003715252459506435,49.09195304114669,12095.077348678597,-12.927350012165334,129.5120435418249,0.010720441668384048,-0.02081386879900149,0,80.5498046875,-0.02282458188660985,0.0029097117049763366,-0.007704597523574885
12012.5498046875,12012.5498046875,11813.400390625,11829.400390625,490800,13.699999809265137,17.3799991607666,12.300000190734863,17.0,0,-0.02081386879900149,39.60844467609151,12069.77478124492,-32.491571344795375,139.36469891383743,0.011781214120056864,-0.002662856861702312,1,199.1494140625,0.24087592968454752,-0.013600134198457403,-0.02344912474213312
11877.5,11883.0498046875,11779.900390625,11797.900390625,461000,17.0,17.31999969482422,15.619999885559082,16.899999618530273,0,-0.002662856861702312,38.602398402729854,12043.88198213826,-49.96221117697132,136.77789285302762,0.011593409702095454,-0.010120477938589723,0,103.1494140625,-0.005882375380572125,-0.027049537719573302,-0.020579738836937422
11738.5498046875,11783.25,11639.599609375,11678.5,567600,16.899999618530273,18.860000610351562,16.5,18.260000228881836,0,-0.010120477938589723,34.975964666059525,12009.083698125092,-72.60548196512173,138.31524202423992,0.011843579400114735,-0.003870376787472707,1,143.650390625,0.08047341071300185,-0.033304744482769544,-0.026183031061079887
11661.25,11663.849609375,11536.7001953125,11633.2998046875,608600,18.260000228881836,19.15999984741211,16.829999923706055,17.770000457763672,0,-0.003870376787472707,33.68583883345245,11973.29475589294,-93.12423697261693,138.56413935732994,0.011910991866770007,-0.03709607866493836,0,127.1494140625,-0.026834598300997325,-0.016577390185635532,-0.04062383576219619
11382.0,11384.7998046875,11175.0498046875,11201.75,809900,17.770000457763672,23.700000762939453,17.479999542236328,23.239999771118164,0,-0.03709607866493836,24.4231149268859,11899.814302950757,-142.5645652074345,161.39884368894923,0.014408359737447205,-0.006159751824491688,1,209.75,0.3078221256299778,-0.050530210536335884,-0.07276802855759412
11387.349609375,11433.0,11036.25,11132.75,680800,23.239999771118164,26.34000015258789,19.920000076293945,25.200000762939453,0,-0.006159751824491688,23.319024653161634,11826.76055981259,-185.17947120101053,178.20964056831002,0.016007692669673713,0.015319647408546855,2,396.75,0.08433739290553288,-0.04673117266772275,-0.058891437234393273
11217.5498046875,11342.25,11152.5498046875,11303.2998046875,696500,25.200000762939453,26.489999771118164,21.540000915527344,24.540000915527344,0,0.015319647408546855,31.555288441267706,11776.907154562581,-202.85179807331588,180.44466624200214,0.015963892788827153,-0.004626950146523701,1,189.7001953125,-0.02619046934247493,-0.02836684393425759,-0.04192276333596834
11351.349609375,11356.599609375,11082.150390625,11251.0,797700,24.540000915527344,26.290000915527344,22.43000030517578,24.229999542236328,0,-0.004626950146523701,30.474326845987108,11726.820758889955,-218.55800100448505,187.15927713543056,0.016634901531902103,0.0015998577904186018,1,274.44921875,-0.01263249232785757,0.004396634454437942,-0.036605728475403554
11306.0498046875,11389.5,11244.599609375,11269.0,1352500,24.229999542236328,24.229999542236328,22.1299991607666,23.25,0,0.0015998577904186018,31.346014679561662,11683.218781852816,-226.93684374537952,184.14078524182838,0.016340472556733373,-0.024806975302821943,0,144.900390625,-0.04044571030750743,0.01223866519952388,-0.03131525971166926
10942.650390625,11035.099609375,10827.400390625,10989.4501953125,1811000,23.25,27.549999237060547,23.25,25.639999389648438,0,-0.024806975302821943,25.912338409450882,11617.14558313469,-253.2155585887249,202.53070125134064,0.018429557225504257,-0.048956043335951605,0,207.69921875,0.10279567267305101,-0.02776619348314957,-0.018952378395116876
10742.0498046875,10751.5498046875,10294.4501953125,10451.4501953125,1565500,25.639999389648438,34.349998474121094,21.43000030517578,30.799999237060547,0,-0.048956043335951605,19.063443004320078,11506.126974770674,-313.8360268154065,237.70707973338773,0.022743932687924965,0.0006649981756232659,1,457.099609375,0.20124804876147318,-0.07106477688094393,-0.06119779970694572
10334.2998046875,10545.099609375,10334.0,10458.400390625,1218500,30.799999237060547,33.2400016784668,29.649999618530273,31.559999465942383,0,0.0006649981756232659,19.35996985514967,11406.343490566323,-357.1997851810065,235.80654613636005,0.0225470949025569,-0.08301938801064712,0,211.099609375,0.024675332717779996,-0.07193181377007718,-0.07474803187226076
10039.9501953125,10040.75,9508.0,9590.150390625,1343500,31.559999465942383,42.33000183105469,29.809999465942383,41.15999984741211,0,-0.08301938801064712,12.968098099270165,11233.37271914334,-456.36569518048236,286.84896359983435,0.029910788873576788,0.03806507612689369,2,532.75,0.3041825267402003,-0.1273311930822859,-0.1476179547929073
9107.599609375,10159.400390625,8555.150390625,9955.2001953125,1388000,41.15999984741211,59.47999954223633,41.15999984741211,51.470001220703125,0,0.03806507612689369,24.286581611423657,11111.642002588022,-499.7382534080698,380.9490376284176,0.03826633620163571,-0.07612100106679087,0,1604.25,0.25048594294247173,-0.04748144905503826,-0.11658530523449284
9587.7998046875,9602.2001953125,9165.099609375,9197.400390625,897700,51.470001220703125,59.869998931884766,51.470001220703125,58.880001068115234,0,-0.07612100106679087,18.8160915072461,10929.333277639163,-588.4758460867179,410.17414822192353,0.044596748081122795,-0.02504518409052825,0,437.1005859375,0.1439673532479253,-0.12057293208341602,-0.16307001468116122
9285.400390625,9403.7998046875,8915.599609375,8967.0498046875,935600,58.880001068115234,63.439998626708984,57.25,62.93000030517578,0,-0.02504518409052825,17.523946428027784,10742.449137358051,-669.668868903047,415.74743729982185,0.046363904110635255,-0.05556454027271507,0,488.2001953125,0.06878395318599462,-0.06497297336928332,-0.1420281743571583
9088.4501953125,9127.5498046875,8407.0498046875,8468.7998046875,1516600,62.93000030517578,64.58000183105469,61.150001525878906,63.959999084472656,0,-0.05556454027271507,15.107308300500478,10525.911105675143,-765.3965207517012,437.51547749269173,0.051662040381510246,-0.024247781753128472,1,720.5,0.016367372863530072,-0.14930894019839858,-0.1902394736886336
8063.2998046875,8575.4501953125,7832.5498046875,8263.4501953125,925700,63.959999084472656,73.33999633789062,63.099998474121094,72.19999694824219,0,-0.024247781753128472,14.235948781089192,10310.438638021558,-848.0555157313975,459.3286855735709,0.05558558165379012,0.058329146858465686,2,742.900390625,0.12883048751903314,-0.10154501877122635,-0.138339873857394
8284.4501953125,8883.0,8178.2001953125,8745.4501953125,1071500,72.19999694824219,72.97000122070312,65.37999725341797,67.0999984741211,0,0.058329146858465686,25.148989953536642,10161.392119668315,-864.7022438125678,476.86233693885157,0.05452690556678791,-0.12980466070471242,0,704.7998046875,-0.07063710096521358,-0.024712655132032357,-0.12151940455899846
7945.7001953125,8159.25,7583.60009765625,7610.25,653500,67.0999984741211,73.37000274658203,66.31999969482422,71.98999786376953,0,-0.12980466070471242,19.012822506440116,9918.426203509427,-958.4476760513753,525.7900341329515,0.06908971901487487,0.02507142402516349,1,575.64990234375,0.07287629658493056,-0.10137797851972963,-0.17256510788013513
7848.2998046875,8036.9501953125,7511.10009765625,7801.0498046875,738400,71.98999786376953,86.63999938964844,71.98999786376953,83.61000061035156,0,0.02507142402516349,22.43824718362663,9716.77130838353,-1005.7519741431606,525.7943243846157,0.06740045731648528,0.06624746894667499,2,525.85009765625,0.1614113500679799,-0.055957303510741796,-0.13003161858100498
7735.14990234375,8376.75,7714.75,8317.849609375,736900,83.61000061035156,84.5999984741211,75.97000122070312,77.62999725341797,0,0.06624746894667499,30.956491799541155,9583.540670382718,-990.1259899477718,535.523301214286,0.06438242170316481,0.038904356430389475,2,662.0,-0.07152258477789342,-0.048894062213822975,-0.017824272481792414
8451.0,8749.0498046875,8304.900390625,8641.4501953125,865600,77.62999725341797,79.41000366210938,70.68000030517578,71.52999877929688,0,0.038904356430389475,35.71717301999857,9493.817767995079,-940.7856309170802,528.9965949891584,0.06121618282034528,0.0021755381634551707,1,444.1494140625,-0.0785778525047226,0.13550148750862334,0.045743604797717996
8949.099609375,9038.900390625,8522.900390625,8660.25,801500,71.52999877929688,73.02999877929688,65.62999725341797,70.38999938964844,0,0.0021755381634551707,35.9932946610065,9414.430361519357,-889.907751178167,528.0682667756471,0.06097609962479687,-0.04378053643081892,0,516.0,-0.015937360675286172,0.11013904754155313,-0.009742230921189976
8385.9501953125,8576.0,8244.0,8281.099609375,593300,70.38999938964844,73.36000061035156,70.27999877929688,71.88999938964844,0,-0.04378053643081892,32.92191553535051,9306.49409941037,-870.1503808208599,520.0812477202437,0.06280340440917553,0.03823772271336057,2,332.0,0.02130984533323632,-0.00441820923987124,0.08815079785486679
8529.349609375,8678.2998046875,8358.0,8597.75,712700,71.88999938964844,71.88999938964844,63.61000061035156,64.41000366210938,0,0.03823772271336057,37.70305876012574,9238.99466137129,-819.4948557238731,511.3040296911191,0.05946951582578223,-0.04000467509668226,0,320.2998046875,-0.1040477923361357,-0.0050570441679111955,0.10212730533187697
8584.099609375,8588.099609375,8198.349609375,8253.7998046875,506300,64.41000366210938,64.41000366210938,59.779998779296875,60.04999923706055,0,-0.04000467509668226,34.80138954576266,9145.166579782357,-797.906128214423,503.3109126149678,0.06097929735697337,-0.020596574186770744,1,389.75,-0.0676914171270836,-0.046932847817614975,-0.0077002840512180315
8356.5498046875,8356.5498046875,8055.7998046875,8083.7998046875,697000,60.04999923706055,60.59000015258789,54.900001525878906,55.29999923706055,0,-0.020596574186770744,33.43186455935134,9044.084029773323,-785.4601892458868,488.8422759996129,0.06047184341652686,0.08763210467115035,2,300.75,-0.07910075038050102,-0.023825314752178306,-0.06453203779702321
8446.2998046875,8819.400390625,8360.9501953125,8792.2001953125,814200,55.29999923706055,55.29999923706055,49.939998626708984,51.79999923706055,0,0.08763210467115035,43.423254153151355,9020.095093158006,-710.24741172215,506.46786956660486,0.057604224007163154,-0.004941902407507137,1,458.4501953125,-0.06329114011369452,0.022616404909714838,0.015236303260587114
8688.900390625,9131.7001953125,8653.900390625,8748.75,896500,51.79999923706055,53.72999954223633,46.97999954223633,52.2400016784668,0,-0.004941902407507137,42.996974092706736,8994.252703333434,-646.692146772959,504.4201506466688,0.05765625382445135,0.04150883161880259,2,477.7998046875,0.008494255750711499,0.05996634362653275,0.05647201611916075
8973.0498046875,9128.349609375,8904.5498046875,9111.900390625,742100,52.2400016784668,52.2400016784668,46.900001525878906,49.75,0,0.04150883161880259,47.624807828653076,9005.457244980249,-560.5591627683461,495.50439769869246,0.05437991817914342,-0.01295567073707915,1,223.7998046875,-0.04766465540703013,0.12718036205465433,0.05980057464162125
9103.9501953125,9112.0498046875,8912.400390625,8993.849609375,644000,49.75,52.4900016784668,43.63999938964844,51.459999084472656,0,-0.01295567073707915,46.30864699404371,9004.351755874988,-496.1050733742104,474.3718988675359,0.05274403280804925,-0.007621853562688519,1,199.6494140625,0.034371840893922645,0.022935034414936162,0.08966171002441947
9196.400390625,9261.2001953125,8874.099609375,8925.2998046875,879100,51.459999084472656,51.459999084472656,44.650001525878906,49.7400016784668,0,-0.007621853562688519,45.52193017524608,8996.822998619036,-445.4215966060201,468.13823365824766,0.0524507012540223,0.007562771164790316,1,387.1005859375,-0.03342396884194354,0.020180003393341917,0.10409708557008601
8851.25,9053.75,8821.900390625,8992.7998046875,719400,49.7400016784668,49.7400016784668,42.2599983215332,46.099998474121094,0,0.007562771164790316,46.485994551943236,8996.439837292222,-395.2516749602182,451.2604747808728,0.05018019800081095,0.03046328187687486,2,231.849609375,-0.07318060075421184,-0.013070883222125573,0.022815632596940638
9323.4501953125,9324.0,9091.349609375,9266.75,684200,46.099998474121094,46.099998474121094,40.310001373291016,42.59000015258789,0,0.03046328187687486,50.32792214747783,9022.18366231201,-329.58688686567075,442.6847405331319,0.04777130499183985,-0.0005288143766692954,1,232.650390625,-0.0761387947442903,0.03034300132621004,0.05920845835119293
9390.2001953125,9390.849609375,9230.7998046875,9261.849609375,726400,42.59000015258789,44.040000915527344,40.29999923706055,43.459999084472656,0,-0.0005288143766692954,50.25841423137967,9045.008990603723,-274.77505399967777,422.4965308298725,0.045616863655636816,-0.030274667144095657,0,160.0498046875,0.020427305207039392,0.037707394939355154,0.016456415492017262
9016.9501953125,9044.400390625,8909.400390625,8981.4501953125,655100,43.459999084472656,45.959999084472656,36.220001220703125,45.20000076293945,0,-0.030274667144095657,46.316626174010274,9038.95577200456,-251.0680150811677,417.4931513955959,0.046483935479983994,0.02291941778872575,1,135.0,0.040036854926866816,-0.0012620773976402822,-0.001378654814238267
9026.75,9209.75,8946.25,9187.2998046875,734400,45.20000076293945,45.43000030517578,40.470001220703125,42.81999969482422,0,0.02291941778872575,49.451026456847934,9053.08377511722,-213.21189876944482,406.49364058162473,0.04424516987833852,0.01377995587701486,1,263.5,-0.052654889998733245,-0.008573684982599028,0.02935475622481598
9232.349609375,9343.599609375,9170.150390625,9313.900390625,666700,42.81999969482422,42.81999969482422,37.0,39.22999954223633,0,0.01377995587701486,51.33302532276783,9077.923452784627,-171.02359111402802,389.8476104507944,0.04185653637043396,-0.017124941572334906,1,173.44921875,-0.08383933157808554,0.005619912160667484,0.03570640878385012
9163.900390625,9296.900390625,9141.2998046875,9154.400390625,659400,39.22999954223633,39.95000076293945,34.97999954223633,39.119998931884766,0,-0.017124941572334906,48.86464855136928,9085.206970674188,-148.74473365050835,374.3299658427019,0.04089071374090785,0.013971358975458648,1,155.6005859375,-0.002803992139564837,0.01925637748375686,-0.012123949537324319
9259.7001953125,9377.099609375,9250.349609375,9282.2998046875,512800,39.119998931884766,40.16999816894531,35.209999084472656,38.040000915527344,0,0.013971358975458648,50.90337420321508,9103.977716770694,-119.3918894031558,363.49919819322315,0.039160467324020114,0.010622430648890235,1,126.75,-0.027607312010358154,0.010340361370544393,0.0022080033875522265
9389.7998046875,9404.400390625,9260.0,9380.900390625,614500,38.040000915527344,41.90999984741211,35.06999969482422,35.349998474121094,0,0.010622430648890235,52.476423326879214,9130.35130475682,-87.1684816200086,347.8492833669215,0.03708058596534635,0.018383013524196468,1,144.400390625,-0.07071509928140496,0.007193549124429044,0.044475022031628786
9408.599609375,9599.849609375,9392.349609375,9553.349609375,653000,35.349998474121094,35.349998474121094,31.479999542236328,33.84000015258789,0,0.018383013524196468,55.181117008918555,9170.6368575776,-47.17221611617788,338.64213589428425,0.03544747651252752,0.03208830345213909,2,207.5,-0.04271565450387893,0.04358004912681812,0.039843023790378185
9753.5,9889.0498046875,9731.5,9859.900390625,931200,33.84000015258789,34.25,32.529998779296875,33.9900016784668,0,0.03208830345213909,59.584466562502485,9236.281003582113,9.155657824045193,338.43199728129963,0.034324078730357956,-0.05744483901313502,0,157.5498046875,0.004432669184472049,0.06222602136227229,0.0586220570438547
9533.5,9533.5,9266.9501953125,9293.5,687500,33.9900016784668,43.91999816894531,33.9900016784668,43.66999816894531,0,-0.05744483901313502,49.84097780504859,9241.730431812388,7.9999078661112435,356.6118685692425,0.038372181478371174,-0.009458265521601117,1,266.5498046875,0.28478952669810975,-0.009316844544298264,0.01519483564619395
9429.400390625,9450.900390625,9190.75,9205.599609375,725200,43.66999816894531,43.869998931884766,38.150001525878906,43.61000061035156,0,-0.009458265521601117,48.51507977061217,9238.289401104066,-0.008758251826293417,349.72176300179666,0.0379901123057361,0.007093593467121684,1,260.150390625,-0.0013738850723473695,-0.03640084517149278,-0.008263059470861589
9226.7998046875,9346.900390625,9116.5,9270.900390625,722200,43.61000061035156,43.630001068115234,40.20000076293945,41.25,0,0.007093593467121684,49.588005617240235,9241.39520962987,-1.074075272981645,341.19880783202547,0.036803200709292,-0.007750119504051356,1,230.400390625,-0.054116041672133686,-0.05973691180085694,-0.011725953311467974
9234.0498046875,9277.849609375,9175.900390625,9199.0498046875,708700,41.25,41.720001220703125,39.65999984741211,39.93000030517578,0,-0.007750119504051356,48.393002999834145,9237.362313921074,-7.628155859807521,324.10955146902364,0.03523293800451752,0.0057016970693835045,1,101.94921875,-0.0319999926017992,-0.010163038178565675,-0.03708644812284634
9376.9501953125,9382.650390625,9238.2001953125,9251.5,609100,39.93000030517578,39.93000030517578,36.54999923706055,38.40999984741211,0,0.0057016970693835045,49.352517531775895,9238.708760214306,-8.492127566894851,314.07319678820056,0.03394835397375567,-0.0013294930214019507,1,144.4501953125,-0.03806662775223291,0.0049861380651679,-0.061704516934418474
9348.150390625,9439.900390625,9219.9501953125,9239.2001953125,704600,38.40999984741211,38.4900016784668,36.95000076293945,38.040000915527344,0,-0.0013294930214019507,49.12186744311408,9238.755563556992,-10.053433095190485,307.35012525422195,0.03326588002824701,-0.004616242718351149,1,219.9501953125,-0.009632880326858273,-0.003419322177655615,-0.005842772334158308
9168.849609375,9240.849609375,9043.9501953125,9196.5498046875,805500,38.040000915527344,38.810001373291016,35.2400016784668,38.209999084472656,0,-0.004616242718351149,48.27928076689608,9234.735967474182,-14.564419492342495,299.46078874052756,0.03256229728543326,0.02033371253039773,2,196.8994140625,0.004468931778493168,-0.0002717671991215864,-0.0009830760701653452
9584.2001953125,9584.5,9351.099609375,9383.5498046875,846400,38.209999084472656,39.04999923706055,33.439998626708984,38.84000015258789,0,0.02033371253039773,52.15439942781844,9248.908713875451,-3.015312886209358,305.7814606385256,0.0325869704965784,-0.025661909373274727,0,233.400390625,0.016487858759757223,0.014273339965140686,0.012150860144761522
9213.9501953125,9281.099609375,9119.75,9142.75,602600,38.84000015258789,38.84000015258789,35.79999923706055,38.18000030517578,0,-0.025661909373274727,47.245541240928446,9238.798360173028,-13.141606228144155,302.78277092773806,0.033117253663037714,-0.0006453627874545287,1,161.349609375,-0.016992786941792404,-0.010439236435360932,-0.0061201760924058934
9182.400390625,9182.400390625,9050.0,9136.849609375,575900,38.18000030517578,38.459999084472656,34.060001373291016,38.02000045776367,0,-0.0006453627874545287,47.128488290801435,9229.08895533512,-21.39623637520708,290.6126009061139,0.03180665254771476,-0.034322509703259896,0,132.400390625,-0.004190671716427952,-0.006491586147021167,-0.012392627209101281
9158.2998046875,9158.2998046875,8806.75,8823.25,773000,38.02000045776367,41.25,27.940000534057617,40.91999816894531,0,-0.034322509703259896,41.27531521762698,9190.437626255585,-52.63620049897327,294.9652583190701,0.03343045457388945,0.00632982284022332,1,351.5498046875,0.0762755832789439,-0.05971085744198912,-0.045020151800967745
8961.7001953125,9030.349609375,8855.2998046875,8879.099609375,762200,40.91999816894531,40.91999816894531,37.95000076293945,39.45000076293945,0,0.00632982284022332,42.641578379704306,9160.786386552672,-72.05687363156358,288.6891405373508,0.03251333504948388,0.021111396826158035,2,175.0498046875,-0.03592369188133193,-0.028837099409368072,-0.034518401145470334
8889.150390625,9093.7998046875,8875.349609375,9066.5498046875,622300,39.45000076293945,39.45000076293945,34.099998474121094,35.810001373291016,0,0.021111396826158035,47.09090642055828,9151.811473994085,-71.49804784292246,283.67207302129003,0.031287764268898476,0.004378754451001221,1,218.4501953125,-0.0922686772941197,-0.007694096728413702,-0.03378252437490603
9079.4501953125,9178.5498046875,9056.099609375,9106.25,631500,35.810001373291016,35.810001373291016,32.58000183105469,32.9900016784668,0,0.004378754451001221,48.0107255154169,9147.472285994649,-67.07846165489173,272.1562246135193,0.029886750815485995,-0.0073575840768702605,1,122.4501953125,-0.07874894126442344,0.03207434902105244,-0.003992234283995533
9067.900390625,9149.599609375,8968.5498046875,9039.25,675800,32.9900016784668,34.36000061035156,26.34000015258789,32.380001068115234,0,-0.0073575840768702605,46.54021764838143,9137.165401614206,-68.19612533487089,265.64862319023223,0.029388347837512208,-0.0011284338094974533,1,181.0498046875,-0.01849046921236508,0.01803678274494236,-0.010681976123898984
9099.75,9161.650390625,8996.650390625,9029.0498046875,655000,32.380001068115234,33.209999084472656,30.969999313354492,31.469999313354492,0,-0.0011284338094974533,46.30767616457265,9126.868678097377,-69.10831473488179,258.4594358195014,0.028625319541965556,0.03166450477176164,2,165.0,-0.028103821023552245,-0.004136082722516088,0.02332471648060519
9082.2001953125,9334.0,9004.25,9314.9501953125,763500,31.469999313354492,32.02000045776367,28.860000610351562,31.270000457763672,0,0.03166450477176164,53.34434714289713,9144.781203546436,-46.22856512965154,263.5516189752513,0.028293400764276402,0.018803043536468778,2,329.75,-0.0063552227503846925,0.022918346774193576,0.04908725040963691
9364.9501953125,9511.25,9336.5,9490.099609375,837900,31.270000457763672,31.270000457763672,29.200000762939453,30.020000457763672,0,0.018803043536468778,57.057328164476395,9177.668670768204,-13.803981096296411,258.74791795469764,0.027265037102359592,0.009504662651105722,1,174.75,-0.03997441578833272,0.04987688241557642,0.04671565411448131
9422.2001953125,9598.849609375,9376.900390625,9580.2998046875,967000,30.020000457763672,30.56999969482422,27.40999984741211,30.219999313354492,0,0.009504662651105722,58.87256603993135,9216.014493046232,18.952662784922722,256.1194394400764,0.026733969151441474,0.025662097319460564,2,221.94921875,0.006662186960063821,0.06105293601479689,0.052057631262868886
9726.849609375,9931.599609375,9706.9501953125,9826.150390625,794200,30.219999313354492,32.16999816894531,28.829999923706055,30.739999771118164,0,0.025662097319460564,63.41227807427562,9274.122673768019,64.01272780613363,262.9180369577495,0.026756972619571967,0.015565527970742954,2,224.6494140625,0.017207163123060587,0.0548795414461527,0.08705372576541204
9880.849609375,9995.599609375,9824.0498046875,9979.099609375,770200,30.739999771118164,30.920000076293945,27.899999618530273,30.1200008392334,0,0.015565527970742954,65.93173753499491,9341.263334302017,110.78778505573064,256.3917346527317,0.025692872572577692,0.008262288035990828,1,171.5498046875,-0.0201691261060869,0.05152738328657058,0.10522146020218814
10108.2998046875,10176.2001953125,10035.5498046875,10061.5498046875,794700,30.1200008392334,30.399999618530273,29.34000015258789,30.040000915527344,0,0.008262288035990828,67.24130450665453,9409.8620457673,152.7495943781414,252.15665260164374,0.02506141275414334,-0.003225168681009971,1,140.650390625,-0.0026560398896752213,0.05023329225715156,0.08015068183088148
10054.25,10123.849609375,9944.25,10029.099609375,775100,30.040000915527344,30.270000457763672,28.450000762939453,29.690000534057617,0,-0.003225168681009971,66.16333756272259,9468.837051825176,181.29630012572125,246.97400665688346,0.024625740722129946,0.011272276241460544,1,179.599609375,-0.011651144167869054,0.020653990696461566,0.05679603188437943
10093.7998046875,10177.7998046875,10040.75,10142.150390625,987100,29.690000534057617,29.690000534057617,25.920000076293945,28.68000030517578,0,0.011272276241460544,68.08303104506415,9532.962131710874,210.61419401484272,239.9544487037132,0.023659129421460517,0.002494520758722585,1,137.0498046875,-0.03401819503921055,0.01633922774924712,0.05864645130026047
10326.75,10328.5,10120.25,10167.4501953125,936500,28.68000030517578,30.149999618530273,27.799999237060547,29.649999618530273,0,0.002494520758722585,68.51355398626802,9593.3895663396,233.20211018207738,237.68984522487656,0.023377527370083282,-0.011881032349997822,0,208.25,0.03382145408064874,0.010525256315449871,0.0347338266889472
10181.150390625,10291.150390625,10021.4501953125,10046.650390625,754200,29.649999618530273,30.34000015258789,27.239999771118164,30.209999084472656,0,-0.011881032349997822,64.06968742506427,9636.55726389059,238.6051699370928,239.97629880256395,0.023886199825018006,0.006917728526201428,1,269.7001953125,0.018886997407999928,0.0017499857348703962,0.006769226071913215
10072.599609375,10148.75,10036.849609375,10116.150390625,632400,30.209999084472656,30.209999084472656,28.729999542236328,29.440000534057617,0,0.006917728526201428,65.45784017768112,9682.23279977006,245.66334872023253,230.82801964702367,0.02281777264412165,-0.021169158460066062,0,111.900390625,-0.025488201713015024,-0.0025635589099559652,0.005426657622075615
10094.099609375,10112.0498046875,9885.0498046875,9902.0,715500,29.440000534057617,30.420000076293945,28.389999389648438,29.65999984741211,0,-0.021169158460066062,58.01960689424814,9703.163009315767,231.31045650650412,230.84748866777198,0.02331321840716744,0.00716020911179549,1,227.0,0.007472802627839226,-0.026107843187162194,-0.012673082761705756
9544.9501953125,9996.0498046875,9544.349609375,9972.900390625,796300,29.65999984741211,32.880001068115234,29.65999984741211,30.81999969482422,0,0.00716020911179549,59.65424063066892,9728.852283726172,223.08516805265572,246.6226819995383,0.024729283592501868,-0.015963279394844432,0,451.7001953125,0.03910990739648712,-0.007340755090753381,-0.01668778251961711
9919.349609375,9943.349609375,9726.349609375,9813.7001953125,716100,30.81999969482422,33.779998779296875,29.920000076293945,32.58000183105469,0,-0.015963279394844432,54.52072130409454,9736.933037210585,201.39884193935177,246.61754623171413,0.025129924628175482,0.010220386061458031,1,217.0,0.057105845349052275,-0.02989775592826216,-0.034792400572868254
10014.7998046875,10046.150390625,9728.5,9914.0,899900,32.58000183105469,35.310001373291016,30.40999984741211,32.970001220703125,0,0.010220386061458031,57.02962612791708,9753.796557476242,190.11411111979214,251.69132083123455,0.025387464275896162,-0.0033134566648174157,1,317.650390625,0.01197051466328336,0.0012118763886084238,-0.013203444478249393
9876.7001953125,10003.599609375,9833.7998046875,9881.150390625,685400,32.970001220703125,34.02000045776367,29.049999237060547,33.349998474121094,0,-0.0033134566648174157,55.941155149520355,9765.9254939666,176.48577356321584,245.84192682096779,0.02487988919328834,0.021303187551898528,2,169.7998046875,0.011525545627804057,-0.009199931454870414,-0.023230180545534718
9863.25,10111.2001953125,9845.0498046875,10091.650390625,622900,33.349998474121094,33.41999816894531,31.219999313354492,31.459999084472656,0,0.021303187551898528,61.068828757040585,9796.946912695972,180.58909002386645,247.29253137839868,0.024504666908410733,0.015136275444292302,2,266.150390625,-0.05667164845944561,0.02832267032625091,0.01915273587406574
10119.0,10272.400390625,10072.650390625,10244.400390625,892100,31.459999084472656,31.90999984741211,29.68000030517578,29.969999313354492,0,0.015136275444292302,64.31442003882866,9839.561529641593,193.93112896000093,243.89663627994165,0.02380780006442737,0.006520616350433883,1,199.75,-0.047361723282870805,0.033326648237341105,0.02722377536781817
10318.75,10393.650390625,10277.599609375,10311.2001953125,685400,29.969999313354492,30.979999542236328,29.969999313354492,30.459999084472656,0,0.006520616350433883,65.66258373744847,9884.479497800727,207.50301136127746,237.13616225994582,0.022997920491132407,0.015497691991291696,2,116.05078125,0.016349675753907,0.04352224059817167,0.050694436359246975
10347.9501953125,10484.7001953125,10301.75,10471.0,669200,30.459999084472656,31.149999618530273,29.239999771118164,29.34000015258789,0,0.015497691991291696,68.70814227583917,9940.338593248276,228.5191086437717,233.265736049414,0.02227731220030694,-0.015824677233549855,0,182.9501953125,-0.03676949985384925,0.03759044305849213,0.05618317530764583
10529.25,10553.150390625,10281.9501953125,10305.2998046875,854800,29.34000015258789,30.530000686645508,27.790000915527344,29.579999923706055,0,-0.015824677233549855,62.516245786156674,9975.096803861536,229.16225636274794,235.97534028249154,0.022898444951126515,-0.001591357298992957,1,271.2001953125,0.008179951256646278,0.005944653834325964,0.04292510459763088
10235.5498046875,10361.7998046875,10194.5,10288.900390625,994200,29.579999923706055,31.290000915527344,29.059999465942383,29.729999542236328,0,-0.001591357298992957,61.92147887974393,10004.98285974377,225.74639597390888,231.06994488284928,0.022458176880922543,0.00914574014738645,1,167.2998046875,0.005070981031682242,-0.0021626778905561306,0.019545861416606636
10378.900390625,10409.849609375,10311.25,10383.0,671900,29.729999542236328,30.06999969482422,28.31999969482422,28.739999771118164,0,0.00914574014738645,64.03578866387625,10040.984492149126,228.00406512397603,223.20417873050292,0.021497079719782618,-0.006799538608783573,1,98.599609375,-0.03329969008952416,-0.008404163881195692,0.013529304214020987
10311.9501953125,10337.9501953125,10223.599609375,10312.400390625,574500,28.739999771118164,30.450000762939453,27.979999542236328,28.90999984741211,0,-0.006799538608783573,61.28630498855555,10066.833625337304,221.54267963472557,218.64676529439558,0.02120231536909363,-0.0009988732845714887,1,114.3505859375,0.0059151036063953555,0.0006890227428677509,0.00011639724666046014
10382.599609375,10401.0498046875,10267.349609375,10302.099609375,556200,28.90999984741211,29.6299991607666,28.40999984741211,29.1200008392334,0,-0.0009988732845714887,60.8756054394434,10089.23990953137,213.13392293078505,212.57915315283162,0.020634546472389253,0.012419817334717198,2,133.7001953125,0.0072639568637038465,0.0012828599995027279,-0.016130301845573514
10323.7998046875,10447.0498046875,10299.599609375,10430.0498046875,573600,29.1200008392334,29.15999984741211,27.940000534057617,28.1200008392334,0,0.012419817334717198,64.09429926459967,10121.697994784336,214.3238422568338,207.9270847356651,0.019935387522523426,0.011663452514898642,2,147.4501953125,-0.034340658350967446,0.004531426821487106,0.012105421711579467
10493.0498046875,10598.2001953125,10485.5498046875,10551.7001953125,597400,28.1200008392334,28.1200008392334,26.31999969482422,26.510000228881836,0,0.011663452514898642,66.88381949844074,10162.650585310828,222.51798294953005,205.08589229918903,0.019436288797353873,0.005273976044848361,1,112.650390625,-0.0572546430405958,0.023205053685177557,0.025542069094862452
10614.9501953125,10631.2998046875,10562.650390625,10607.349609375,525200,26.510000228881836,26.780000686645508,25.6299991607666,25.770000457763672,0,0.005273976044848361,68.10456845881149,10205.00287331694,230.84134577700206,196.12258637603267,0.018489311053035848,0.014735139974255018,2,68.6494140625,-0.027913985844178035,0.029629882409816677,0.021607397609072487
10723.849609375,10811.400390625,10695.099609375,10763.650390625,571200,25.770000457763672,26.18000030517578,24.540000915527344,25.200000762939453,0,0.014735139974255018,71.30413189899177,10258.20739877485,247.2002667725792,196.68888600988748,0.01827343687985267,0.003344590235981215,1,116.30078125,-0.022118730488904448,0.031984563083061524,0.04375799842006045
10802.849609375,10813.7998046875,10689.7001953125,10799.650390625,636800,25.200000762939453,25.649999618530273,24.239999771118164,25.100000381469727,0,0.003344590235981215,72.00081248370658,10309.773397998673,260.07178303096407,191.5039376788241,0.017732420101771583,-0.00869476207364206,1,124.099609375,-0.003968268985800716,0.023498601241783712,0.04829605615511867
10818.650390625,10847.849609375,10676.5498046875,10705.75,767900,25.100000381469727,26.360000610351562,25.030000686645508,26.100000381469727,0,-0.00869476207364206,67.40407130724503,10347.485455332133,259.7018938612546,190.06078532230094,0.01775314997289316,0.010060032721901813,2,171.2998046875,0.039840636844701294,0.009276623685338992,0.02643325779600736
10755.5498046875,10836.849609375,10733.0,10813.4501953125,618700,26.100000381469727,27.65999984741211,24.739999771118164,24.90999984741211,0,0.010060032721901813,69.78664012143369,10391.863049615977,265.04399748414653,185.8492727546366,0.017186861676692238,-0.004198511095439339,1,103.849609375,-0.04559388952739185,0.004626665014210607,0.024806428836585015
10764.099609375,10819.400390625,10713.0,10768.0498046875,590700,24.90999984741211,25.479999542236328,23.489999771118164,24.940000534057617,0,-0.004198511095439339,67.54531375913626,10427.69035962279,262.5872783071045,180.1743526025197,0.016732310480592965,0.003217889149241815,1,106.400390625,0.0012043631806213373,-0.0029260749000663555,0.015149891464920628
10851.849609375,10894.0498046875,10756.0498046875,10802.7001953125,554100,24.940000534057617,25.90999984741211,22.809999465942383,25.25,0,0.003217889149241815,68.3800087059969,10463.405582069428,260.434184434127,177.16189884519687,0.016399779281301433,-0.01808349601540049,0,138.0,0.012429809915964318,0.009055899429045056,0.003627933207632994
10750.849609375,10755.650390625,10562.900390625,10607.349609375,532400,25.25,27.270000457763672,25.25,26.639999389648438,0,-0.01808349601540049,59.14458867922463,10477.114537050913,240.19585406644728,181.63603497678994,0.01712360218769976,0.0010229309240368245,1,192.75,0.05504948077815586,-0.01905965091759909,-0.017806204302403428
10701.0,10827.4501953125,10577.75,10618.2001953125,715900,26.639999389648438,26.639999389648438,23.739999771118164,26.290000915527344,0,0.0010229309240368245,59.472009076782115,10490.55126640916,222.46791144215604,186.49776071505494,0.017563971038838208,0.011466161662100571,2,249.7001953125,-0.013138081161409243,-0.013916132641749845,-0.008177830108820006
10706.2001953125,10755.2998046875,10595.2001953125,10739.9501953125,694400,26.290000915527344,26.600000381469727,25.25,25.360000610351562,0,0.011466161662100571,63.05023897739558,10514.303545352335,215.75550156338068,184.61217847647958,0.017189295585100052,0.01506059125586967,2,160.099609375,-0.03537467754999224,-0.0058087328969129715,-0.006797090537473571
10752.0,10933.4501953125,10749.650390625,10901.7001953125,676900,25.360000610351562,25.5,23.770000457763672,24.15999984741211,0,0.01506059125586967,67.19426895294964,10551.19846439616,220.94087272316574,185.24702287101675,0.01699248920371788,0.011053321760931656,2,183.7998046875,-0.047318640932904055,0.027749682698998246,0.0124117545005058
10999.4501953125,11037.900390625,10953.0,11022.2001953125,554300,24.15999984741211,25.1200008392334,24.15999984741211,24.709999084472656,0,0.011053321760931656,69.90240506418853,10596.055772102478,232.09817636432672,181.74367804540842,0.016488874709670035,0.012706156865764484,2,84.900390625,0.022764869227408502,0.03804787935514242,0.020318993958125864
11126.099609375,11179.5498046875,11113.25,11162.25,772000,24.709999084472656,24.709999084472656,23.729999542236328,24.43000030517578,0,0.012706156865764484,72.72098053356213,10649.979031902243,249.36672430481485,180.00124456895065,0.01612589259055752,-0.0026563094918139463,1,66.2998046875,-0.011331395777866349,0.03932046210715345,0.052312821869712645
11231.2001953125,11238.099609375,11056.5498046875,11132.599609375,765100,24.43000030517578,25.799999237060547,23.729999542236328,24.889999389648438,0,-0.0026563094918139463,71.20073085045956,10695.94289642346,257.6891540738052,180.1118560059899,0.01617877785295663,0.007442159858846331,1,181.5498046875,0.01882927051684069,0.021180128780442953,0.04844506645199487
11135.0,11239.7998046875,11103.150390625,11215.4501953125,621600,24.889999389648438,24.940000534057617,24.010000228881836,24.639999389648438,0,0.007442159858846331,72.90520682493376,10745.41978203194,267.8821112716032,177.00739586716918,0.015782460158500766,-0.0018991484351116306,1,136.6494140625,-0.010044194701907982,0.017532797134476308,0.044273948328692914
11149.9501953125,11225.400390625,11090.2998046875,11194.150390625,678900,24.639999389648438,25.299999237060547,22.739999771118164,24.540000915527344,0,-0.0018991484351116306,71.72983847881423,10788.156030469374,271.1161290865821,174.01405230076423,0.015545087945798855,-0.005569925698846956,1,135.1005859375,-0.004058379732067019,0.002857881755470526,0.026826108778724933
11225.0,11225.0,11087.849609375,11131.7998046875,588100,24.540000915527344,25.719999313354492,23.290000915527344,25.020000457763672,0,-0.005569925698846956,68.26059245746103,10820.884008966339,265.58642531599435,171.38093360963822,0.015395617655419141,0.0151592736988444,2,137.150390625,0.019559882816981178,-7.184347911215472e-05,0.009943532818575518
11154.099609375,11317.75,11151.400390625,11300.5498046875,683900,25.020000457763672,25.219999313354492,23.549999237060547,23.639999389648438,0,0.0151592736988444,72.18205614658864,10866.566465701688,271.6889488539564,172.42159515984264,0.015257805871385272,-0.008645614328603224,0,166.349609375,-0.05515591698108946,0.007587712298037452,0.012389957641828486
11276.900390625,11341.400390625,11149.75,11202.849609375,600700,23.639999389648438,24.5,23.639999389648438,24.110000610351562,0,-0.008645614328603224,67.01925594971817,10898.593431765812,265.58021013251346,173.79508055021103,0.015513470823063825,-0.008988714680747911,0,191.650390625,0.019881608834090292,0.0007771218401073643,0.006310296109171221
11254.2998046875,11299.9501953125,11084.9501953125,11102.150390625,677800,24.110000610351562,25.139999389648438,22.09000015258789,24.729999542236328,0,-0.008988714680747911,62.08987684299508,10917.97980880002,249.7346200643442,176.7382890823388,0.015919284360584963,-0.002585102372305803,1,215.0,0.02571542580627595,-0.0026634878979781007,-0.01010211830238017
11139.5,11150.400390625,11026.650390625,11073.4501953125,642600,24.729999542236328,25.3700008392334,23.969999313354492,24.190000534057617,0,-0.002585102372305803,60.71911660929266,10932.786512277398,232.1845311248744,172.95341129074316,0.015618746482822132,-0.016422215545293994,0,123.75,-0.021835787229047332,-0.020096332771419534,-0.010782434673522467
11057.5498046875,11058.0498046875,10882.25,10891.599609375,680900,24.190000534057617,25.690000534057617,23.260000228881836,25.190000534057617,0,-0.016422215545293994,52.76962679773976,10928.863950096218,201.2818844322719,174.25675300658295,0.01599918829706066,0.018697932161379383,2,175.7998046875,0.04133939553213639,-0.027783109731253863,-0.02157784001930707
10946.650390625,11112.25,10908.099609375,11095.25,625700,25.190000534057617,25.190000534057617,23.559999465942383,23.81999969482422,0,0.018697932161379383,59.21014997200107,10944.710240563247,191.02221366106096,177.57058426504133,0.01600419857732285,0.0005768586219327965,1,204.150390625,-0.05438669353663239,-0.0006215364035085935,-0.018167240376423144
11155.75,11225.650390625,11064.0498046875,11101.650390625,667600,23.81999969482422,23.93000030517578,21.829999923706055,23.56999969482422,0,0.0005768586219327965,59.39754496395302,10959.65692152151,181.31769121312027,176.42987009878837,0.015892219975489223,0.008872554668374333,2,161.6005859375,-0.010495382166370137,0.0025466494015060626,-0.009033346182324209
11185.7001953125,11256.7998046875,11127.2998046875,11200.150390625,600400,23.56999969482422,23.709999084472656,22.530000686645508,23.149999618530273,0,0.008872554668374333,62.27033111896644,10982.561061436129,179.50568426714926,174.90983752476777,0.015616740081559503,0.0012410024488720417,1,129.5,-0.01781926524106714,0.028329243849949615,0.008827118760952324
11186.650390625,11231.900390625,11142.0498046875,11214.0498046875,452600,23.149999618530273,23.309999465942383,21.760000228881836,22.579999923706055,0,0.0012410024488720417,62.67169128146149,11004.607608412449,177.14915704931263,168.83417669710576,0.015055593620293416,0.005002705259437024,1,89.8505859375,-0.024622017460767753,0.010707267045582558,0.012697001105808736
11270.25,11337.2998046875,11238.0,11270.150390625,492000,22.579999923706055,23.020000457763672,21.450000762939453,22.510000228881836,0,0.005002705259437024,64.32142684203643,11029.897397194596,177.75934164517457,165.57816407588393,0.014691743972965883,0.004644978776729314,1,99.2998046875,-0.003100075069120245,0.015177923468234322,0.03475621532434592
11322.25,11373.599609375,11299.150390625,11322.5,586100,22.510000228881836,22.510000228881836,20.219999313354492,21.360000610351562,0,0.004644978776729314,65.8386242981647,11057.764311747493,180.38769623144435,161.14038226689223,0.014231873019818259,-0.0012452735151247118,1,74.44921875,-0.051088387687119874,0.010923925582053906,0.02048173768053907
11289.0,11322.0,11242.650390625,11308.400390625,609900,21.360000610351562,21.920000076293945,16.850000381469727,20.850000381469727,0,-0.0012452735151247118,65.03644811863414,11081.634414497732,179.26649299440578,155.33389848889993,0.013736151278979859,-0.0007030344733010008,1,79.349609375,-0.023876414527566947,0.00841360503839228,0.018623357133872087
11334.849609375,11359.2998046875,11269.9501953125,11300.4501953125,562400,20.850000381469727,21.190000534057617,19.459999084472656,20.56999969482422,0,-0.0007030344733010008,64.5588089606995,11102.474012670566,175.71093079806997,150.6207349807642,0.013328737561556855,-0.010800437378868932,0,89.349609375,-0.013429289281661427,0.002688500475797051,0.008955219455933028
11353.2998046875,11366.25,11111.4501953125,11178.400390625,645100,20.56999969482422,22.969999313354492,16.34000015258789,21.670000076293945,0,-0.010800437378868932,57.568849836956026,11109.705096285274,161.1866633951213,158.0620971026739,0.014139956664572151,0.0061457110453491115,1,254.7998046875,0.053475955167199496,-0.012726836774122341,-0.003178995517533645
11248.900390625,11267.099609375,11144.5,11247.099609375,634000,21.670000076293945,22.8799991607666,19.559999465942383,21.309999465942383,0,0.0061457110453491115,60.18218969726684,11122.790288008106,153.45064611765338,155.5290622649829,0.013828370661476309,0.012292057935075373,2,122.599609375,-0.01661285690281966,-0.0054208180761640135,-0.002045294911873996
11259.7998046875,11401.7001953125,11253.150390625,11385.349609375,579200,21.309999465942383,21.309999465942383,18.25,20.43000030517578,0,0.012292057935075373,64.87111656891952,11147.795937662095,156.66942863681652,155.46274252730558,0.013654630543737842,0.002024600213507588,1,148.5498046875,-0.041295128241228496,0.007512923166345775,0.005550859737248892
11452.150390625,11460.349609375,11394.099609375,11408.400390625,626200,20.43000030517578,20.43000030517578,17.84000015258789,19.959999084472656,0,0.002024600213507588,65.5985250203087,11172.615409372847,159.2446689593853,149.71540377535516,0.013123259935580953,-0.008432399987605033,0,66.25,-0.023005443645737644,0.02057539468642533,0.00884298367105063
11317.4501953125,11361.4501953125,11289.7998046875,11312.2001953125,791600,19.959999084472656,21.079999923706055,17.65999984741211,20.6200008392334,0,-0.008432399987605033,60.01334920458534,11185.909198509957,151.77346367197606,147.49291678693695,0.013038393437207238,0.005250916093857194,1,71.650390625,0.03306622169507878,0.00578821102315441,0.0010397815836464819
11409.650390625,11418.5,11362.2001953125,11371.599609375,668700,20.6200008392334,20.6200008392334,14.890000343322754,19.940000534057617,0,0.005250916093857194,62.1559033591734,11203.593999544722,148.9287579313077,144.55055163697716,0.01271154073326733,0.008341006471886514,2,56.2998046875,-0.03297770501938846,-0.0012076923829091868,0.017283261647349057
11412.0,11497.25,11410.650390625,11466.4501953125,532900,19.940000534057617,20.06999969482422,17.889999389648438,19.229999542236328,0,0.008341006471886514,65.34875111224852,11228.627922951178,152.56923455763535,143.20054013612165,0.012488654962689518,0.0005058064691958464,1,86.599609375,-0.03560686924800249,0.005088338653962632,0.01950285794167428
11513.099609375,11525.900390625,11423.349609375,11472.25,638200,19.229999542236328,19.809999465942383,15.420000076293945,19.31999969482422,0,0.0005058064691958464,65.54019912596371,11251.830025527257,154.14544158116587,140.2969859299701,0.012229247613150872,0.0067423225064831005,2,102.55078125,0.00468019525378649,0.014148423995698156,0.007632650169428601
11512.849609375,11561.75,11461.849609375,11549.599609375,743400,19.31999969482422,19.59000015258789,17.219999313354492,19.299999237060547,0,0.0067423225064831005,68.07364024765552,11280.189033512757,159.79405761434646,137.41151483675796,0.01189751328913764,0.0008355606212675504,1,99.900390625,-0.0010352203974945962,0.01565303089402237,0.012376776227632336
11609.2998046875,11617.349609375,11540.599609375,11559.25,719800,19.299999237060547,19.469999313354492,17.450000762939453,18.899999618530273,0,0.0008355606212675504,68.38592443245136,11306.766268416304,163.16842831567737,133.07854949127525,0.011512732183426714,0.007643195654994939,2,76.75,-0.020725369655050563,0.008093159007958484,0.02183923555294509
11602.9501953125,11686.0498046875,11589.400390625,11647.599609375,807000,18.899999618530273,18.899999618530273,16.65999984741211,18.350000381469727,0,0.007643195654994939,71.16654480223103,11339.226586602847,171.00052886298,132.63006771957703,0.011386901350285498,-0.022330747801946216,0,96.6494140625,-0.029100489320714407,0.015284674704177492,0.024270991723315705
11777.5498046875,11794.25,11325.849609375,11387.5,1371800,18.350000381469727,23.8700008392334,16.399999618530273,22.84000015258789,0,-0.022330747801946216,55.64857198546788,11343.824054545432,154.43937921214456,156.6136622128215,0.013753120721213744,0.007266739846322645,2,468.400390625,0.24468663094155985,-0.014035084752498372,-0.006885321434943692
11464.2998046875,11553.5498046875,11366.900390625,11470.25,783800,22.84000015258789,23.239999771118164,21.110000610351562,21.799999237060547,0,0.007266739846322645,58.731680930905625,11355.8646207792,146.30526618984004,158.75907305922712,0.013840942704755966,0.005645038251127943,1,186.6494140625,-0.04553419039314266,-0.007699461470251134,-0.00017433371832031863
11478.5498046875,11554.75,11430.400390625,11535.0,593500,21.799999237060547,22.5,19.850000381469727,21.110000610351562,0,0.005645038251127943,61.015340995020786,11372.925133085944,143.43033130125514,156.30125422463948,0.013550173751594233,-0.0006545127600779965,1,124.349609375,-0.03165131425949641,-0.009667194370621246,-0.0012640792641114285
11566.2001953125,11584.9501953125,11507.650390625,11527.4501953125,607100,21.110000610351562,21.110000610351562,18.15999984741211,20.5,0,-0.0006545127600779965,60.594297406073814,11387.641805678948,138.94109212514195,150.65829354341525,0.013069524568813896,-0.016794744948559814,0,77.2998046875,-0.028896285775209307,0.012289808589462048,-0.0027510266399204397
11354.400390625,11452.0498046875,11303.650390625,11333.849609375,681300,20.5,22.649999618530273,19.860000610351562,22.149999618530273,0,-0.016794744948559814,50.89540343631683,11382.518739364286,118.39658628986763,155.88268719656415,0.013753728218488354,0.0018705202595032944,1,148.3994140625,0.08048778626976949,-0.011891666757481323,-0.026936880603920077
11359.599609375,11381.150390625,11251.7001953125,11355.0498046875,560300,22.149999618530273,23.25,17.25,22.010000228881836,0,0.0018705202595032944,51.805126448206686,11379.90265034745,102.64239830949737,153.99465206198815,0.013561776893168476,-0.0033201259317187093,1,129.4501953125,-0.006320514314199666,-0.015600363702860887,-0.0028496329582875513
11378.5498046875,11437.25,11290.4501953125,11317.349609375,572200,22.010000228881836,23.06999969482422,17.56999969482422,22.719999313354492,0,-0.0033201259317187093,50.03009211675029,11373.945217873883,86.12223660980999,153.48073439238186,0.013561543973621032,-0.003476927967516641,1,146.7998046875,0.032258022584706,-0.01822611092459414,-0.013330170713367173
11218.599609375,11298.150390625,11185.150390625,11278.0,728900,22.719999313354492,23.270000457763672,20.200000762939453,22.229999542236328,0,-0.003476927967516641,48.17470477318681,11364.80757807637,69.0586398110845,151.96062613221173,0.013474075734368835,0.015184429863450921,2,113.0,-0.021566891986222414,-0.0049276822350636795,-0.022280017338534908
11363.2998046875,11464.0498046875,11327.400390625,11449.25,679400,22.229999542236328,22.229999542236328,17.700000762939453,21.260000228881836,0,0.015184429863450921,55.84870144717288,11372.849713497668,68.5637005549761,154.3955674575895,0.013485212346449723,0.0013276149365679668,1,136.6494140625,-0.04363469785554974,0.00829588570132156,-0.006783824175124131
11447.7998046875,11493.5,11419.900390625,11464.4501953125,554800,21.260000228881836,21.350000381469727,18.170000076293945,20.709999084472656,0,0.0013276149365679668,56.46490275025851,11381.573568908603,68.6071261136658,148.6244275945474,0.01296393852845345,-0.0021283524468515003,1,73.599609375,-0.025870232290120088,0.012997794626371295,0.01152305619349936
11540.150390625,11568.900390625,11383.5498046875,11440.0498046875,642300,20.709999084472656,21.739999771118164,17.530000686645508,21.190000534057617,0,-0.0021283524468515003,55.13464437255481,11387.142734220879,65.91283148883667,151.24772461904402,0.013220897391292043,0.007145947910690342,2,185.3505859375,0.023177280096783992,0.014368665072486353,0.007485656290552756
11487.2001953125,11535.9501953125,11442.25,11521.7998046875,506700,21.190000534057617,21.190000534057617,18.899999618530273,20.600000381469727,0,0.007145947910690342,58.64954742690489,11399.967217122463,69.57214103931256,147.29434361946946,0.012783970049500826,0.0071820376506051,2,93.7001953125,-0.027843328821045232,0.006336642547546845,0.01806520098514408
11538.4501953125,11618.099609375,11516.75,11604.5498046875,527800,20.600000381469727,20.600000381469727,16.329999923706055,19.65999984741211,0,0.0071820376506051,61.90309289240216,11419.451273081038,78.24741614536288,144.01257688772165,0.012410009807493757,-0.007622027291120936,0,101.349609375,-0.045631093041297865,0.012220351345961777,0.02895458456175737
11539.400390625,11587.2001953125,11498.5,11516.099609375,0,19.65999984741211,20.68000030517578,17.549999237060547,20.100000381469727,0,-0.007622027291120936,56.76206156412026,11428.655876537607,77.09671962351604,141.30095030199155,0.012269861766996319,-0.0009681588767627147,1,88.7001953125,0.02238049529362196,0.006647681258899585,0.005838776284472713
11584.099609375,11584.099609375,11446.099609375,11504.9501953125,764200,20.100000381469727,20.770000457763672,17.579999923706055,20.049999237060547,0,-0.0009681588767627147,56.12926344916775,11435.922002135216,74.42716972108974,141.06516813756357,0.012261258479418558,-0.02211225483867385,0,138.0,-0.002487619077623293,-0.0014624112257309863,0.0035326595964069174
11503.7998046875,11535.25,11218.5,11250.5498046875,602900,20.049999237060547,22.989999771118164,18.270000457763672,22.190000534057617,0,-0.02211225483867385,44.05953850643455,11418.267507140195,51.19342089045858,153.61408469916617,0.013653918018758818,-0.00861286032635733,0,316.75,0.10673323583182381,-0.03050527646122092,-0.016564613199704148
11301.75,11302.2001953125,11084.650390625,11153.650390625,672200,22.190000534057617,23.280000686645508,15.760000228881836,21.40999984741211,0,-0.00861286032635733,40.488248790033325,11393.06587699589,24.677072725969992,158.18092184119,0.014181986730922294,-0.0019545871070447696,1,217.5498046875,-0.03515099900283236,-0.03147326187200905,-0.03195242239087703
11258.75,11259.5498046875,11024.400390625,11131.849609375,714900,21.40999984741211,22.479999542236328,19.3700008392334,20.989999771118164,0,-0.0019545871070447696,39.70841283051033,11368.188137222473,1.8818422099084273,163.67867128556932,0.014703636594921542,-0.029312272096516434,0,235.1494140625,-0.019617005104496155,-0.032429569846335715,-0.040734039947121325
11011.0,11015.2998046875,10790.2001953125,10805.5498046875,706100,20.989999771118164,23.81999969482422,20.93000030517578,23.510000228881836,0,-0.029312272096516434,30.301157641018193,11314.603534123904,-42.028728422590575,176.39086719820722,0.016324099225537604,0.022645788482354545,2,225.099609375,0.12005719319878905,-0.03955362250959438,-0.06170056084866249
10910.400390625,11072.599609375,10854.849609375,11050.25,559600,23.510000228881836,23.510000228881836,18.670000076293945,20.68000030517578,0,0.022645788482354545,41.49492167061274,11289.427007064483,-56.43239378298131,182.86650559029957,0.016548630627388483,0.016044868187371275,2,217.75,-0.12037430438768881,-0.009270542558148631,-0.03952213504563973
11140.849609375,11239.349609375,11099.849609375,11227.5498046875,472800,20.68000030517578,21.100000381469727,19.350000381469727,19.56999969482422,0,0.016044868187371275,48.010125087085534,11283.533940171437,-52.930638420373725,183.31172728920674,0.01632695739302569,-0.0004586409458945395,1,139.5,-0.053675077077912414,0.008596971632809591,-0.002044344534203768
11288.599609375,11305.400390625,11181.0,11222.400390625,498300,19.56999969482422,20.200000762939453,18.43000030517578,19.770000457763672,0,-0.0004586409458945395,47.843480419728415,11277.711697357492,-49.99467920485404,179.10377467033484,0.01595948891824917,0.002241001317642377,1,124.400390625,0.010219763211971156,0.03857745264907009,0.006163901287222107
11244.4501953125,11295.400390625,11184.5498046875,11247.5498046875,499300,19.770000457763672,20.219999313354492,17.68000030517578,19.530000686645508,0,0.002241001317642377,48.77859496101704,11274.839136150826,-45.118465259447476,174.22854690370377,0.01549035567116073,0.015061092732783665,2,110.8505859375,-0.012139593604506782,0.017854781990226387,0.010393618255052584
11364.4501953125,11428.599609375,11347.0498046875,11416.9501953125,447700,19.530000686645508,19.530000686645508,17.3799991607666,18.350000381469727,0,0.015061092732783665,54.6735336168227,11288.373522737651,-27.270477699548792,174.71577960254635,0.015303191886943682,0.0075676439490797165,1,81.5498046875,-0.060419880373207446,0.016869254104392883,0.05658207140554494
11487.7998046875,11578.0498046875,11452.2998046875,11503.349609375,530600,18.350000381469727,20.020000457763672,18.350000381469727,19.700000762939453,0,0.0075676439490797165,57.36841909297545,11308.847435750731,-6.083976037096363,173.74319601486445,0.015103704739467122,0.013826475474619793,2,125.75,0.07356950154796671,0.025034681438090622,0.04100356185380427
11603.4501953125,11680.2998046875,11564.2998046875,11662.400390625,561400,19.700000762939453,19.889999389648438,18.360000610351562,19.639999389648438,0,0.013826475474619793,61.86351354986501,11342.519145738757,23.272279621944108,173.97226739326697,0.01491736362722697,0.006555187284725372,1,116.0,-0.0030457548714359906,0.03688364071654138,0.038730675303346285
11679.25,11763.0498046875,11629.349609375,11738.849609375,513400,19.639999389648438,20.34000015258789,19.06999969482422,20.059999465942383,0,0.006555187284725372,63.837256895333056,11380.264904180305,52.10549703718061,171.09569081606932,0.014575166776089126,0.008156676606839941,2,133.7001953125,0.02138493326610358,0.028194868905941473,0.04601949678978068
11835.400390625,11905.7001953125,11791.150390625,11834.599609375,608800,20.059999465942383,20.860000610351562,18.979999542236328,20.3799991607666,0,0.008156676606839941,66.19695395592227,11423.53487610361,81.74000644185617,170.79246903902865,0.014431622080710884,0.0067260903253916204,1,114.5498046875,0.015952128780836183,0.028795960415741728,0.05219357236745403
11852.0498046875,11938.599609375,11805.2001953125,11914.2001953125,611100,20.3799991607666,21.010000228881836,17.510000228881836,20.3799991607666,0,0.0067260903253916204,68.06271103620405,11470.264906504455,110.37632116199529,168.12153654070516,0.014111021619969973,0.0014058853909966196,1,133.3994140625,0.0,0.0215907357193732,0.043553662886622435
11973.5498046875,12022.0498046875,11867.2001953125,11930.9501953125,522600,20.3799991607666,22.100000381469727,19.389999389648438,21.1299991607666,0,0.0014058853909966196,68.45724295298155,11514.139695914746,132.89051279558407,167.1735417431548,0.014011754219612357,0.0002975290843887368,1,154.849609375,0.03680078659884445,0.01636451546189699,0.03717183259291823
11934.650390625,11988.2001953125,11888.900390625,11934.5,458300,21.1299991607666,21.649999618530273,20.530000686645508,20.719999313354492,0,0.0002975290843887368,68.54592492547809,11554.174010589531,149.29859022950222,162.32541766775088,0.013601358889584891,0.0030625333853533387,1,99.2998046875,-0.01940368498326217,0.00844138322566157,0.02333135548953802
11917.400390625,11997.2001953125,11822.150390625,11971.0498046875,569200,20.719999313354492,20.959999084472656,18.43000030517578,20.209999084472656,0,0.0030625333853533387,69.49684866203533,11593.87646717029,163.36816705189267,163.23430245487583,0.013635755018825352,-0.02428360085835335,0,175.0498046875,-0.02461391147600711,0.0047715841972646444,0.019780489829860137
12023.4501953125,12025.4501953125,11661.2998046875,11680.349609375,608900,20.209999084472656,22.280000686645508,19.040000915527344,22.059999465942383,0,-0.02428360085835335,55.202288468078386,11602.11200452312,149.33983511229053,177.5854516098847,0.015203778786497047,0.007028949362235082,1,364.150390625,0.09153886517941912,-0.02100424373877252,-0.013033816528766007
11727.400390625,11789.75,11667.849609375,11762.4501953125,555800,22.059999465942383,22.420000076293945,20.489999771118164,21.649999618530273,0,0.007028949362235082,57.83979769978125,11617.382308407821,143.19643278297735,173.60794725382152,0.014759505406705713,0.009402769621849272,2,121.900390625,-0.018585668963641333,-0.014416171996103788,-0.012736901975149317
11879.2001953125,11898.25,11820.400390625,11873.0498046875,541400,21.649999618530273,22.31999969482422,15.470000267028809,21.81999969482422,0,0.009402769621849272,61.157499577218374,11641.731593767792,145.57411851176948,170.9073656419414,0.01439456318750275,0.002000328507897331,1,77.849609375,0.007852197657705284,-0.008186416529787244,-0.004852957197637786
11861.0,11949.25,11837.25,11896.7998046875,453600,21.81999969482422,22.790000915527344,18.790000915527344,22.690000534057617,0,0.002000328507897331,61.85173091509799,11666.023804331575,147.672600282056,166.699696667517,0.014012146073251991,0.0034337457642519276,1,112.0,0.03987171637952702,0.01853114012433066,-0.003158925410574387
11958.5498046875,12018.650390625,11775.75,11937.650390625,623700,22.690000534057617,23.549999237060547,18.3799991607666,22.920000076293945,0,0.0034337457642519276,63.074222948559246,11691.893003026187,150.89256749559172,172.1426033787658,0.014420141128773099,-0.0034512817819539743,1,242.900390625,0.010136603650189313,0.01489487244607579,-0.0027900154629230123
11890.0,11939.5498046875,11823.4501953125,11896.4501953125,544900,22.920000076293945,23.520000457763672,17.440000534057617,22.639999389648438,0,-0.0034512817819539743,60.95269016858892,11711.374640386788,148.40913514513522,168.13953237849682,0.014133588559446752,0.0028495402835257977,1,116.099609375,-0.012216434804252496,0.0019708828826576763,0.018501208710743677
11957.900390625,11974.5498046875,11908.75,11930.349609375,502300,22.639999389648438,22.780000686645508,19.829999923706055,21.829999923706055,0,0.0028495402835257977,62.082777369712886,11732.229399338048,147.47638060608915,161.70810930681847,0.013554347911124622,-0.013629073304543216,0,65.7998046875,-0.03577736253441488,0.0028200697026339316,0.014274187033702423
11937.400390625,11942.849609375,11711.7001953125,11767.75,519800,21.829999923706055,23.40999984741211,21.31999969482422,22.829999923706055,0,-0.013629073304543216,54.008641054125015,11735.612313686806,132.0940384888163,166.66820250365285,0.014163132502275529,0.010337608346965288,2,231.1494140625,0.045808520544888376,-0.014232314154419168,-0.008868808471259593
11807.099609375,11899.0498046875,11723.0,11889.400390625,616300,22.829999923706055,23.170000076293945,22.1200008392334,22.200000762939453,0,0.010337608346965288,58.37080192706574,11750.25879720473,128.24130544407126,167.3383169453562,0.014074579999619275,-0.013440608945763599,0,176.0498046875,-0.027595232714496265,-0.0005925973354873326,-0.0006219667628251102
11922.599609375,11929.400390625,11684.849609375,11729.599609375,704000,22.200000762939453,23.469999313354492,20.079999923706055,23.280000686645508,0,-0.013440608945763599,51.46537335766119,11748.291255506661,111.01370235552167,172.85349296711647,0.014736521170676753,-0.005012942184360991,1,244.55078125,0.048648643540093905,-0.016826832957371862,-0.01742811813398293
11633.2998046875,11744.150390625,11606.4501953125,11670.7998046875,555000,23.280000686645508,24.360000610351562,22.280000686645508,24.020000457763672,0,-0.005012942184360991,49.16077439838167,11740.911117333408,91.56059640103922,170.34254313464385,0.014595618636713046,-0.002433373422367602,1,137.7001953125,0.031786930811503966,-0.008238634854793814,-0.018967875872242246
11678.4501953125,11748.9501953125,11535.4501953125,11642.400390625,553700,24.020000457763672,26.299999237060547,21.729999542236328,24.75,0,-0.002433373422367602,48.041806208959194,11731.529143361178,73.01065304822805,173.42521862502645,0.014896001924540962,0.002297636149117599,1,213.5,0.03039132091275132,-0.02077480712944646,-0.02413585755472969
11697.349609375,11725.650390625,11557.400390625,11669.150390625,568400,24.75,25.920000076293945,24.219999313354492,25.209999084472656,0,0.002297636149117599,49.21437654528011,11725.588309767256,59.7790945461893,173.05556015181028,0.014830176521749448,0.01237019016319918,2,168.25,0.01858582159485489,-0.005153561993853972,-0.008378798782689989
11734.4501953125,11836.2001953125,11723.2998046875,11813.5,674300,25.209999084472656,25.329999923706055,22.920000076293945,24.239999771118164,0,0.01237019016319918,55.1025793448085,11733.960851694184,60.24631419363686,172.62657761864529,0.014612653118774731,0.008041647267956087,2,112.900390625,-0.038476769082944284,0.012227113625510544,-0.00638387034932808
11783.349609375,11929.650390625,11756.400390625,11908.5,667300,24.239999771118164,24.239999771118164,20.670000076293945,23.200000762939453,0,0.008041647267956087,58.51182995017257,11750.58362772331,67.50414936820562,172.67110778874206,0.014499820110739562,0.017785598915690537,2,173.25,-0.042904249917438686,0.022856077823030008,0.015252045814250215
12062.400390625,12131.099609375,12027.599609375,12120.2998046875,632500,23.200000762939453,23.200000762939453,19.989999771118164,20.969999313354492,0,0.017785598915690537,64.90939890698306,11785.79469219609,89.31692032770297,176.23742933061763,0.014540682340420176,0.011819014571289532,2,103.5,-0.09612074897632106,0.03866171905925153,0.03851492678500579
12156.650390625,12280.400390625,12131.849609375,12263.5498046875,576800,20.969999313354492,20.969999313354492,19.280000686645508,20.5,0,0.011819014571289532,68.45268967571249,11831.295179100034,116.81619193041297,175.08479765968065,0.014276844832705611,0.016104635537461442,2,148.55078125,-0.02241293890053586,0.03809622928746781,0.053352349448716696
12399.400390625,12474.0498046875,12367.349609375,12461.0498046875,553400,20.5,21.049999237060547,17.579999923706055,20.110000610351562,0,0.016104635537461442,72.56575947625416,11891.271810108363,152.78495239486801,177.61445496970347,0.014253570746735148,0.01364650710436388,2,106.7001953125,-0.019024360470655477,0.046399614114917886,0.06786264531295383
12556.400390625,12643.900390625,12475.25,12631.099609375,847500,20.110000610351562,21.850000381469727,19.899999618530273,21.579999923706055,0,0.01364650710436388,75.52463466298353,11961.731600514708,192.7896927065358,177.9884643245461,0.0140912881561349,0.009346041508720315,2,168.650390625,0.07309792485027655,0.04214415591353182,0.06920892278960511
12680.599609375,12769.75,12571.099609375,12749.150390625,880500,21.579999923706055,22.3799991607666,19.0,22.030000686645508,0,0.009346041508720315,77.35089295084359,12036.723866239498,231.3525607688789,179.46431620314996,0.014076570650160172,-0.004576821525331454,1,198.650390625,0.02085267676229785,0.039597065586335356,0.07059246677793163
12702.150390625,12741.150390625,12624.849609375,12690.7998046875,622000,22.030000686645508,22.030000686645508,19.790000915527344,20.6200008392334,0,-0.004576821525331454,74.39598763339188,12099.016812758357,254.27439002192477,175.5240637064964,0.013830811801291237,0.002296970330761372,1,116.30078125,-0.06400362249043623,0.018437451386605908,0.04706979276035406
12659.7001953125,12735.9501953125,12607.7001953125,12719.9501953125,513900,20.6200008392334,29.530000686645508,19.559999465942383,19.700000762939453,0,0.002296970330761372,74.91161363316704,12158.15332538256,271.66076159457225,172.1473448703181,0.013533649285337382,0.012126619808373373,2,128.25,-0.04461687870271436,0.007034271653716839,0.037216009874281974
12932.5,12934.0498046875,12797.099609375,12874.2001953125,707700,19.1299991607666,20.40999984741211,18.399999618530273,19.799999237060547,0,0.012126619808373373,77.49436995078189,12226.348265375887,294.4915568541164,175.1439351920811,0.013604257548818532,0.004975051165572175,1,136.9501953125,0.005076064479612397,0.00980848141688373,0.033155343819393446
12860.099609375,12948.849609375,12819.349609375,12938.25,731300,19.799999237060547,19.799999237060547,15.720000267028809,19.1200008392334,0,0.004975051165572175,78.48482093657438,12294.148430578185,314.13228904844254,171.88365410693245,0.013284922930607497,-0.01287266861341374,0,129.5,-0.0343433547489419,0.019498392467045322,0.024316995362543725
12839.5,12963.0,12745.75,12771.7001953125,768800,19.1200008392334,19.979999542236328,16.329999923706055,19.56999969482422,0,-0.01287266861341374,69.87357878648834,12339.629551029071,312.6544476410236,175.1241073850087,0.013711886804959857,0.00683930941371913,1,217.25,0.023535503966476856,0.004068412156131851,0.0017687299934967537
12813.400390625,12892.4501953125,12730.25,12859.0498046875,664000,19.56999969482422,19.809999465942383,17.0,19.6200008392334,0,0.00683930941371913,71.631570968136,12389.098146615588,314.90164104528594,174.2009708084009,0.013546955136988392,0.005241475198302092,1,162.2001953125,0.002554989534435448,-0.001176802472787064,0.013257635656489963
12960.2998046875,12968.849609375,12825.7001953125,12926.4501953125,633100,19.6200008392334,20.860000610351562,16.90999984741211,20.799999237060547,0,0.005241475198302092,72.94354839922035,12440.274532205769,318.45030930594294,171.98300246940798,0.013304735628948922,0.0099563448098976,2,143.1494140625,0.06014262728610831,-0.0009120093279616492,0.016234340294516203
13002.599609375,13079.099609375,12978.0,13055.150390625,571900,20.799999237060547,22.0,20.020000457763672,21.059999465942383,0,0.0099563448098976,75.29322757855977,12498.834137769505,327.8682238449928,170.60203186891454,0.013067795219840984,-0.015070680468092346,0,101.099609375,0.01250001146243207,0.022193614865508193,0.01405525722509604
13130.0,13145.849609375,12833.650390625,12858.400390625,679000,21.059999465942383,23.5,20.68000030517578,23.1299991607666,0,-0.015070680468092346,65.87482172799787,12533.078542803361,315.8153851067,180.7161166461349,0.014054323333864622,0.010001213639976747,2,312.19921875,0.09829058629235776,-5.050249220306391e-05,-0.006171592709601326
12906.4501953125,13018.0,12790.400390625,12987.0,549800,23.1299991607666,23.1299991607666,19.440000534057617,20.020000457763672,0,0.010001213639976747,68.63639782326266,12576.30915777447,313.0319004031171,184.06493755533955,0.014173014364775511,-0.001389836350773832,1,227.599609375,-0.1344573634173818,0.004684178855959731,0.0168575680132641
13012.0498046875,13035.2998046875,12914.2998046875,12968.9501953125,1162400,20.020000457763672,21.280000686645508,17.6299991607666,19.81999969482422,0,-0.001389836350773832,67.80697874494382,12613.703542301902,305.843921980475,179.5602991585296,0.013845399701159306,0.010802694687318537,2,121.0,-0.009990047870448104,-0.006602773061457845,0.008546540552703874
13062.2001953125,13128.400390625,12962.7998046875,13109.0498046875,583600,19.81999969482422,21.239999771118164,19.25,20.18000030517578,0,0.010802694687318537,70.76049061207713,12660.879376814815,307.9029513489968,178.56317678559893,0.013621366876014826,0.0003585458429504751,1,165.6005859375,0.01816350231557129,0.019493047847946032,0.014126044398578674
13121.400390625,13128.5,12983.5498046875,13113.75,717700,20.18000030517578,20.549999237060547,17.959999084472656,19.90999984741211,0,0.0003585458429504751,70.85708982006199,12704.009912356261,306.38222980967475,176.16224953752044,0.013433400021925113,0.0015365849299400214,1,144.9501953125,-0.013379606227975183,0.009759759759759845,0.004488620017512934
13215.2998046875,13216.599609375,13107.900390625,13133.900390625,713700,19.90999984741211,19.90999984741211,17.719999313354492,19.0,0,0.0015365849299400214,71.29492873780637,12744.951862667569,303.30668449613586,171.34346162412612,0.013045893186949351,0.009490662358873525,2,108.69921875,-0.04570566822633049,0.012718854867074691,0.02142568217123375
13177.400390625,13280.0498046875,13152.849609375,13258.5498046875,640500,19.0,19.040000915527344,16.530000686645508,18.030000686645508,0,0.009490662358873525,73.9065183355538,12793.865952383752,307.3841257911263,169.5438867982957,0.012787513664454781,0.007331133249439903,2,127.2001953125,-0.05105259543971008,0.011404335342943162,0.0209093558702933
13264.849609375,13366.650390625,13241.9501953125,13355.75,591700,18.030000686645508,18.31999969482422,16.950000762939453,18.020000457763672,0,0.007331133249439903,75.75862157592788,12847.378718823395,314.8296110381598,166.34076597788172,0.012454618121624149,0.002785331809333158,1,124.7001953125,-0.0005546438436490053,0.018453912877704592,0.02982506670642504
13393.849609375,13435.4501953125,13311.0498046875,13392.9501953125,543200,18.020000457763672,18.799999237060547,16.270000457763672,18.6200008392334,0,0.002785331809333158,76.44763926376278,12899.337907060453,320.0427035382472,163.34502488124733,0.01219634378528621,0.010165752285866914,2,124.400390625,0.03329635772629658,0.019723752806318773,0.021656824472776393
13458.099609375,13548.900390625,13449.599609375,13529.099609375,502600,18.6200008392334,19.6299991607666,16.219999313354492,18.920000076293945,0,0.010165752285866914,78.82036121707725,12959.315212042791,331.34074689186855,162.81682276919395,0.012034564566024033,-0.0037548548058806697,1,99.30078125,0.016111666140660397,0.020405686042062277,0.031672832666094664
13488.5,13503.5498046875,13399.2998046875,13478.2998046875,553400,18.920000076293945,19.389999389648438,17.420000076293945,18.709999084472656,0,-0.0037548548058806697,75.75382621216872,13008.742316104192,332.3641212606108,160.45846433478724,0.011904948447502466,0.002637558535026452,1,104.25,-0.011099418127614724,0.00917580852348232,0.026222173445775043
13512.2998046875,13579.349609375,13402.849609375,13513.849609375,787700,18.709999084472656,19.290000915527344,17.360000610351562,18.790000915527344,0,0.002637558535026452,76.44448257022714,13056.847772606174,332.21416683785355,161.60428831087387,0.011958419916021833,0.0032781762806703973,1,176.5,0.004275886422735242,0.009027093530506347,0.01925548483418904
13571.4501953125,13597.5,13472.4501953125,13558.150390625,558400,18.790000915527344,19.639999389648438,15.329999923706055,19.399999618530273,0,0.0032781762806703973,77.31179926466456,13104.590879084157,331.8447302036366,158.99325376634715,0.011726765759751831,0.0007153791977927426,1,125.0498046875,0.03246400602880484,0.002147281200433282,0.01515455070849625
13547.2001953125,13589.650390625,13447.0498046875,13567.849609375,497600,19.399999618530273,19.829999923706055,15.6899995803833,19.350000381469727,0,0.0007153791977927426,77.50707177405573,13148.710758159476,328.54730607194324,157.8223489214295,0.011632082715036782,0.008464907059269056,2,142.6005859375,-0.0025772803115310383,0.006643998574386689,0.013059065516701107
13663.099609375,13692.349609375,13606.4501953125,13682.7001953125,462200,19.350000381469727,19.399999618530273,18.610000610351562,19.200000762939453,0,0.008464907059269056,79.73161726950663,13199.566895031192,331.3815953760659,155.44218114132738,0.011360490175366094,0.004238929390550483,1,85.8994140625,-0.007751918117475554,0.012494632604196143,0.011353348735126723
13713.5498046875,13773.25,13673.5498046875,13740.7001953125,416000,19.200000762939453,21.6200008392334,14.050000190734863,19.15999984741211,0,0.004238929390550483,80.76614264397149,13251.10339981989,334.45254459865464,151.46061072498256,0.01102277238947778,0.0014445849987885229,1,99.7001953125,-0.0020833809342630794,0.013464211520601399,0.019468359839698968
13764.400390625,13772.849609375,13658.599609375,13760.5498046875,519400,19.15999984741211,19.489999771118164,14.5600004196167,18.6200008392334,0,0.0014445849987885229,81.12128553294394,13299.622105045377,334.6305785596742,148.80270995891237,0.010813718352171006,-0.0314049525779333,0,114.25,-0.028183664534404795,0.014202707198298414,0.018255360422344546
13741.900390625,13777.5,13131.4501953125,13328.400390625,687300,18.6200008392334,23.68000030517578,18.6200008392334,23.190000534057617,0,-0.0314049525779333,56.61273938007295,13302.362894148198,296.483152437997,184.32035958238293,0.013829143346566266,0.010346283876607965,2,646.0498046875,0.24543498865988078,-0.025893997502691612,-0.01694552674079086
13373.650390625,13492.0498046875,13192.900390625,13466.2998046875,696200,23.190000534057617,24.479999542236328,16.59000015258789,21.989999771118164,0,0.010346283876607965,60.69366306784454,13317.975933247179,274.21736554493873,192.5224349023913,0.014296609885023943,0.010010159185716239,2,299.1494140625,-0.05174647413988165,-0.019969898675076925,-0.007484590971389649
13473.5,13619.4501953125,13432.2001953125,13601.099609375,458700,21.989999771118164,22.079999923706055,19.399999618530273,20.5,0,0.010010159185716239,64.23499072030273,13344.940092878398,264.400937264254,192.14583240936332,0.014127227792444116,0.01089253037474136,2,187.25,-0.06775806214764679,-0.011587487242565198,-0.005963777965803496
13672.150390625,13771.75,13626.900390625,13749.25,471400,20.5,20.950000762939453,15.649999618530273,19.969999313354492,0,0.01089253037474136,67.68130999001343,13383.445798318551,265.5151521111311,190.61044371048024,0.013863333906247995,0.009015051389166695,2,144.849609375,-0.02585369203148824,0.03157540267705494,0.0006222248186753543
13815.150390625,13885.2998046875,13811.5498046875,13873.2001953125,403600,19.969999313354492,21.020000457763672,18.600000381469727,20.43000030517578,0,0.009015051389166695,70.26310569185314,13430.089074222737,273.25006363021384,186.7132552088388,0.013458556971730703,0.004281594241144937,1,73.75,0.023034602285322725,0.030216198697979424,0.008186474539456645
13910.349609375,13967.599609375,13859.900390625,13932.599609375,439600,20.43000030517578,21.209999084472656,17.6299991607666,20.790000915527344,0,0.004281594241144937,71.44054275688353,13477.947220427714,280.934633450659,181.0693954617789,0.012996095526920942,0.003542094606974411,1,107.69921875,0.01762117498649074,0.024373029352090292,0.04533171281191284
13980.900390625,13997.0,13864.9501953125,13981.9501953125,380700,20.790000915527344,21.59000015258789,20.790000915527344,21.110000610351562,0,0.003542094606974411,72.41770641427921,13525.947503750074,287.690572405274,177.56799612075898,0.012699801790188703,-1.4318125132972703e-05,1,132.0498046875,0.015392000035229447,0.016924573726748715,0.038291913747940276
13970.0,14024.849609375,13936.4501953125,13981.75,452400,21.110000610351562,21.510000228881836,19.190000534057617,21.100000381469727,0,-1.4318125132972703e-05,72.40688351824978,13569.357265297687,289.6891919327609,171.19881168802618,0.012244448061796712,0.010810548795751496,2,88.3994140625,-0.00047371997123168974,0.00782442429715502,0.027986736481411034
14104.349609375,14147.9501953125,13953.75,14132.900390625,495000,19.559999465942383,21.030000686645508,19.34000015258789,20.030000686645508,0,0.010810548795751496,75.3966239089998,13623.028039138384,300.0113416188815,172.8417676612029,0.012229744983970649,0.004712380865514287,1,194.2001953125,-0.050710885093817604,0.014376411212967177,0.027903368592832267
14075.150390625,14215.599609375,14048.150390625,14199.5,492500,20.030000686645508,21.010000228881836,20.030000686645508,20.459999084472656,0,0.004712380865514287,76.59972146012946,13677.930130649014,309.99235261519607,172.456585596117,0.012145257621473785,-0.0037501320469031096,1,167.44921875,0.02146771757795496,0.015559331970760093,0.023520153972675262
14240.9501953125,14244.150390625,14039.900390625,14146.25,632300,20.459999084472656,21.6299991607666,20.43000030517578,21.0,0,-0.0037501320469031096,73.50476704664966,13722.532022968157,310.03169339447413,174.72754376782294,0.012351509676969016,-0.0006291696120880319,1,204.25,0.026393007805027624,0.011765336957104688,0.015334567605117977
14253.75,14256.25,14123.099609375,14137.349609375,559200,21.0,21.0,20.139999389648438,20.6200008392334,0,-0.0006291696120880319,72.97404197159078,13762.038459768808,305.8193885603541,171.75774711476416,0.012149218337280507,0.014847223590326086,2,133.150390625,-0.018095198131742984,0.00031481285702339434,0.011114287484345287
14258.400390625,14367.2998046875,14221.650390625,14347.25,613500,20.6200008392334,20.850000381469727,17.3799991607666,20.639999389648438,0,0.014847223590326086,77.16198950627107,13817.772892171779,315.77821919817507,175.91435055745958,0.01226118946539996,0.009583718134137165,2,145.6494140625,0.0009698617653297603,0.010405295961125383,0.026141219804387772
14474.0498046875,14498.2001953125,14383.099609375,14484.75,672900,20.639999389648438,22.75,20.639999389648438,22.3799991607666,0,0.009583718134137165,79.41257866183926,13881.294521488753,330.9507706187105,174.13119661139103,0.012021691545341896,0.005433314024232416,1,115.1005859375,0.08430231698508783,0.02392860298665722,0.024895782157241975
14473.7998046875,14590.650390625,14432.849609375,14563.4501953125,929600,22.3799991607666,23.260000228881836,22.290000915527344,22.850000381469727,0,0.005433314024232416,80.59150740260684,13946.261728519585,345.3446567353003,172.96473837129165,0.011876631982918674,9.609083312889233e-05,1,157.80078125,0.021000948986944712,0.030140061447934796,0.025631197951512474
14639.7998046875,14653.349609375,14435.7001953125,14564.849609375,874000,22.850000381469727,24.049999237060547,22.3700008392334,23.290000915527344,0,9.609083312889233e-05,80.61276707352239,14005.174860029625,352.7980004642759,176.15650092066366,0.012094632326809367,0.002111247340323086,1,217.6494140625,0.019256040556324683,0.015166642344351722,0.029590853362198466
14550.0498046875,14617.7998046875,14471.5,14595.599609375,620200,23.290000915527344,23.700000762939453,22.809999465942383,23.030000686645508,0,0.002111247340323086,81.10260261874923,14061.405788538708,357.07001620105984,174.02387976115196,0.011923037382402123,-0.011092344158201595,0,146.2998046875,-0.011163598912033335,0.007652849332919098,0.03241413791564707
14594.349609375,14617.4501953125,14357.849609375,14433.7001953125,789600,23.030000686645508,24.68000030517578,23.030000686645508,24.010000228881836,0,-0.011092344158201595,70.93988642134147,14096.86239870764,343.4328101300107,180.1365016308911,0.012480271807875875,-0.010558650142566628,0,259.6005859375,0.04255317034378581,-0.008909289918247687,0.006025558578298895
14453.2998046875,14459.150390625,14222.7998046875,14281.2998046875,762000,24.010000228881836,25.40999984741211,23.56999969482422,24.399999618530273,0,-0.010558650142566628,62.94419252015627,14114.427865943817,316.67732908283506,184.15179336707746,0.012894610146524196,0.016794730817062842,2,236.3505859375,0.016243206411106215,-0.019468090113679337,-0.014045820280812582
14371.650390625,14546.0498046875,14350.849609375,14521.150390625,546100,24.399999618530273,24.399999618530273,20.360000610351562,22.899999618530273,0,0.016794730817062842,68.88763521843764,14153.163344484881,311.2395792308271,189.90880812657193,0.013078082866573639,0.008508265623863087,2,195.2001953125,-0.06147541079717245,-0.0051007989217640715,-0.0029045180997779863
14538.2998046875,14666.4501953125,14517.5498046875,14644.7001953125,623100,22.899999618530273,23.190000534057617,19.329999923706055,21.549999237060547,0,0.008508265623863087,71.42967822146244,14199.976377897035,313.28816898873265,186.97963544788823,0.012767733921090237,-0.0037112802046228577,1,148.900390625,-0.058951982705594874,0.014618566074174444,0.005482417469391709
14730.9501953125,14753.5498046875,14517.25,14590.349609375,704600,21.549999237060547,22.780000686645508,18.6200008392334,22.18000030517578,0,-0.0037112802046228577,68.76783735556614,14237.154780894936,306.9872946332289,190.50250467928907,0.013056747081432653,-0.024087785979040377,0,236.2998046875,0.029234389346603384,0.02164017343757907,-0.0003596974526917096
14477.7998046875,14491.099609375,14218.599609375,14238.900390625,618600,22.420000076293945,23.809999465942383,20.34000015258789,23.25,0,-0.024087785979040377,54.59908021570694,14237.321029440656,270.5164463389392,203.44875434505414,0.014288234959421891,-0.019060488041877988,0,272.5,0.048241644729577926,-0.019437165266343093,-0.013496179223035476
14237.9501953125,14237.9501953125,13929.2998046875,13967.5,660700,23.25,24.75,20.829999923706055,24.389999389648438,0,-0.019060488041877988,46.61217818718326,14211.623788541547,217.20943778114633,211.03102803022884,0.015108718670501438,-0.010735650281904374,0,308.650390625,0.049032231812836,-0.046241997875057894,-0.021972776216384937
13810.400390625,13898.25,13713.25,13817.5498046875,637900,24.389999389648438,25.299999237060547,23.440000534057617,24.290000915527344,0,-0.010735650281904374,42.87994712928527,14174.092932936399,161.0075273159964,214.11809745664104,0.015496097389423057,-0.013240422354072856,0,185.0,-0.0040999785413498024,-0.0529665035710275,-0.048453501755050477
13946.599609375,13966.849609375,13596.75,13634.599609375,753200,24.290000915527344,25.989999771118164,22.079999923706055,25.34000015258789,0,-0.013240422354072856,38.798156365416936,14122.712616406741,100.54553029055387,225.2596340222381,0.016521177040457576,0.047423511101338356,2,370.099609375,0.04322763266712504,-0.04244012983248879,-0.06897379751487265
13758.599609375,14336.349609375,13661.75,14281.2001953125,870500,25.34000015258789,25.93000030517578,22.600000381469727,23.31999969482422,0,0.047423511101338356,55.075063043332065,14137.806671540624,103.60987531360479,259.2946601635068,0.018156363374040144,0.02567357148195737,2,674.599609375,-0.07971588183109679,0.022459294455879686,-0.02118862277733613
14481.099609375,14731.7001953125,14469.150390625,14647.849609375,915000,23.31999969482422,23.610000610351562,21.0,23.350000381469727,0,0.02567357148195737,61.351828553728616,14186.382189429612,134.07836241854602,272.95218443754203,0.01863428364685323,0.009701122671723184,2,262.5498046875,0.0012864788609823208,0.06009023426178106,0.028720561808217582
14754.900390625,14868.849609375,14574.150390625,14789.9501953125,869500,23.350000381469727,24.200000762939453,20.950000762939453,23.75,0,0.009701122671723184,63.48139948852212,14243.864856656553,167.75738495539736,274.50554403128905,0.01856027507910678,0.0071467580293813615,1,294.69921875,0.01713060436811409,0.08473667133892904,0.05888313551548241
14789.0498046875,14913.7001953125,14714.75,14895.650390625,884700,23.75,23.93000030517578,22.09000015258789,23.1200008392334,0,0.0071467580293813615,65.02517216332133,14305.939669415453,200.66424286583242,269.1087334085184,0.018066262724445357,0.0019199973566108586,1,198.9501953125,-0.02652628045333061,0.04302510901809087,0.07802400578804236
14952.599609375,15014.650390625,14864.75,14924.25,935600,23.1200008392334,23.940000534057617,20.079999923706055,23.420000076293945,0,0.0019199973566108586,65.45074790921723,14364.826367566362,226.44064747097764,260.5938517811242,0.01746110201726212,0.01283480273296811,2,149.900390625,0.012975745076594603,0.018869690636917458,0.09458659788867219
15064.2998046875,15159.900390625,15041.0498046875,15115.7998046875,671200,23.420000076293945,24.350000381469727,22.18000030517578,23.959999084472656,0,0.01283480273296811,68.23834913387451,14436.347647292185,259.33564236494203,258.8121759842582,0.01712196372857485,-0.0004300136336804483,1,118.8505859375,0.02305717363021298,0.022031826008330535,0.05844043903599494
15164.150390625,15257.099609375,15064.2998046875,15109.2998046875,713300,23.959999084472656,24.469999313354492,21.43000030517578,24.270000457763672,0,-0.0004300136336804483,68.03773654612175,14500.438328948881,281.6341638076228,254.09700660591832,0.016817258899521435,-0.00018530340410816137,1,192.7998046875,0.012938288194339398,0.014343073881283308,0.031502930984296906
15119.0498046875,15168.25,14977.2001953125,15106.5,624800,24.270000457763672,24.959999084472656,20.90999984741211,23.950000762939453,0,-0.00018530340410816137,67.94507773334615,14558.158488096607,295.67166298214215,249.593635040317,0.016522267569610234,0.004421924647502795,1,191.0498046875,-0.013184989237272737,0.012211668928086894,0.021403033851177256
15073.25,15188.5,15065.400390625,15173.2998046875,500100,23.950000762939453,24.219999313354492,21.020000457763672,23.049999237060547,0,0.004421924647502795,69.0288218194772,14616.743375390979,308.628985353409,240.55834749279435,0.01585405617692194,-0.0006590524229219685,1,123.099609375,-0.03757835061415027,0.0038039667594809146,0.018639630145807384
15186.2001953125,15243.5,15081.0,15163.2998046875,571800,23.049999237060547,23.06999969482422,20.889999389648438,22.040000915527344,0,-0.0006590524229219685,68.65461539286397,14668.796368657313,314.4658734180375,234.98275124330902,0.015496808364276207,0.009902223959100453,2,162.5,-0.0438177160504758,0.0035739578073132883,0.016017542234115556
15371.4501953125,15431.75,15242.2001953125,15313.4501953125,648500,21.479999542236328,22.1200008392334,20.540000915527344,21.780000686645508,0,0.009902223959100453,71.18084688628383,14730.191971195902,327.43308612914916,237.37328296253693,0.015500966792917622,-0.012701252658237516,0,189.5498046875,-0.011796743107150398,0.013699413849170838,0.013075748103233531
15238.7001953125,15250.75,15078.0498046875,15118.9501953125,770600,21.510000228881836,22.09000015258789,19.959999084472656,21.540000915527344,0,-0.012701252658237516,63.98688201453882,14767.216563968912,318.3454825708577,237.2323620812843,0.015691060491411377,-0.009074717063029758,0,172.7001953125,-0.011019272890350318,-0.00358192417434533,0.000638705350330504
15074.7998046875,15144.0498046875,14898.2001953125,14981.75,712200,21.540000915527344,22.8700008392334,19.350000381469727,22.25,0,-0.009074717063029758,59.42451113126251,14787.648319781398,296.6529515806469,237.84787974512113,0.01587584092279748,-0.020428174591586412,0,245.849609375,0.032961887386032895,-0.011972974684004933,-0.008258034620858612
14999.0498046875,15010.099609375,14635.0498046875,14675.7001953125,609900,22.25,25.81999969482422,20.020000457763672,25.469999313354492,0,-0.020428174591586412,50.73441883418559,14776.986593641503,251.86248901688668,247.64801724100533,0.016874698579636117,0.0021872625461001327,1,375.0498046875,0.14471907026312314,-0.041646395284272164,-0.03279442282035949
14782.25,14854.5,14651.849609375,14707.7998046875,744100,25.469999313354492,25.639999389648438,23.860000610351562,25.229999542236328,0,0.0021872625461001327,51.534952749877206,14770.397375645884,216.46067107215276,244.4339010541478,0.016619338330689317,0.01864318245786234,2,202.650390625,-0.009422841679949556,-0.02719437429937921,-0.030039635558692157
14729.150390625,15008.7998046875,14504.5,14982.0,403800,25.229999542236328,25.229999542236328,23.479999542236328,24.170000076293945,0,0.01864318245786234,57.83748820110976,14790.550006536752,208.130935601097,262.99575131367294,0.017554115025608927,0.007699213013950157,1,504.2998046875,-0.04201345561532366,1.668696914580714e-05,-0.021644383929492084
15079.849609375,15176.5,15065.349609375,15097.349609375,803900,24.170000076293945,24.170000076293945,22.6299991607666,22.889999389648438,0,0.007699213013950157,60.18325819864897,14819.769016330873,208.4346053035315,258.10319764841057,0.017095927717546942,-0.03763569324758598,0,111.150390625,-0.05295824090215617,0.028731127540829515,-0.0014287093785253502
14888.599609375,14919.4501953125,14467.75,14529.150390625,1103600,22.889999389648438,29.649999618530273,22.889999389648438,28.139999389648438,0,-0.03763569324758598,46.46853321628231,14792.091051977932,160.97076661964456,284.6386556288813,0.01959086718605003,0.015995389118723446,2,451.7001953125,0.2293578042808604,-0.012146576404008624,-0.030210062868156307
14702.5,14806.7998046875,14638.5498046875,14761.5498046875,507300,28.139999389648438,28.139999389648438,24.950000762939453,25.6299991607666,0,0.015995389118723446,51.35166523817736,14789.182361759795,140.4885583267751,284.13942408842547,0.019248617377438076,0.010672985341787733,2,168.25,-0.08919688284730964,-0.014714336891770152,0.005849779447145043
14865.2998046875,14959.099609375,14760.7998046875,14919.099609375,621700,25.6299991607666,25.6299991607666,23.209999084472656,23.610000610351562,0,0.010672985341787733,54.389221505171726,14801.555432961244,135.40831051310852,278.00802270264506,0.018634370034499123,0.021884698711632122,2,198.2998046875,-0.07881383599524938,-0.011806708105197017,0.01436651351619278
15064.400390625,15273.150390625,14995.7998046875,15245.599609375,544200,23.610000610351562,23.610000610351562,21.81999969482422,22.09000015258789,0,0.021884698711632122,59.96771275993155,14843.845354524457,155.93052877290938,283.4396483131704,0.018591571048401034,-0.010812930524138231,0,277.3505859375,-0.06437951793602426,0.04931115719005108,0.017594420596382276
15026.75,15202.349609375,14980.2001953125,15080.75,534900,22.09000015258789,24.579999923706055,22.09000015258789,24.149999618530273,0,-0.010812930524138231,56.2283788000652,14866.407701712604,157.08180753032684,282.1510601524082,0.018709351998568255,-0.009459104528952489,0,222.1494140625,0.09325484163480402,0.02162375899115543,-0.0010995048670457974
14977.9501953125,15092.349609375,14862.099609375,14938.099609375,640700,24.149999618530273,26.40999984741211,22.860000610351562,25.559999465942383,0,-0.009459104528952489,53.140420130455155,14873.235502442356,144.81418214761288,278.4438415700933,0.018639843678331398,0.0012117060677612201,1,230.25,0.05838508777160478,0.0012735353002175653,0.028146808846708282
15002.4501953125,15111.150390625,14919.900390625,14956.2001953125,0,25.559999465942383,25.649999618530273,21.200000762939453,24.68000030517578,0,0.0012117060677612201,53.48945729819688,14881.136901763322,134.99641205477565,272.21571002937236,0.01820086027697656,0.00950777560179139,2,191.25,-0.03442876287768171,-0.018982488159044908,0.01318631127493064
15049.900390625,15126.849609375,14925.4501953125,15098.400390625,675300,24.68000030517578,24.68000030517578,21.440000534057617,22.5,0,0.00950777560179139,56.246708041461154,14901.828662607291,137.109611613183,267.15740317459574,0.017694417704042405,0.005060099883821945,1,201.3994140625,-0.08833064336383334,0.0011703920975416615,0.012018203909392122
15202.150390625,15218.4501953125,15100.849609375,15174.7998046875,404600,22.5,22.5,19.31999969482422,20.75,0,0.005060099883821945,57.69769466686728,14927.825914233978,143.29728974953468,256.6497175683746,0.016912889848411407,-0.009479506235763657,0,117.6005859375,-0.07777777777777772,0.01584540212624841,-0.0046439501562117735
15321.150390625,15336.2998046875,14953.599609375,15030.9501953125,493200,20.75,22.670000076293945,18.540000915527344,21.709999084472656,0,-0.009479506235763657,54.0623080814304,14937.647274336694,135.03698566406092,265.6533231215264,0.017673754464596132,-0.006749419963093084,1,382.7001953125,0.046265016119164226,0.004997927215726117,-0.0033022100815609523
15048.400390625,15048.400390625,14745.849609375,14929.5,467500,21.709999084472656,22.93000030517578,21.0,21.229999542236328,0,-0.006749419963093084,51.59334438666261,14936.871343447485,118.93346134807325,268.2888558449888,0.017970384530291626,-0.001275984104457617,1,302.55078125,-0.022109606747041766,-0.011186641382876172,-0.0005756829583331013
14996.099609375,15051.599609375,14890.650390625,14910.4501953125,100,21.229999542236328,21.229999542236328,18.059999465942383,20.190000534057617,0,-0.001275984104457617,51.12123376591765,14934.355043625106,103.4417303978189,260.6217389096324,0.01747913278913375,-0.012685759862868795,0,160.94921875,-0.04898723648625947,-0.01742030292177843,-0.003058932041732021
14946.5498046875,14956.5498046875,14696.0498046875,14721.2998046875,100,20.190000534057617,20.420000076293945,18.6200008392334,20.15999984741211,0,-0.012685759862868795,46.564951287526256,14914.064068488193,75.03659116587733,260.6130432732301,0.017703127219122778,-0.011102973071742905,0,260.5,-0.0014859180709233533,-0.020600852680728532,-0.024976194575661914
14855.5,14875.2001953125,14478.599609375,14557.849609375,542200,20.15999984741211,20.950000762939453,16.68000030517578,20.079999923706055,0,-0.011102973071742905,42.998581831974995,14880.138881905983,38.88797258411796,270.3264391778208,0.018569118821212118,0.012786942826028547,2,396.6005859375,-0.003968250213867153,-0.024893693065742295,-0.040656232915963986
14471.150390625,14788.25,14350.099609375,14744.0,919200,20.079999923706055,21.8700008392334,18.729999542236328,19.989999771118164,0,0.012786942826028547,47.89326135267609,14867.173274105415,24.972841351014722,282.3138642811908,0.019147711901871322,-0.000515437423697751,1,438.150390625,-0.004482079329175659,-0.011163324589946177,-0.01909062245459292
14736.2998046875,14763.900390625,14597.849609375,14736.400390625,459000,19.989999771118164,21.229999542236328,18.969999313354492,20.489999771118164,0,-0.000515437423697751,47.713130330917934,14854.718713773947,13.17984557606178,274.00935835039144,0.018594049502394808,0.00531673999743143,1,166.05078125,0.025012506539515256,0.0010257644459283899,-0.012934097550152401
14768.5498046875,14878.599609375,14707.0,14814.75,474200,20.489999771118164,22.139999389648438,20.489999771118164,20.670000076293945,0,0.00531673999743143,49.80902745036681,14850.912169604999,10.040232590545202,266.69437628072063,0.018001949157476205,-0.017911176994211853,0,171.599609375,0.008784788052047743,0.017646863892560205,-0.006418330369567626
14712.4501953125,14752.349609375,14535.0,14549.400390625,456400,20.670000076293945,22.690000534057617,19.75,22.459999084472656,0,-0.017911176994211853,43.45583873633461,14822.196762083093,-13.701486964664582,267.6269208320977,0.018394360842838915,-0.015430189146808937,0,217.349609375,0.08659888735228538,-0.013198562762818722,-0.011676918230261513
14570.900390625,14575.599609375,14264.400390625,14324.900390625,606800,22.459999084472656,23.309999465942383,21.1200008392334,22.700000762939453,0,-0.015430189146808937,38.931385259103784,14774.835202896607,-50.05523890148652,270.73922782623356,0.018899902997121024,0.012733031929623273,2,311.19921875,0.010685738568561032,-0.027924051267077976,-0.016001622835833174
14506.2998046875,14572.900390625,14414.25,14507.2998046875,481000,22.700000762939453,22.920000076293945,18.229999542236328,20.649999618530273,0,0.012733031929623273,44.03013855465164,14749.355641162405,-63.416712500547874,269.1149972672169,0.018550316109153704,0.02328481586755049,2,158.650390625,-0.0903084174233183,-0.020752978977876757,-0.016054001309854904
14628.5,14876.2998046875,14617.599609375,14845.099609375,594500,20.649999618530273,20.649999618530273,19.56999969482422,20.489999771118164,0,0.02328481586755049,52.01980387972172,14758.474114325509,-46.21541295208408,276.2496403195585,0.0186088101520788,-0.010400699094332388,0,258.7001953125,-0.007748176773259341,0.02032380791036137,0.007376239506843962
14811.849609375,14813.75,14670.25,14690.7001953125,463900,20.489999771118164,20.829999923706055,20.0,20.649999618530273,0,-0.010400699094332388,48.60455568465022,14752.01945537189,-44.52870231423367,269.00678096637574,0.01831136551627473,0.012024574166918489,2,143.5,0.007808679804752305,0.025535940544961777,-0.008373398450024494
14798.400390625,14883.2001953125,14692.4501953125,14867.349609375,445000,20.649999618530273,20.68000030517578,19.729999542236328,19.989999771118164,0,0.012024574166918489,52.45089130794189,14763.003279562663,-28.608064626438136,263.5420108973489,0.017726226786996757,-0.015439860548026041,0,190.75,-0.03196125228108282,0.0248185265028551,0.021853080554087523
14837.7001953125,14849.849609375,14459.5,14637.7998046875,509700,19.989999771118164,23.309999465942383,19.989999771118164,21.219999313354492,0,-0.015439860548026041,47.478462139091704,14751.079139098361,-34.12027804125319,273.8496965028954,0.01870839198218846,0.003122067245233451,1,390.349609375,0.06153074318757357,-0.013964190887381212,0.021843042920373756
14737.0,14779.099609375,14573.900390625,14683.5,475300,21.219999313354492,22.239999771118164,19.809999465942383,20.84000015258789,0,0.003122067245233451,48.52472360856284,14744.643030612802,-34.404529061650464,268.94609094911715,0.01831621145837962,0.009231436965811968,2,205.19921875,-0.017907595337548154,-0.0004901192738789861,0.01214562307836009
14716.4501953125,14879.7998046875,14649.849609375,14819.0498046875,0,20.84000015258789,21.299999237060547,19.43000030517578,20.25,0,0.009231436965811968,51.60419410424989,14751.729390048487,-23.42206861467821,266.1606698322159,0.01796071093222354,0.0036945688638336804,1,229.9501953125,-0.028310947613626847,-0.003248716547100128,-0.0017547746645666384
14875.650390625,14984.150390625,14821.099609375,14873.7998046875,514800,20.25,20.59000015258789,19.170000076293945,20.309999465942383,0,0.0036945688638336804,52.831628126136565,14763.355143823632,-10.18313728312205,258.94209241116477,0.017409276433151856,-0.0026187118170183377,1,163.05078125,0.0029629365897472226,0.016122641595660125,0.012463640734661663
14882.650390625,14918.4501953125,14785.650390625,14834.849609375,504100,20.309999465942383,20.969999313354492,19.68000030517578,19.790000915527344,0,-0.0026187118170183377,51.82461139896362,14770.164140542809,-2.801846124830263,249.93192900233157,0.01684762134995862,-0.03532558930400764,0,132.7998046875,-0.025603080457339167,0.01030746139374128,-0.0021859982346488227
14644.650390625,14652.5,14248.7001953125,14310.7998046875,650200,19.790000915527344,23.299999237060547,19.790000915527344,23.0,0,-0.03532558930400764,40.60920967052853,14726.415156175637,-38.79139620523165,273.94746364948645,0.019142708121719025,0.013556195506029933,2,403.7998046875,0.162203079129424,-0.03429707077705024,-0.022339422888901894
14364.900390625,14528.900390625,14274.900390625,14504.7998046875,605100,23.0,23.0,20.299999237060547,20.459999084472656,0,0.013556195506029933,45.3262690290948,14705.308932224387,-51.07048648240743,272.52264481738024,0.018788445789462697,0.005284484560774683,1,254.0,-0.1104348224142323,-0.024808724390905756,-0.012170136228589867
14522.400390625,14597.5498046875,14353.2001953125,14581.4501953125,568000,20.459999084472656,21.549999237060547,18.25,20.889999389648438,0,0.005284484560774683,47.113554566738955,14693.512862042302,-53.994295436235916,270.5102851429245,0.01855167226301575,0.002496282165007191,1,244.349609375,0.021016633646973704,-0.01708136049470721,-0.016033390298738515
14599.599609375,14697.7001953125,14559.0,14617.849609375,577200,20.889999389648438,21.09000015258789,19.479999542236328,20.399999618530273,0,0.002496282165007191,47.98316325789203,14686.30683797875,-52.76605237870899,261.0952787264656,0.017861401348596102,-0.017676978554819645,0,138.7001953125,-0.023456188867146288,0.021455810218722116,-0.017208124263702773
14306.599609375,14382.2998046875,14191.400390625,14359.4501953125,512300,20.399999618530273,23.110000610351562,19.809999465942383,22.489999771118164,0,-0.017676978554819645,42.62489304878027,14655.177633915297,-71.81548982433742,272.90627444243233,0.01900534287388802,-0.004390823034999047,1,190.8994140625,0.10245098978773726,-0.010020793898032787,-0.03204612291870268
14526.7001953125,14526.9501953125,14207.2998046875,14296.400390625,467400,22.489999771118164,22.75,21.239999771118164,22.43000030517578,0,-0.004390823034999047,41.4097830486113,14621.008372649554,-90.95146666052096,276.2451398840443,0.019322705879529976,0.007676757575422188,1,319.650390625,-0.00266782865953763,-0.01954879664706699,-0.0010061921247604966
14219.150390625,14424.75,14151.400390625,14406.150390625,524600,22.43000030517578,23.610000610351562,22.43000030517578,23.030000686645508,0,0.007676757575422188,44.381952058479875,14600.545707694833,-96.15257139929054,276.03831627625544,0.019161143594328377,-0.004498133053794207,1,273.349609375,0.02674990518530107,-0.01448224084985994,-0.006801156540652165
14326.349609375,14461.150390625,14273.2998046875,14341.349609375,498100,23.030000686645508,23.049999237060547,20.209999084472656,22.690000534057617,0,-0.004498133053794207,42.99510736374234,14575.860364997705,-104.30104830118398,269.73919268063,0.018808494320806488,0.010016518287169873,2,187.8505859375,-0.014763358334811016,-0.0012605347482878004,-0.016466166445823438
14449.4501953125,14557.5,14421.2998046875,14485.0,452700,22.690000534057617,23.559999465942383,22.6200008392334,23.5,0,0.010016518287169873,46.952402167434165,14567.206996902685,-98.03727627074477,265.9114211052279,0.018357709430806203,0.011601643402658013,2,136.2001953125,0.035698521237431224,0.013192104601286614,-0.009088177326013747
14493.7998046875,14667.5498046875,14484.849609375,14653.0498046875,451800,23.5,23.6299991607666,22.31999969482422,23.079999923706055,0,0.011601643402658013,51.21873935219629,14575.382502406002,-78.6068462288531,259.967762120033,0.017741546339170258,0.014433855260107098,2,182.7001953125,-0.01787234367208279,0.017138472622302503,0.020446438086525243
14710.5,14890.25,14694.9501953125,14864.5498046875,457000,23.079999923706055,23.110000610351562,20.969999313354492,22.579999923706055,0,0.014433855260107098,56.01348975950382,14602.922245480431,-45.615975441287446,258.34150734806633,0.01737970612918253,0.0020418099664161193,1,195.2998046875,-0.021663778234524034,0.03648193577056946,0.039740731830305354
14979.0,15044.349609375,14814.4501953125,14894.900390625,517500,22.579999923706055,23.420000076293945,22.110000610351562,23.309999465942383,0,0.0020418099664161193,56.671642363688036,14630.729687875153,-16.8274575649466,256.3099292562402,0.01720789817551007,-0.017710812045177438,0,229.8994140625,0.032329474964697624,0.02829826652571632,0.03392648186694358
14747.349609375,14855.4501953125,14601.7001953125,14631.099609375,613900,23.309999465942383,23.770000457763672,22.600000381469727,23.030000686645508,0,-0.017710812045177438,49.70953835255253,14630.764918494186,-15.124522034309848,258.94494826025874,0.017698256123848517,0.00020851346320172048,1,253.75,-0.012011959919002724,-0.001497994997974983,0.020203816787967455
14481.0498046875,14673.849609375,14416.25,14634.150390625,448900,23.030000686645508,24.540000915527344,21.84000015258789,23.690000534057617,0,0.00020851346320172048,49.7863657352067,14631.087344411406,-13.374586894529784,258.84885262559743,0.01768800003527519,-0.00940610742344028,0,257.599609375,0.0286582643392983,-0.015499925466282427,0.010296885787021148
14687.25,14723.400390625,14461.5,14496.5,503400,23.690000534057617,23.690000534057617,22.18000030517578,23.010000228881836,0,-0.00940610742344028,46.346080214607206,14618.26950208651,-22.831796086788017,259.0668196255548,0.01787099090301485,0.01574861550632911,2,261.900390625,-0.028704106789621542,-0.02674743571133631,-0.010683769370484208
14668.349609375,14743.900390625,14611.5,14724.7998046875,467800,21.959999084472656,22.610000610351562,20.1200008392334,22.040000915527344,0,0.01574861550632911,52.24068783236292,14628.415245191367,-11.76914882831079,258.2335032683723,0.017537318448714402,0.006679247748155426,1,132.400390625,-0.042155554267964024,0.006404179987433034,-0.009401562902088711
14816.849609375,14863.0498046875,14765.5,14823.150390625,488000,22.040000915527344,22.040000915527344,20.309999465942383,20.81999969482422,0,0.006679247748155426,54.556895695449846,14646.96144951838,4.877919541047959,249.66325303491718,0.016842792959371064,0.008041422748121585,1,97.5498046875,-0.05535395508280694,0.012914996426514724,-0.004817084916201253
14928.25,14966.900390625,14892.5,14942.349609375,522000,20.81999969482422,21.149999618530273,20.139999389648438,20.229999542236328,0,0.008041422748121585,57.26218036127741,14675.093655219009,27.373675234523034,242.09802067528022,0.01620213868663501,-0.016453209555527426,0,74.400390625,-0.02833814415158531,0.03075567270548074,0.021273178934587023
14823.5498046875,14824.0498046875,14649.7001953125,14696.5,643800,19.829999923706055,20.90999984741211,18.360000610351562,20.079999923706055,0,-0.016453209555527426,50.57474661769125,14677.13235472196,25.07466968542758,245.70883448865308,0.01671886738261852,-0.0012724250884564858,1,174.349609375,-0.007414711909266347,-0.0019219143935994554,0.004260555461760296
14749.400390625,14749.650390625,14591.900390625,14677.7998046875,620700,20.079999923706055,21.149999618530273,18.229999542236328,20.270000457763672,0,-0.0012724250884564858,50.095508116801234,14677.195921385344,21.495949817925066,239.42606059660645,0.016312121965319584,0.01671576048197254,2,157.75,0.009462178026868662,-0.00980564738987122,0.012506453605180656
14756.25,14938.0,14725.349609375,14923.150390625,546400,20.270000457763672,20.43000030517578,18.360000610351562,19.610000610351562,0,0.01671576048197254,55.98818831076188,14700.620156551026,38.01926789033314,240.90992736202742,0.016143369265605705,0.012393443335275034,2,212.650390625,-0.03256042587603003,-0.001284886196074142,0.013470511556588738
15067.2001953125,15137.25,15043.7001953125,15108.099609375,583900,19.610000610351562,19.610000610351562,18.309999465942383,19.239999771118164,0,0.012393443335275034,59.837993235629796,14739.427723486642,65.28540328449526,238.99490464866832,0.015818991853903668,-0.005159432408138875,1,93.5498046875,-0.01886796673724145,0.028006641674888533,0.019223256274200518
15058.599609375,15133.400390625,15008.849609375,15030.150390625,569100,19.239999771118164,19.56999969482422,17.229999542236328,19.31999969482422,0,-0.005159432408138875,57.55301784080413,14767.115596547439,79.68559557867411,230.82032440590632,0.015357153348903257,0.009657216347817466,2,124.55078125,0.004158000242086457,0.024005681411799484,0.005875968876736248
14987.7998046875,15190.0,14985.849609375,15175.2998046875,572900,19.649999618530273,19.649999618530273,17.1299991607666,19.079999923706055,0,0.009657216347817466,60.572238354073725,14805.990283036968,101.63857020071009,228.91532913584157,0.01508473190527227,0.001476108604989923,1,204.150390625,-0.012422348597782795,0.016896527037675968,0.032579172230633224
15211.349609375,15256.25,15145.4501953125,15197.7001953125,579800,19.079999923706055,19.889999389648438,18.719999313354492,19.1299991607666,0,0.001476108604989923,61.03288850419998,14843.295988967971,119.46684563591589,220.47850596096004,0.014507359872052436,0.006826690793124035,1,110.7998046875,0.002620505097509218,0.005930632459022256,0.03542086672002198
15257.0498046875,15319.900390625,15194.9501953125,15301.4501953125,384000,18.84000015258789,21.299999237060547,17.229999542236328,20.8700008392334,0,0.006826690793124035,63.178671247028895,14886.929722905546,140.34977544257526,213.65505520035575,0.013963059218126109,0.002378821196545866,1,124.9501953125,0.09095670438059078,0.01805037192819592,0.02534986211257073
15323.9501953125,15384.5498046875,15272.5,15337.849609375,0,20.8700008392334,21.31999969482422,18.350000381469727,19.90999984741211,0,0.002378821196545866,63.9291440410849,14929.874473997876,158.01527455599535,206.39753730658032,0.013456745408458258,0.006376433707514062,1,112.0498046875,-0.04599908736067648,0.010711472378113429,0.015207074744028937
15421.2001953125,15469.650390625,15394.75,15435.650390625,468100,19.90999984741211,19.90999984741211,17.360000610351562,17.399999618530273,0,0.006376433707514062,65.93795395357617,14978.043608914746,177.85679316843743,201.06919758825316,0.01302628606504165,0.009018033916766033,2,74.900390625,-0.12606731532487103,0.015656987060837846,0.026979104630445283
15629.650390625,15660.75,15528.2998046875,15574.849609375,409600,16.889999389648438,17.959999084472656,15.3100004196167,17.389999389648438,0,0.009018033916766033,68.61686263381375,15034.882275625247,202.47949564920054,202.78565557302082,0.013020071503673309,8.67158252806366e-05,1,132.4501953125,-0.0005747258104067399,0.017867549191268983,0.026328956253245384
15520.349609375,15597.4501953125,15459.849609375,15576.2001953125,428600,17.389999389648438,17.649999618530273,15.170000076293945,17.209999084472656,0,8.67158252806366e-05,68.64263159403797,15086.436363214509,219.57106717587703,198.12957917048362,0.012720020074607716,0.0073284506253876724,2,137.6005859375,-0.010350794220437276,0.015540026275379093,0.024905084001903388
15655.5498046875,15705.099609375,15611.0,15690.349609375,410200,17.209999084472656,17.209999084472656,14.149999618530273,15.75,0,0.0073284506253876724,70.82322161613168,15143.951910467888,239.56560134932988,193.18456737705623,0.012312317582880898,-0.001281017305247989,1,94.099609375,-0.08483434992102401,0.016500711813523194,0.02541585334059615
15712.5,15733.599609375,15622.349609375,15670.25,414200,15.75,16.3799991607666,14.9399995803833,15.9399995803833,0,-0.001281017305247989,69.90145863088361,15194.075538042374,250.89735471059066,187.33209827869504,0.01195463367072606,0.0051945814919991395,1,111.25,0.01206346542116199,0.006125284867442682,0.021671903108361867
15725.099609375,15773.4501953125,15678.099609375,15751.650390625,394000,15.9399995803833,15.9399995803833,14.739999771118164,15.569999694824219,0,0.0051945814919991395,71.51817894391189,15247.177904955004,263.4097583943658,181.32267663825252,0.01151134466177407,-0.0007333060957773752,1,95.3505859375,-0.02321203860095611,0.011263992059199479,0.0204720884448073
15773.900390625,15778.7998046875,15680.0,15740.099609375,378200,15.569999694824219,15.600000381469727,13.569999694824219,15.229999542236328,0,-0.0007333060957773752,70.93590798324743,15294.12282918548,269.2896732218851,175.42818578462735,0.011145303405839956,-0.006654976944212576,0,98.7998046875,-0.02183687599563111,0.003170738781389293,0.010610054295518312
15766.2998046875,15800.4501953125,15566.900390625,15635.349609375,457900,15.229999542236328,15.739999771118164,11.949999809265137,14.75,0,-0.006654976944212576,65.7110504905985,15326.620617774957,262.47149055715636,179.5797299919754,0.011485495014726047,0.0065492869160790335,2,233.5498046875,-0.031516714160442216,-0.0022271751009077523,0.0037974225626800084
15692.099609375,15751.25,15648.5,15737.75,298300,14.75,15.199999809265137,14.180000305175781,15.0,0,0.0065492869160790335,68.17856831103305,15365.775797034486,262.3071735841404,175.03120575147713,0.01112174267296641,0.003914130633349666,1,102.75,0.016949152542372836,-0.0008824720127913466,0.003020990086586517
15796.4501953125,15835.5498046875,15749.7998046875,15799.349609375,363000,15.0,15.0,13.9399995803833,14.100000381469727,0,0.003914130633349666,69.59598669052241,15407.068541066916,264.1031086285384,169.51467710405018,0.010729218689069564,0.0007911718082738162,1,85.75,-0.05999997456868489,0.003764270968444894,0.00823851625692007
15791.400390625,15823.0498046875,15606.5,15811.849609375,392900,14.100000381469727,15.3100004196167,13.739999771118164,14.720000267028809,0,0.0007911718082738162,69.88908882465009,15445.61911900102,263.49760920601875,172.87432907429658,0.010933213592658869,0.003630213545097627,1,216.5498046875,0.043971621899662416,0.011288522764733688,0.00382177214813173
15866.9501953125,15901.599609375,15842.400390625,15869.25,323300,14.720000267028809,15.15999984741211,13.279999732971191,14.609999656677246,0,0.003630213545097627,71.25926211971894,15485.964917191399,264.5993418541184,166.93687699756111,0.010519519006730697,-0.006408632752808119,0,59.19921875,-0.0074728674154953545,0.008355705231052779,0.008205182548405077
15847.5,15880.849609375,15742.599609375,15767.5498046875,340200,14.609999656677246,15.319999694824219,13.619999885559082,14.869999885559082,0,-0.006408632752808119,65.5664736086338,15512.78252552436,254.33430949531612,164.88781435487817,0.010457415159447224,-0.0048295020472909345,1,138.25,0.017796046200658777,-0.0020127287181891385,0.008455211978965371
15648.2998046875,15769.349609375,15616.75,15691.400390625,357600,14.869999885559082,16.049999237060547,14.529999732971191,15.289999961853027,0,-0.0048295020472909345,61.59837507964469,15529.793750772042,237.31891140300468,164.01008542774403,0.010452227420424098,-0.000513069646403852,1,152.599609375,0.02824479351219278,-0.0076176552222317895,-0.002945122992486171
15756.5,15761.5,15450.900390625,15683.349609375,640800,15.289999961853027,16.6200008392334,10.600000381469727,14.800000190734863,0,-0.000513069646403852,61.17683027995366,15544.418118258038,220.64104246854004,174.48076570969087,0.01112522324984657,0.004026588209654625,1,310.599609375,-0.032047074711619605,-0.01171450387541939,-0.007342074380781383
15525.849609375,15765.150390625,15505.650390625,15746.5,351500,14.800000190734863,16.459999084472656,14.380000114440918,15.0600004196167,0,0.004026588209654625,63.2985148451976,15563.664011757272,210.0975462025799,180.55356815899864,0.011466266672530317,0.0016670371193598932,1,259.5,0.017567582806154336,-0.0013350079719578467,-0.004132951614734148
15840.5,15895.75,15752.099609375,15772.75,322200,15.0600004196167,15.109999656677246,14.430000305175781,14.739999771118164,0,0.0016670371193598932,64.17493974145272,15583.576963018484,201.5367152682502,178.31759900478446,0.011305422263383649,-0.005439749231269109,1,143.650390625,-0.021248382442387692,0.005184343484320397,-0.0060809427036564445
15862.7998046875,15862.9501953125,15673.9501953125,15686.9501953125,287500,14.739999771118164,15.539999961853027,13.630000114440918,15.369999885559082,0,-0.005439749231269109,59.19887316599173,15593.422032760773,185.68836797690165,179.08062764729985,0.011415898273254663,0.006597840798329813,2,189.0,0.042740849675951376,0.00022958016158414196,-0.005111739640805801
15737.2998046875,15821.400390625,15702.7001953125,15790.4501953125,316700,15.369999885559082,15.640000343322754,14.930000305175781,15.100000381469727,0,0.006597840798329813,62.932670530497326,15612.18661967046,179.41187516485297,175.89273962338558,0.011139184598777337,0.0044266891189239654,1,118.7001953125,-0.0175666562198894,0.002791108837678191,0.006312362327245191
15839.349609375,15870.7998046875,15772.2998046875,15860.349609375,314600,15.100000381469727,15.270000457763672,13.279999732971191,13.369999885559082,0,0.0044266891189239654,65.24581902946821,15635.821190118511,178.02583690211213,170.36468679314376,0.010741546749539603,-0.0028782098242977616,1,98.5,-0.1145695663712466,0.0055538577213865015,0.01128585438752161
15915.349609375,15915.650390625,15792.150390625,15814.7001953125,255100,13.369999885559082,13.770000457763672,13.119999885559082,13.399999618530273,0,-0.0028782098242977616,62.50262317131303,15652.857285851273,171.2695763220181,167.01720916506207,0.010560883677995124,-0.0041891404314852165,1,123.5,0.002243809515929396,0.008143711710015822,0.0043311336050868565
15807.5,15835.900390625,15724.0498046875,15748.4501953125,360300,13.399999618530273,13.399999618530273,12.899999618530273,13.0,0,-0.0041891404314852165,58.64874309042666,15661.961372466627,158.73951944220607,163.07673607737908,0.010355097425772003,-0.0017112919035373597,1,111.8505859375,-0.029850718650553665,-0.002659835500603225,-0.0015406194029259357
15776.900390625,15839.099609375,15708.75,15721.5,262400,13.0,13.140000343322754,12.600000381469727,13.050000190734863,0,-0.0017112919035373597,57.10617708034996,15667.631717945995,144.96365280839746,160.7390841700663,0.01022415699329366,-0.002639697229908089,1,130.349609375,0.0038461685180664062,-0.008754511268334597,0.0022024551781789636
15755.0498046875,15755.5498046875,15667.0498046875,15680.0,224900,13.050000190734863,13.279999732971191,12.329999923706055,12.84000015258789,0,-0.002639697229908089,54.71947699103106,15668.809649570187,129.20804615446468,155.57914958649013,0.009922139641995543,0.002691338986766656,1,88.5,-0.016091956710932998,-0.008517404291510045,-0.006994746441446487
15705.849609375,15738.349609375,15635.9501953125,15722.2001953125,254800,12.84000015258789,13.020000457763672,12.020000457763672,12.09000015258789,0,0.002691338986766656,56.70119440526699,15673.894463450406,118.75785086756878,151.78059704906224,0.009653903090123156,0.006109183415444308,2,102.3994140625,-0.05841121425912432,-0.0016668306833019786,-0.00871036373503653
15813.75,15914.2001953125,15801.0,15818.25,391400,12.069999694824219,12.359999656677246,11.289999961853027,12.279999732971191,0,0.006109183415444308,60.89605535192419,15687.642609788463,116.87910278746676,154.65341154555776,0.009776897668551058,0.0038816171589777237,1,113.2001953125,0.01571543242227591,0.0061539929396050574,0.00022446234475892446
15819.599609375,15893.5498046875,15779.7001953125,15879.650390625,329300,12.279999732971191,12.59000015258789,11.149999618530273,12.210000038146973,0,0.0038816171589777237,63.341066323800625,15705.92906510623,118.97323043510733,151.73885424766078,0.00955555383871953,-0.0095562557277451,0,113.849609375,-0.005700301005404196,0.01273280552455347,0.008330990902936763
15855.400390625,15885.75,15682.900390625,15727.900390625,307900,12.210000038146973,14.010000228881836,12.0600004196167,13.5600004196167,0,-0.0095562557277451,54.3038779234569,15708.021572298492,107.15269533926767,155.38962247104214,0.009879870714572045,-0.0024224839292732447,1,202.849609375,0.1105651414620803,0.00036255710025878685,0.00040711068441301457
15688.25,15730.849609375,15632.75,15689.7998046875,243200,13.5600004196167,14.0,12.180000305175781,12.9399995803833,0,-0.0024224839292732447,52.28677767824449,15706.28616585935,93.63111602598656,151.2974786784677,0.009643047110981361,0.00017844744498685117,1,98.099609375,-0.045722774339775674,-0.008120379644556142,0.0006249875438457675
15766.7998046875,15789.2001953125,15644.75,15692.599609375,216300,12.9399995803833,13.609999656677246,11.8100004196167,12.989999771118164,0,0.00017844744498685117,52.4266208942843,15704.982684289413,82.19361105730422,150.80838700947,0.009610159614304743,0.007630985495128417,2,144.4501953125,0.0038640025004841316,-0.01177927578055693,-0.001882725418184461
15794.0,15820.7998046875,15744.599609375,15812.349609375,246700,12.989999771118164,12.989999771118164,10.670000076293945,12.619999885559082,0,0.007630985495128417,58.08514410765908,15715.208105726135,81.84863011537527,149.19351617397214,0.009435252815654712,0.0026308921169333477,1,76.2001953125,-0.028483440498723978,0.005369389216143494,-0.0003730115926224853
15808.7001953125,15877.349609375,15764.2001953125,15853.9501953125,0,12.619999885559082,12.960000038146973,10.489999771118164,12.59000015258789,0,0.0026308921169333477,59.87084110226659,15728.421638067693,83.96416324004349,146.61893745172412,0.009248101302543173,0.004431072328003882,1,113.1494140625,-0.0023771579432040335,0.010462236145037274,-0.0016184358395996412
15872.150390625,15952.349609375,15855.0,15924.2001953125,284900,12.59000015258789,12.949999809265137,11.079999923706055,12.270000457763672,0,0.004431072328003882,62.75635723626667,15747.06721494815,90.26876425521004,143.17468578106525,0.008991012674106586,-5.0225736783704455e-05,1,97.349609375,-0.025416973069570803,0.01475858632110505,0.012480992364658494
15958.349609375,15962.25,15882.599609375,15923.400390625,276300,12.270000457763672,12.369999885559082,11.630000114440918,11.710000038146973,0,-5.0225736783704455e-05,62.70107816238038,15763.860850726898,94.11576052558121,138.6372361270606,0.00870650945941698,-0.010738912280361723,0,79.650390625,-0.045639804297021636,0.00702304110352836,0.014888691305526391
15754.5,15836.900390625,15707.5,15752.400390625,242100,11.710000038146973,13.199999809265137,11.710000038146973,12.680000305175781,0,-0.010738912280361723,52.12861729993643,15762.769378336241,82.41621902201769,144.1560328769134,0.009151369270851412,-0.0076369809214345,0,129.400390625,0.08283520613739515,-0.006405331380284318,0.003810763209320278
15703.9501953125,15728.4501953125,15578.5498046875,15632.099609375,274300,12.680000305175781,14.09000015258789,11.789999961853027,13.210000038146973,0,-0.0076369809214345,46.223591679406134,15750.324638435171,62.714051886496236,146.277072381241,0.009357480827048634,0.012279233123449584,2,149.900390625,0.04179808519049111,-0.01834318724675943,-0.011399317903591721
15736.599609375,15834.7998046875,15726.400390625,15824.0498046875,265300,13.210000038146973,13.210000038146973,11.720000267028809,11.890000343322754,0,0.012279233123449584,54.9855692515207,15757.346082840155,61.87545729657177,150.30729544775951,0.009498661676559848,0.002022238326785386,1,108.3994140625,-0.09992427638246859,-0.006239282031493265,-0.0018859899429884974
15856.7998046875,15899.7998046875,15768.400390625,15856.0498046875,294100,11.890000343322754,12.119999885559082,11.569999694824219,11.760000228881836,0,0.002022238326785386,56.26491068547211,15766.746437301807,63.066011879431244,148.95673249166956,0.009394315376559532,-0.0019929055322251976,1,131.3994140625,-0.010933566920704463,0.0065799123620668976,-0.00427967431890619
15849.2998046875,15893.349609375,15797.0,15824.4501953125,267100,11.760000228881836,12.539999961853027,10.399999618530273,12.449999809265137,0,-0.0019929055322251976,54.61425262451324,15772.242033302824,60.75931501410014,145.19908084047887,0.009175616154012705,-0.004929081202650898,0,96.349609375,0.05867343256411717,0.012304846485378107,-0.006214137237342654
15860.5,15881.5498046875,15701.0,15746.4501953125,311000,12.449999809265137,13.529999732971191,12.100000381469727,13.229999542236328,0,-0.004929081202650898,50.663226512438584,15769.785667779935,52.03743781175763,147.7241325438375,0.009381424429730386,-0.002352898858342667,1,180.5498046875,0.06265058192135275,-0.004903903256928133,-0.00037773260994822255
15761.5498046875,15767.5,15513.4501953125,15709.400390625,318600,13.229999542236328,15.979999542236328,11.359999656677246,13.6899995803833,0,-0.002352898858342667,48.855256566179094,15764.034689003274,41.65549902788189,155.31882341124197,0.009886998838219986,0.004395444954646832,1,254.0498046875,0.03476946742729936,-0.009248798778315304,0.004945003114209978
15762.7001953125,15817.349609375,15737.7998046875,15778.4501953125,401600,13.6899995803833,13.6899995803833,12.4399995803833,12.949999809265137,0,0.004395444954646832,52.27361880964203,15765.407594366057,38.55504139133518,151.93528022115328,0.009629290477862686,-0.000976039499086867,1,79.5498046875,-0.05405403899197525,-0.0029068940425890366,-0.0028816649301427466
15800.599609375,15862.7998046875,15744.849609375,15763.0498046875,400000,12.949999809265137,13.319999694824219,12.180000305175781,12.800000190734863,0,-0.000976039499086867,51.447700652439515,15765.1830429681,34.45801303488042,149.50777415624947,0.009484698456753588,0.007746000136419795,2,117.9501953125,-0.011582982296490463,0.001054181048369962,-0.005865269165117426
15874.900390625,15892.900390625,15834.650390625,15885.150390625,244800,12.800000190734863,13.09000015258789,11.520000457763672,12.8100004196167,0,0.007746000136419795,57.219028956323534,15776.608504649708,40.59562430577898,148.10368928348166,0.009323404918526209,0.015460955882416139,2,58.25,0.000781267869751634,0.011187568947881976,0.003835848611693393
15951.5498046875,16146.900390625,15914.349609375,16130.75,341300,12.8100004196167,13.90999984741211,11.960000038146973,13.75,0,0.015460955882416139,65.97908003016677,15810.33626611164,64.53365753875187,156.22128290609012,0.009684688120892713,0.007938242467802281,2,232.55078125,0.07338013658015385,0.022327909289352244,0.024405488216125093
16195.25,16290.2001953125,16176.150390625,16258.7998046875,427300,13.75,14.0600004196167,12.649999618530273,13.210000038146973,0,0.007938242467802281,69.4871967967723,15853.047079309341,92.7678998184183,156.45191950654797,0.009622599539078035,0.0022018725316477195,1,114.0498046875,-0.03927272449840202,0.03145013218524362,0.034972653341394766
16288.9501953125,16349.4501953125,16210.2998046875,16294.599609375,418200,13.210000038146973,13.420000076293945,11.199999809265137,12.869999885559082,0,0.0022018725316477195,70.40599092256966,15895.099701220357,116.68738574116651,155.21609601500884,0.009525615831990507,-0.003461233501561467,1,139.150390625,-0.025738088690844818,0.025775595992572065,0.03271230112421564
16304.400390625,16336.75,16223.2998046875,16238.2001953125,320100,12.869999885559082,13.15999984741211,11.640000343322754,12.609999656677246,0,-0.003461233501561467,66.9839479356302,15927.77593875294,129.59885437946105,152.2328173934011,0.009374980943845385,0.0012347307242392969,1,113.4501953125,-0.020202038165794578,0.006661202691288448,0.030143303263794996
16281.349609375,16320.75,16179.0498046875,16258.25,240500,12.609999656677246,13.109999656677246,12.029999732971191,12.609999656677246,0,0.0012347307242392969,67.58708248529001,15959.249658871708,139.83718198419956,151.4804872447653,0.009317145894838947,0.0013439090538649445,1,141.7001953125,0.0,-3.3815822453320266e-05,0.02348731993089559
16274.7998046875,16359.25,16202.25,16280.099609375,288000,12.609999656677246,13.069999694824219,9.979999542236328,12.710000038146973,0,0.0013439090538649445,68.26740197198674,15989.806797014879,148.00806638837457,151.8747381558535,0.009328858041408754,0.00013208706805212245,1,157.0,0.0079302445830578,-0.0008898653754988439,0.009258689730793579
16327.2998046875,16338.75,16162.5498046875,16282.25,277900,12.710000038146973,13.329999923706055,10.470000267028809,12.710000038146973,0,0.00013208706805212245,68.33783781555421,16017.65853063251,152.89459596984125,153.61227080989966,0.009434339284183677,0.005045395484346349,2,176.2001953125,0.0,0.0027127270361044786,0.001442307894444994
16303.650390625,16375.5,16286.900390625,16364.400390625,280200,12.710000038146973,12.819999694824219,11.359999656677246,12.369999885559082,0,0.005045395484346349,70.98727467788942,16050.68156491751,161.53399251834344,149.30068003776395,0.009123504465418531,0.010064482340847336,2,88.599609375,-0.026750602011600066,0.006529016999061943,0.004283675752906557
16385.69921875,16543.599609375,16376.2998046875,16529.099609375,321900,12.369999885559082,13.15999984741211,11.399999618530273,12.989999771118164,0,0.010064482340847336,75.42684132417892,16096.245188199175,179.60030649488,151.43628994578083,0.009161799101258302,0.002054024277023725,1,167.2998046875,0.05012125232780962,0.015294746713749419,0.017914510879504686
16518.400390625,16589.400390625,16480.75,16563.05078125,254000,12.989999771118164,13.65999984741211,11.380000114440918,13.460000038146973,0,0.002054024277023725,76.2341746289407,16140.702863727825,194.41645444378992,148.38015428001077,0.008958503855339424,0.0031122785775283823,1,108.650390625,0.036181699408017076,0.017245821753750334,0.01874745321605964
16545.25,16628.55078125,16495.400390625,16614.599609375,297400,13.460000038146973,13.609999656677246,12.029999732971191,13.40999984741211,0,0.0031122785775283823,77.4457991081251,16185.835887122794,207.92113266508932,147.29231401893858,0.008865234040056374,-0.00275360231817956,1,133.150390625,-0.0037147244125674828,0.015289238394175175,0.0205465573323258
16691.94921875,16701.849609375,16535.849609375,16568.849609375,251800,13.40999984741211,13.40999984741211,11.119999885559082,12.90999984741211,0,-0.00275360231817956,73.84741579060992,16222.313384480147,212.48267676821342,148.62857730330012,0.008970361902446322,-0.007142898400624986,0,166.0,-0.03728560817966686,0.0024048496856692303,0.01760196590612484
16382.5,16509.55078125,16376.0498046875,16450.5,350800,12.90999984741211,14.140000343322754,12.350000381469727,14.020000457763672,0,-0.007142898400624986,65.38407278428812,16244.045443101086,204.1940866223067,151.78366497360008,0.009226690068605822,0.0027931806783987323,1,133.5009765625,0.0859799088668518,-0.006795292892382565,0.005261397137674928
16592.25,16592.5,16395.69921875,16496.44921875,275600,14.020000457763672,14.4399995803833,12.729999542236328,13.6899995803833,0,0.0027931806783987323,66.96696416763201,16268.083897924791,199.03864356927625,154.99917327905723,0.009395911279069916,0.007768362083601765,2,196.80078125,-0.023537864950470166,-0.007111239115165424,-0.0019753278397863783
16561.400390625,16647.099609375,16495.30078125,16624.599609375,275400,13.6899995803833,14.510000228881836,13.100000381469727,13.1899995803833,0,0.007768362083601765,70.9559202312007,16302.037775205763,202.95405531753568,154.77057719662457,0.009309732615114882,0.0006045728309951315,1,151.798828125,-0.03652301061546126,0.0033647477836031836,0.003716032084781995
16654.0,16712.44921875,16617.5,16634.650390625,265900,13.1899995803833,13.970000267028809,12.270000457763672,13.5,0,0.0006045728309951315,71.24916200762252,16333.715167150453,204.5105906010158,150.49762302186568,0.009047236911374075,0.00013525983096518424,1,94.94921875,0.023502686086339653,0.011194212371964385,0.0012068169995915756
16627.94921875,16683.69921875,16603.400390625,16636.900390625,253500,13.5,14.199999809265137,12.109999656677246,13.539999961853027,0,0.00013525983096518424,71.3189740404201,16362.589950338504,203.5789804601427,145.48342338637528,0.008744623095078223,0.004105261588480014,1,80.298828125,0.0029629601372613834,0.00851402444323357,0.004107151845442303
16642.55078125,16722.05078125,16565.599609375,16705.19921875,217400,13.539999961853027,13.760000228881836,12.9399995803833,13.40999984741211,0,0.004105261588480014,73.42816877834937,16395.219404472933,205.9774376593432,146.2668339927056,0.008755767116415767,0.013519836521704187,2,156.451171875,-0.00960119016301142,0.004848213567173465,0.015482764581623565
16775.849609375,16951.5,16764.849609375,16931.05078125,283500,13.40999984741211,13.6899995803833,12.399999618530273,13.319999694824219,0,0.013519836521704187,78.94280678313355,16446.25096416599,223.52589842612906,153.4121159396552,0.009060992015306505,0.011880446175423387,2,186.650390625,-0.006711420851004624,0.01781825188174957,0.02634515808444582
16947.5,17153.5,16915.849609375,17132.19921875,464400,13.319999694824219,14.770000457763672,12.640000343322754,14.520000457763672,0,0.011880446175423387,82.43851388055036,16511.579369364466,250.77341799069472,159.42913556003694,0.009305818448897841,-0.00326573477436376,1,237.650390625,0.09009014943189086,0.029771100174651677,0.030533042677836963
17185.599609375,17225.75,17055.05078125,17076.25,301900,14.520000457763672,15.630000114440918,13.899999618530273,14.1899995803833,0,-0.00326573477436376,78.53325182788981,16565.35752466309,264.8001874587644,160.23414150217715,0.009383450201430475,0.009246783727399066,2,170.69921875,-0.022727332436406567,0.02221169447853888,0.02654697267481354
17095.400390625,17245.5,17059.69921875,17234.150390625,242400,14.1899995803833,14.390000343322754,13.609999656677246,14.239999771118164,0,0.009246783727399066,81.23498689900522,16629.05208332613,285.36819826042483,162.06033005559308,0.00940344179332161,0.005190230833697296,2,185.80078125,0.0035236217204674958,0.017901996355161875,0.03589911497796505
17262.44921875,17340.099609375,17212.19921875,17323.599609375,261400,14.239999771118164,14.649999618530273,13.579999923706055,14.539999961853027,0,0.005190230833697296,82.57304805471875,16695.199466759354,305.3662276120376,159.6203343819793,0.00921403969043464,0.0031287476677577253,1,127.900390625,0.021067429463259568,0.011171968536037413,0.03701843854282827
17399.349609375,17429.55078125,17345.55078125,17377.80078125,228000,14.539999961853027,15.279999732971191,14.0600004196167,15.109999656677246,0,0.0031287476677577253,83.34789008110072,16760.209115758462,321.877982522994,155.7868227743379,0.008964702998691646,-0.0009035189246697772,1,84.0,0.039202179939454185,0.017659075104311528,0.026386430811178307
17401.55078125,17436.5,17287.0,17362.099609375,243400,15.109999656677246,15.229999542236328,14.59000015258789,14.899999618530273,0,-0.0009035189246697772,82.20760923989049,16817.532019912418,329.893902346128,155.33776400474235,0.008946945789947244,-0.0004953092983268625,1,149.5,-0.01389808358163469,0.007424167472717569,0.013419199000055393
17375.75,17383.400390625,17254.19921875,17353.5,252700,14.899999618530273,15.0600004196167,12.489999771118164,14.40999984741211,0,-0.0004953092983268625,81.54954228192197,16868.57658944457,331.728698014158,153.4708645669036,0.008843798920500395,0.0009075978909154347,1,129.201171875,-0.03288589152101584,0.0017259917857266327,0.016236000292804365
17312.849609375,17379.650390625,17302.69921875,17369.25,241500,14.40999984741211,14.40999984741211,13.640000343322754,13.9399995803833,0,0.0009075978909154347,81.83632196402117,16916.259771402227,330.6422422211399,148.00517223176763,0.00852110322735683,-0.000803098507419775,1,76.951171875,-0.032616257599282106,-0.0004920519781320687,0.007839064085717329
17363.55078125,17378.349609375,17269.150390625,17355.30078125,241100,13.9399995803833,14.779999732971191,11.920000076293945,14.029999732971191,0,-0.000803098507419775,80.64082030958986,16958.073200911538,324.91026946625425,145.23331841164136,0.008368239781159302,0.001423151293159064,1,109.19921875,0.0064562521733888545,-0.0003915902038327257,0.00182994138572945
17420.349609375,17438.55078125,17367.05078125,17380.0,230400,14.029999732971191,14.029999732971191,10.869999885559082,13.579999923706055,0,0.001423151293159064,81.16547876842573,16998.256705586628,318.6870345361749,140.80593852509554,0.008101607510074542,0.00802354538262362,2,71.5,-0.032074113886660705,0.0015270694672544494,0.00012655334110944771
17387.650390625,17532.69921875,17386.900390625,17519.44921875,388200,13.579999923706055,13.880000114440918,12.369999885559082,13.729999542236328,0,0.00802354538262362,83.82999007318845,17047.89408779266,321.3036737985203,141.65545854116016,0.008085611412347081,0.006281634763507293,2,145.798828125,0.01104562734705361,0.008647421088993523,0.009062821485601669
17539.19921875,17644.599609375,17510.44921875,17629.5,503300,13.729999542236328,14.529999732971191,9.029999732971191,14.40999984741211,0,0.006281634763507293,85.56549769088875,17103.285127050505,328.47114666732523,141.11938226143442,0.00800472970086698,-0.002515647600612625,1,134.150390625,0.04952660800052899,0.015799162584738013,0.015904572564612307
17709.650390625,17792.94921875,17537.650390625,17585.150390625,508300,14.40999984741211,15.649999618530273,12.140000343322754,15.229999542236328,0,-0.002515647600612625,81.75726107843785,17149.177056914745,326.805566581148,149.2750569659748,0.008488699479394636,-0.010705054879733056,0,255.298828125,0.05690490655844682,0.011803819943901006,0.012430035299451525
17443.849609375,17622.75,17361.80078125,17396.900390625,339100,15.229999542236328,17.809999465942383,10.229999542236328,17.489999771118164,0,-0.010705054879733056,67.93580393047061,17172.76975536334,306.75925094006016,157.2517828076909,0.009039068987969382,0.00949017386246398,2,260.94921875,0.14839135238411072,-0.006995016030175383,0.002396939695792799
17450.5,17578.349609375,17326.099609375,17562.0,363600,17.489999771118164,18.0,13.0,16.520000457763672,0,0.00949017386246398,72.35058515196465,17209.839302471595,300.72795537720594,164.0373697499987,0.009340472027673312,-0.0008740239935656202,1,252.25,-0.05546022447388965,-0.003828809665617272,0.010471806674338335
17580.900390625,17610.44921875,17524.0,17546.650390625,295200,16.520000457763672,16.860000610351562,13.279999732971191,16.489999771118164,0,-0.0008740239935656202,71.36675361873515,17241.916548962396,291.35101189061606,158.49535896428452,0.00903279859322706,0.015746528367181822,2,86.44921875,-0.001816022143716678,-0.0021893472131193636,0.001552627113750038
17670.849609375,17843.900390625,17646.55078125,17822.94921875,320500,16.489999771118164,16.940000534057617,10.3100004196167,16.600000381469727,0,0.015746528367181822,77.3399408492159,17297.25299370407,302.7250964522282,168.40640475254992,0.009448851740843426,0.0016972499684944076,1,197.349609375,0.006670746626948221,0.024489927432969294,0.010973040571201631
17897.44921875,17947.650390625,17819.400390625,17853.19921875,360100,16.600000381469727,17.329999923706055,12.770000457763672,16.920000076293945,0,0.0016972499684944076,77.8839107759888,17350.200253232255,310.599663029534,165.53809012736778,0.00927218075030017,0.00010644538279747096,1,128.25,0.0192770896066623,0.016581210497095933,0.01524290791780225
17932.19921875,17943.5,17802.900390625,17855.099609375,295700,16.920000076293945,18.139999389648438,13.520000457763672,18.049999237060547,0,0.00010644538279747096,77.91977154492157,17398.28590619823,313.38119606127657,163.75677007362722,0.009171428536172662,-0.0059646824901542495,0,140.599609375,0.06678482007513731,0.017578809167748677,0.026337980241406544
17906.44921875,17912.849609375,17576.099609375,17748.599609375,398000,18.049999237060547,18.56999969482422,15.369999885559082,18.540000915527344,0,-0.0059646824901542495,70.97427002767571,17431.64911602459,303.49343765524463,176.11342935408243,0.009922666195087157,-0.0021015082285871234,1,336.75,0.027146908541731074,-0.004171566022125206,0.010625191286584679
17657.94921875,17781.75,17608.150390625,17711.30078125,562200,18.540000915527344,19.43000030517578,16.760000228881836,18.84000015258789,0,-0.0021015082285871234,68.66578741760847,17458.28260795082,289.3125986245359,175.93387078414798,0.009933424594674587,-0.005259376020738893,0,173.599609375,0.01618118782342104,-0.007948067781094026,0.00938357959835856
17718.900390625,17742.150390625,17585.349609375,17618.150390625,378600,18.84000015258789,19.139999389648438,17.149999618530273,18.399999618530273,0,-0.005259376020738893,63.142219561787414,17473.508111062645,267.474444591935,174.56722153170884,0.009908373901984617,-0.004886983449795879,1,156.80078125,-0.023354592913693684,-0.013270674705482266,-0.011490737341581458
17531.900390625,17557.150390625,17452.900390625,17532.05078125,305800,18.399999618530273,19.079999923706055,17.0,17.209999084472656,0,-0.004886983449795879,58.461122733198685,17479.08360346144,240.44829302545622,173.90170570801533,0.009919073808182096,0.009080467581137563,2,104.25,-0.06467394340917221,-0.012200896571615494,-0.017988285100337675
17615.55078125,17750.900390625,17581.349609375,17691.25,295800,17.209999084472656,17.530000686645508,15.319999694824219,16.739999771118164,0,0.009080467581137563,63.80440304993144,17499.289926941303,229.23345904288362,177.11227025565708,0.01001129203734372,0.007407660919946268,2,169.55078125,-0.027309665215411782,-0.0011320897034974298,-0.009176628131997044
17661.349609375,17833.44921875,17640.900390625,17822.30078125,427000,16.739999771118164,17.1299991607666,16.299999237060547,16.399999618530273,0,0.007407660919946268,67.50944936799158,17530.052865446894,228.2887544663099,178.21488153203873,0.009999544038642316,-0.009892144870289554,0,192.548828125,-0.020310642606728102,0.01158750414195775,0.004152506310191928
17861.5,17884.599609375,17613.150390625,17646.0,395800,16.399999618530273,17.59000015258789,16.110000610351562,17.329999923706055,0,-0.009892144870289554,58.79084612687972,17541.09544969005,210.88314007478766,184.8744770476074,0.010476848976969703,0.008180302016037588,2,271.44921875,0.05670733700048247,0.006499480304486882,-0.003686955693233518
17810.55078125,17857.55078125,17763.80078125,17790.349609375,419900,17.329999923706055,17.329999923706055,14.449999809265137,16.15999984741211,0,0.008180302016037588,63.003789747980164,17564.833941088615,206.35810458912238,186.7799273477783,0.010498946420330644,0.005893622760496431,2,93.75,-0.06751298796565364,0.005601617148307758,0.009773966899591757
17886.849609375,17941.849609375,17840.349609375,17895.19921875,324100,16.15999984741211,16.399999618530273,15.529999732971191,15.649999618530273,0,0.005893622760496431,65.74330251984335,17596.29730086589,208.82526095831417,184.25993253722274,0.010296612531933216,0.0028359561343596074,1,101.5,-0.03155942040206816,0.004090293301339143,0.02071340324249893
17867.55078125,18041.94921875,17839.099609375,17945.94921875,375800,15.649999618530273,16.40999984741211,12.229999542236328,16.09000015258789,0,0.0028359561343596074,67.01641806460009,17629.597483521517,212.42687622239828,185.587766597064,0.010341485108135776,0.0025632525445875576,1,202.849609375,0.02811505078483445,0.016998142284370354,0.014396903483360424
17915.80078125,18008.650390625,17864.94921875,17991.94921875,355600,16.09000015258789,16.399999618530273,13.9399995803833,15.850000381469727,0,0.0025632525445875576,68.17106935391813,17664.107172590895,216.49735113047063,182.59586697405942,0.010148754020702231,0.00943759784921161,2,143.701171875,-0.014916082588076529,0.011331964452725662,0.009518885332609806
18097.849609375,18197.80078125,18050.75,18161.75,506700,15.850000381469727,16.219999313354492,13.380000114440918,16.100000381469727,0,0.00943759784921161,72.05933793551536,17711.50172758224,230.76462483474097,184.25698808305518,0.01014533225504454,0.009734787740718787,2,147.05078125,0.01577287028284724,0.014895099964616021,0.029227586988552545
18272.849609375,18350.75,18248.69921875,18338.55078125,538700,16.100000381469727,16.290000915527344,12.609999656677246,15.770000457763672,0,0.009734787740718787,75.42558900635584,17771.220685074408,253.41665800948613,184.59577464855124,0.010065995773084134,0.007552396132719963,2,102.05078125,-0.02049688918553494,0.021876890306242958,0.03081452494818393
18500.099609375,18543.150390625,18445.30078125,18477.05078125,469900,15.770000457763672,17.31999969482422,14.15999984741211,17.18000030517578,0,0.007552396132719963,77.69286260614314,17838.442598995895,279.32447137420604,186.0246199861547,0.010067874044862578,-0.003155307734996393,1,97.849609375,0.08941026039843636,0.026962146046658475,0.032514394245488853
18602.349609375,18604.44921875,18377.69921875,18418.75,368200,17.18000030517578,17.540000915527344,14.239999771118164,17.3799991607666,0,-0.003155307734996393,74.57385321901639,17893.709970520096,291.7886563166612,188.93357570142936,0.010257676319046047,-0.008260625212080042,0,226.75,0.01164137671933374,0.014150618745440324,0.026345821861348817
18439.900390625,18458.30078125,18209.349609375,18266.599609375,371300,17.3799991607666,18.860000610351562,15.229999542236328,18.309999465942383,0,-0.008260625212080042,67.01288747586077,17929.22326945866,286.09146342893655,193.22054685668442,0.010577805995020414,-0.004844908296702255,1,248.951171875,0.05350980150074758,-0.00392349279576476,0.01526518262617027
18382.69921875,18384.19921875,18048.0,18178.099609375,365900,18.309999465942383,18.799999237060547,14.90999984741211,18.040000915527344,0,-0.004844908296702255,63.01102540289397,17952.92577802212,271.3077201302476,203.4333091347784,0.011191120827056181,-0.003476668084567369,1,336.19921875,-0.014745961676145947,-0.016179593562537953,0.0009002221358074269
18230.69921875,18314.25,18034.349609375,18114.900390625,324700,18.040000915527344,18.040000915527344,14.359999656677246,17.549999237060547,0,-0.003476668084567369,60.2442585073763,17968.35193160335,251.59165627651237,208.8952435269371,0.011531680496297214,0.000579633328010587,1,279.900390625,-0.027161954190647708,-0.01649675517475402,-0.012195641481859476
18229.5,18241.400390625,17968.5,18125.400390625,418700,17.549999237060547,18.760000228881836,14.510000228881836,17.610000610351562,0,0.000579633328010587,60.554157052644925,17983.30892770065,234.1150631571836,213.4670397482273,0.011777231683038509,0.007889480889700096,2,272.900390625,0.0034188818176306146,-0.0077299126147994945,-0.019031738061890513
18154.5,18310.44921875,18099.30078125,18268.400390625,341400,17.610000610351562,17.729999542236328,16.649999618530273,16.75,0,0.007889480889700096,64.60121528781964,18010.460495598207,229.162005150225,213.30142530192535,0.01167597713762545,-0.0031448386638428527,1,211.1484375,-0.04883592166635331,0.004967558941278316,-0.008162856294536835
18295.849609375,18342.05078125,18167.900390625,18210.94921875,335200,16.75,17.030000686645508,15.399999618530273,16.829999923706055,0,-0.0031448386638428527,61.855448120147216,18029.5546597079,218.08687185958115,210.5049228250021,0.011559250443039298,-0.0194223384240636,0,174.150390625,0.004776114848122681,0.005302200180725691,-0.00304656541529702
18187.650390625,18190.69921875,17799.44921875,17857.25,374200,16.829999923706055,18.43000030517578,16.809999465942383,17.90999984741211,0,-0.0194223384240636,48.25666087310145,18013.14469211667,178.70913035711783,224.86171405178766,0.012592180433817506,-0.010393515763905459,0,391.25,0.06417111875234238,-0.014794177499311667,-0.017650338389032072
17833.05078125,17915.849609375,17613.099609375,17671.650390625,336500,17.90999984741211,19.639999389648438,16.280000686645508,17.43000030517578,0,-0.010393515763905459,42.923933564292994,17980.62142530794,131.0153853511183,230.42516304808854,0.013039255415008185,0.014599655057507821,2,302.75,-0.02680064468597332,-0.03266569525738228,-0.02446880691816533
17783.150390625,17954.099609375,17697.099609375,17929.650390625,281200,17.43000030517578,18.100000381469727,15.380000114440918,17.239999771118164,0,0.014599655057507821,51.025827397144354,17975.767041052422,112.73663487232989,234.1411670267965,0.013058880788284835,-0.002270048271341696,1,257.0,-0.010900776289785696,-0.015446686756743877,-0.010799761427684018
17970.900390625,18012.25,17847.599609375,17888.94921875,296400,17.239999771118164,17.790000915527344,16.360000610351562,17.059999465942383,0,-0.002270048271341696,49.8242677655147,17967.49867702362,93.88411141461984,229.17754014095388,0.012811123634961483,-0.0033400508475575075,1,164.650390625,-0.010440853107047676,0.0017751455991263931,-0.020770902966946503
17947.94921875,17988.75,17757.94921875,17829.19921875,331000,17.059999465942383,17.059999465942383,15.699999809265137,16.1299991607666,0,-0.0033400508475575075,48.035979195267316,17954.32730004518,73.27732965812902,229.29348593445715,0.012860559979234605,0.004913376165984751,1,230.80078125,-0.054513501423747446,0.008915343198990788,-0.020962663473189536
17935.05078125,17947.55078125,17900.599609375,17916.80078125,48500,16.1299991607666,16.40999984741211,14.3100004196167,15.75,0,0.004913376165984751,50.82286106709842,17950.75334587421,63.285504724604834,221.36906283199593,0.012355390090828018,0.008469704042186388,2,46.951171875,-0.023558535681197257,-0.0007166681499667371,0.0033348237410575354
18040.19921875,18087.80078125,17836.099609375,18068.55078125,338900,15.75,16.93000030517578,13.989999771118164,16.34000015258789,0,0.008469704042186388,55.29554442451033,17961.972149243335,66.84136262882748,223.53564204935336,0.012371531328418412,-0.001344921435271762,1,251.701171875,0.0374603271484375,0.010039805038506877,0.022459724012849458
18084.349609375,18112.599609375,17983.05078125,18044.25,270200,16.34000015258789,16.610000610351562,14.640000343322754,16.0,0,-0.001344921435271762,54.441634095157816,17969.808135029685,66.9270423956259,216.82229819761383,0.012016143546981106,-0.0014991358050348014,1,129.548828125,-0.02080784268132596,0.012061718454738246,0.006391625429290171
17973.44921875,18061.25,17915.0,18017.19921875,261400,16.0,16.68000030517578,15.140000343322754,16.309999465942383,0,-0.0014991358050348014,53.45209910980456,17974.321571574477,64.07357200043043,211.78141975492713,0.011754402955956221,-0.007970140510272006,0,146.25,0.019374966621398926,0.005603591775439565,0.007169230480322364
17967.44921875,17971.349609375,17798.19921875,17873.599609375,232100,16.309999465942383,17.290000915527344,14.649999618530273,16.350000381469727,0,-0.007970140510272006,48.420695533447144,17964.729003745957,49.652524395925866,212.29703262957517,0.011877687610179086,0.012820606684330382,2,173.150390625,0.0024525393523691097,-0.010789530064431285,0.002490318834864169
17977.599609375,18123.0,17905.900390625,18102.75,249100,16.350000381469727,16.350000381469727,14.649999618530273,15.220000267028809,0,0.012820606684330382,55.602519287981515,17977.873860532058,56.067945332328236,214.94727248639123,0.011873735895728064,0.0003700663573213969,1,217.099609375,-0.06911315523402706,0.0032420300095599153,0.01037848335873659
18140.94921875,18210.150390625,18071.30078125,18109.44921875,280400,15.220000267028809,15.84000015258789,13.430000305175781,15.470000267028809,0,0.0003700663573213969,55.79629803537601,17990.404847029004,60.98973194538485,209.51172512129185,0.01156919366185745,-0.006087981951756416,0,138.849609375,0.01642575529657364,0.005120107674893015,0.0022635150984240404
18127.05078125,18132.650390625,17958.80078125,17999.19921875,267400,15.470000267028809,15.680000305175781,13.579999923706055,15.199999809265137,0,-0.006087981951756416,51.79008907956379,17991.242406240526,55.35592109298523,206.96443113941385,0.01149853549728014,-0.005586294529162039,1,173.849609375,-0.01745316438934541,0.007027102101421212,-0.0024966835002839805
17939.349609375,18022.650390625,17879.25,17898.650390625,295700,15.199999809265137,15.40999984741211,13.920000076293945,14.979999542236328,0,-0.005586294529162039,48.378448678965306,17982.42411903905,42.29014087566247,202.42414253124142,0.011309464016195748,-0.007478195643460861,0,143.400390625,-0.014473701959832108,-0.011274508534614869,-0.006579758967288907
17890.55078125,17945.599609375,17688.5,17764.80078125,278400,14.979999542236328,16.149999618530273,12.079999923706055,14.859999656677246,0,-0.007478195643460861,44.203966513114175,17961.698086868662,20.894017839291337,206.3295330200813,0.011614514317427833,-0.019603372100156835,0,257.099609375,-0.008010673513089261,-0.019031414668490343,-0.006087124614111539
17796.25,17805.25,17280.44921875,17416.55078125,356400,14.859999656677246,18.079999923706055,13.5600004196167,17.520000457763672,0,-0.019603372100156835,35.59743635977139,17909.779295857363,-23.88806166600989,229.07747932221835,0.013152861447677373,0.004983697932798847,1,524.80078125,0.17900409572965037,-0.032370797745993496,-0.037905799878471536
17281.75,17553.69921875,17216.099609375,17503.349609375,308800,17.520000457763672,20.020000457763672,16.790000915527344,18.020000457763672,0,0.004983697932798847,38.79599358793134,17871.071706668565,-51.777384827815695,236.8290600402742,0.013530499323022478,-0.0050446817378146935,1,337.599609375,0.028538812039724304,-0.022085507712751973,-0.03346869372191963
17550.05078125,17600.599609375,17354.0,17415.05078125,298100,18.020000457763672,18.020000457763672,15.579999923706055,17.100000381469727,0,-0.0050446817378146935,36.79403911380609,17827.64114234299,-80.08171963603309,237.52695642132605,0.013639176790518499,0.006959452503032093,2,246.599609375,-0.05105438695466713,-0.019687808735189827,-0.03245413478681236
17417.30078125,17564.349609375,17351.69921875,17536.25,255900,17.100000381469727,18.06999969482422,16.0,16.65999984741211,0,0.006959452503032093,41.2735503300903,17799.88960497699,-91.67655458964146,235.75005886444563,0.013443584510054637,-0.029071254187753914,0,212.650390625,-0.025731024809474312,0.0068727281453950795,-0.02024735847205661
17338.75,17355.400390625,16985.69921875,17026.44921875,356300,16.65999984741211,21.389999389648438,16.049999237060547,20.799999237060547,0,-0.029071254187753914,31.24324620751186,17726.228615812513,-140.38394851808698,258.2358247491281,0.015166745657382961,0.0016151341742889347,1,369.701171875,0.24849936540014594,-0.02724623579303742,-0.041562614272561915
17055.80078125,17160.69921875,16782.400390625,17053.94921875,348900,20.799999237060547,23.81999969482422,18.889999389648438,20.829999923706055,0,0.0016151341742889347,32.20040991141731,17662.202006568463,-174.7514628663739,266.81175356169035,0.015645159378588017,-0.004148599194972014,1,378.298828125,0.0014423407570156588,-0.020735027823678864,-0.020819366994891064
17051.150390625,17324.650390625,16931.400390625,16983.19921875,498000,20.829999923706055,21.969999313354492,18.809999465942383,21.170000076293945,0,-0.004148599194972014,31.004564804346728,17597.535074395277,-205.32998307809612,275.84305687871245,0.016242113946009232,0.01081664117042136,2,393.25,0.016322619003034555,-0.031537573953952514,-0.029717191408117793
17104.400390625,17213.05078125,17064.25,17166.900390625,295500,21.170000076293945,21.170000076293945,18.93000030517578,19.450000762939453,0,0.01081664117042136,37.49533358024407,17556.522247369536,-212.29334579436545,272.5579501373758,0.015876945979497976,0.013674571102433752,2,148.80078125,-0.0812470149813811,0.008248999545972913,-0.014249191331223265
17183.19921875,17420.349609375,17149.30078125,17401.650390625,279900,19.450000762939453,22.969999313354492,18.0,18.09000015258789,0,0.013674571102433752,44.65996081784432,17541.7725467272,-196.60317873965323,272.4501557079204,0.015656569899525203,-0.01177768586739425,0,271.048828125,-0.06992290781514743,0.020388308151681356,-0.0076755069855299896
17424.900390625,17489.80078125,17180.80078125,17196.69921875,292500,18.09000015258789,18.829999923706055,17.209999084472656,18.450000762939453,0,-0.01177768586739425,40.31507725232758,17508.90842025318,-198.41920198038133,275.06085887164033,0.015994979930319096,-0.01654091957599968,0,309.0,0.019900531084299677,0.012571247457563217,0.009999148842643857
17209.05078125,17216.75,16891.69921875,16912.25,231700,18.450000762939453,20.479999542236328,18.299999237060547,20.079999923706055,0,-0.01654091957599968,35.19702429066773,17452.083808800497,-220.27193049400012,278.63156761295176,0.016475132972428374,0.015636548581649423,2,325.05078125,0.0883468343286351,-0.01483380137535295,-0.00830888006833097
17044.099609375,17251.650390625,16987.75,17176.69921875,254100,20.079999923706055,20.079999923706055,18.239999771118164,18.459999084472656,0,0.015636548581649423,42.504887862988966,17425.856704986163,-213.7871284833709,282.97219782809805,0.016474189494987895,0.017060948527881648,2,263.900390625,-0.08067733293767876,-0.012927002142060662,0.011393613035308947
17315.25,17484.599609375,17308.94921875,17469.75,257800,18.459999084472656,18.459999084472656,16.56999969482422,17.270000457763672,0,0.017060948527881648,49.32476474273196,17430.037018797004,-182.89285229574307,284.7527830278768,0.016299762906044835,0.002696066593683266,1,175.650390625,-0.06446363411306633,0.01587809252093475,0.017641484629361992
17524.400390625,17543.25,17379.599609375,17516.849609375,237200,17.270000457763672,17.43000030517578,15.539999961853027,16.600000381469727,0,0.002696066593683266,50.34423461194179,17438.304884566336,-152.84645222941617,276.10261214195697,0.015762115808437786,-0.00031677089480919296,1,163.650390625,-0.0387956026945413,0.03574921192478819,0.006620016846911492
17476.05078125,17534.349609375,17405.25,17511.30078125,204500,16.600000381469727,16.93000030517578,15.210000038146973,16.059999465942383,0,-0.00031677089480919296,50.21606356339439,17445.256874726685,-128.006627045208,265.6023976586029,0.01516748532713191,-0.008169055116863166,0,129.099609375,-0.03253017488663057,0.019479968662125202,0.018294299301169437
17619.099609375,17639.5,17355.94921875,17368.25,256600,16.059999465942383,16.860000610351562,14.680000305175781,16.56999969482422,0,-0.008169055116863166,46.90097089947655,17437.922886657478,-118.49791890036795,266.8844250579884,0.015366224291911297,-0.002495911181322197,1,283.55078125,0.031755930625238626,-0.005810043074457316,0.026962704548478156
17283.19921875,17376.19921875,17225.80078125,17324.900390625,271000,16.56999969482422,17.329999923706055,13.9399995803833,16.950000762939453,0,-0.002495911181322197,45.91183203160939,17427.15883941629,-113.15576119970501,258.56399737527494,0.014924414660138037,-0.005974060321640162,1,150.3984375,0.022933076349659354,-0.010957976064786767,0.008628035572354031
17323.650390625,17351.19921875,17192.19921875,17221.400390625,215000,16.950000762939453,17.709999084472656,15.770000457763672,17.219999313354492,0,-0.005974060321640162,43.55023506273221,17407.56279667426,-115.9371959219825,251.452283277041,0.014601151914099088,0.0015678167505297491,1,159.0,0.015929117301598072,-0.016555046038350674,-0.014215979586141736
17373.0,17379.349609375,17184.94921875,17248.400390625,219500,17.219999313354492,17.219999313354492,15.260000228881836,15.899999618530273,0,0.0015678167505297491,44.35435428499782,17392.404472288617,-114.6413149104119,247.37714808760953,0.01434203418782336,-0.01525945397337003,0,194.400390625,-0.0766550375992483,-0.006900500014394129,-0.01532519972120594
17276.0,17298.150390625,16966.44921875,16985.19921875,354600,15.899999618530273,16.90999984741211,13.760000228881836,16.34000015258789,0,-0.01525945397337003,38.5843257673562,17353.623019570652,-133.31567466732304,253.4002926438517,0.014918888461674476,-0.021842546279377872,0,331.701171875,0.02767299022729719,-0.01960768398176893,-0.03004354554079247
16824.25,16840.099609375,16410.19921875,16614.19921875,330600,16.34000015258789,20.139999389648438,16.34000015258789,18.969999313354492,0,-0.021842546279377872,32.22139972356533,17283.201705206782,-176.02275795644164,276.371700312148,0.01663466873565883,0.00942870544420904,2,429.900390625,0.16095465949858445,-0.03525852474840252,-0.0434154725576843
16773.150390625,16936.400390625,16688.25,16770.849609375,241000,18.969999313354492,18.969999313354492,16.6299991607666,17.540000915527344,0,0.00942870544420904,36.949399455240936,17234.40626750852,-194.9804386834585,279.64523399520886,0.016674482242025807,0.011007170994593363,2,248.150390625,-0.07538210066357032,-0.02768667067292585,-0.03198002694144275
16865.55078125,16971.0,16819.5,16955.44921875,207900,17.540000915527344,17.540000915527344,15.6899995803833,16.579999923706055,0,0.011007170994593363,42.07706170038085,17207.838929531517,-192.8854283777473,273.96703089733677,0.01615805204349132,0.006909306212627531,1,151.5,-0.054732094738458414,-0.0017515249374973063,-0.015443063040319172
17066.80078125,17118.650390625,17015.55078125,17072.599609375,197000,16.579999923706055,16.579999923706055,15.680000305175781,15.829999923706055,0,0.006909306212627531,45.12696993459115,17194.958994278517,-179.7005836909084,266.0551838243127,0.015583753494588778,-0.004032754879180422,1,103.099609375,-0.045235223368587096,0.02759088082365535,-0.010192294779146738
17149.5,17155.599609375,16909.599609375,17003.75,182600,15.829999923706055,16.649999618530273,15.329999923706055,16.149999618530273,0,-0.004032754879180422,43.671586004776664,17176.74861387104,-172.814983801607,264.6226706940046,0.015562606524678653,0.004851870910828504,1,246.0,0.020214762878489223,0.01388721478337085,0.001092173309896971
16937.75,17112.05078125,16833.19921875,17086.25,144800,16.149999618530273,17.280000686645508,15.260000228881836,17.1200008392334,0,0.004851870910828504,45.922182850499965,17168.129698264274,-158.8696849276348,265.63902010871857,0.01554694682032152,0.008603409174043453,2,278.8515625,0.06006199650866617,0.007714380171381929,0.028412490727646178
17177.599609375,17250.25,17161.150390625,17233.25,176000,17.1200008392334,17.1200008392334,15.210000038146973,16.479999542236328,0,0.008603409174043453,49.77302136239013,17174.331631762914,-134.40690450013426,258.37909010095296,0.014993056451972377,-0.0011402602889762914,1,89.099609375,-0.037383251496717174,0.009409837652186503,0.027571673552335474
17220.099609375,17285.94921875,17176.650390625,17213.599609375,161700,16.479999542236328,16.860000610351562,15.800000190734863,16.239999771118164,0,-0.0011402602889762914,49.2679656124811,17178.07143915454,-115.27675835180708,247.73049995981347,0.014391557000366886,-0.0005606259494814747,1,109.298828125,-0.014563093312173536,0.012341372307579146,0.015225216819353182
17201.44921875,17264.05078125,17146.349609375,17203.94921875,320800,16.239999771118164,16.790000915527344,15.289999961853027,16.56999969482422,0,-0.0005606259494814747,49.00497281410907,17180.535989592205,-99.74488858913537,238.44269081089823,0.013859764858584193,0.008724831757606522,2,117.701171875,0.020320192632818923,0.006888534274636093,0.0076935916251952285
17244.5,17400.80078125,17238.5,17354.05078125,167000,16.56999969482422,16.770000457763672,15.399999618530273,16.219999313354492,0,0.008724831757606522,53.19039442014415,17197.061207845327,-74.46543705326258,235.47189593154835,0.013568699256427293,0.015653315812207858,2,162.30078125,-0.021122533971986268,0.007009750409818327,0.020601383885907598
17387.150390625,17646.650390625,17383.30078125,17625.69921875,200500,16.219999313354492,16.809999465942383,15.449999809265137,16.450000762939453,0,0.015653315812207858,59.645585680382545,17237.883875550535,-32.14102915987678,239.5524468917949,0.01359108900695196,0.01018687423526421,2,263.349609375,0.014180114631422436,0.023940350579001457,0.031572124881117825
17681.400390625,17827.599609375,17593.55078125,17805.25,247400,16.450000762939453,16.68000030517578,15.710000038146973,16.1200008392334,0,0.01018687423526421,63.25273352221122,17291.91874454572,15.708538254140876,239.15933126559526,0.013431955814470185,0.0067395852346920915,2,234.048828125,-0.020060784705221324,0.03495132272273049,0.033191649862910344
17820.099609375,17944.69921875,17748.849609375,17925.25,251500,16.1200008392334,17.3799991607666,15.09000015258789,17.229999542236328,0,0.0067395852346920915,65.47398619850617,17352.23600696994,62.591150464508246,236.06577970198128,0.013169455360565754,-0.010005417462796928,0,195.849609375,0.06885847675028511,0.032914460488219,0.04134233436203627
17768.5,17797.94921875,17655.55078125,17745.900390625,236500,17.229999542236328,18.420000076293945,16.399999618530273,17.979999542236328,0,-0.010005417462796928,59.668703184092585,17389.727853032324,84.3021609872776,238.46816820541122,0.013437930054616548,0.003764183651131514,1,142.3984375,0.043528730117578185,0.006819654096169581,0.03150155612435457
17797.599609375,17905.0,17704.55078125,17812.69921875,239300,17.979999542236328,18.09000015258789,16.860000610351562,17.600000381469727,0,0.003764183651131514,61.05377741036142,17430.010840243533,105.68018502520499,235.75252895859612,0.013235081671981433,0.010700318921871732,2,200.44921875,-0.021134547855463315,0.0004183720391457424,0.02642889797208281
17913.30078125,18017.44921875,17879.150390625,18003.30078125,232400,17.600000381469727,18.389999389648438,15.84000015258789,17.68000030517578,0,0.010700318921871732,64.77142511652787,17484.60988224415,136.42969961303606,233.53806260441067,0.012971958056026864,0.002913311252602302,1,138.298828125,0.004545450112051208,0.00435423669125945,0.021423352220734104
17997.75,18081.25,17964.400390625,18055.75,220200,17.68000030517578,18.25,16.440000534057617,17.760000228881836,0,0.002913311252602302,65.7405516993856,17539.004179173276,163.15042849680322,225.2031730880242,0.012472656803955758,0.008673115731830494,2,116.849609375,0.0045248824844552615,0.01746034873151281,0.014068884177419472
18170.400390625,18227.94921875,18128.80078125,18212.349609375,245000,17.760000228881836,17.93000030517578,16.549999237060547,17.18000030517578,0,0.008673115731830494,68.52469575417051,17603.132315382965,194.718484882982,221.41717634959392,0.012157529429130719,0.0024956237305924223,1,99.1484375,-0.03265765294095224,0.02243626222601458,0.016016491227458518
18257.0,18272.25,18163.80078125,18257.80078125,303700,17.18000030517578,17.520000457763672,16.610000610351562,16.700000762939453,0,0.0024956237305924223,69.30439415086771,17665.48169308459,220.85801302875916,213.34803652105148,0.011685308601907357,-0.00011232356375068253,1,108.44921875,-0.02793943735214721,0.014136296620953948,0.028846121039619588
18185.0,18286.94921875,18119.650390625,18255.75,229500,16.700000762939453,17.100000381469727,15.34000015258789,16.559999465942383,0,-0.00011232356375068253,69.22107324762642,17721.697722314628,238.6572048036105,210.05880734990495,0.011506446316908643,0.0028675682661627455,1,167.298828125,-0.008383310814437883,0.01107680378826692,0.024872748133738076
18235.650390625,18321.55078125,18228.75,18308.099609375,266700,16.559999465942383,17.549999237060547,16.270000457763672,16.770000457763672,0,0.0028675682661627455,70.20577361937293,17777.54552108228,254.05873751406762,201.6832340570546,0.011016066023246835,-0.010653690567923424,0,92.80078125,0.012681219721847325,0.005257421587751221,0.01693016363101818
18337.19921875,18350.94921875,18085.900390625,18113.05078125,227500,16.770000457763672,17.8799991607666,16.770000457763672,17.780000686645508,0,-0.010653690567923424,62.21872512683279,17809.498403003014,247.67075847651722,206.20934791905069,0.011384572947397212,-0.00964224043394124,0,265.048828125,0.06022660711462624,-0.007928118053991073,0.003173547554103262
18129.19921875,18129.19921875,17884.900390625,17938.400390625,276700,17.780000686645508,18.450000762939453,15.9399995803833,17.81999969482422,0,-0.00964224043394124,56.06783233891114,17821.774782776538,225.91124791602124,208.93002507661848,0.011647082266365839,-0.010112406160797005,0,244.298828125,0.00224966291529749,-0.017383542685181386,-0.015041948162964225
17921.0,17943.69921875,17648.44921875,17757.0,258100,17.81999969482422,18.450000762939453,17.31999969482422,17.790000915527344,0,-0.010112406160797005,50.48525274344371,17815.60575584544,191.8180247442251,215.09573757114572,0.012113292649160654,-0.007875745304668613,0,295.25,-0.0016834332104723737,-0.030101409820427194,-0.027429414267916785
17613.69921875,17707.599609375,17485.849609375,17617.150390625,277600,17.790000915527344,19.610000610351562,16.979999542236328,18.889999389648438,0,-0.007875745304668613,46.63048010271779,17796.705244872064,151.76475541738546,219.09964136070676,0.012436724243286306,-0.02656790518738339,0,221.75,0.06183240120920974,-0.0273780710170779,-0.03498073808936908
17575.150390625,17599.400390625,16997.849609375,17149.099609375,323800,18.889999389648438,23.899999618530273,18.889999389648438,22.829999923706055,0,-0.02656790518738339,36.56714949660397,17735.02851768187,81.31709170926842,247.68543706708485,0.014443057811133198,0.007513491221694313,2,601.55078125,0.20857600113087904,-0.044000622355519825,-0.06330531429960717
17001.55078125,17309.150390625,16836.80078125,17277.94921875,326500,22.829999923706055,24.139999389648438,21.18000030517578,21.360000610351562,0,0.007513491221694313,40.38155873823931,17691.497155878835,35.47496400536693,263.73287794622166,0.015264130864559968,-0.00971173291462768,0,472.349609375,-0.06438893203096707,-0.02697813714309849,-0.04610496445824952
17062.0,17182.5,16866.75,17110.150390625,395600,21.360000610351562,23.8700008392334,20.440000534057617,21.06999969482422,0,-0.00971173291462768,37.24088014014676,17636.130797283233,-14.23116751057023,274.2661880036344,0.01602944344392849,-0.0004793161771092791,1,315.75,-0.013576821500033254,-0.02877877458943645,-0.04617189838358504
17208.30078125,17373.5,17077.099609375,17101.94921875,355300,21.06999969482422,21.31999969482422,20.280000686645508,20.700000762939453,0,-0.0004793161771092791,37.08905006742162,17585.25636123245,-53.66676383348022,275.8472024765891,0.01612957674872286,0.0139107178709299,2,296.400390625,-0.01756046213781648,-0.0027494382620079083,-0.03688972130709012
17301.05078125,17410.0,17264.150390625,17339.849609375,321700,20.700000762939453,22.110000610351562,20.700000762939453,21.950000762939453,0,0.0139107178709299,44.19634638984544,17561.884289626978,-64.97420256842452,278.1474581032613,0.016040938322376075,0.013667938611870323,2,145.849609375,0.06038647120428875,0.0035826237154248375,-0.015740387923211863
17529.44921875,17622.400390625,17244.55078125,17576.849609375,386400,21.950000762939453,22.06999969482422,19.75,19.979999542236328,0,0.013667938611870323,50.228802168739556,17563.30955817441,-54.186877331489086,285.2690403369569,0.016229816302507496,0.011557838585399605,2,377.849609375,-0.08974948301729857,0.02727616111461617,0.024943000492350098
17706.19921875,17794.599609375,17674.80078125,17780.0,271200,19.979999542236328,19.979999542236328,18.549999237060547,18.649999618530273,0,0.011557838585399605,54.744802606611785,17583.94674311018,-28.912025801622804,280.44625174146,0.015773130019204724,-0.012362248664229525,0,119.798828125,-0.06656656427316365,0.03964757306767153,0.029057313162211162
17767.75,17781.150390625,17511.150390625,17560.19921875,226600,18.649999618530273,19.600000381469727,17.40999984741211,19.15999984741211,0,-0.012362248664229525,49.51038422415042,17581.685074123496,-26.314275377349986,279.7000909027843,0.015928070485905024,-0.0024998826581151823,1,270.0,0.02734585733584205,0.012707700143827383,0.026303031700503965
17590.19921875,17617.80078125,17462.55078125,17516.30078125,261400,19.15999984741211,19.780000686645508,18.600000381469727,18.899999618530273,0,-0.0024998826581151823,48.512717121631056,17575.457998611735,-27.48099270446255,270.8107986954426,0.0154605017393471,-0.017281112927623465,0,155.25,-0.013569949423405281,-0.003444805495332104,0.0242283237542138
17456.30078125,17536.75,17119.400390625,17213.599609375,265000,18.899999618530273,21.079999923706055,18.18000030517578,20.440000534057617,0,-0.017281112927623465,42.198290308288,17540.9952948749,-52.22901580029793,281.2778566011253,0.016340443776090483,0.0030876976246183574,1,417.349609375,0.08148153156667104,-0.03185603996766029,-0.007280916665606041
17279.849609375,17306.44921875,17043.650390625,17266.75,268500,20.440000534057617,20.940000534057617,19.559999465942383,19.68000030517578,0,0.0030876976246183574,43.5867600484681,17514.876695363007,-66.78337292466676,279.9579259956878,0.016213701246365866,0.01141215233034587,2,262.798828125,-0.037182006312353355,-0.016711041548814975,-0.01764250228377684
17370.099609375,17477.150390625,17339.0,17463.80078125,236400,19.68000030517578,19.68000030517578,17.889999389648438,18.559999465942383,0,0.01141215233034587,48.52371656568684,17510.01232259034,-61.706144555730134,274.9895306120672,0.015746259022108723,0.008133901085124018,2,138.150390625,-0.05691061086715743,-0.00299720818086191,-0.017783983056805397
17554.099609375,17639.44921875,17427.150390625,17605.849609375,273600,18.559999465942383,18.93000030517578,16.799999237060547,17.709999084472656,0,0.008133901085124018,51.79850286127717,17519.1396832365,-45.693524706210155,270.5116232915624,0.015364871863242358,-0.01312629691281364,0,212.298828125,-0.045797435664234665,0.022787215277527917,0.0025996510663874872
17451.0,17454.75,17303.0,17374.75,253100,17.709999084472656,19.530000686645508,16.860000610351562,18.68000030517578,0,-0.01312629691281364,46.60398682720964,17505.38828483302,-51.062597370193544,272.8214794403794,0.015702181581915102,-0.03061622289529342,0,151.75,0.054771387399651594,0.006254796067586499,-0.008081088753712273
17076.150390625,17099.5,16809.650390625,16842.80078125,305500,18.68000030517578,23.540000915527344,18.68000030517578,22.979999542236328,0,-0.03061622289529342,37.3252945009564,17442.284713063207,-97.12192135342775,293.69848872142376,0.017437627656819363,0.03025912638397754,2,289.849609375,0.2301926748828329,-0.03555926958733613,-0.021541039442038223
16933.25,17375.0,16839.25,17352.44921875,298700,22.979999542236328,23.139999389648438,20.43000030517578,20.610000610351562,0,0.03025912638397754,48.00604484038623,17433.728951700046,-91.44576796304318,310.9878823841792,0.01792184368118736,-0.0017432697608654735,1,535.75,-0.10313311484314003,-0.014392965761224397,0.004963251263266022
17408.44921875,17490.599609375,17257.69921875,17322.19921875,244500,20.610000610351562,21.020000457763672,19.350000381469727,20.59000015258789,0,-0.0017432697608654735,47.488748328579604,17423.10707237147,-88.36962763766496,305.4102044013807,0.01763114489936109,-0.001016014719190439,1,232.900390625,-0.0009704248991446729,-0.003024548914372871,-0.008108290072343816
17396.55078125,17442.900390625,17235.849609375,17304.599609375,232100,20.59000015258789,22.3700008392334,19.459999084472656,22.010000228881836,0,-0.001016014719190439,47.1702740547495,17411.820647324188,-86.35644234555366,298.3845313191392,0.017243076295014963,-0.0016353356196504576,1,207.05078125,0.0689655204356796,0.027418173148440417,-0.017110790259141306
17236.05078125,17380.80078125,17219.19921875,17276.30078125,189600,22.010000228881836,23.209999084472656,21.639999389648438,22.170000076293945,0,-0.0016353356196504576,46.62878727287688,17398.91399341236,-86.05249779509177,288.61431926062926,0.01670579384528098,-0.004031556958107085,1,161.6015625,0.007269415981293603,-0.004388339452261247,-0.0056662236147282385
17192.25,17351.05078125,17070.69921875,17206.650390625,215200,22.170000076293945,23.760000228881836,20.56999969482422,22.899999618530273,0,-0.004031556958107085,45.25190713300998,17380.603174099277,-90.3898658718499,288.02412234915573,0.016739116319006805,-0.006651566067580439,1,280.3515625,0.0329273585802512,-0.0066705634005136405,0.021602678444077483
16847.94921875,17148.55078125,16843.80078125,17092.19921875,300100,22.899999618530273,27.81999969482422,22.899999618530273,26.65999984741211,0,-0.006651566067580439,43.00471866800919,17353.13613073268,-101.88801279527615,293.3687999938589,0.017163900106665957,-0.0016937094155936583,1,304.75,0.16419215246795504,-0.012274215839696678,-0.014997882818685304
17194.5,17220.69921875,17027.849609375,17063.25,200200,26.65999984741211,26.65999984741211,23.90999984741211,24.540000915527344,0,-0.0016937094155936583,42.430754668216665,17325.527927805757,-112.04475489715333,286.18885780679756,0.01677223611016644,-0.04778103847083648,0,192.849609375,-0.07951984036078508,-0.012331967586557857,-0.01494898052377247
16548.900390625,16705.25,16203.25,16247.9501953125,458000,24.540000915527344,33.970001220703125,24.540000915527344,31.979999542236328,0,-0.04778103847083648,30.204260933076796,17222.901477092113,-183.76361412700862,327.17536796345485,0.02013640884114996,0.025261660109649586,2,502.0,0.3031784168354057,-0.055716840497604614,-0.061061766115064864
16515.650390625,16748.80078125,16478.30078125,16658.400390625,329800,31.979999542236328,31.979999542236328,26.149999618530273,26.739999771118164,0,0.025261660109649586,39.63478329668612,17169.13946885715,-205.11696558840777,339.58074067588666,0.020384954900411423,0.008134034290366632,1,270.5,-0.16385240294320957,-0.025379930491865932,-0.03576578102272965
16481.599609375,16815.900390625,16356.2998046875,16793.900390625,404200,26.739999771118164,29.790000915527344,26.739999771118164,28.56999969482422,0,0.008134034290366632,42.401602319217936,17133.402413787422,-208.70016726798713,348.15358676600187,0.020730954612566035,-0.011191633122935585,0,459.6005859375,0.06843679653590096,-0.01578536383016127,-0.02398781811856221
16593.099609375,16678.5,16478.650390625,16605.94921875,517700,28.56999969482422,30.84000015258789,28.56999969482422,29.229999542236328,0,-0.011191633122935585,39.68450389632353,17083.16877616481,-224.12242540277657,345.8033305684303,0.020824062871273814,-0.00649757722841704,1,199.849609375,0.023101149963668854,0.02203348847910558,-0.028448650391728836
16723.19921875,16768.94921875,16442.94921875,16498.05078125,442100,29.229999542236328,29.229999542236328,27.219999313354492,28.15999984741211,0,-0.00649757722841704,38.172246817024906,17027.443252839592,-242.25857222744162,344.38880695639955,0.020874514906197083,-0.015317032007332254,0,326.0,-0.036606216612426135,-0.009625750709248204,-0.033123772947709296
16339.4501953125,16456.0,16133.7998046875,16245.349609375,456100,28.15999984741211,29.93000030517578,27.219999313354492,27.959999084472656,0,-0.015317032007332254,34.82510657970107,16952.958143938202,-273.8655206615513,345.80753335683534,0.02128655533256569,-0.02352668473994779,0,322.2001953125,-0.007102299858777639,-0.03266369148862058,-0.0001600562474797229
15867.9501953125,15944.599609375,15711.4501953125,15863.150390625,585400,27.959999084472656,30.280000686645508,27.959999084472656,29.329999923706055,0,-0.02352668473994779,30.472920228711203,16849.166929336945,-325.9966513217587,359.2426676929543,0.022646363354486252,0.009474776509483585,1,233.1494140625,0.04899860100475517,-0.04473088640342804,-0.04773867726504821
15747.75,16028.75,15671.4501953125,16013.4501953125,543600,29.329999923706055,30.059999465942383,27.110000610351562,28.59000015258789,0,0.009474776509483585,33.967737788075425,16769.574859429857,-351.1353401964625,359.1038917639933,0.02242514182665714,0.020726290088294297,2,357.2998046875,-0.025230132050565013,-0.02937320246875752,-0.04647224153765839
16078.0,16418.05078125,15990.0,16345.349609375,462200,28.59000015258789,28.59000015258789,27.309999465942383,27.469999313354492,0,0.020726290088294297,41.018253741089126,16729.172454662727,-340.35304528480265,364.0286695844224,0.02227108494367297,0.01526738719047449,2,428.05078125,-0.03917456569625166,0.0061556077526512265,-0.015693147434219124
16757.099609375,16757.30078125,16447.900390625,16594.900390625,486400,27.469999313354492,27.469999313354492,22.959999084472656,25.579999923706055,0,0.01526738719047449,45.71186162053371,16716.384639040087,-308.11952631943495,367.4517054623208,0.022142447186360107,0.0021421537513466316,1,309.400390625,-0.06880230931529796,0.046128920295205544,0.005870366788121917
16528.80078125,16694.400390625,16470.900390625,16630.44921875,343700,25.579999923706055,25.8700008392334,24.579999923706055,25.350000381469727,0,0.0021421537513466316,46.36661153724636,16708.200313298174,-276.5182072075986,357.1694407864407,0.021476836619888175,0.014482565042708062,2,223.5,-0.008991381662326714,0.038530049171921155,0.02370522141011744
16633.69921875,16887.94921875,16606.5,16871.30078125,314700,25.350000381469727,26.209999084472656,25.09000015258789,25.68000030517578,0,0.014482565042708062,50.704575833459224,16723.733691198348,-229.3949042600616,351.76085349812354,0.020849658130039066,-0.012346456503312231,0,281.44921875,0.013017748273774332,0.032177419537930074,0.06355297439661234
16900.650390625,16927.75,16555.0,16663.0,381600,25.68000030517578,27.540000915527344,23.65999984741211,26.729999542236328,0,-0.012346456503312231,47.1525049722811,16717.94953013184,-206.47733715859795,353.26007824825757,0.02120026875402134,0.018745100484606647,2,372.75,0.04088782027190718,0.00410364676930941,0.040562764224141956
16876.650390625,16987.900390625,16837.849609375,16975.349609375,260000,26.729999542236328,26.729999542236328,24.010000228881836,24.1200008392334,0,0.018745100484606647,52.523424044176814,16742.463823393093,-161.25218227530786,351.23438627516776,0.02069084845717646,0.018361988356508263,2,150.05078125,-0.09764305079313018,0.02073909045319966,0.038543072803940426
17202.900390625,17344.599609375,17175.75,17287.05078125,448300,24.1200008392334,24.1200008392334,20.770000457763672,22.610000610351562,0,0.018361988356508263,57.19827360658953,16794.329247950893,-99.11668616559837,352.5212158269415,0.020392212661820574,-0.009802202470463706,1,168.849609375,-0.06260365573560356,0.024642438979100234,0.041708619776712696
17329.5,17353.349609375,17096.400390625,17117.599609375,285500,22.610000610351562,24.709999084472656,22.610000610351562,24.6200008392334,0,-0.009802202470463706,54.08066834990676,16825.116901419857,-62.82296718459838,345.69464460716,0.020195275768562157,0.011561223252155806,2,256.94921875,0.08889872510492536,0.02728197859779158,0.029292677799452438
17120.400390625,17334.400390625,17006.30078125,17315.5,338300,24.6200008392334,25.15999984741211,23.760000228881836,24.06999969482422,0,0.011561223252155806,57.02661277165916,16871.820053665586,-17.884860272875812,344.43785637629145,0.019891880475660043,-0.0040339354552280104,1,328.099609375,-0.022339607053657007,0.020037901925574753,0.0263286882564302
17405.05078125,17442.400390625,17199.599609375,17245.650390625,292100,24.06999969482422,24.979999542236328,20.450000762939453,24.75,0,-0.0040339354552280104,55.66909609283547,16907.422942899815,11.954825708078715,337.17806529584203,0.01955148444149936,-0.0013278937068936791,1,242.80078125,0.028250947810439797,-0.002394878753402163,0.034966716115045315
17094.94921875,17291.75,17091.150390625,17222.75,290300,24.75,25.530000686645508,23.809999465942383,23.93000030517578,0,-0.0013278937068936791,55.20510416673372,16937.454091195068,33.3704479429216,327.4224613014962,0.019011044188732704,-0.004049875890900112,1,200.599609375,-0.03313130080097848,0.0061428233528380005,0.014574096929842684
17289.0,17294.900390625,17076.55078125,17153.0,237100,23.93000030517578,24.270000457763672,22.90999984741211,23.43000030517578,0,-0.004049875890900112,53.73601645191403,16957.982272986013,44.20467678283603,319.6315433067465,0.018634148155235033,0.004022619949862971,1,218.349609375,-0.020894274702196958,-0.009384655366579064,-0.007754404319526564
17181.849609375,17235.099609375,17003.900390625,17222.0,253200,23.43000030517578,24.209999084472656,19.59000015258789,22.610000610351562,0,0.004022619949862971,55.01145632620764,16983.126818415916,57.693549215444364,313.3149486955503,0.018192715636717587,0.005998187274997013,1,231.19921875,-0.03499785250293308,-0.00137138293362693,0.006099008798396088
17297.19921875,17343.650390625,17235.69921875,17325.30078125,235100,22.610000610351562,22.610000610351562,21.100000381469727,21.299999237060547,0,0.005998187274997013,56.92602570513201,17015.714814876304,75.84479593084689,299.62462311908246,0.017294050296855216,0.009982465582194733,2,107.951171875,-0.05793902423387176,0.005954379019029954,0.0005660120267967361
17468.150390625,17522.5,17387.19921875,17498.25,505000,21.299999237060547,21.299999237060547,19.729999542236328,20.610000610351562,0,0.009982465582194733,59.995589939912705,17061.670546792848,102.9980488881447,292.30852280700515,0.016705014661866482,-0.001914477162001882,1,135.30078125,-0.032394302883750004,0.02012767445927821,0.014647148913114805
17519.19921875,17559.80078125,17435.19921875,17464.75,281100,20.610000610351562,20.940000534057617,20.209999084472656,20.559999465942383,0,-0.001914477162001882,59.11680297420202,17100.05906614591,120.4258334115184,280.32945421364764,0.016051157572461536,0.011777965258592316,2,124.6015625,-0.0024260622478616822,0.014095343165718255,0.014051182302477816
17436.900390625,17703.69921875,17422.69921875,17670.44921875,291800,20.559999465942383,20.860000610351562,18.1200008392334,18.43000030517578,0,0.011777965258592316,62.72700183744442,17154.38193782249,149.11676086246734,280.37735034124427,0.015867018821668532,0.021671841339984343,2,281.0,-0.10359918366218557,0.019921641872649776,0.030166689136011282
17809.099609375,18114.650390625,17791.400390625,18053.400390625,345500,18.43000030517578,18.829999923706055,17.59000015258789,17.90999984741211,0,0.021671841339984343,68.333391420214,17240.002742851302,200.44488285123953,292.0790518793697,0.01617861707820119,-0.005317557796472028,1,323.25,-0.028214891435332068,0.03172605206949264,0.04827548430060391
18080.599609375,18095.44921875,17921.55078125,17957.400390625,283500,17.90999984741211,18.6299991607666,16.790000915527344,18.489999771118164,0,-0.005317557796472028,65.6668540790318,17308.32632835356,230.71683161337205,283.6375794237004,0.015795024516565257,-0.008339180323571727,0,173.8984375,0.03238413895295822,0.028208270408966563,0.03648419253183066
17842.75,17901.0,17779.849609375,17807.650390625,328800,18.489999771118164,19.280000686645508,16.809999465942383,19.020000457763672,0,-0.008339180323571727,61.626997172179436,17355.881000950838,239.85904979893894,276.0599509827218,0.015502323154774874,-0.00943974110495216,0,121.150390625,0.028664180270752793,0.007764441649248832,0.01768179050047869
17723.30078125,17787.5,17623.69921875,17639.55078125,308800,19.020000457763672,19.489999771118164,17.719999313354492,19.0,0,-0.00943974110495216,57.360995621478374,17382.897170503136,230.8786644409156,269.4807524750274,0.015277075692963368,0.008208759390795572,2,163.80078125,-0.001051548753013165,-0.022923637676030784,0.010008776607165926
17698.150390625,17842.75,17600.55078125,17784.349609375,274400,19.0,20.09000015258789,17.530000686645508,17.690000534057617,0,0.008208759390795572,59.93382458640527,17421.13073610998,232.76255776364997,267.5320714946683,0.015043118099389985,-0.006151497975913078,1,242.19921875,-0.06894734031275696,-0.009636739031577468,0.006445811830530168
17740.900390625,17779.05078125,17650.94921875,17674.94921875,251700,17.690000534057617,19.149999618530273,16.639999389648438,18.270000457763672,0,-0.006151497975913078,57.129041328936935,17445.30392493284,222.85888111179156,257.95123714683484,0.014594171329963095,-0.008183810641252287,0,128.1015625,0.03278687994324314,-0.007451919201247437,-0.02096287478737391
17584.849609375,17595.30078125,17442.349609375,17530.30078125,266000,18.270000457763672,18.670000076293945,15.09000015258789,18.15999984741211,0,-0.008183810641252287,53.56003187680846,17453.39886362971,201.02098124367694,256.14040659170377,0.014611295595433569,-0.0031174816283502382,1,152.951171875,-0.006020832380703056,-0.006193468379938949,-0.023784044465477105
17599.900390625,17663.650390625,17457.400390625,17475.650390625,245100,18.15999984741211,18.399999618530273,16.190000534057617,17.790000915527344,0,-0.0031174816283502382,52.23234848656837,17455.518056676883,177.26110282143782,252.5768061208678,0.014453070442308992,-0.017281188010147552,0,206.25,-0.020374390693483013,-0.017357914432095334,-0.018643672394578426
17183.44921875,17237.75,17067.849609375,17173.650390625,376100,17.790000915527344,20.479999542236328,17.790000915527344,19.34000015258789,0,-0.017281188010147552,45.517577685765104,17428.673517052892,132.53457582029296,263.6642329158058,0.015352835705782077,-0.012519178806467801,0,169.900390625,0.08712755240544623,-0.02836210853682175,-0.026412259382491143
17258.94921875,17275.650390625,16824.69921875,16958.650390625,401400,19.34000015258789,20.809999465942383,14.630000114440918,19.770000457763672,0,-0.012519178806467801,41.43379560020187,17383.909409774045,78.8310623485122,277.0418714128911,0.016336315982198917,0.010490244596548015,2,450.951171875,0.022233728117020846,-0.03260927452177109,-0.0464284180690383
17045.25,17186.900390625,16978.94921875,17136.55078125,286100,19.770000457763672,20.270000457763672,17.84000015258789,18.670000076293945,0,0.010490244596548015,45.76941205252011,17360.351445152708,50.048784523343784,273.55673774054173,0.01596334882278962,0.014941678252146096,2,207.951171875,-0.05563987637834156,-0.0194041195489304,-0.03046110236791255
17234.599609375,17414.69921875,17215.5,17392.599609375,285200,18.670000076293945,18.670000076293945,13.350000381469727,17.850000381469727,0,0.014941678252146096,51.35158221477797,17363.422698888164,47.35375787800149,273.88471629478875,0.0157471983743683,-0.012686452605167986,0,199.19921875,-0.043920711916086486,0.012749136832872932,-0.007855037605645765
17242.75,17315.30078125,17149.19921875,17171.94921875,262700,17.850000381469727,18.760000228881836,17.809999465942383,18.350000381469727,0,-0.012686452605167986,46.873870159591185,17345.187129351194,27.100885238454794,271.7072644612324,0.01582273864195662,-0.012695122564301942,0,166.1015625,0.028011203883169467,0.012577582721023273,-0.017378533278390784
17009.05078125,17054.30078125,16888.69921875,16953.94921875,275700,18.350000381469727,21.760000228881836,18.350000381469727,21.260000228881836,0,-0.012695122564301942,42.89428131345826,17307.926375960604,-6.465905407785613,272.53174557114437,0.016074823750783767,0.014560121616207233,2,165.6015625,0.1585830946549025,-0.010655677728320545,-0.012792922114854166
17121.30078125,17223.849609375,17064.44921875,17200.80078125,261100,21.260000228881836,21.260000228881836,19.010000228881836,19.190000534057617,0,0.014560121616207233,48.25183371577298,17297.723938369116,-12.999124940790352,272.3437916464198,0.015833204227520173,-0.009441443610115341,0,159.400390625,-0.09736593003475658,-0.011027611307835583,0.014278871552117378
17073.349609375,17110.69921875,16958.44921875,17038.400390625,265100,19.190000534057617,21.3700008392334,19.190000534057617,20.610000610351562,0,-0.009441443610115341,45.24445540374438,17273.026457631582,-30.924622973019723,270.20148956453266,0.015858383614063033,0.012128508890934642,2,152.25,0.07399687528792853,-0.007777150189751225,-0.005727546451902765
17189.5,17322.5,17071.05078125,17245.05078125,312900,20.610000610351562,20.610000610351562,19.020000457763672,19.3799991607666,0,0.012128508890934642,49.55311733706019,17270.362107500005,-28.131467786330177,271.1942124081375,0.015725915559668773,-0.008263240381694681,0,251.44921875,-0.0596798356700281,0.01717013297279779,-0.0084834257925116
17329.25,17377.650390625,17053.25,17102.55078125,336200,19.3799991607666,19.649999618530273,18.209999084472656,19.420000076293945,0,-0.008263240381694681,46.8173184462241,17254.380076428573,-36.99003317810639,274.994653709342,0.01607916019233963,-0.0019559171203674675,1,324.400390625,0.002064030818346163,-0.005711943371095818,-0.004041383806575927
16924.44921875,17092.25,16917.25,17069.099609375,278200,19.420000076293945,21.059999465942383,19.420000076293945,20.280000686645508,0,-0.0019559171203674675,46.17288019532147,17236.734317661565,-46.17743535054615,268.5879485336747,0.015735331955421712,-0.022936183451936376,0,175.0,0.04428427430344706,0.0018017664831313507,0.006791950898239696
17096.599609375,17132.849609375,16623.94921875,16677.599609375,310600,20.280000686645508,22.389999389648438,18.43000030517578,21.8799991607666,0,-0.022936183451936376,39.34655997886535,17183.483393062845,-84.0800731169802,285.7531229687694,0.01713394790987419,0.00030284821366977077,1,508.900390625,0.07889538559901044,-0.032905160968964564,-0.03041725664570938
16854.75,16945.69921875,16651.849609375,16682.650390625,265800,21.8799991607666,21.8799991607666,19.610000610351562,20.290000915527344,0,0.00030284821366977077,39.47088984231153,17135.785011878288,-112.41478314063352,286.3314434263573,0.017163426477321875,-0.0162684216398562,0,293.849609375,-0.07266902679275744,-0.02455191602678053,-0.020879307437554062
16415.55078125,16484.19921875,16340.900390625,16411.25,300500,20.290000915527344,21.809999465942383,19.329999923706055,21.25,0,-0.0162684216398562,35.2853537841865,17066.781677413688,-154.98343573733655,290.28991175304606,0.01768847051583798,-0.006666182687180999,1,143.298828125,0.04731390050051676,-0.0385403814161166,-0.04835014937483195
16227.7001953125,16403.69921875,16142.099609375,16301.849609375,288400,21.25,22.520000457763672,18.959999084472656,22.030000686645508,0,-0.006666182687180999,33.732550512676625,16993.931004267146,-195.2958478702203,288.77994595818564,0.017714550979056495,-0.003790968888092272,1,261.599609375,0.03670591466567097,-0.02253022070327071,-0.0468176462164247
16248.900390625,16404.55078125,16197.2998046875,16240.0498046875,283100,22.030000686645508,22.520000457763672,21.219999313354492,22.299999237060547,0,-0.003790968888092272,32.85302145587946,16922.13279478337,-229.58395179134095,282.9564481442081,0.0174233731760192,-0.0044919933245182175,1,207.2509765625,0.012255948343147915,-0.026530591697001782,-0.04857021305518394
16270.0498046875,16318.75,15992.599609375,16167.099609375,284300,22.299999237060547,24.190000534057617,20.479999542236328,22.799999237060547,0,-0.0044919933245182175,31.799025691161262,16850.224872363528,-259.6508983437416,286.04172974997897,0.01769282905785455,-0.022211752141785834,0,326.150390625,0.022421525430774247,-0.014877013672023764,-0.030609920609500185
16021.099609375,16041.9501953125,15735.75,15808.0,314900,22.799999237060547,25.31999969482422,21.149999618530273,24.270000457763672,0,-0.022211752141785834,27.17694665565365,16750.96536070986,-308.89476093928533,296.42086400890906,0.01875131983862026,-0.0016352232651188903,1,306.2001953125,0.06447373990757388,-0.03029408448787263,-0.05242874304412204
15977.0,16083.599609375,15740.849609375,15782.150390625,369100,24.270000457763672,24.270000457763672,20.969999313354492,23.489999771118164,0,-0.0016352232651188903,26.874128659537647,16658.697268320826,-346.0180436530063,299.7300880082727,0.018991714094064138,0.0038112305721171857,1,342.75,-0.03213847020740357,-0.028195690257694417,-0.03833343647650245
15845.099609375,15977.9501953125,15739.650390625,15842.2998046875,217600,23.489999771118164,24.709999084472656,21.280000686645508,24.530000686645508,0,0.0038112305721171857,28.860471020114517,16580.945128927175,-366.3617672368,295.34221062821746,0.018642634861690353,0.026321935902047233,2,238.2998046875,0.04427419862328241,-0.02009017155428139,-0.028190040743795053
15912.599609375,16284.25,15900.7998046875,16259.2998046875,295700,24.530000686645508,24.84000015258789,17.100000381469727,22.739999771118164,0,0.026321935902047233,40.85516591691723,16550.31224090435,-344.8605618709771,305.81420953423765,0.018808571907018557,-0.0011685620062508173,1,383.4501953125,-0.07297190645827611,0.028548823677093882,0.0011853411923923307
16318.150390625,16399.80078125,16211.2001953125,16240.2998046875,290400,22.739999771118164,23.059999465942383,21.34000015258789,22.299999237060547,0,-0.0011685620062508173,40.51993107678445,16520.787246978936,-325.60052277386967,297.4418078487564,0.01831504414486884,-0.026532725334179386,0,188.6005859375,-0.019349188148034102,0.02902959373233771,0.004527725880407951
15917.400390625,15984.75,15775.2001953125,15809.400390625,313900,22.299999237060547,25.149999618530273,22.299999237060547,24.559999465942383,0,-0.026532725334179386,33.75520903201746,16453.03611780237,-341.17394371674527,309.41736510063095,0.01957173311165653,0.028891038794289337,2,209.5498046875,0.1013453052108595,-0.002076681698244709,8.85874636260553e-05
16043.7998046875,16283.0498046875,16003.849609375,16266.150390625,252400,24.559999465942383,24.559999465942383,22.440000534057617,23.100000381469727,0,0.028891038794289337,44.359048465532794,16435.23747711881,-313.0514223048467,321.1482257407644,0.019743345415388407,-0.0031630222318707046,1,279.2001953125,-0.05944621808714823,0.0004213333919536044,0.03066755720991665
16290.9501953125,16414.69921875,16185.75,16214.7001953125,293800,23.100000381469727,23.979999542236328,20.5,23.399999618530273,0,-0.0031630222318707046,43.51409170211935,16414.23392647059,-291.5548593169806,314.5625823842812,0.01939983956503975,-0.005522754266735541,1,228.94921875,0.012986979744866067,-0.0015763015266264668,0.02350671273843785
16225.5498046875,16262.7998046875,16078.599609375,16125.150390625,249800,23.399999618530273,25.989999771118164,23.15999984741211,25.639999389648438,0,-0.005522754266735541,42.01403072876738,16386.702161151963,-278.53383445179134,305.25098330772533,0.018930116985773675,-0.006161219184365629,1,184.2001953125,0.09572648750576596,0.019972294470272267,-0.008250626759697566
16196.349609375,16223.349609375,16006.9501953125,16025.7998046875,243300,25.639999389648438,25.639999389648438,24.360000610351562,25.280000686645508,0,-0.006161219184365629,40.352016618422695,16352.330508155348,-273.08340490910086,298.9044426473521,0.018651452426101278,0.009007387318995308,1,216.3994140625,-0.014040511371785414,-0.014776119743490468,-0.013207884249654578
16105.0,16204.4501953125,15903.7001953125,16170.150390625,314300,25.280000686645508,25.280000686645508,22.540000915527344,22.719999313354492,0,0.009007387318995308,43.82886957240992,16334.980020771505,-254.18591730190565,299.03626817254127,0.018493103709530997,0.011273847198922216,2,300.75,-0.10126587435748646,-0.00274749481340264,0.022818702233256438
16296.599609375,16370.599609375,16221.9501953125,16352.4501953125,274100,22.719999313354492,22.719999313354492,21.200000762939453,21.479999542236328,0,0.011273847198922216,47.954814745070514,16336.643846918267,-221.94105322089126,291.9943360709312,0.017856304870730175,0.018893205092962884,2,148.6494140625,-0.05457745636415179,0.01409598045173266,0.005305484248887771
16527.900390625,16695.5,16506.150390625,16661.400390625,251400,21.479999542236328,21.479999542236328,19.719999313354492,19.979999542236328,0,0.018893205092962884,54.107178459416225,16367.573041557003,-169.5031406741291,295.6411552578289,0.01774407602761768,-0.004612433983534836,1,189.349609375,-0.06983240372284627,0.03966108360792009,0.027549087552148244
16578.44921875,16690.75,16521.900390625,16584.55078125,651600,19.979999542236328,20.75,19.68000030517578,20.479999542236328,0,-0.004612433983534836,52.44638778064049,16388.23758819443,-132.61809950445422,286.5846162661983,0.017280215789154948,-0.0037264067061659745,1,168.849609375,0.025025025598375716,0.02562749143417098,0.02848968099498106
16594.400390625,16649.19921875,16438.849609375,16522.75,249600,20.479999542236328,21.34000015258789,18.229999542236328,20.850000381469727,0,-0.0037264067061659745,51.08832861671574,16401.048294080676,-107.13822245408664,281.1392586311127,0.017015282482099693,0.006370004993115463,1,210.349609375,0.01806644763200982,0.0104143295135255,0.03100938495232808
16481.650390625,16646.400390625,16443.05078125,16628.0,236000,20.850000381469727,21.0,18.3799991607666,20.31999969482422,0,0.006370004993115463,53.30590161737728,16422.662742263466,-77.55839601913976,275.58285511281895,0.016573421644985504,-0.002628050201467391,1,203.349609375,-0.025419696736146857,-0.0020046568620842864,0.028314492958608994
16761.650390625,16793.849609375,16567.900390625,16584.30078125,245500,20.31999969482422,20.31999969482422,18.739999771118164,19.979999542236328,0,-0.002628050201467391,52.24674325900075,16438.056841214566,-56.985439527154085,272.0375953726176,0.016403320161690497,-0.0008893953501298846,1,225.94921875,-0.016732291225107332,-1.5074270222736885e-05,0.014178339219401037
16530.69921875,16610.94921875,16444.55078125,16569.55078125,233600,19.979999542236328,20.68000030517578,18.649999618530273,20.200000762939453,0,-0.0008893953501298846,51.87209610904892,16450.580073598892,-41.394257779560576,264.49194123885917,0.015962529384813292,-0.009245946006475991,0,166.3984375,0.011011072359539131,0.002832505560514953,-0.005512718452326593
16469.599609375,16487.25,16347.099609375,16416.349609375,233800,20.200000762939453,21.06999969482422,19.43000030517578,20.43000030517578,0,-0.009245946006475991,48.020468000327526,16447.320029387094,-40.928391115157865,261.48902914144065,0.015928573365184075,-0.0036609606157923524,1,140.150390625,0.011386115522248108,-0.012728553682042287,-0.010142039666528824
16474.94921875,16514.30078125,16293.349609375,16356.25,243500,20.43000030517578,20.690000534057617,19.389999389648438,19.84000015258789,0,-0.0036609606157923524,46.55991613305622,16438.64669325499,-44.89124628703212,258.59346790812344,0.015810070640160392,0.00744972774168895,1,220.951171875,-0.028879106401110466,-0.013751003690660957,-0.010077015024738567
16263.849609375,16492.80078125,16243.849609375,16478.099609375,205000,19.84000015258789,19.84000015258789,18.15999984741211,19.139999389648438,0,0.00744972774168895,49.887822119856246,16442.404113837845,-37.76426943409024,257.90473247718603,0.015651363846013802,-0.016767698414100085,0,248.951171875,-0.03528229624777224,-0.005519230610553816,-0.009014938093877767
16283.9501953125,16324.7001953125,16172.599609375,16201.7998046875,189700,19.139999389648438,19.760000228881836,18.260000228881836,19.579999923706055,0,-0.016767698414100085,43.30275026389246,16419.489417728288,-53.7911036761252,261.30439444310133,0.016128109073875904,-0.026379749115209128,0,152.1005859375,0.02298853438289994,-0.013069276044473055,-0.02306403999829465
15877.5498046875,15886.150390625,15684.0,15774.400390625,225500,19.579999923706055,22.799999237060547,19.579999923706055,22.3700008392334,0,-0.026379749115209128,35.497279942163914,16358.052367527975,-99.82927631317762,279.6254951748441,0.017726537190030398,-0.00268160945598539,1,202.150390625,0.1424923864350689,-0.03557353362628968,-0.04798865105774541
15674.25,15858.0,15659.4501953125,15732.099609375,225400,22.3700008392334,22.639999389648438,18.950000762939453,21.889999389648438,0,-0.00268160945598539,34.82814593668836,16298.437819132452,-138.13583541556,273.8343744257481,0.017406092080841262,-0.0025393443813560568,1,198.5498046875,-0.02145737289124794,-0.04527221085467725,-0.04168100803660035
15729.25,15783.650390625,15678.900390625,15692.150390625,183000,21.889999389648438,22.3700008392334,20.950000762939453,22.149999618530273,0,-0.0025393443813560568,34.17298865280509,16240.6961592746,-169.7607315309233,261.7569191096232,0.016680755192481796,-0.021128447854290244,0,104.75,0.011877580453692804,-0.03145634560396482,-0.04060219239587315
15832.25,15863.150390625,15335.099609375,15360.599609375,264700,22.149999618530273,28.1299991607666,19.75,22.8700008392334,0,-0.021128447854290244,29.254474088932355,16156.877440236542,-219.05197193149615,280.77790926250725,0.018279098238531046,-0.00436829362663993,1,528.05078125,0.03250569901142497,-0.026232425385622204,-0.06781728636742879
15272.650390625,15400.400390625,15183.400390625,15293.5,342600,22.8700008392334,23.690000534057617,18.020000457763672,22.760000228881836,0,-0.00436829362663993,28.364691936779238,16074.651017356871,-260.526821746118,276.2223443151853,0.018061421147231523,0.0037042135956451006,1,217.0,-0.004809821001967696,-0.027879279960421277,-0.05606166078071839
15334.5,15382.5,15191.099609375,15350.150390625,260000,22.760000228881836,23.639999389648438,16.0,22.40999984741211,0,0.0037042135956451006,30.29239076445147,16005.65095766812,-285.53327608952713,270.16363333731493,0.0176000642640163,0.018804337854487096,2,191.400390625,-0.015377872493409939,-0.02179433611624837,-0.026894841610089926
15455.9501953125,15707.25,15419.849609375,15638.7998046875,262800,22.40999984741211,22.40999984741211,20.479999542236328,21.139999389648438,0,0.018804337854487096,39.26112668786615,15970.712752622347,-278.8451229451657,276.3733459114353,0.01767228619606707,-0.014419265085317434,0,287.400390625,-0.05667114977291399,0.018111284870852673,-0.005930537372894618
15545.650390625,15565.400390625,15385.9501953125,15413.2998046875,220900,21.139999389648438,21.790000915527344,19.31999969482422,21.299999237060547,0,-0.014419265085317434,35.42636650404593,15917.625805199981,-288.41599871018116,274.6930790159757,0.01782182157596363,0.009300447519609234,2,179.4501953125,0.007568583350596292,0.007833380500702924,-0.017770068409750595
15451.5498046875,15628.4501953125,15367.5,15556.650390625,259200,21.299999237060547,21.709999084472656,18.360000610351562,20.8799991607666,0,0.009300447519609234,39.473596885327844,15883.247194288078,-281.1923817138504,273.7114444657274,0.017594497375262468,0.009166472588529428,2,260.9501953125,-0.01971831414731573,0.013452636928307893,0.012763224498758774
15657.400390625,15749.25,15619.4501953125,15699.25,219600,20.8799991607666,21.270000457763672,18.68000030517578,20.549999237060547,0,0.009166472588529428,43.28187054086108,15865.723651974928,-260.95291372710926,267.9177419592469,0.017065639566173345,0.008458990377725017,1,129.7998046875,-0.015804594682461648,0.0038653986282490838,0.026530879131657192
15926.2001953125,15927.4501953125,15815.5,15832.0498046875,210900,20.549999237060547,21.1200008392334,19.549999237060547,21.010000228881836,0,0.008458990377725017,46.648488196429845,15862.516618899936,-231.5282416971586,265.0807743416221,0.016743300937768518,0.0011464333961117568,1,111.9501953125,0.022384477318700302,0.027168095430976313,0.031393791057370724
15757.4501953125,15892.099609375,15710.150390625,15850.2001953125,251900,21.010000228881836,21.68000030517578,20.510000228881836,21.450000762939453,0,0.0011464333961117568,47.11056487412083,15861.343626177322,-204.38833083526515,259.14280608507767,0.01634949734967486,-0.0032239710103227903,1,181.94921875,0.020942433568028385,0.018869730778574567,0.013517686348388125
15701.7001953125,15861.599609375,15687.7998046875,15799.099609375,444900,21.450000762939453,22.09000015258789,21.450000762939453,21.899999618530273,0,-0.0032239710103227903,45.905104642530056,15855.415624577101,-184.87205617967447,253.04687741382213,0.016016537883188426,-0.001193081241402827,1,173.7998046875,0.02097896688042611,0.006360151559787974,0.02503031859343774
15774.5,15890.0,15728.849609375,15780.25,306000,21.899999618530273,22.270000457763672,21.540000915527344,21.84000015258789,0,-0.001193081241402827,45.44318703645395,15848.256993664996,-168.97839608706454,246.482842643192,0.015619704544807085,-0.0017870563085186086,1,161.150390625,-0.0027397016889267878,-0.003271831842782791,0.014373248981011333
15703.7001953125,15793.9501953125,15511.0498046875,15752.0498046875,364100,21.84000015258789,22.43000030517578,21.139999389648438,21.25,0,-0.0017870563085186086,44.71821305616923,15839.094404238567,-156.85000679627774,249.084096070464,0.01581280526400707,0.005288188249805481,1,282.900390625,-0.02701465881253573,-0.0061923754536568065,0.003363205547239456
15710.5,15852.349609375,15661.7998046875,15835.349609375,304300,21.25,22.25,20.920000076293945,20.969999313354492,0,0.005288188249805481,47.38822463857779,15838.737757108704,-138.91524436493637,244.90307525739513,0.015465593201201267,-0.0015471713984448465,1,190.5498046875,-0.01317650290096506,0.0022944345498328023,0.00020842561312073293
15909.150390625,16025.75,15785.4501953125,15810.849609375,254200,20.969999313354492,20.989999771118164,20.239999771118164,20.790000915527344,0,-0.0015471713984448465,46.674197503220874,15836.081743038827,-125.23512856414163,244.57427021668835,0.015468762037409343,0.011318189707300252,2,240.2998046875,-0.00858361486509529,0.0019391080226864865,-0.002482655452461624
15818.2001953125,16011.349609375,15800.900390625,15989.7998046875,288400,20.790000915527344,20.790000915527344,19.81999969482422,20.270000457763672,0,0.011318189707300252,52.32471648636306,15850.72155843394,-98.81467891107968,242.13676654049632,0.015143201884836142,0.00894949203151052,2,210.44921875,-0.025012045929026505,0.015093273761060066,0.012070320463030804
16113.75,16150.5,16045.9501953125,16132.900390625,264600,20.270000457763672,20.270000457763672,19.010000228881836,19.200000762939453,0,0.00894949203151052,56.31141030397293,15877.595732928326,-65.57337185556207,236.31986859563946,0.014648318831309928,0.005436047866567373,1,104.5498046875,-0.052787354250620866,0.01879028809530303,0.02234757945057897
16273.650390625,16275.5,16157.900390625,16220.599609375,281100,19.200000762939453,19.200000762939453,18.219999313354492,18.399999618530273,0,0.005436047866567373,58.596462091109245,15910.26276878039,-31.786388799468114,229.6255643655938,0.014156416525618288,-0.00028356592763323363,1,117.599609375,-0.041666724615624595,0.025915748370475944,0.02974532270384711
16136.150390625,16248.5498046875,16115.5,16216.0,255900,18.399999618530273,19.219999313354492,16.649999618530273,18.3700008392334,0,-0.00028356592763323363,58.423867083071826,15939.380600325116,-5.319788135297131,222.72729581715853,0.013735033042498677,-0.0097249750439381,0,133.0498046875,-0.0016303684738484536,0.014146530793099021,0.024038016211504587
16126.2001953125,16158.75,16031.150390625,16058.2998046875,208600,18.3700008392334,18.639999389648438,17.299999237060547,18.549999237060547,0,-0.0097249750439381,52.69317389324626,15950.706238835819,2.896704361677621,220.02174678557577,0.01370143473852383,-0.005707292501522909,1,127.599609375,0.009798496984426919,-0.004624127350395746,0.015650657708221827
16128.2001953125,16140.0,15950.150390625,15966.650390625,233300,18.549999237060547,18.760000228881836,17.739999771118164,18.520000457763672,0,-0.005707292501522909,49.645431256025894,15952.224729482406,1.9900520125920593,217.86659411339178,0.0136451033111688,-0.0017536552323109689,1,189.849609375,-0.0016171849342689892,-0.015655969869524777,-0.0014477613444362492
16018.849609375,16070.849609375,15858.2001953125,15938.650390625,228600,18.520000457763672,18.690000534057617,17.75,18.34000015258789,0,-0.0017536552323109689,48.71832543804008,15950.93193530551,-0.9765850359781325,217.49393839547093,0.013645693522671112,0.0069359576863876615,2,212.6494140625,-0.009719238700144017,-0.017103453957511117,-0.012040612369545234
16010.7998046875,16066.9501953125,15927.2998046875,16049.2001953125,205800,18.34000015258789,18.34000015258789,17.530000686645508,17.600000381469727,0,0.0069359576863876615,52.490687723452936,15960.290817210938,5.529043690623439,211.93368498329443,0.013205249009554634,0.014287304158276504,2,139.650390625,-0.04034895119745929,-0.0005666608224828007,-0.010566774237090293
16151.400390625,16287.9501953125,16142.2001953125,16278.5,227700,17.600000381469727,18.18000030517578,16.469999313354492,17.15999984741211,0,0.014287304158276504,59.195540074672365,15990.59645366704,28.854759520543666,213.84913605591626,0.013136906720884373,0.003811764271124396,1,145.75,-0.025000029802321744,0.0195313106848074,0.0038542180562406436
16187.0498046875,16359.5,16187.0498046875,16340.5498046875,222600,17.15999984741211,17.670000076293945,16.350000381469727,17.200000762939453,0,0.003811764271124396,60.80743090553336,16023.925344240417,51.75090580657525,210.89206885995796,0.012906057102158265,0.01103388850696918,2,172.4501953125,0.0023310557041396063,0.02521539805521389,0.017576580549181875
16562.80078125,16588.0,16490.94921875,16520.849609375,284400,17.200000762939453,17.270000457763672,15.65999984741211,16.81999969482422,0,0.01103388850696918,65.11918633381342,16071.251464729425,83.48261844669469,213.50336360656812,0.01292326778917063,0.005108719746296009,1,97.05078125,-0.022093084375555128,0.029387720778774717,0.03470979856084311
16523.55078125,16626.94921875,16483.900390625,16605.25,243600,16.81999969482422,17.209999084472656,15.970000267028809,16.860000610351562,0,0.005108719746296009,66.95204453292138,16122.108468088529,114.12507269098387,208.4708967864561,0.012554517203080718,0.006877295960614926,2,143.048828125,0.0023781757582108654,0.020072488251374532,0.041822839013213375
16661.25,16752.25,16610.900390625,16719.44921875,190900,16.860000610351562,16.959999084472656,16.15999984741211,16.649999618530273,0,0.006877295960614926,69.30248290676262,16178.998063389621,145.94203209672742,204.08011844456638,0.012206150799256058,-0.005290199311757782,1,141.349609375,-0.012455574390214053,0.023187678419107183,0.04176214485960861
16662.55078125,16706.05078125,16564.25,16631.0,211400,16.649999618530273,17.90999984741211,16.18000030517578,17.68000030517578,0,-0.005290199311757782,65.42151188213236,16222.045866876324,162.1509141001261,200.5886256092402,0.012061128351226037,-0.00884795806776506,0,141.80078125,0.061861904519156186,0.006667356293982296,0.02165432933009792
16632.900390625,16636.099609375,16463.30078125,16483.849609375,208200,17.68000030517578,18.270000457763672,17.360000610351562,18.170000076293945,0,-0.00884795806776506,59.456103859330184,16246.979556638104,161.2638142626165,198.60364007465162,0.012048377337882171,0.0095821774414373,2,172.798828125,0.02771491870250231,-0.007310964341096904,0.008769582810878918
16475.349609375,16653.44921875,16438.75,16641.80078125,185200,18.170000076293945,18.639999389648438,17.75,18.1299991607666,0,0.0095821774414373,63.32217038316968,16284.581578029713,171.33112224020624,199.75332426574795,0.012003107529733574,0.017293731123692924,2,214.69921875,-0.0022014813076161044,-0.004644198291706925,0.0073211229891205765
16774.849609375,16947.650390625,16746.25,16929.599609375,376300,18.1299991607666,18.1299991607666,16.84000015258789,17.010000228881836,0,0.017293731123692924,69.10323365687742,16346.011866729263,200.22443389939872,207.33163034498025,0.012246694259099163,0.013505953826479233,2,201.400390625,-0.06177600572141495,0.01795439897630935,0.019532955503530403
17079.5,17172.80078125,17018.150390625,17158.25,436100,17.010000228881836,18.649999618530273,16.489999771118164,16.549999237060547,0,0.013505953826479233,72.77473595456419,16423.367879421712,238.81980115917213,209.89374045426737,0.012232817475807112,0.010595531668439406,2,154.650390625,-0.027042973876051923,0.0409127968652081,0.026244930410620704
17243.19921875,17356.25,17154.80078125,17340.05078125,381500,16.549999237060547,17.6299991607666,15.890000343322754,17.489999771118164,0,0.010595531668439406,75.28909822444375,16510.671012929168,280.8393700104534,209.29056033253397,0.012069777820884026,0.000311327663805816,1,201.44921875,0.05679761796923022,0.041957598770603344,0.04263428424328053
17310.150390625,17390.150390625,17215.849609375,17345.44921875,333600,17.489999771118164,18.760000228881836,17.489999771118164,18.530000686645508,0,0.000311327663805816,75.36186290615517,16590.173699197818,310.99088056333494,206.79129039806728,0.01192193340109814,0.002461808358865669,1,174.30078125,0.059462603152501625,0.024563463931227103,0.0522693199581834
17349.25,17407.5,17225.849609375,17388.150390625,285400,18.530000686645508,19.170000076293945,17.950000762939453,18.450000762939453,0,0.002461808358865669,75.96475148405621,16666.17147933374,334.4761645869512,204.99551184284817,0.011789379964954386,-0.0003537116074355806,1,181.650390625,-0.004317318982276719,0.013398825091428312,0.04484788750841773
17463.099609375,17490.69921875,17161.25,17382.0,325000,18.450000762939453,21.059999465942383,17.6299991607666,19.260000228881836,0,-0.0003537116074355806,75.6775123390654,16734.3456241591,348.5739922526118,213.88506233621615,0.0123049742455538,0.0008917270739845495,1,329.44921875,0.04390240826273728,0.002419209682785972,0.02672245068185064
17423.650390625,17474.400390625,17348.75,17397.5,355300,19.260000228881836,19.389999389648438,18.010000228881836,18.920000076293945,0,0.0008917270739845495,75.92458177627249,16797.503183762998,356.8834128766757,207.58258578541498,0.011931747997437275,0.007334364671648164,2,125.650390625,-0.01765317489861884,0.003000832125681363,0.013943729692713402
17401.5,17548.80078125,17359.75,17525.099609375,257000,18.920000076293945,20.18000030517578,17.780000686645508,19.299999237060547,0,0.007334364671648164,77.91359804773096,16866.79808144033,369.5054814881041,206.25888546145674,0.011769341690424354,0.0005506610997998429,1,189.05078125,0.020084522158259732,0.007876008412248225,0.010671758143009358
17566.099609375,17566.099609375,17442.80078125,17534.75,312700,19.299999237060547,20.770000457763672,18.860000610351562,19.59000015258789,0,0.0005506610997998429,78.06122211223327,16930.412549874585,375.9535096353684,200.33316708028127,0.011424922914799542,0.007085929368824795,2,123.298828125,0.015025954766385352,0.00878782648717058,0.010913570404701423
17711.650390625,17719.30078125,17631.94921875,17659.0,311200,19.59000015258789,19.59000015258789,18.200000762939453,18.360000610351562,0,0.007085929368824795,79.92197760241794,16999.80183083891,386.6326939714272,199.20585380668973,0.011280698443099254,0.0022170219505635025,1,87.3515625,-0.06278711243776292,0.015030895243569375,0.01557667740906088
17659.650390625,17724.650390625,17597.849609375,17698.150390625,303900,18.360000610351562,18.520000457763672,17.40999984741211,17.610000610351562,0,0.0022170219505635025,80.4836710943467,17066.311217485207,393.71661378347926,194.03406290978333,0.010963522098476819,0.007181519343531395,2,126.80078125,-0.04084967184462629,0.009874453504242986,0.018188378243297665
17797.19921875,17839.099609375,17764.05078125,17825.25,0,17.610000610351562,18.360000610351562,17.010000228881836,17.68000030517578,0,0.007181519343531395,82.22244563496801,17138.591101534235,404.9188945688911,190.24228832694166,0.01067262946252881,0.006675923198833145,2,75.048828125,0.003974996729021685,0.016567102467956563,0.024586865929012713
17868.150390625,17965.94921875,17833.349609375,17944.25,262800,17.68000030517578,17.790000915527344,16.549999237060547,17.68000030517578,0,0.006675923198833145,83.68780757948798,17215.320520435736,418.5740274398704,186.70349764287442,0.010404642024206887,0.0006826699360520383,1,132.599609375,0.0,0.016153236310096908,0.023917147403874184
17898.650390625,17968.44921875,17852.05078125,17956.5,263900,17.68000030517578,18.440000534057617,16.719999313354492,17.350000381469727,0,0.0006826699360520383,83.83551711070295,17285.909042299,425.4796269548533,181.6817076326691,0.010117879744530899,-0.011029475746944017,0,116.3984375,-0.018665153733591677,0.014597548538849203,0.024052239125165853
17966.55078125,17992.19921875,17710.75,17758.44921875,295600,17.350000381469727,18.56999969482422,16.8799991607666,18.290000915527344,0,-0.011029475746944017,72.4180864311738,17330.912868627667,410.24230354687825,188.80795842676415,0.010632007113966575,-0.0150773300473388,0,281.44921875,0.05417870394179136,-0.003747536850815525,0.005631644982728279
17682.900390625,17690.05078125,17467.349609375,17490.69921875,287600,18.290000915527344,19.299999237060547,17.200000762939453,19.040000915527344,0,-0.0150773300473388,60.43505126510663,17346.130616258364,372.27012932642174,196.1145049230667,0.011212502283089534,0.00496268217550444,1,222.701171875,0.04100601216281441,-0.025275549618958726,-0.011721630074117306
17357.349609375,17625.55078125,17345.19921875,17577.5,285600,19.040000915527344,19.59000015258789,18.18000030517578,19.049999237060547,0,0.00496268217550444,62.59586928487458,17368.16579566233,345.20173458872887,202.13143760713336,0.011499441764024086,0.001561611079505143,1,280.3515625,0.0005251219040147692,-0.02110656308300618,-0.013898823298410967
17525.44921875,17623.650390625,17499.25,17604.94921875,262000,19.049999237060547,19.34000015258789,17.989999771118164,18.43000030517578,0,0.001561611079505143,63.278859967117235,17390.716597861156,322.25006118068995,196.57921996555243,0.011166133882180553,-0.004686182219266755,1,124.400390625,-0.0325458769929291,-0.008643772781574244,-0.018908607562311053
17679.0,17726.5,17487.44921875,17522.44921875,230200,18.43000030517578,20.219999313354492,17.270000457763672,19.56999969482422,0,-0.004686182219266755,59.747641224424065,17403.26256175533,294.0144189244711,199.61290291444155,0.011391838002922821,0.002080255529346653,1,239.05078125,0.061855635961562516,0.0018152504712884987,-0.024172348801269727
17619.30078125,17685.849609375,17519.349609375,17558.900390625,266600,19.56999969482422,19.56999969482422,15.829999923706055,18.219999313354492,0,0.002080255529346653,60.788803208719784,17418.08521212387,271.4496711077809,197.24769556341,0.011233487927793242,-0.014009988924553851,0,166.5,-0.068983158023593,-0.0010581487341772,-0.011236838626331735
17188.650390625,17380.150390625,17166.19921875,17312.900390625,244900,18.219999313354492,21.209999084472656,18.219999313354492,19.81999969482422,0,-0.014009988924553851,51.16944738792796,17408.06761007636,231.05336246384468,211.208658157095,0.012199495947626733,0.02578426378902554,2,213.951171875,0.08781561151305817,-0.016589018491115937,-0.01016533563932076
17414.94921875,17777.650390625,17401.5,17759.30078125,324700,19.81999969482422,19.81999969482422,17.260000228881836,18.700000762939453,0,0.02578426378902554,62.703148849775545,17441.518388283373,232.38103371900797,229.31875400301675,0.012912600379240606,-0.012190795272107646,0,376.150390625,-0.056508524174056385,0.013517035178310266,0.010342812188877781
17485.69921875,17695.599609375,17468.44921875,17542.80078125,308500,18.700000762939453,20.989999771118164,18.110000610351562,19.8700008392334,0,-0.012190795272107646,55.81720932442187,17451.16433047067,213.50235981670994,233.71395460994412,0.013322499498468967,-0.0001910505934481499,1,227.150390625,0.06256684644701771,-0.0009168916627373402,-0.0035301685183964926
17598.400390625,17643.849609375,17476.44921875,17539.44921875,256300,19.8700008392334,20.139999389648438,17.399999618530273,19.549999237060547,0,-0.0001910505934481499,55.71520427145914,17459.572415068702,196.01093955346732,228.9772714681624,0.013054986425878266,0.007203850071011875,2,167.400390625,-0.0161047603752994,0.013085550255211853,0.0009701840072566803
17546.44921875,17683.150390625,17540.349609375,17665.80078125,230300,19.549999237060547,20.290000915527344,19.450000762939453,19.65999984741211,0,0.007203850071011875,58.77394930351271,17479.213211847873,190.15241938080362,222.8861214972222,0.012616813936551773,-0.0005774531254664206,1,142.80078125,0.005626629905081337,-0.005264846918900945,0.006088102799539641
17695.69921875,17764.650390625,17587.650390625,17655.599609375,251200,19.65999984741211,20.0,18.649999618530273,19.520000457763672,0,-0.0005774531254664206,58.42309458646165,17496.011916374267,182.58166286368942,219.60854139027774,0.012438464070836038,-0.0017671004916441913,1,177.0,-0.007121026995677515,0.006429921284038187,0.019794442930866296
17519.400390625,17650.75,17484.30078125,17624.400390625,354100,19.520000457763672,20.18000030517578,18.280000686645508,19.3700008392334,0,-0.0017671004916441913,57.29654778425572,17508.239390112434,172.0806291922927,216.15784758561503,0.012264692289934386,0.009892512965589573,2,166.44921875,-0.007684406506794583,0.004843434409798064,-0.007596041774765472
17748.150390625,17807.650390625,17691.94921875,17798.75,279800,19.3700008392334,19.3700008392334,17.299999237060547,18.309999465942383,0,0.009892512965589573,61.73680250113667,17535.90706724458,175.80052174527373,213.80728704378538,0.012012488913198139,0.0019439347917691308,1,115.701171875,-0.05472386821708408,0.007525796333620383,0.014589986054197368
17923.349609375,17925.94921875,17786.0,17833.349609375,270300,18.309999465942383,18.510000228881836,16.549999237060547,17.719999313354492,0,0.0019439347917691308,62.568596739496876,17564.23492839986,179.471625527578,208.5317107370864,0.011693356284983119,0.005775695663245095,1,139.94921875,-0.032222838328604175,0.010067627491145315,0.016756534766828146
17890.849609375,17980.55078125,17889.150390625,17936.349609375,228200,17.719999313354492,18.3799991607666,16.389999389648438,17.940000534057617,0,0.005775695663245095,65.00732023845165,17599.674421826065,188.5191099663898,204.1509579612231,0.011381968037382431,0.007454201929980142,2,91.400390625,0.012415419256665672,0.017699848609654678,0.015314835227404622
18044.44921875,18088.30078125,18015.44921875,18070.05078125,259900,17.940000534057617,17.940000534057617,16.860000610351562,17.469999313354492,0,0.007454201929980142,67.92831577995196,17644.47217034263,204.12484954846514,200.42240181220717,0.011091413313579128,-0.0036690976717561608,1,72.8515625,-0.02619850650566402,0.01524268733759393,0.02347420541044265
17771.150390625,18091.55078125,17771.150390625,18003.75,365900,17.469999313354492,18.56999969482422,17.260000228881836,18.280000686645508,0,-0.0036690976717561608,65.02942584220344,17678.689106500475,208.73640827176132,208.99225815597808,0.011608262620619486,-0.007017960667916379,0,320.400390625,0.04636527791227962,0.009555153370369718,0.021524114350964796
18046.349609375,18096.150390625,17861.5,17877.400390625,289600,18.280000686645508,19.219999313354492,16.780000686645508,18.389999389648438,0,-0.007017960667916379,59.79259857529894,17697.613990702812,199.89151924987527,210.82498190376535,0.011792820952554324,-0.019384853148544656,0,234.650390625,0.006017434292729051,-0.0032865783748543542,0.0044188715850832505
17796.80078125,17820.05078125,17497.25,17530.849609375,468500,18.389999389648438,20.239999771118164,18.299999237060547,19.81999969482422,0,-0.019384853148544656,48.302887990378835,17681.731668671593,163.03872029540798,222.9196539552821,0.012715849997142807,0.0052136885924867205,1,322.80078125,0.07775967116022398,-0.029839494000453493,-0.01696260134108374
17540.650390625,17667.19921875,17429.69921875,17622.25,258300,19.81999969482422,21.209999084472656,16.469999313354492,19.940000534057617,0,0.0052136885924867205,50.97844726792689,17676.06674784573,139.5986528989415,223.96110724419052,0.012708996140912228,0.011008809885230342,2,237.5,0.006054532849702143,-0.02119002985489138,-0.017511902712401772
17770.400390625,17919.30078125,17744.400390625,17816.25,263100,19.940000534057617,19.940000534057617,18.110000610351562,18.799999237060547,0,0.011008809885230342,56.1642404494101,17689.417533765183,135.11884336725052,229.1817982446055,0.012863638433711105,-0.005495005437451739,1,174.900390625,-0.057171578057379824,-0.003420541537855093,-0.014045382844930954
17766.349609375,17838.69921875,17663.599609375,17718.349609375,245500,18.799999237060547,20.290000915527344,18.309999465942383,19.329999923706055,0,-0.005495005437451739,53.110873824982676,17692.172969537547,122.25948743510162,225.31878475391937,0.012716691436921439,-0.004997577656902563,1,175.099609375,0.02819152702946459,0.010695431435321368,-0.015852274699715285
17609.650390625,17722.75,17532.44921875,17629.80078125,284100,19.329999923706055,20.139999389648438,17.40999984741211,18.81999969482422,0,-0.004997577656902563,50.43986071576785,17686.23276112921,103.72749877817841,222.81749878935372,0.012638685005807273,-0.017155677232420508,0,190.30078125,-0.026383871230975964,0.00042847997559913864,-0.01384986653343867
17593.849609375,17642.150390625,17291.650390625,17327.349609375,390800,18.81999969482422,20.809999465942383,17.350000381469727,20.59000015258789,0,-0.017155677232420508,42.565620212208614,17652.053413343096,63.89889567770297,231.93767744725704,0.01338564077461487,-0.017951321762256445,0,350.5,0.09404891001408733,-0.027441262365817676,-0.011608108251135452
17156.30078125,17196.400390625,16978.30078125,17016.30078125,492000,20.59000015258789,22.899999618530273,18.809999465942383,21.889999389648438,0,-0.017951321762256445,36.29094741120565,17591.505543619944,7.1529451852729835,240.30275963852438,0.014121915375597397,-0.0005230508522044985,1,218.099609375,0.06313740784004573,-0.03962269870516255,-0.03438546262537412
17110.900390625,17176.44921875,16942.349609375,17007.400390625,359900,21.889999389648438,22.290000915527344,20.790000915527344,21.56999969482422,0,-0.0005230508522044985,36.126840345732745,17535.87648142995,-38.09765055164462,239.85967747684407,0.014103253405444731,-0.00874917846539458,0,234.099609375,-0.014618533748134488,-0.03530388110153504,-0.04539954307865013
16870.55078125,17037.599609375,16820.400390625,16858.599609375,323900,21.56999969482422,22.360000610351562,21.489999771118164,22.100000381469727,0,-0.00874917846539458,33.40697761103091,17471.373922186624,-84.98638303154803,238.2410732820695,0.014131723796891444,-0.0024023347691036756,1,217.19921875,0.024571195834216075,-0.027052608192679517,-0.048523142332912106
16993.599609375,17026.05078125,16788.599609375,16818.099609375,340000,22.100000381469727,22.290000915527344,21.06999969482422,21.299999237060547,0,-0.0024023347691036756,32.6856888839914,17409.157320966468,-123.98483288866191,238.18465175299312,0.014162399871874978,0.01642575596626905,2,237.451171875,-0.036199146181009056,-0.011647723816294753,-0.04604142621613039
16798.05078125,17187.099609375,16747.69921875,17094.349609375,376100,21.299999237060547,21.989999771118164,19.700000762939453,19.969999313354492,0,0.01642575596626905,41.90031435740492,17379.175634148232,-131.08920433923777,252.55720452956504,0.014774309072926407,-0.012109264448790458,0,439.400390625,-0.06244131320868529,0.005112434396377763,-0.013446949778974537
17102.099609375,17114.650390625,16855.55078125,16887.349609375,278400,19.969999313354492,21.68000030517578,19.969999313354492,21.3700008392334,0,-0.012109264448790458,37.732238663203674,17332.335060360307,-151.67423377385785,253.02451916138185,0.01498308053153086,0.02291367093271912,2,259.099609375,0.07010523655565115,0.0017053611015243053,-0.007578096645840304
17147.44921875,17287.30078125,17117.30078125,17274.30078125,226000,21.3700008392334,21.3700008392334,19.450000762939453,19.56999969482422,0,0.02291367093271912,48.121331783211865,17326.807986159325,-135.20572479073962,263.5192800694974,0.015254989675502727,0.0033286441360573793,1,170.0,-0.08423027953768436,0.027125607676903973,0.01569319146341286
17379.25,17428.80078125,17315.650390625,17331.80078125,265500,19.56999969482422,20.020000457763672,18.59000015258789,19.31999969482422,0,0.0033286441360573793,49.470468676720614,17327.283490453676,-116.1753462450979,255.7321886359619,0.014755084706063536,-0.0009895331040011834,1,113.150390625,-0.012774655283521508,0.013890623352220244,0.028068830320393534
17287.19921875,17337.349609375,17216.94921875,17314.650390625,216300,19.31999969482422,19.729999542236328,18.690000534057617,18.809999465942383,0,-0.0009895331040011834,49.06065036875438,17326.08033808904,-101.30969226352317,246.06563163517893,0.014211412074968082,-0.00425364584114718,1,120.400390625,-0.026397527791807596,0.025303010308543872,0.029524785367141204
17094.349609375,17280.150390625,17064.69921875,17241.0,234000,18.809999465942383,20.34000015258789,18.809999465942383,19.6200008392334,0,-0.00425364584114718,47.250408439887565,17317.977448747224,-94.38353079204899,246.3431702237376,0.014288218213777484,-0.014932383199930399,0,215.451171875,0.04306227518813133,-0.0019277643518946785,0.008578880973896474
17256.05078125,17261.80078125,16950.30078125,16983.55078125,282600,19.6200008392334,20.81999969482422,19.09000015258789,20.489999771118164,0,-0.014932383199930399,41.48773218557944,17286.127289937966,-108.41871482958959,250.9972294934706,0.014778842936105794,0.008246145339619648,2,311.5,0.044342451308414965,-0.020093122716754674,0.005696641219625986
17025.55078125,17142.349609375,16960.05078125,17123.599609375,256000,20.489999771118164,20.889999389648438,19.889999389648438,20.18000030517578,0,0.008246145339619648,45.38955005858857,17270.648463217683,-107.007414440719,246.0902008242941,0.014371405921542464,-0.006380083772817624,1,182.298828125,-0.015129305485856781,-0.011034053644735642,-0.008724009948846922
17087.349609375,17112.349609375,16956.94921875,17014.349609375,266400,20.18000030517578,20.940000534057617,18.399999618530273,20.290000915527344,0,-0.006380083772817624,42.981695472650664,17246.239048566,-113.39733676350079,240.41592866720165,0.0141301862361363,0.010070888003887335,2,155.400390625,0.005450971689200168,-0.013146011868511054,-0.01831611013083112
17322.30078125,17348.55078125,17169.75,17185.69921875,227000,20.290000915527344,20.6299991607666,18.079999923706055,18.260000228881836,0,0.010070888003887335,47.670551444236935,17240.473350488286,-103.4424941116813,247.1148746106158,0.014379099242060963,0.007337586960815656,2,178.80078125,-0.10004931468938516,0.011902601529190981,-0.0074475180824222775
17144.80078125,17328.55078125,17098.55078125,17311.80078125,212200,18.260000228881836,19.079999923706055,18.260000228881836,18.420000076293945,0,0.007337586960815656,50.87239576387396,17247.266439132258,-84.40490022080485,245.8923835670004,0.014203743831971576,0.010117285874136073,2,230.0,0.008762313549100398,0.010990748216978874,0.0041065356562843824
17438.75,17527.80078125,17434.05078125,17486.94921875,239500,18.420000076293945,18.420000076293945,16.579999923706055,17.450000762939453,0,0.010117285874136073,54.99164158400508,17270.093370524424,-54.55557209865583,243.75721331221465,0.013939379034214343,0.0014468379208691928,1,93.75,-0.05266011451340091,0.027776531000314852,0.02964035283220956
17568.150390625,17607.599609375,17472.849609375,17512.25,210500,17.450000762939453,17.559999465942383,16.229999542236328,17.489999771118164,0,0.0014468379208691928,55.57116290371555,17293.155906664953,-28.52933450040655,235.9709837899136,0.013474623979780644,0.0029521745492440132,1,134.75,0.0022922066722004253,0.019001309000783895,0.022696769341197243
17423.099609375,17584.150390625,17421.0,17563.94921875,249600,17.489999771118164,17.760000228881836,15.569999694824219,17.229999542236328,0,0.0029521745492440132,56.79533264920663,17318.945745911147,-3.6891327838275174,230.76951284956263,0.013138816901338442,0.0007032337856462956,1,163.150390625,-0.014865650788125406,0.014565118943206334,0.032302122737161154
17622.849609375,17670.150390625,17520.75,17576.30078125,277700,17.229999542236328,17.43000030517578,16.59000015258789,17.280000686645508,0,0.0007032337856462956,57.099464574951746,17343.455749276753,16.79991494607384,224.95743269066529,0.01279890663515754,0.008787356376761757,2,149.400390625,0.0029019817607429665,0.005109614111773908,0.02272829039588009
17736.349609375,17777.55078125,17707.400390625,17730.75,45000,17.280000686645508,17.670000076293945,17.06999969482422,17.420000076293945,0,0.008787356376761757,60.81404902170738,17380.3409160123,44.981871045612934,223.26404464133205,0.012591912053428763,-0.004196122026705051,1,70.150390625,0.008101816208643697,0.012476980399434678,0.024200210252173893
17808.30078125,17811.5,17637.0,17656.349609375,251400,17.420000076293945,17.6200008392334,16.489999771118164,16.8799991607666,0,-0.004196122026705051,58.19982163273062,17406.62745823732,60.61406336952132,219.78089859552261,0.012447697483223002,0.004564907874966551,1,174.5,-0.03099890431471386,0.005260798096954122,0.009687246672127614
17771.400390625,17783.900390625,17654.5,17736.94921875,324600,16.8799991607666,17.06999969482422,14.789999961853027,16.600000381469727,0,0.004564907874966551,60.196040346175714,17438.08667352424,78.60034740967967,213.32514802619957,0.01202716123247905,0.002810605244745412,1,129.400390625,-0.01658760623327893,0.009140059646189913,0.012830973675570068
17756.400390625,17838.900390625,17723.69921875,17786.80078125,250000,16.600000381469727,17.040000915527344,15.850000381469727,15.920000076293945,0,0.002810605244745412,61.42316067574251,17471.297540926695,95.77319775556316,206.31629258682818,0.011599404250612455,0.012672230395564199,2,115.201171875,-0.04096387286441594,0.003161218857070436,0.012688009952915413
17910.19921875,18022.80078125,17899.900390625,18012.19921875,227200,15.920000076293945,16.6299991607666,15.069999694824219,15.800000190734863,0,0.012672230395564199,66.45821190982228,17522.811986433677,126.11677981851608,208.43655740205472,0.011571966025396853,0.007395053222392978,2,122.900390625,-0.0075376812175881325,0.020154200457497495,0.02480035150314497
18130.69921875,18175.80078125,18060.150390625,18145.400390625,349900,15.800000190734863,16.200000762939453,15.109999656677246,16.1299991607666,0,0.007395053222392978,69.03068411858787,17582.106120166183,159.07874779725535,205.23405776619367,0.011310527921567929,-0.003447197631545107,1,115.650390625,0.020886010509370223,0.02302826528043611,0.023385947612199143
18177.900390625,18178.75,18048.650390625,18082.849609375,270900,16.1299991607666,16.860000610351562,14.680000305175781,16.65999984741211,0,-0.003447197631545107,66.45323566377841,17629.795976281308,178.10098234985708,199.867311452537,0.011052865879552324,-0.0016673473084335422,1,130.099609375,0.03285807279734043,0.016644298868916385,0.024155615936237496
17968.349609375,18106.30078125,17959.19921875,18052.69921875,213000,16.65999984741211,16.729999542236328,14.989999771118164,15.9399995803833,0,-0.0016673473084335422,65.18974515797032,17670.07247556404,188.56964227882054,196.09832938449864,0.010862548974439558,0.003570168155688336,1,147.1015625,-0.043217303338730195,0.0022484761304351064,0.017801821277484198
18053.400390625,18135.099609375,18017.150390625,18117.150390625,267900,15.9399995803833,16.209999084472656,15.479999542236328,15.65999984741211,0,0.003570168155688336,66.64950268648091,17712.651324617465,199.76404605047355,190.516250053463,0.010515795582954844,0.004727586225111935,1,117.94921875,-0.017565855730371283,-0.001556868373904563,0.018572739046093023
18211.75,18255.5,18064.75,18202.80078125,314800,15.65999984741211,16.360000610351562,15.279999732971191,15.59000015258789,0,0.004727586225111935,68.53769928865346,17759.332225249134,213.09058676415953,190.53294647821568,0.010467232420324914,-0.002516139235956394,1,190.75,-0.004469967784564655,0.006633421969777009,0.010581804042095522
18288.25,18296.400390625,18117.5,18157.0,307200,15.59000015258789,16.06999969482422,15.020000457763672,15.920000076293945,0,-0.002516139235956394,66.37364193328443,17797.205346653976,217.4496023601896,189.70204963155743,0.010447874077851926,-0.007093725904609771,0,178.900390625,0.021167409908669832,0.005777572649173113,0.0006392589375427971
18044.349609375,18103.099609375,17969.400390625,18028.19921875,256500,15.920000076293945,16.290000915527344,15.489999771118164,15.569999694824219,0,-0.007093725904609771,60.580643366351495,17819.204763044076,208.1120211763373,189.5518753275176,0.010514187968944594,0.017833173247033374,2,133.69921875,-0.021984948479422672,-0.004909777197689369,-0.003022222260625762
18272.349609375,18362.30078125,18259.349609375,18349.69921875,378500,15.569999694824219,15.569999694824219,14.279999732971191,14.40999984741211,0,0.017833173247033374,68.07152747932936,17869.72804453988,224.07132912429734,199.87685298269488,0.010892650097417276,-0.0011198455015547504,1,102.951171875,-0.07450223957279312,0.00807010081939219,0.016451833401817773
18376.400390625,18399.44921875,18311.400390625,18329.150390625,301400,14.40999984741211,15.270000457763672,12.5600004196167,14.90999984741211,0,-0.0011198455015547504,67.19263452735076,17913.482553690843,232.38231824593095,191.88913692143095,0.010469068823810757,0.004050924260950772,1,88.048828125,0.03469812666859906,0.009481213340584826,0.011701619483696746
18362.75,18427.94921875,18282.0,18403.400390625,250900,14.90999984741211,15.020000457763672,13.829999923706055,14.640000343322754,0,0.004050924260950772,68.76208152882495,17960.14139530362,242.1686223355755,188.60771419490015,0.010248525282913482,0.0003396111515991951,1,145.94921875,-0.01810861883651993,0.020811905133862663,0.011020260661295023
18398.25,18442.150390625,18344.150390625,18409.650390625,219300,14.640000343322754,15.529999732971191,13.930000305175781,15.100000381469727,0,0.0003396111515991951,68.89696115804016,18002.95177581042,247.5747737182246,182.13573460955013,0.009893492312178922,-0.00357149639481924,1,98.0,0.03142076689614126,0.0032671473881022983,0.01391476513878942
18358.69921875,18417.599609375,18312.94921875,18343.900390625,200500,15.100000381469727,16.260000228881836,13.09000015258789,14.880000114440918,0,-0.00357149639481924,65.68386728191643,18035.423072459427,243.7439832206619,176.60106718208226,0.009627236488502609,-0.00197613371355454,1,104.650390625,-0.014569553739798957,0.0008047290619397351,0.017511520038377304
18382.94921875,18394.599609375,18209.80078125,18307.650390625,198800,14.880000114440918,15.6899995803833,13.859999656677246,14.390000343322754,0,-0.00197613371355454,63.914096825719454,18061.34948371329,235.07320453201828,177.18662153514782,0.009678282999432943,-0.008067729540576885,0,184.798828125,-0.03293009189177509,-0.005202842842498612,-0.002291526832332691
18246.400390625,18262.30078125,18133.349609375,18159.94921875,213800,14.390000343322754,15.550000190734863,13.359999656677246,14.800000190734863,0,-0.008067729540576885,57.156608686476275,18070.739934669167,213.81853282260636,176.98049008620868,0.009745648952777785,0.00463933015368867,1,128.951171875,0.028491997055605234,-0.013563602055265522,-0.009231261038784577
18179.150390625,18261.849609375,18137.69921875,18244.19921875,177700,14.800000190734863,16.270000457763672,13.319999694824219,13.84000015258789,0,0.00463933015368867,59.769462559989464,18087.259866486387,201.45013153662876,173.2069115532652,0.009493807290552731,0.0012634580983039712,1,124.150390625,-0.06486486660641766,-0.0054351130213263765,-0.0086506389306239
18325.19921875,18325.400390625,18246.0,18267.25,178800,13.84000015258789,14.329999923706055,11.880000114440918,14.039999961853027,0,0.0012634580983039712,60.47961706866005,18104.401783963873,191.30286941471422,166.63507300481768,0.009122066704337965,0.011870949889830174,2,79.400390625,0.014450853111279693,-0.0022067490782808896,-0.0077350947792858005
18326.099609375,18529.69921875,18294.25,18484.099609375,204000,14.039999961853027,14.039999961853027,13.0,13.479999542236328,0,0.011870949889830174,66.47507672709416,18140.563481622074,198.4711899312788,173.478940558045,0.009385306518801585,0.0015500019600884762,1,235.44921875,-0.03988606988164045,0.017849741027376798,0.007642824904438017
18528.44921875,18534.900390625,18445.099609375,18512.75,205900,13.479999542236328,15.770000457763672,12.770000457763672,13.329999923706055,0,0.0015500019600884762,67.18343193103078,18176.009816705686,204.111116768403,167.50192917889893,0.009047922603551549,0.0027008413120686026,1,89.80078125,-0.011127568518106035,0.014719790001745059,0.011202945489937166
18430.55078125,18614.25,18365.599609375,18562.75,206500,13.329999923706055,14.0600004196167,12.40999984741211,13.569999694824219,0,0.0027008413120686026,68.43682730608548,18212.842215114666,210.1924142417265,173.29824785362044,0.009335806809530939,0.00297912654375021,1,248.650390625,0.018004484057899228,0.01617649071425631,0.022180721784954782
18552.44921875,18678.099609375,18552.150390625,18618.05078125,195300,13.569999694824219,14.619999885559082,12.40999984741211,13.619999885559082,0,0.00297912654375021,69.81023841546286,18251.433507127556,216.97306672946434,169.91617434621898,0.009126421253364471,0.007535634625419174,2,125.94921875,0.0036846125172673716,0.007246832396805569,0.020491530377271028
18625.69921875,18816.05078125,18616.55078125,18758.349609375,345600,13.619999885559082,14.050000190734863,12.75,13.8100004196167,0,0.007535634625419174,73.01799617475494,18299.711231151123,231.00484551781483,172.02930475006048,0.009170812375950393,0.002886735334004964,1,199.5,0.013950112749932408,0.013266511424558702,0.026884156584871866
18871.94921875,18887.599609375,18778.19921875,18812.5,325000,13.8100004196167,14.229999542236328,12.989999771118164,13.359999656677246,0,0.002886735334004964,74.15924240666325,18348.548256755777,243.68555982614998,168.97364012505616,0.008981987514953152,-0.006187396179402005,0,109.400390625,-0.03258513752832626,0.013454364250986561,0.017766642550359313
18752.400390625,18781.94921875,18639.19921875,18696.099609375,254400,13.359999656677246,14.09000015258789,12.960000038146973,13.449999809265137,0,-0.006187396179402005,67.54561333109825,18381.648385576656,241.55804774064381,169.28272163398074,0.009054440507425161,0.00026482378562620035,1,142.75,0.006736538540471404,0.004192105233894905,0.009903963991033216
18719.55078125,18728.599609375,18591.349609375,18701.05078125,288400,13.449999809265137,14.420000076293945,13.449999809265137,13.729999542236328,0,0.00026482378562620035,67.67765640935644,18412.067661355068,237.53336055552427,166.9946700886964,0.008929694488404265,-0.0031175136590962937,1,137.25,0.02081782430794621,-0.003054577258564506,0.007450446795329357
18600.650390625,18654.900390625,18577.900390625,18642.75,217800,13.729999542236328,14.25,12.180000305175781,14.039999961853027,0,-0.0031175136590962937,64.35725345981584,18434.03740789268,227.0224081534434,163.86293584128953,0.008789633280566951,-0.004411902750398933,0,77.0,0.022578327017642952,-0.009023255813953468,0.0013266275315391152
18638.849609375,18668.30078125,18528.400390625,18560.5,200500,14.039999961853027,14.460000038146973,13.800000190734863,14.079999923706055,0,-0.004411902750398933,59.89281901672888,18446.081464283856,209.6389279734285,162.15132546869742,0.008736366233059316,0.002631912360927746,1,139.900390625,0.0028490001397227793,-0.00725282878290856,-0.010547282330004126
18570.849609375,18625.0,18536.94921875,18609.349609375,202800,14.079999923706055,14.890000343322754,13.260000228881836,13.399999618530273,0,0.002631912360927746,61.59673046472753,18461.630811435396,197.5271795435183,156.85842945307618,0.008429011907759215,-0.006058782405979346,0,88.05078125,-0.04829547648156485,-0.004903530445836801,-0.010798691860465115
18662.400390625,18664.69921875,18410.099609375,18496.599609375,215800,13.399999618530273,13.960000038146973,11.90999984741211,13.479999542236328,0,-0.006058782405979346,55.713382340276475,18464.961173143933,176.7925939697343,163.83994230464216,0.008857841212154471,2.977743269738653e-05,1,254.599609375,0.005970143730110733,-0.007839529609365625,-0.010670674855624007
18402.150390625,18521.55078125,18345.69921875,18497.150390625,193900,13.479999542236328,14.149999618530273,12.529999732971191,13.319999694824219,0,2.977743269738653e-05,55.73562406759778,18468.026812904034,158.57675484246647,164.69791517573915,0.008903961512861666,0.0059927938646799905,2,175.8515625,-0.01186942528527457,-0.003413141314889123,-0.010903151539989109
18524.400390625,18617.25,18490.19921875,18608.0,187600,13.319999694824219,13.579999923706055,11.430000305175781,12.880000114440918,0,0.0059927938646799905,60.08089173072246,18481.35759262746,151.3406473870018,162.0088341810435,0.008706407683847997,0.002810661073194387,1,127.05078125,-0.033033002287100044,-7.252318879102937e-05,-0.001863995386946704
18671.25,18696.099609375,18632.900390625,18660.30078125,208000,12.880000114440918,13.079999923706055,11.529999732971191,12.890000343322754,0,0.002810661073194387,61.97743307025426,18498.399801067702,148.11879478073024,156.7296038377547,0.00839909311618587,-0.013150934355333654,0,63.19921875,0.0007764152789582202,0.008850338728856322,0.005377052409687222
18614.400390625,18652.900390625,18387.69921875,18414.900390625,183100,12.890000343322754,13.880000114440918,12.59000015258789,13.729999542236328,0,-0.013150934355333654,49.97908313959736,18490.447476263635,124.330488275471,165.00617231362938,0.008960470532744982,-0.00792295301794177,0,265.201171875,0.06516673208226154,-0.004446630873568891,-0.010449006699946195
18319.099609375,18440.94921875,18255.150390625,18269.0,277700,13.729999542236328,14.220000267028809,12.489999771118164,14.069999694824219,0,-0.00792295301794177,44.46727215812713,18469.357240429003,92.63727693772307,166.49136201444156,0.009113326510177983,0.008289956688926514,2,185.798828125,0.024763304000264608,-0.018217970765262215,-0.012304943296693405
18288.099609375,18431.650390625,18244.55078125,18420.44921875,154800,14.069999694824219,14.489999771118164,13.5,13.550000190734863,0,0.008289956688926514,50.562098362994945,18464.69933360243,78.83213704988157,167.96337968305286,0.009118310725673538,-0.0019081205394395617,1,187.099609375,-0.03695803236446704,-0.012853574297205572,-0.004146648010921461
18340.30078125,18404.900390625,18202.650390625,18385.30078125,169000,13.550000190734863,14.920000076293945,13.039999961853027,13.779999732971191,0,-0.0019081205394395617,49.21217671069704,18457.137566711725,64.31390836795981,171.52305457176337,0.009329358089517297,-0.01012771964355863,0,202.25,0.016974135719466377,-0.0016073727659189352,-0.01196792878063202
18435.150390625,18473.349609375,18162.75,18199.099609375,187600,13.779999732971191,16.010000228881836,12.460000038146973,15.5600004196167,0,-0.01012771964355863,42.70720134208992,18432.562523155844,37.35265100755714,181.457094200566,0.009970663279797152,-0.003942502735851727,1,310.599609375,0.12917276641062103,-0.0038261749753680796,-0.02471563439847757
18288.80078125,18318.75,18068.599609375,18127.349609375,195700,15.5600004196167,16.299999237060547,14.4399995803833,15.1899995803833,0,-0.003942502735851727,40.48641594488006,18403.494626605287,10.079840813425108,186.3637582308827,0.01028080564709251,-0.01768316025411787,0,250.150390625,-0.023778973602528564,-0.01591164286464075,-0.015615114670747388
17977.650390625,18050.44921875,17779.5,17806.80078125,221500,15.1899995803833,16.479999542236328,14.479999542236328,16.15999984741211,0,-0.01768316025411787,32.384322200507754,18346.666641333355,-36.973462189820566,197.89846188403394,0.011113644967175394,0.0182795328593075,2,270.94921875,0.06385782052828293,-0.03146535413714713,-0.025299645232360835
18089.80078125,18149.25,17967.44921875,18132.30078125,214300,15.930000305175781,16.1299991607666,14.930000305175781,15.289999961853027,0,0.0182795328593075,44.52462825047225,18326.250845134942,-47.451423663140304,208.22351594588866,0.011483568382077886,-0.0005405150382313817,1,181.80078125,-0.05383662708996906,-0.0036704468659861655,-0.01564285615829042
18084.75,18173.099609375,18068.349609375,18122.5,193900,15.289999961853027,15.649999618530273,15.270000457763672,15.399999618530273,0,-0.0005405150382313817,44.26690371723776,18306.84600274114,-55.90172447656005,200.83255052118233,0.011081945124634146,0.00377983170092433,1,104.75,0.007194222168193765,-0.00026752997429324576,-0.014294070267156789
18045.69921875,18229.69921875,17992.80078125,18191.0,281100,15.399999618530273,15.770000457763672,14.710000038146973,14.8100004196167,0,0.00377983170092433,46.59372129682746,18295.813050099125,-56.4208863733802,203.40868530538359,0.011181830867208156,-0.00471107793689185,1,236.8984375,-0.03831163724209763,0.02157598231539426,-0.0004450554999340106
18259.099609375,18265.25,18080.30078125,18105.30078125,192000,14.8100004196167,15.119999885559082,14.279999732971191,14.869999885559082,0,-0.00471107793689185,44.112411772298984,18277.669024494444,-63.02106899768842,202.09015197999904,0.011161932873784967,0.005089583355357918,1,184.94921875,0.004051280502525234,-0.0014890553783400984,-0.0012163293917825113
18131.69921875,18215.150390625,18086.5,18197.44921875,256100,14.869999885559082,15.449999809265137,14.569999694824219,14.6899995803833,0,0.005089583355357918,47.3586216389381,18270.02904299497,-60.12309092274518,196.84445474035624,0.010817145434731302,0.00192892762485819,1,128.650390625,-0.012104929829258926,0.004135699751689925,0.021938159599749207
18163.19921875,18251.94921875,18149.80078125,18232.55078125,208700,14.6899995803833,14.989999771118164,14.3100004196167,14.390000343322754,0,0.00192892762485819,48.58375878007183,18266.459684733545,-54.36730720678679,190.0804535089022,0.010425335203474504,-0.010399069487028845,0,102.1484375,-0.020422004467662402,0.0022841394783135183,0.0055288074695774014
18230.650390625,18243.0,18020.599609375,18042.94921875,235200,14.390000343322754,15.680000305175781,14.329999923706055,15.199999809265137,0,-0.010399069487028845,42.79071108929182,18245.17297368749,-64.36313056657309,192.38902044576633,0.010662836663411885,-0.0028154392892826285,1,222.400390625,0.05628905118951155,-0.003443829144477495,-0.004389614084701288
18101.94921875,18120.30078125,17892.599609375,17992.150390625,269900,15.199999809265137,15.600000381469727,14.8100004196167,14.979999542236328,0,-0.0028154392892826285,41.36749235358261,18221.075584824397,-75.51346130495949,194.9113169764259,0.010833130712268085,-0.007375503705446151,0,227.701171875,-0.014473701959832108,-0.01128173655863085,-0.010931208255456015
18008.05078125,18047.400390625,17795.55078125,17859.44921875,238200,14.979999542236328,15.4399995803833,14.619999885559082,15.029999732971191,0,-0.007375503705446151,37.827997775931856,18186.634978531598,-93.9747716193051,198.97833786203833,0.011141347945553553,0.013536251708490266,2,251.849609375,0.003337796546247329,-0.020463486814126464,-0.013578982501887271
17952.55078125,18141.400390625,17936.150390625,18101.19921875,257200,15.029999732971191,15.380000114440918,14.529999732971191,14.649999618530273,0,0.013536251708490266,46.764363163729975,18178.498239504777,-88.08292332862038,204.90496886296415,0.011319966505352573,-0.010333504750958511,0,205.25,-0.025282775861087625,0.0032284079112447905,-0.0052892028351329
18121.30078125,18127.599609375,17856.0,17914.150390625,283300,14.649999618530273,15.9399995803833,14.5600004196167,15.510000228881836,0,-0.010333504750958511,41.76256234633493,18153.32225389718,-97.38428291336822,209.668871756681,0.011704092417712808,-0.0010299775022909463,1,271.599609375,0.058703114863141614,-0.004335223878555561,-0.017463293778533506
17924.25,17976.349609375,17824.349609375,17895.69921875,259900,15.510000228881836,16.229999542236328,15.119999885559082,15.4399995803833,0,-0.0010299775022909463,41.29337595712436,18128.786726740305,-105.033768858244,205.5496666312038,0.011485981303029592,-0.00209547554088918,1,152.0,-0.0045132590242122905,0.0020297378466711535,-0.008161082659756125
17920.849609375,17945.80078125,17761.650390625,17858.19921875,227800,15.4399995803833,16.040000915527344,14.420000076293945,15.279999732971191,0,-0.00209547554088918,40.30235978770683,18103.016487884088,-112.8214428166757,204.02114691647495,0.011424508396247781,0.005510095918388247,1,184.150390625,-0.01036268469951196,-0.01342452492033186,-0.00744497844708969
17867.5,17999.349609375,17774.25,17956.599609375,256700,15.279999732971191,15.600000381469727,14.399999618530273,14.460000038146973,0,0.005510095918388247,44.09385191789098,18089.072023264176,-109.78757851411137,205.52675137779815,0.011445750077898616,-0.003438847072569362,1,225.099609375,-0.053664902431563744,0.00236959151421523,0.005439719301254087
18033.150390625,18049.650390625,17853.650390625,17894.849609375,206200,14.460000038146973,15.359999656677246,14.460000038146973,15.020000457763672,0,-0.003438847072569362,42.27915494122542,18070.574650512826,-111.08540473274115,204.84626913652684,0.011447219373624083,0.008854568511824201,2,196.0,0.038727553121670866,-4.747561772322495e-05,-0.011399775610516083
17922.80078125,18072.05078125,17886.94921875,18053.30078125,219100,15.020000457763672,15.3100004196167,13.84000015258789,14.59000015258789,0,0.008854568511824201,48.173324250078934,18068.92952010684,-98.19631008514261,203.43593294820352,0.01126862812585997,0.006206556323560042,2,185.1015625,-0.02862851478499917,0.010925041215530618,0.0077676243411366475
18074.30078125,18183.75,18032.44921875,18165.349609375,255800,14.59000015258789,14.75,12.470000267028809,14.369999885559082,0,0.006206556323560042,51.91284187412317,18078.11238575143,-78.04060223349006,199.71199354118897,0.010994117803167362,-0.003165367099256078,1,151.30078125,-0.015078839254829335,0.011625252249374274,0.015067887950557246
18119.80078125,18155.19921875,18063.75,18107.849609375,237800,14.369999885559082,14.829999923706055,13.890000343322754,13.960000038146973,0,-0.003165367099256078,49.92216464560564,18080.944502287006,-65.94663622739608,192.7039661007469,0.01064201273247697,-0.004428975305189153,1,91.44921875,-0.028531652795914964,0.011902866168174375,0.013979594894589553
18115.599609375,18145.44921875,18016.19921875,18027.650390625,237200,13.960000038146973,14.1899995803833,11.640000343322754,13.789999961853027,0,-0.004428975305189153,47.20331305443515,18075.86887260491,-62.117436593249295,188.17153995069356,0.010437940378994107,0.005042276095628795,1,129.25,-0.012177655861705161,-0.0014208144502660947,0.003956806009802971
18118.44921875,18162.599609375,18063.44921875,18118.55078125,202500,13.789999961853027,14.260000228881836,13.479999542236328,13.619999885559082,0,0.005042276095628795,50.49431019845439,18079.933816285396,-51.15814718224283,184.36994557921545,0.010175755655359085,-1.3798013043020418e-05,1,99.150390625,-0.012327779315751464,-0.0025762690579237413,0.012500869063342357
18183.94921875,18201.25,18078.650390625,18118.30078125,216900,13.619999885559082,13.8100004196167,13.300000190734863,13.65999984741211,0,-1.3798013043020418e-05,50.48498963755355,18083.587812948692,-42.00875351627474,179.9577787074858,0.009932376158238738,-0.01249297962501228,0,122.599609375,0.0029368547862793637,0.0005771625068935471,0.003600449623456514
18093.349609375,18100.599609375,17846.150390625,17891.94921875,257200,13.65999984741211,15.420000076293945,13.520000457763672,14.65999984741211,0,-0.01249297962501228,42.78456166141795,18065.336518263102,-52.418227811980614,186.54296527302253,0.010426083988520013,-0.016074246906178757,0,254.44921875,0.07320644298465706,-0.0075273909208695144,-0.015050653937532799
17877.19921875,17884.75,17493.55078125,17604.349609375,476300,14.65999984741211,18.010000228881836,14.579999923706055,17.31999969482422,0,-0.016074246906178757,35.39689575572467,18021.433003130904,-82.91885910135534,201.6754990035209,0.011456003969389525,0.0025334426073457816,1,391.19921875,0.18144610334915323,-0.028379817905034743,-0.027805620814263965
17541.94921875,17709.150390625,17405.55078125,17648.94921875,432400,17.31999969482422,19.389999389648438,17.290000915527344,17.709999084472656,0,0.0025334426073457816,37.20762905485416,17985.95835699939,-102.31261723717398,208.9557926014837,0.011839559965388305,0.0007479862801675896,1,303.599609375,0.022517286173219908,-0.025904833359743917,-0.021006684935044984
17731.44921875,17735.69921875,17537.55078125,17662.150390625,398300,17.709999084472656,18.3700008392334,16.56999969482422,16.8799991607666,0,0.0007479862801675896,37.763675605707924,17955.11950305897,-115.28811639928972,208.18383866566342,0.011787004077157364,-0.0025959245256645946,1,198.1484375,-0.04686617541577187,-0.012843699996877955,-0.025189674170701726
17811.599609375,17972.19921875,17353.400390625,17616.30078125,512900,16.8799991607666,18.540000915527344,14.850000381469727,16.780000686645508,0,-0.0025959245256645946,36.55298018871633,17922.851053362876,-127.79779977958606,237.51348076990175,0.013482596812987005,-0.0003349392530399564,1,618.798828125,-0.005924080514975172,0.0006788760812064254,-0.027706792489034182
17517.099609375,17653.900390625,17445.94921875,17610.400390625,490100,16.780000686645508,17.770000457763672,15.510000228881836,15.729999542236328,0,-0.0003349392530399564,36.39128843187864,17893.09384738784,-136.6131350159485,235.40188727740878,0.013367208130186884,0.013835596307890219,2,207.951171875,-0.06257455908478182,-0.0021841996170540723,-0.01573606233075764
17721.75,17870.30078125,17584.19921875,17854.05078125,424100,15.729999542236328,15.760000228881836,14.270000457763672,14.399999618530273,0,0.013835596307890219,46.84720735709187,17889.37546013662,-122.52639345593707,239.023292650451,0.013387622538940514,-0.005010133160870178,1,286.1015625,-0.08455180943488882,0.01086506378786467,0.014184061178950103
17818.55078125,17823.69921875,17698.349609375,17764.599609375,282500,14.399999618530273,15.210000038146973,14.1899995803833,14.6899995803833,0,-0.005010133160870178,43.98838461745522,17877.49204577837,-117.22916641796473,233.07171259506163,0.013120009328668547,-0.0024261514654264627,1,125.349609375,0.020138886773291897,0.008418272937462667,0.006552820181619401
17790.099609375,17811.150390625,17652.55078125,17721.5,354400,14.6899995803833,14.880000114440918,13.670000076293945,14.130000114440918,0,-0.0024261514654264627,42.63825662104138,17862.635660466145,-115.18111787490852,227.7522766507715,0.0128517493807393,0.008475536424681795,2,158.599609375,-0.038121135598274236,0.006308749767787392,0.0033602708652340496
17750.30078125,17898.69921875,17744.150390625,17871.69921875,291000,14.130000114440918,14.25,13.539999961853027,13.600000381469727,0,0.008475536424681795,48.563269611476564,17863.498856493177,-100.28221204630609,224.14134394357353,0.012541691822365543,0.0012170079483646568,1,154.548828125,-0.03750882722424964,0.0009884836621241178,0.014497847230891647
17885.5,17916.900390625,17779.80078125,17893.44921875,260900,13.600000381469727,13.819999694824219,12.0600004196167,13.039999961853027,0,0.0012170079483646568,49.37868085184116,17866.35127194621,-85.73142016296697,217.92407718867543,0.012178986539963431,-0.0020649578680046465,1,137.099609375,-0.04117650028743458,0.007253167096825663,0.01607282184655401
17847.55078125,17876.94921875,17801.0,17856.5,232000,13.039999961853027,13.279999732971191,12.210000038146973,12.75,0,-0.0020649578680046465,47.98694403843369,17865.413055570378,-76.30174687644467,208.9615873001986,0.01170227017053726,-0.00479375070002519,1,75.94921875,-0.02223926094335793,0.007617865304855753,0.00013718000357498816
17859.099609375,17880.69921875,17719.75,17770.900390625,231300,12.75,14.100000381469727,11.829999923706055,13.680000305175781,0,-0.00479375070002519,44.83427088194803,17856.411849385102,-74.87274950094434,205.53213240375584,0.011565656657002245,0.0089443537049958,2,160.94921875,0.07294120040594354,-0.0056401367822510595,0.00035468186103537747
17840.349609375,17954.55078125,17800.05078125,17929.849609375,244500,13.680000305175781,13.680000305175781,12.449999809265137,13.449999809265137,0,0.0089443537049958,51.240290484370334,17863.405921765094,-60.22020419819091,203.9691508481304,0.011375954360569807,0.004796470794436125,1,154.5,-0.016812901372789013,0.0020342858540016717,0.011756883411393027
17896.599609375,18034.099609375,17853.80078125,18015.849609375,229300,13.449999809265137,13.449999809265137,11.279999732971191,12.859999656677246,0,0.004796470794436125,54.33037983447371,17877.924368204134,-41.1936207934923,202.27841351076395,0.011227803178680138,0.0011101336008929596,1,180.298828125,-0.043866182970609735,0.008923899385377965,0.008065846949447675
18094.75,18134.75,18000.650390625,18035.849609375,230200,12.859999656677246,13.15999984741211,10.170000076293945,12.890000343322754,0,0.0011101336008929596,55.04391379919561,17892.964867363266,-24.221868886183074,197.40849892963797,0.01094533959891889,-0.005081567689351307,1,134.099609375,0.0023328683861925104,0.014909161208836341,0.007958241526501375
17974.849609375,18034.25,17884.599609375,17944.19921875,208100,12.890000343322754,13.520000457763672,10.800000190734863,13.09000015258789,0,-0.005081567689351307,51.10362573647066,17897.844329400097,-17.960021841863636,194.1114632918067,0.010817504917632573,-0.005550518480140765,0,149.650390625,0.015515888591014715,0.0008003195613808245,0.004911333057990186
17965.55078125,18004.349609375,17818.400390625,17844.599609375,174600,13.09000015258789,13.710000038146973,10.920000076293945,13.380000114440918,0,-0.005550518480140765,47.153250910784124,17892.773403683423,-20.79461169356,193.5284458245348,0.010845210879534722,-0.001003126492992057,1,185.94921875,0.022154313099506995,-0.009505518957645287,0.004147185405916742
17905.80078125,17924.900390625,17800.30078125,17826.69921875,198200,13.380000114440918,14.300000190734863,13.380000114440918,14.010000228881836,0,-0.001003126492992057,46.45816545067071,17886.480624165953,-24.206419955506135,188.6049575067109,0.010579914721864914,-0.015280363131582653,0,124.599609375,0.04708520994412879,-0.011596370293323166,-0.005752998093808137
17755.349609375,17772.5,17529.44921875,17554.30078125,204000,14.010000228881836,15.920000076293945,12.380000114440918,15.59000015258789,0,-0.015280363131582653,37.41871178193348,17854.84444865015,-48.33342235497548,196.36531768480296,0.01118616572267826,-0.002452434977984641,1,243.05078125,0.11277658086320796,-0.021728383236661375,-0.02561904312771468
17574.650390625,17620.05078125,17455.400390625,17511.25,240800,15.59000015258789,16.010000228881836,14.520000457763672,15.079999923706055,0,-0.002452434977984641,36.21926530871719,17822.121167826324,-70.11978658697626,194.0999657519599,0.01108430099233121,-0.002595429723749043,1,164.650390625,-0.03271329210328311,-0.018680699857219984,-0.029086492776160378
17591.349609375,17599.75,17421.80078125,17465.80078125,209400,15.079999923706055,15.140000343322754,14.010000228881836,14.1899995803833,0,-0.002595429723749043,34.945715187488105,17788.185892914295,-90.0153681894044,192.94634096610562,0.011047093882648578,-0.004185411445805309,1,177.94921875,-0.0590185907046098,-0.020244826766382507,-0.026660339180815562
17428.599609375,17451.599609375,17299.0,17392.69921875,246400,14.1899995803833,15.100000381469727,13.75,13.880000114440918,0,-0.004185411445805309,32.93949645302082,17750.52049537484,-110.40872208658766,191.0788009863838,0.010986149911705108,-0.0051027157362857345,1,152.599609375,-0.021846333693408715,-0.009205810274859227,-0.025324210154179405
17383.25,17440.44921875,17255.19921875,17303.94921875,420900,13.880000114440918,14.569999694824219,13.5,14.020000457763672,0,-0.0051027157362857345,30.63967121990416,17707.989897601045,-132.20797403353572,190.66245805878498,0.011018436060375704,0.008492348770636093,2,185.25,0.010086479983317576,-0.011838148690127781,-0.029323992825894263
17360.099609375,17467.75,17345.25,17450.900390625,272900,14.020000457763672,14.020000457763672,12.279999732971191,13.0,0,0.008492348770636093,38.31892764467339,17683.505182650944,-136.05791584771578,188.74376685815747,0.010815703638968376,-0.007392168719804415,0,122.5,-0.07275323997574046,-0.0008531180912698666,-0.005890316675868035
17421.5,17445.80078125,17306.0,17321.900390625,310700,13.0,13.550000190734863,11.100000381469727,12.970000267028809,0,-0.007392168719804415,34.68821922931075,17649.066631029425,-147.81433275799645,185.61209712721765,0.01071545805838227,0.015728598629827895,2,139.80078125,-0.0023076717670147406,-0.004070606133904531,-0.01081302644728388
17451.25,17644.75,17427.69921875,17594.349609375,356200,12.970000267028809,12.970000267028809,11.979999542236328,12.180000305175781,0,0.015728598629827895,46.26780770288028,17643.855486109955,-133.60686607507523,195.4147765734878,0.011106678047897986,0.006655523618366965,2,217.05078125,-0.06090978763210175,0.016782318703890464,0.007360030595505274
17680.349609375,17799.94921875,17671.94921875,17711.44921875,362800,12.180000305175781,12.470000267028809,11.84000015258789,12.270000457763672,0,0.006655523618366965,50.34290057428134,17650.292984456624,-111.61179523574901,196.14226463073868,0.011074320469670837,0.0024250512391459367,1,128.0,0.007389174904178342,0.014930394552304715,0.018326655109195178
17665.75,17766.5,17602.25,17754.400390625,267000,12.270000457763672,12.850000381469727,11.899999618530273,12.449999809265137,0,0.0024250512391459367,51.787239782807326,17660.20797552028,-89.68095627775256,193.86424572854304,0.010919222359709244,-0.009282249899975281,0,164.25,0.014669873250703347,0.02496839204975898,0.02603169751486001
17772.05078125,17772.349609375,17573.599609375,17589.599609375,262400,12.449999809265137,12.84000015258789,11.779999732971191,12.729999542236328,0,-0.009282249899975281,46.23089614939991,17653.48336922073,-84.62317091148361,194.21322817650426,0.01104136719934156,-0.010045664635585094,0,198.75,0.022489938735807735,-0.0002699730371089615,0.007947969196163251
17443.80078125,17451.5,17324.349609375,17412.900390625,235900,12.729999542236328,13.819999694824219,12.729999542236328,13.40999984741211,0,-0.010045664635585094,41.134819251462325,17630.570704592563,-93.79181611270906,199.28728330675398,0.01144480694405448,-0.014851035931626178,0,127.150390625,0.053417150795617596,-0.01685626198272616,0.005253465148041814
17421.900390625,17529.900390625,17113.44921875,17154.30078125,254900,13.40999984741211,16.43000030517578,13.40999984741211,16.219999313354492,0,-0.014851035931626178,35.046155831553136,17585.211664274222,-120.53540365797016,214.79898963305726,0.01252158233507465,-0.006470680525861194,0,416.451171875,0.2095450781444015,-0.0338000493495616,-0.025010803916873603
17160.55078125,17224.650390625,16987.099609375,17043.30078125,290600,16.219999313354492,16.639999389648438,15.0,16.219999313354492,0,-0.006470680525861194,32.801809024117375,17533.6011039862,-148.96943488393663,216.424117605696,0.012698486072826493,-0.004174683738684903,1,237.55078125,0.0,-0.03105805932238681,-0.03772409751725303
17166.44921875,17211.349609375,16938.900390625,16972.150390625,248200,16.219999313354492,16.510000228881836,14.520000457763672,16.299999237060547,0,-0.004174683738684903,31.413136403788215,17480.12960747561,-175.22496703523575,220.42591054457486,0.012987506324851607,0.0007924286811309411,1,272.44921875,0.00493217799585155,-0.025311693635903243,-0.04405949977409873
16994.650390625,17062.44921875,16850.150390625,16985.599609375,349800,16.299999237060547,17.360000610351562,13.949999809265137,16.219999313354492,0,0.0007924286811309411,31.99916763022175,17433.03151241841,-192.72580278585156,219.84540465746235,0.012943046446009554,0.006738129621978839,2,212.298828125,-0.004907971009235568,-0.009834336824698475,-0.03433847349646757
17111.80078125,17145.80078125,16958.150390625,17100.05078125,408100,16.219999313354492,16.219999313354492,14.600000381469727,14.770000457763672,0,0.006738129621978839,36.937273825531825,17401.31906183094,-195.1109703293696,217.54576079800077,0.012721936535798893,-0.0065292432199922645,0,187.650390625,-0.08939574087385971,0.00332975406163305,-0.017966542181762968
17066.599609375,17066.599609375,16828.349609375,16988.400390625,241800,14.770000457763672,17.219999313354492,14.520000457763672,16.010000228881836,0,-0.0065292432199922645,34.31905352964725,17361.993474097042,-203.66278836541096,221.41400444635786,0.0130332461771118,0.007010642946744028,2,238.25,0.0839539426328435,0.0009574508607332888,-0.009671066908558124
17060.400390625,17127.69921875,17016.0,17107.5,246700,16.010000228881836,16.040000915527344,14.079999923706055,15.079999923706055,0,0.007010642946744028,39.26463926459114,17337.756000373516,-198.54116370429983,215.548634709118,0.012599657150905627,0.0025953757489405316,1,111.69921875,-0.058088712797022435,0.007176690457116219,0.0037668301213475974
17177.44921875,17207.25,17107.849609375,17151.900390625,0,15.079999923706055,15.09000015258789,14.239999771118164,14.8100004196167,0,0.0025953757489405316,41.046799930581365,17320.055466111753,-188.72400594326973,207.27730365846674,0.012084801038826096,-0.004372693304643627,1,99.400390625,-0.01790447648908211,0.0030321318947106324,0.010590879521035212
17097.400390625,17205.400390625,17045.30078125,17076.900390625,219200,14.8100004196167,15.0600004196167,13.899999618530273,14.489999771118164,0,-0.004372693304643627,38.96681902030779,17296.89783987492,-184.86470563541297,203.90746835250482,0.011940543288783684,-0.007720933328590696,0,160.099609375,-0.02160706545792368,0.005209436907835041,0.005375187414614846
17076.19921875,17109.44921875,16917.349609375,16945.05078125,228000,14.489999771118164,15.430000305175781,14.199999809265137,15.239999771118164,0,-0.007720933328590696,35.55573818328098,17263.388596196357,-190.25223456788444,203.0640498541116,0.011983679038531155,0.0023988383407489433,1,192.099609375,0.051759835186120595,-0.00949578949291241,-0.00906430056745533
16984.30078125,17091.0,16918.55078125,16985.69921875,218400,15.239999771118164,16.09000015258789,15.100000381469727,15.449999809265137,0,0.0023988383407489433,37.375811409543154,17236.941988820516,-189.06250598713814,200.87727620381793,0.01182625887912083,-0.002001683861354908,1,172.44921875,0.013779530269085072,-0.00968995668642314,-0.00015900095435061878
17031.75,17061.75,16913.75,16951.69921875,238800,15.449999809265137,15.609999656677246,14.869999885559082,15.100000381469727,0,-0.002001683861354908,36.44854495722989,17209.776010718564,-188.6880746946772,197.1003279035452,0.011627172318249708,0.007609856589321451,2,148.0,-0.022653684926618567,-0.007331609894716817,-0.009107162428759308
16977.30078125,17126.150390625,16940.599609375,17080.69921875,345900,15.100000381469727,15.100000381469727,13.319999694824219,13.630000114440918,0,0.007609856589321451,42.297814774086135,17197.482982912035,-175.95382710434933,196.27536028543483,0.011491061213113421,0.016337198944623932,2,185.55078125,-0.09735100860214208,0.008005195100984741,-0.0041512118338745685
17210.349609375,17381.599609375,17204.650390625,17359.75,263900,13.630000114440918,13.630000114440918,12.069999694824219,12.9399995803833,0,0.016337198944623932,52.48559693211792,17212.93698453946,-141.71121949535518,203.7485767382609,0.011736838188237786,0.002206297973761151,1,176.94921875,-0.050623663115495154,0.022021512122214926,0.016563287417796335
17427.94921875,17428.05078125,17312.75,17398.05078125,230200,12.9399995803833,13.489999771118164,12.470000267028809,12.59000015258789,0,0.002206297973761151,53.69405941735362,17230.566869940463,-110.2126900211224,197.430877060528,0.011347873364831227,0.009138954817361267,2,115.30078125,-0.02704787010395271,0.026330785884066232,0.026733469604071747
17422.30078125,17570.55078125,17402.69921875,17557.05078125,248300,12.59000015258789,12.8100004196167,12.050000190734863,12.40999984741211,0,0.009138954817361267,58.421742488742005,17261.660575779468,-71.59460920773563,195.65010012763312,0.011143676837602878,0.002397874785437182,1,167.8515625,-0.014297085225911,0.027888294056316765,0.03363721181812185
17533.849609375,17638.69921875,17502.849609375,17599.150390625,242700,12.40999984741211,12.569999694824219,11.649999618530273,11.800000190734863,0,0.002397874785437182,59.59794137735462,17293.802462907614,-37.16401170627432,191.37863650244503,0.010874311103358245,0.0014148632219350699,1,135.849609375,-0.049153881077964034,0.013790543678624312,0.038193880360905874
17634.900390625,17694.099609375,17597.94921875,17624.05078125,254800,11.800000190734863,12.5600004196167,11.800000190734863,12.270000457763672,0,0.0014148632219350699,60.31305479841445,17325.254683702125,-7.778594905059435,184.5766189397704,0.010472996317971297,0.005574768321964241,2,96.150390625,0.039830530460316815,0.01298996093536875,0.031810850102877986
17704.80078125,17748.75,17655.150390625,17722.30078125,304300,12.270000457763672,12.270000457763672,11.670000076293945,11.979999542236328,0,0.005574768321964241,63.08916312465127,17363.068597754303,23.170419339825457,180.29966178335823,0.01017360352974673,0.005083967961446945,1,93.599609375,-0.023634955558933912,0.00941217303856523,0.020884562349688274
17759.55078125,17825.75,17717.25,17812.400390625,232800,11.979999542236328,12.399999618530273,11.979999542236328,12.270000457763672,0,0.005083967961446945,65.47426381088661,17405.86210183723,54.341605386787705,175.17111451311834,0.009834222826324642,0.0008757724412713497,1,108.5,0.02420708903242641,0.012117062202820827,0.02381586389100243
17807.30078125,17842.150390625,17729.650390625,17828.0,285800,12.270000457763672,12.510000228881836,11.84000015258789,11.90999984741211,0,0.0008757724412713497,65.88529048013694,17446.065711186064,79.38861052601351,170.6946063336099,0.00957452357716008,-0.006795512150830185,0,112.5,-0.029339901949537173,0.011572210116812531,0.015432501855001668
17863.0,17863.0,17574.05078125,17706.849609375,357400,11.90999984741211,13.270000457763672,11.90999984741211,12.270000457763672,0,-0.006795512150830185,59.91921244931429,17470.90227291834,88.44320036556383,179.14136436335204,0.010117065899091646,-0.0026373533282438855,1,288.94921875,0.03022675188612922,-0.000871849093733168,0.006119569204168673
17766.599609375,17766.599609375,17610.19921875,17660.150390625,258900,12.270000457763672,12.529999732971191,11.859999656677246,12.079999923706055,0,-0.0026373533282438855,57.74845975214351,17488.925903176118,90.80405871147377,177.51700909632692,0.010051840169524429,-0.002344283016240789,1,156.400390625,-0.015484965523159144,-0.00854741621910382,0.002048315102076703
17653.349609375,17666.150390625,17579.849609375,17618.75,281500,12.079999923706055,12.470000267028809,11.109999656677246,12.149999618530273,0,-0.002344283016240789,55.8178398232716,17501.29010287363,88.31633470229644,171.00156425016073,0.009705658134099225,0.0003234746363958152,1,86.30078125,0.005794676760456641,-0.011737155037020441,-0.005842964890854119
17638.599609375,17684.44921875,17584.349609375,17624.44921875,215100,12.149999618530273,12.399999618530273,11.579999923706055,11.9399995803833,0,0.0003234746363958152,56.03573707223412,17513.019542480903,85.8154477611788,165.93713890193496,0.009415167353167586,-2.260708945023282e-05,1,100.099609375,-0.01728395429961138,-0.004653588438531253,-0.01055170374308012
17639.75,17663.19921875,17553.94921875,17624.05078125,230200,11.9399995803833,12.039999961853027,11.520000457763672,11.630000114440918,0,-2.260708945023282e-05,56.01493827474678,17523.593946173198,82.84632539692757,161.88805755179675,0.009185632722077001,0.006771973756565242,2,109.25,-0.02596310526272494,-0.0020441280836522857,-0.011439826046107271
17707.55078125,17754.5,17612.5,17743.400390625,255700,11.630000114440918,12.210000038146973,11.579999923706055,11.670000076293945,0,0.006771973756565242,60.718304934570135,17544.527893263847,89.09673881785056,160.4674820123827,0.009043784081949037,0.0014568576938982503,1,142.0,0.0034393775975427587,0.007074871408300876,0.0020642170717171116
17761.55078125,17807.44921875,17716.849609375,17769.25,297400,11.670000076293945,11.8100004196167,11.430000305175781,11.520000457763672,0,0.0014568576938982503,61.674204951912515,17565.92999866729,95.04051602007894,155.47691968114108,0.008749773889226674,0.0024958627615121465,1,90.599609375,-0.01285343766492153,0.008215903910117728,0.006177728216454792
17767.30078125,17827.75,17711.19921875,17813.599609375,233000,11.520000457763672,11.899999618530273,11.300000190734863,11.649999618530273,0,0.0024958627615121465,63.32325389699787,17589.51758063945,102.15209929367484,152.69648122177387,0.008571904868761745,0.005695152810193838,2,116.55078125,0.011284648923689078,0.010755122671721962,0.011059218694572603
17813.099609375,17931.599609375,17797.900390625,17915.05078125,241400,11.649999618530273,12.020000457763672,10.960000038146973,11.430000305175781,0,0.005695152810193838,66.83830063036609,17620.520742602363,114.65269705881292,151.33953390236144,0.008447619588148436,0.008370013603697934,2,133.69921875,-0.01888406185048841,0.009674041437722103,0.016488547181993107
17950.400390625,18089.150390625,17885.30078125,18065.0,290300,11.430000305175781,11.539999961853027,10.789999961853027,10.949999809265137,0,0.008370013603697934,71.2275387402586,17662.852100449756,135.10179028439234,155.09025357897846,0.008585123364460474,0.004575166931912511,2,203.849609375,-0.04199479292168429,0.01664392138103743,0.025019742862924632
18124.80078125,18180.25,18101.75,18147.650390625,265200,10.949999809265137,12.0600004196167,10.949999809265137,11.899999618530273,0,0.004575166931912511,73.32342548904641,17709.023366180732,156.17673163309883,152.24452118048,0.008389213914939032,-0.00318502836487633,1,78.5,0.08675797496008286,0.01875257042794387,0.022783118855481233
18113.80078125,18116.349609375,18042.400390625,18089.849609375,226200,11.899999618530273,12.25,11.130000114440918,11.84000015258789,0,-0.00318502836487633,69.51003077669512,17745.292532199233,166.297757471737,148.8877696675886,0.008230459228938423,0.009173717607303677,2,73.94921875,-0.005041972089558144,0.009757093644855663,0.01804238273281089
18081.0,18267.44921875,18066.69921875,18255.80078125,226600,11.84000015258789,12.029999732971191,11.1899995803833,11.729999542236328,0,0.009173717607303677,73.73377803209584,17793.912365442164,185.57047510204575,152.59221469133226,0.008358560466328886,-0.010232406865540389,0,200.75,-0.0092905919707712,0.010561903196789402,0.024823796513439023
18117.30078125,18216.94921875,18055.44921875,18069.0,239700,11.729999542236328,12.380000114440918,11.529999732971191,12.300000190734863,0,-0.010232406865540389,63.13210815937343,17820.111187781004,183.653932574769,156.00359667766568,0.008633770362370119,0.010814123118324304,2,161.5,0.048593407565458824,-0.004333915902723695,0.008593289554675643
18120.599609375,18286.94921875,18100.30078125,18264.400390625,228400,12.300000190734863,12.90999984741211,11.720000267028809,12.640000343322754,0,0.010814123118324304,68.27126599281667,17862.424445194716,195.64694115653765,160.4282839685467,0.008783660045631365,8.480038171931881e-05,1,186.6484375,0.02764228839963767,0.009649100739872463,0.011037940250484324
18303.400390625,18344.19921875,18229.650390625,18265.94921875,245400,12.640000343322754,12.819999694824219,11.65999984741211,12.680000305175781,0,8.480038171931881e-05,68.30897476766972,17900.855376009506,202.93713142109846,157.15117997972195,0.008603504701436827,0.0026908205008338015,1,114.548828125,0.003164553858114205,0.0005559020730783182,0.006518685646826894
18313.599609375,18326.75,18211.94921875,18315.099609375,220500,12.680000305175781,13.300000190734863,11.539999961853027,13.079999923706055,0,0.0026908205008338015,69.54590117696951,17940.3072077586,210.25697396972828,154.12615149902754,0.008415250519311102,-0.0009882342854272697,1,114.80078125,0.0315457104813317,0.013619990557031336,0.012451734252299396
18357.80078125,18389.69921875,18270.400390625,18297.0,248900,13.079999923706055,13.739999771118164,12.819999694824219,13.220000267028809,0,-0.0009882342854272697,68.48582956322298,17974.27794987683,212.1519589910822,151.63848554373985,0.008287614665996604,0.0009728797753729701,1,119.298828125,0.010703390224721554,0.0017848715905139922,0.002256774120383387
18273.75,18342.75,18194.55078125,18314.80078125,241700,13.220000267028809,13.510000228881836,12.739999771118164,12.850000381469727,0,0.0009728797753729701,68.98651933649543,18006.708695721893,212.63895306489212,151.3928236299013,0.008266146350054298,0.004589120522186851,2,148.19921875,-0.027987887903593744,0.002674460654355393,0.013603452390835047
18339.30078125,18458.900390625,18287.900390625,18398.849609375,216100,12.850000381469727,13.619999885559082,12.539999961853027,13.170000076293945,0,0.004589120522186851,71.30471785213757,18044.05544940314,217.30201501799456,152.79333622776548,0.008304504872408476,-0.006106338807060685,0,171.0,0.02490269924705002,0.0045727297031532554,0.007361271975783623
18432.349609375,18432.349609375,18264.349609375,18286.5,219500,13.170000076293945,13.489999771118164,11.710000038146973,13.289999961853027,0,-0.006106338807060685,64.37750053927022,18067.14540660284,209.51667289415127,153.87952649721078,0.008414925026506481,-0.005728269488420423,0,168.0,0.009111608569773777,-0.0005738645679619347,0.001125086958464916
18300.44921875,18309.0,18115.349609375,18181.75,229900,13.289999961853027,13.579999923706055,11.899999618530273,13.109999656677246,0,-0.005728269488420423,58.65587762891512,18078.06012978352,192.67326612596298,156.72030250633858,0.008619648961532228,-0.002849053652701161,1,193.650390625,-0.013544041060379652,-0.0072646589411015094,-0.007280856354542675
18287.5,18297.19921875,18104.849609375,18129.94921875,272100,13.109999656677246,13.109999656677246,11.140000343322754,12.800000190734863,0,-0.002849053652701161,56.00506292104769,18083.00194778033,173.1489020212466,159.26525299695726,0.00878464970173469,0.0040513721791914925,1,192.349609375,-0.023646031583570037,-0.014615065416263007,-0.009129954705689447
18186.150390625,18218.099609375,18060.400390625,18203.400390625,260900,12.800000190734863,12.819999694824219,11.6899995803833,12.300000190734863,0,0.0040513721791914925,58.84517633061212,18094.46846614649,161.73818143896278,159.15339340788887,0.008743058439227378,0.006097761825706316,2,157.69921875,-0.03906249941792339,-0.00454431462417626,-0.00608253357246713
18201.099609375,18335.25,18178.849609375,18314.400390625,262600,12.300000190734863,12.819999694824219,11.5600004196167,12.569999694824219,0,0.006097761825706316,62.75787471687532,18115.41436371587,159.8096888865839,158.95675035196822,0.008679331398331607,0.001834600568861644,1,156.400390625,0.021951178853861775,0.007295798843620638,-0.004589918421147865
18362.900390625,18419.75,18324.19921875,18348.0,270400,12.569999694824219,13.079999923706055,12.319999694824219,12.609999656677246,0,0.001834600568861644,63.87739163621817,18137.56537669531,159.15787935681146,155.12766885361336,0.008454745413866,-0.0034117947119577385,1,95.55078125,0.0031821768356523616,0.012027103805921868,0.0033631367402182644
18294.80078125,18392.599609375,18262.94921875,18285.400390625,232600,12.609999656677246,13.4399995803833,12.40999984741211,13.109999656677246,0,-0.0034117947119577385,60.24384321101872,18151.64490183147,151.83973633511778,153.30786326585525,0.008384167696128592,0.001955111686716471,1,129.650390625,0.03965107165845483,0.004504652880251481,0.0057007928623482584
18268.900390625,18338.099609375,18202.400390625,18321.150390625,235900,13.109999656677246,13.130000114440918,8.180000305175781,12.520000457763672,0,0.001955111686716471,61.58767072271745,18167.78828171657,147.22763298381687,152.05010294329415,0.008299156968936773,0.009726420827874671,2,135.69921875,-0.04500375395609357,0.00036856243480709594,0.01054615043693885
18368.349609375,18508.55078125,18333.150390625,18499.349609375,198700,12.520000457763672,12.859999656677246,11.699999809265137,11.899999618530273,0,0.009726420827874671,67.48709166848082,18199.365551017374,156.15167620734064,154.5751234919874,0.008355705835931261,0.005367798508963517,2,175.400390625,-0.0495208319939745,0.008248834171299402,0.016257908544516697
18619.150390625,18641.19921875,18581.25,18598.650390625,265300,11.899999618530273,12.489999771118164,8.8100004196167,12.300000190734863,0,0.005367798508963517,70.23079720922664,18237.392678599055,169.2853715254023,153.6661581979169,0.008262220912296692,0.0018925684396833287,1,59.94921875,0.0336134945400941,0.017131153450739012,0.015520573643541535
18606.650390625,18662.44921875,18575.5,18633.849609375,234400,12.300000190734863,12.380000114440918,11.770000457763672,12.010000228881836,0,0.0018925684396833287,71.15985797023596,18275.150481530098,180.45404061761292,148.90066252306568,0.007990869607971466,-0.0053370195013254795,0,86.94921875,-0.023577232305368012,0.017067662896867564,0.015579333408273444
18594.19921875,18603.900390625,18483.849609375,18534.400390625,696500,12.010000228881836,12.470000267028809,11.579999923706055,11.970000267028809,0,-0.0053370195013254795,64.98868528168974,18299.840949062946,179.2146950702845,148.97918662856097,0.008037982534569452,-0.0025169624936233204,1,120.05078125,-0.0033305546287030197,0.0018947034349918734,0.013617421258528273
18579.400390625,18580.30078125,18464.55078125,18487.75,265600,11.970000267028809,11.970000267028809,11.220000267028809,11.600000381469727,0,-0.0025169624936233204,62.261041814763956,18317.73704915219,172.47996645690364,146.60567329794944,0.007929881856794333,0.002507044360454902,1,115.75,-0.030910599607774536,-0.00596281925278308,0.00909329413398896
18550.849609375,18573.69921875,18478.400390625,18534.099609375,270900,11.600000381469727,11.739999771118164,10.859999656677246,11.130000114440918,0,0.002507044360454902,63.88299050644248,18338.34300726865,168.93529075318293,142.94089864273877,0.007712319543725543,0.003223787573137793,1,95.298828125,-0.040517263066611964,-0.005353161160526643,0.0018784444174400061
18612.0,18640.150390625,18582.80078125,18593.849609375,256100,11.130000114440918,11.34000015258789,10.319999694824219,11.140000343322754,0,0.003223787573137793,65.91659589139422,18362.676969374017,168.99931644681055,140.30589025754315,0.007545822581398156,0.00027699431442118616,1,57.349609375,0.0008984931517530548,0.003207506986849795,-0.00025812524829327277
18600.80078125,18622.75,18531.599609375,18599.0,220800,11.140000343322754,11.619999885559082,10.470000267028809,11.380000114440918,0,0.00027699431442118616,66.09381914956425,18385.183924671728,167.5344182629342,136.79478314093294,0.007354953660999674,0.006849851638528914,2,91.150390625,0.021543964427435336,0.0060174980730483,-0.001870231331987715
18665.599609375,18738.94921875,18636.0,18726.400390625,260100,11.380000114440918,11.539999961853027,9.640000343322754,11.4399995803833,0,0.006849851638528914,70.21891081925425,18417.68073095299,174.64047599479454,137.02009997015202,0.0073169481113278135,-0.0049048192636628185,0,102.94921875,0.005272360750352201,0.010375512450182978,0.010359115803774133
18725.349609375,18777.900390625,18615.599609375,18634.55078125,286500,11.4399995803833,11.569999694824219,10.130000114440918,11.260000228881836,0,-0.0049048192636628185,64.15852417086866,18438.335021457468,170.89066092294888,138.8258629187126,0.0074499173362632684,-0.00381819725413457,0,162.30078125,-0.015734209624458262,0.0021889588616699207,0.007940435220619158
18655.900390625,18676.650390625,18555.400390625,18563.400390625,221800,11.260000228881836,11.300000190734863,10.3100004196167,11.119999885559082,0,-0.00381819725413457,59.84938431568524,18450.24600899723,160.3294850655475,137.57044413880456,0.007410842908300422,0.0020524046550352004,1,121.25,-0.012433422777705982,-0.0019140603997527261,0.0015809120414556066
18595.05078125,18633.599609375,18559.75,18601.5,179500,11.119999885559082,11.800000190734863,10.579999923706055,11.25,0,0.0020524046550352004,61.34649205550056,18464.65115099749,153.26722797566254,133.01895594138995,0.0071509800791006075,0.0061635024393194016,2,73.849609375,0.011690657893777656,-0.006669749018478166,0.00041144737564957623
18631.80078125,18728.900390625,18631.80078125,18716.150390625,233200,11.25,11.25,9.989999771118164,11.109999656677246,0,0.0061635024393194016,65.51371690700358,18488.603459533446,155.13338559924887,132.6176298473621,0.007085732219473447,0.0021238341844009856,1,97.099609375,-0.012444474962022611,0.0043789415872104165,0.0062987467404160835
18744.599609375,18769.69921875,18690.0,18755.900390625,261400,11.109999656677246,11.369999885559082,10.630000114440918,11.15999984741211,0,0.0021238341844009856,66.84819508456435,18514.060310113597,157.9985132462316,128.83774334040768,0.006869184664939161,-0.0036149041015322014,0,79.69921875,0.004500467351933102,0.010369867370700891,0.001575316098376689
18774.44921875,18794.099609375,18669.05078125,18688.099609375,263000,11.15999984741211,11.369999885559082,9.6899995803833,11.079999923706055,0,-0.0036149041015322014,62.411954228730195,18530.635481471825,153.03410918621375,128.56710653930713,0.006879624425525357,0.0073790483520230765,2,125.048828125,-0.007168452042999429,0.004655517532188291,0.0028736312859700686
18723.30078125,18864.69921875,18710.5,18826.0,272800,11.079999923706055,11.079999923706055,10.5600004196167,10.84000015258789,0,0.0073790483520230765,67.18229227360018,18558.765435617366,158.4012413350756,131.99799959899948,0.007011473472803542,-0.0037475183921172883,0,154.19921875,-0.02166062931143853,0.0058692416486472165,0.014146094134112497
18873.30078125,18881.44921875,18719.150390625,18755.44921875,219800,10.84000015258789,11.5,10.329999923706055,11.229999542236328,0,-0.0037475183921172883,62.79170419956633,18577.497224487142,155.17313449916765,134.1623444937138,0.007153246127508928,0.003265717567498605,1,162.298828125,0.035977802966666195,-2.4054930214179038e-05,0.008276172284493288
18752.349609375,18839.69921875,18660.650390625,18816.69921875,211600,11.229999542236328,11.4399995803833,10.569999694824219,11.130000114440918,0,0.003265717567498605,64.93429576029703,18600.27836679789,155.76167604369766,137.3685218959485,0.0073003516875620195,0.0021337637466720683,1,179.048828125,-0.0089046689110992,0.006881363651897843,0.005372302852159505
18849.400390625,18875.900390625,18794.849609375,18856.849609375,217500,11.130000114440918,11.430000305175781,10.770000457763672,11.289999961853027,0,0.0021337637466720683,66.3040591767473,18624.713723233806,157.65060241996616,133.34582613552362,0.007071479536498425,-0.004539443817404343,0,81.05078125,0.014375547687956791,0.001638670422553945,0.005382264601941467
18853.599609375,18886.599609375,18759.5,18771.25,252700,11.289999961853027,11.710000038146973,10.6899995803833,11.550000190734863,0,-0.004539443817404343,60.84688242615573,18638.6695591163,150.50548356325453,132.8996677954862,0.007079958329652325,-0.005633615236065759,0,127.099609375,0.023029249757336778,0.0008424634923809293,0.004449376467540178
18741.849609375,18756.400390625,18647.099609375,18665.5,210600,11.550000190734863,11.84000015258789,11.140000343322754,11.239999771118164,0,-0.005633615236065759,54.841626674337554,18641.224839200462,134.75639632721504,132.27471942616577,0.007086588595331803,0.0013768299134766515,1,109.30078125,-0.026839862727047747,-0.008035374163781972,-0.00852544353553597
18682.349609375,18722.05078125,18646.69921875,18691.19921875,171300,11.239999771118164,11.930000305175781,11.239999771118164,11.399999618530273,0,0.0013768299134766515,55.97867906330854,18645.984303919464,122.9317625659096,128.20877964572534,0.006859312671447707,0.00675190341711196,2,75.3515625,0.014234862159271389,-0.008784627021824698,-0.0034256710810087743
18748.55078125,18829.25,18714.25,18817.400390625,222500,11.399999618530273,11.420000076293945,10.6899995803833,10.779999732971191,0,0.00675190341711196,61.151680218305636,18662.309645510468,122.3338465484594,128.9117797603164,0.006850668906664781,0.00822107281232487,2,115.0,-0.054385956693480564,0.0024585677898381064,3.726327698871934e-05
18908.150390625,19011.25,18861.349609375,18972.099609375,398800,10.779999732971191,11.539999961853027,10.649999618530273,10.890000343322754,0,0.00822107281232487,66.36880496175897,18691.813451592803,132.81195433765606,133.55019616136522,0.0070392944856441635,0.01143527476356887,2,149.900390625,0.010204138504300797,0.016426005699016866,0.006111837469536807
19076.849609375,19201.69921875,19024.599609375,19189.05078125,247900,10.890000343322754,11.220000267028809,10.069999694824219,10.800000190734863,0,0.01143527476356887,72.03978426467518,18739.16938775063,156.81441769144294,140.4108685337677,0.007317238884529189,0.00695709243369369,2,177.099609375,-0.008264476561111844,0.02663561372780099,0.022257483185722737
19246.5,19345.099609375,19234.400390625,19322.55078125,226100,10.800000190734863,12.029999732971191,10.800000190734863,11.539999961853027,0,0.00695709243369369,74.85010499905377,18794.729520464854,184.4822802314011,141.52786564742718,0.007324491846322971,0.003438946519135566,1,110.69921875,0.06851849611567573,0.026844855300877324,0.035201349079853284
19406.599609375,19434.150390625,19300.0,19389.0,226900,11.539999961853027,11.989999771118164,11.520000457763672,11.699999809265137,0,0.003438946519135566,76.13584941637386,18851.326708992012,209.35781072303143,141.00090314582525,0.007272211209749097,0.0004899685388621844,1,134.150390625,0.013864804847574463,0.021974393936820213,0.03733311988617638
19405.94921875,19421.599609375,19339.599609375,19398.5,224400,11.699999809265137,12.210000038146973,11.569999694824219,11.880000114440918,0,0.0004899685388621844,76.32222021129806,18903.438450992773,227.2191772253318,136.78655292112344,0.007051398454577593,0.00509321758125636,2,82.0,0.015384641718817926,0.010915038015046452,0.030880971723623807
19385.69921875,19512.19921875,19373.0,19497.30078125,268300,11.880000114440918,12.210000038146973,11.779999732971191,11.84000015258789,0,0.00509321758125636,78.2267049278254,18959.99676816013,246.50527681003587,136.95888619461462,0.007024504967699123,-0.00848835445771845,0,139.19921875,-0.0033670001235441838,0.00904383701605127,0.027682817542001192
19422.80078125,19523.599609375,19303.599609375,19331.80078125,237100,11.84000015258789,12.069999694824219,11.079999923706055,11.529999732971191,0,-0.00848835445771845,68.31447131296821,18995.40667416869,245.6040126463704,142.89039432357072,0.007391468386233359,0.0012466303397029588,1,220.0,-0.026182467535605713,-0.002950086066841995,0.007439138164118342
19400.349609375,19435.849609375,19327.099609375,19355.900390625,268200,11.529999732971191,12.010000228881836,11.359999656677246,11.460000038146973,0,0.0012466303397029588,68.93181785939413,19029.73940906929,244.02146383413856,140.45179472902996,0.007256278028639658,0.004313930032438185,2,108.75,-0.006071092493094121,-0.002196025949171343,0.0017259423847579836
19427.099609375,19515.099609375,19406.44921875,19439.400390625,251300,11.460000038146973,11.460000038146973,10.949999809265137,11.010000228881836,0,0.004313930032438185,71.03737549720927,19068.754740646025,246.6616724418309,141.79089644481354,0.007293995370000957,-0.002834429471475497,1,108.650390625,-0.03926699893256713,-0.0029696618662559127,0.0025994321844859947
19497.44921875,19507.69921875,19361.75,19384.30078125,327900,11.010000228881836,11.199999809265137,10.720000267028809,10.9399995803833,0,-0.002834429471475497,67.77332540482152,19098.806744513073,241.52384228469964,142.0879194666126,0.007330051316787813,0.0015192303855748879,1,145.94921875,-0.006357915262790503,0.0027157325173203795,-0.0007319750882800458
19495.19921875,19567.0,19385.80078125,19413.75,310400,10.9399995803833,11.170000076293945,10.699999809265137,10.9399995803833,0,0.0015192303855748879,68.60367069052504,19128.801340273734,237.09529374524573,144.9887265582831,0.00746835240786984,0.007765114931427508,2,181.19921875,0.0,0.0029887325418878063,-0.004285248619149806
19493.44921875,19595.349609375,19433.5,19564.5,291200,10.9399995803833,10.9399995803833,10.609999656677246,10.680000305175781,0,0.007765114931427508,72.50856171459252,19170.296450723854,242.94933356481124,147.60378961662005,0.0075444703220946124,0.007511013251041421,2,161.849609375,-0.02376593100366553,0.006435363584327947,0.012037120668846102
19612.150390625,19731.849609375,19562.94921875,19711.44921875,268700,10.680000305175781,11.399999618530273,9.859999656677246,11.319999694824219,0,0.007511013251041421,75.68343833586816,19221.834809583488,256.4896234255575,149.1249754029329,0.007565398857689351,0.001917706853032497,1,168.900390625,0.0599250347716076,0.01687697901471097,0.018369015181397108
19787.5,19819.44921875,19690.19921875,19749.25,286400,11.319999694824219,12.020000457763672,11.069999694824219,11.710000038146973,0,0.001917706853032497,76.43726798145684,19272.064827718394,267.1906008984952,147.7053343027234,0.007479035117927182,0.004248282371482448,2,129.25,0.03445232807745313,0.01728156590045704,0.01593925754646386
19802.94921875,19851.69921875,19727.44921875,19833.150390625,259700,11.710000038146973,11.9399995803833,11.539999961853027,11.600000381469727,0,0.004248282371482448,78.06281604179321,19325.501547995213,279.22255912916444,146.0299532811003,0.0073629227028968475,0.007361412439498949,2,124.25,-0.009393651265491632,0.01373152345447104,0.023155315966266965
19831.69921875,19991.849609375,19758.400390625,19979.150390625,274700,11.600000381469727,12.260000228881836,11.369999885559082,11.789999961853027,0,0.007361412439498949,80.5742692518944,19387.75381872186,297.11400721155223,152.27418652887883,0.007621654752663148,-0.011719737128305097,0,233.44921875,0.01637927363233649,0.01358099898714471,0.029123708228703915
19800.44921875,19887.400390625,19700.0,19745.0,312500,11.789999961853027,12.029999732971191,11.0600004196167,11.489999771118164,0,-0.011719737128305097,67.27252337069095,19421.777264557873,289.0669452637194,161.33677253574461,0.008171019120574557,-0.0036794322929856182,1,187.400390625,-0.025445308880875706,-0.00021519804549541277,0.009225893838329613
19748.44921875,19782.75,19658.30078125,19672.349609375,265600,11.489999771118164,12.0,10.539999961853027,11.649999618530273,0,-0.0036794322929856182,63.755634894436014,19445.6412973976,273.6725841406151,158.70194726533427,0.008067259397916745,0.0004193703428323481,1,124.44921875,0.01392513930368322,-0.008107677201197871,-0.0019835989196475
19729.349609375,19729.349609375,19615.94921875,19680.599609375,369700,11.649999618530273,11.649999618530273,10.109999656677246,10.239999771118164,0,0.0004193703428323481,63.9858820845052,19468.018279490687,259.1508187690597,155.46612179102468,0.007899460630100276,0.004964339187534694,2,113.400390625,-0.12103003378381139,-0.014943116970083548,-0.0034761011494107708
19733.349609375,19825.599609375,19716.69921875,19778.30078125,244700,10.239999771118164,10.859999656677246,10.220000267028809,10.460000038146973,0,0.004964339187534694,66.68501327855945,19497.568993943954,252.61390725979072,154.71854166309433,0.007822640750299887,-0.0059863783008722304,0,108.900390625,0.021484401557245958,0.0016865424791085992,-0.002765552032567009
19850.900390625,19867.55078125,19603.55078125,19659.900390625,334900,10.460000038146973,10.979999542236328,9.890000343322754,10.510000228881836,0,-0.0059863783008722304,60.743599720412135,19513.029126961195,235.1685590216439,162.52436011573042,0.008266794687995042,-0.0007044597937843067,1,264.0,0.004780132940011006,-0.0006328282588098366,-0.015979157960080426
19659.75,19695.900390625,19563.099609375,19646.05078125,258700,10.510000228881836,10.8100004196167,10.039999961853027,10.140000343322754,0,-0.0007044597937843067,60.069407154674764,19525.69785594108,217.7157554202895,160.40124733960684,0.008164554246835818,0.005484562836559181,2,132.80078125,-0.035204555423539396,-0.001755476398622613,-0.005011355722967847
19666.349609375,19772.75,19597.599609375,19753.80078125,295100,10.140000343322754,11.1899995803833,10.140000343322754,10.40999984741211,0,0.005484562836559181,63.4667271304566,19547.42194406574,210.15625681044912,161.4547575742778,0.008173351516611839,-0.0010251191770254131,1,175.150390625,0.026627169126986372,-0.0012387312879388324,0.004140388590704092
19784.0,19795.599609375,19704.599609375,19733.55078125,298000,10.40999984741211,10.699999809265137,10.199999809265137,10.279999732971191,0,-0.0010251191770254131,62.39235555702266,19565.148499988052,200.2232450014817,156.42227489040081,0.007926717123763999,-0.010489749274959825,0,91.0,-0.012488003491492372,0.0037462239971530753,0.0026905263521430633
19655.400390625,19678.25,19423.55078125,19526.55078125,290700,10.279999732971191,11.8100004196167,9.949999809265137,11.279999732971191,0,-0.010489749274959825,52.59169067407907,19561.472526774905,173.64640389757187,167.39211239822933,0.008572538707602391,-0.007420685416911321,0,254.69921875,0.09727626711824566,-0.006082647415023956,-0.01272859598933096
19463.75,19537.650390625,19296.44921875,19381.650390625,315700,11.279999732971191,11.960000038146973,10.979999542236328,11.1899995803833,0,-0.007420685416911321,47.02339792922022,19544.346609046344,139.28621057373675,172.6641880751415,0.00890864217418038,0.006983389270114548,2,241.201171875,-0.007978737120429402,-0.018839432205787876,-0.014153174455181161
19462.80078125,19538.849609375,19436.44921875,19517.0,280800,11.1899995803833,11.1899995803833,10.479999542236328,10.569999694824219,0,0.006983389270114548,52.1226572627027,19541.74217008955,121.57564378214374,171.55954740905995,0.00879026220264692,0.004114401867602702,1,102.400390625,-0.05540660489799987,-0.010973736234826892,-0.0065687899663359195
19576.849609375,19620.44921875,19524.80078125,19597.30078125,216600,10.569999694824219,11.420000076293945,10.399999618530273,11.100000381469727,0,0.004114401867602702,54.89649311995714,19547.033466390545,112.72012649491808,166.6945239334128,0.008505994054696563,-0.0013497354646058168,1,95.6484375,0.050141977478488586,0.003623271759185309,-0.007922525985406659
19627.19921875,19634.400390625,19533.099609375,19570.849609375,260300,11.100000381469727,11.529999732971191,11.100000381469727,11.329999923706055,0,-0.0013497354646058168,53.79096477132956,19549.301670484303,102.38741831124935,162.023542313169,0.008278820058765107,0.003152707884763739,1,101.30078125,0.020720678768650025,0.009761770279455462,-0.008244900964786916
19578.80078125,19645.5,19467.5,19632.55078125,266500,11.329999923706055,11.770000457763672,10.489999771118164,11.140000343322754,0,0.003152707884763739,56.01607944696883,19557.230157223894,98.04721429058554,163.16471786222837,0.00831092809488914,-0.004556268458015711,0,178.0,-0.016769601205888773,0.005920519611108288,0.005428506098567265
19605.55078125,19623.599609375,19495.400390625,19543.099609375,312200,11.140000343322754,11.90999984741211,10.630000114440918,11.399999618530273,0,-0.004556268458015711,52.099253251092584,19555.884390762094,86.39371635513089,161.30655163099777,0.008253887809772896,-0.005874136161590715,0,128.19921875,0.023339251992336107,-0.0027657467974803174,0.00833000366305714
19554.25,19557.75,19412.75,19428.30078125,235500,11.399999618530273,11.869999885559082,11.359999656677246,11.520000457763672,0,-0.005874136161590715,47.50806561122264,19543.73357080856,67.12119787885968,160.14179794306938,0.00824270736520716,0.00032169565781225984,1,145.0,0.010526389758675148,-0.007283732232897799,-0.004544715824665646
19383.94921875,19465.849609375,19257.900390625,19434.55078125,243900,11.520000457763672,12.760000228881836,10.479999542236328,12.0,0,0.00032169565781225984,47.777886293443395,19533.33520989822,51.75530792874633,163.556613714993,0.008415765075094435,0.0015667570139761278,1,207.94921875,0.04166662527455389,-0.010085291626450221,-0.008304715114425987
19369.0,19482.75,19317.19921875,19465.0,0,12.0,12.680000305175781,12.0,12.130000114440918,0,0.0015667570139761278,49.14927518283986,19526.827094669818,41.55569868944076,163.6990542532078,0.008409918019687018,-0.005124582584125403,0,165.55078125,0.010833342870076423,-0.003996275459678622,-0.005408534196915782
19450.55078125,19461.55078125,19326.25,19365.25,268700,12.130000114440918,12.670000076293945,12.109999656677246,12.239999771118164,0,-0.005124582584125403,44.98187533366027,19511.43879993936,25.133717676428205,161.91697894940722,0.00836121294325698,-0.0028452826260957353,1,135.30078125,0.009068397002427897,-0.0032453060079680185,-0.013615183489314342
19301.75,19373.80078125,19253.599609375,19310.150390625,256100,12.239999771118164,12.489999771118164,10.789999961853027,12.140000343322754,0,-0.0028452826260957353,42.821968678747304,19492.268475242752,7.585658668496762,158.93727844409244,0.00823076336687962,0.0043215209131937105,2,120.201171875,-0.008169888044554652,-0.0064009913079657865,-0.011919768276586584
19320.650390625,19425.94921875,19296.30078125,19393.599609375,262600,12.140000343322754,12.59000015258789,11.170000076293945,11.960000038146973,0,0.0043215209131937105,46.97474579563696,19482.8714403982,0.4076508711914357,156.84521837665724,0.008087473266223211,0.00014693555773015454,1,129.6484375,-0.014827042840635962,-0.003668142338813296,-0.0017861146101099123
19417.099609375,19443.5,19381.30078125,19396.44921875,208700,11.960000038146973,12.09000015258789,11.59000015258789,11.75,0,0.00014693555773015454,47.11599353744897,19474.64075262218,-4.9934707391912525,150.08478983189602,0.00773774561205838,0.0024515199000461063,1,62.19921875,-0.017558531561636115,0.0016110930016395297,-0.001960506467520662
19439.19921875,19472.05078125,19366.599609375,19444.0,225200,11.75,11.890000343322754,10.3100004196167,11.729999542236328,0,0.0024515199000461063,49.53186072976914,19471.722585705782,-5.3749883599848545,146.89667426354632,0.007554858787468953,-0.002946964680621278,1,105.451171875,-0.001702166618184786,0.006931567422695073,-0.0010788594913948568
19535.150390625,19584.44921875,19369.0,19386.69921875,268300,11.729999542236328,12.239999771118164,10.199999809265137,11.699999809265137,0,-0.002946964680621278,46.75976275589575,19463.625122186182,-10.183647241123253,151.7932845840073,0.00782976425595953,-0.006236153774081932,0,215.44921875,-0.002557522092236364,-0.00035580762540154964,0.001107613831476506
19297.400390625,19339.55078125,19229.69921875,19265.80078125,466500,11.699999809265137,12.239999771118164,9.979999542236328,12.079999923706055,0,-0.006236153774081932,41.484386586377035,19444.78470876369,-23.479381866043695,152.16519282800678,0.007898202340807866,0.002089194238900971,1,109.8515625,0.0324786427893784,-0.0067356883740198326,-0.0022966993253730195
19298.349609375,19366.849609375,19249.69921875,19306.05078125,248200,12.079999923706055,12.720000267028809,9.5,12.399999618530273,0,0.002089194238900971,43.75928419268385,19431.571953762388,-30.41787045404635,149.664135527792,0.0077521880173000235,0.0018957584743610756,1,117.150390625,0.02649004112957365,-0.007094693414420927,-0.004514315541642833
19374.849609375,19377.900390625,19309.099609375,19342.650390625,307400,12.399999618530273,12.460000038146973,10.649999618530273,12.229999542236328,0,0.0018957584743610756,45.821857768387,19423.10323346359,-32.58773887964344,144.10595508830687,0.007450165937867138,0.0002480956863764039,1,68.80078125,-0.01370968399385275,-0.0022721159299978755,-0.002773643130155712
19433.44921875,19452.80078125,19334.75,19347.44921875,233000,12.229999542236328,12.239999771118164,11.460000038146973,11.800000190734863,0,0.0002480956863764039,46.10097263355199,19415.89808920515,-33.53359550078676,142.24487124271351,0.007352125318145875,-0.004840350603388277,0,118.05078125,-0.03515939228096132,0.004237998639509577,-0.004965582249022882
19375.55078125,19388.19921875,19223.650390625,19253.80078125,562600,11.800000190734863,12.279999732971191,11.760000228881836,12.0600004196167,0,-0.004840350603388277,41.597232543976695,19400.46025035228,-41.3630326483908,143.83801102001968,0.0074706294437248974,0.009426710188917609,2,164.548828125,0.02203391734569493,-0.0027064053954910516,-0.006855134853047451
19258.150390625,19458.55078125,19255.69921875,19435.30078125,333000,12.0600004196167,12.180000305175781,10.40999984741211,11.369999885559082,0,0.009426710188917609,51.488817197491336,19403.77839615206,-32.54720098172038,148.18886737573257,0.00762472724469982,0.004810833701642592,2,202.8515625,-0.057213972640935196,0.004789953225329713,0.008797973254502045
19525.05078125,19545.150390625,19432.849609375,19528.80078125,296800,11.369999885559082,11.539999961853027,10.859999656677246,10.960000038146973,0,0.004810833701642592,55.65551256161837,19415.685289970916,-17.81061262770163,145.62543265246595,0.007456957254245939,0.0023605960187407238,1,112.30078125,-0.03605979345108401,0.009373409406561395,0.01153783352814619
19564.650390625,19587.05078125,19525.75,19574.900390625,256800,10.960000038146973,11.09000015258789,9.369999885559082,10.819999694824219,0,0.0023605960187407238,57.58967014084261,19430.848632890353,-2.384420860278624,139.60224326657553,0.007131696227350162,0.0018467726478093027,1,61.30078125,-0.01277375390834612,0.016677206387618604,0.012007144590307384
19581.19921875,19636.44921875,19491.5,19611.05078125,287600,10.819999694824219,10.979999542236328,9.8100004196167,10.680000305175781,0,0.0018467726478093027,59.09632901309926,19448.01074225794,12.612591552777303,139.98417008682014,0.007138024966038949,0.005915032360780392,2,144.94921875,-0.012938945803797619,0.009042823776082454,0.013624615809537222
19598.650390625,19737.0,19550.05078125,19727.05078125,304900,10.680000305175781,11.029999732971191,9.800000190734863,10.869999885559082,0,0.005915032360780392,63.568789964068,19474.585984066707,33.47221561938568,143.33881641990442,0.00726610470107087,0.004709190366575022,2,186.94921875,0.017790222373984532,0.010151673019796581,0.024579562517384357
19774.80078125,19867.150390625,19727.05078125,19819.94921875,288100,10.869999885559082,10.970000267028809,10.079999923706055,10.779999732971191,0,0.004709190366575022,66.70825687191848,19507.47772070321,56.84447774428554,143.10744448812554,0.00722037392269116,0.008900143420050854,2,140.099609375,-0.008279682937941568,0.012518522354390216,0.019791226378708116
19890.0,20008.150390625,19865.349609375,19996.349609375,248800,10.779999732971191,11.5,10.34000015258789,11.350000381469727,0,0.008900143420050854,71.69601822408106,19554.03694819576,88.5801048407775,146.32842501575942,0.007317756884344303,-0.0001575482868895195,1,142.80078125,0.05287575720017501,0.019647026180432015,0.02394150226438385
20110.150390625,20110.349609375,19914.650390625,19993.19921875,328100,11.350000381469727,12.020000457763672,10.710000038146973,11.6899995803833,0,-0.0001575482868895195,71.49001970665375,19595.861926343783,112.18342704782845,149.8549102824909,0.007495294206939834,0.003841345269944396,2,195.69921875,0.029955875549455113,0.013491547238929646,0.02136914210431118
19989.5,20096.900390625,19944.099609375,20070.0,251400,11.6899995803833,12.050000190734863,11.539999961853027,11.829999923706055,0,0.003841345269944396,73.48973874061446,19641.017933358664,135.5241728419751,150.06532963731297,0.007477096643613003,0.001649208239910216,1,152.80078125,0.011976077703004018,0.012616116140875322,0.02340258173156129
20127.94921875,20167.650390625,20043.44921875,20103.099609375,275100,11.829999923706055,12.039999961853027,11.210000038146973,11.319999694824219,0,0.001649208239910216,74.32556287705464,19685.025712026887,154.90707160130114,148.21788979714776,0.007372887399315623,0.004439613877174287,2,124.201171875,-0.04311075504403428,0.005338474375840674,0.019062597460458797
20156.44921875,20222.44921875,20129.69921875,20192.349609375,438200,11.319999694824219,11.319999694824219,10.069999694824219,10.899999618530273,0,0.004439613877174287,76.47897513670976,19733.34227367909,175.44743875916174,146.15586976699436,0.0072381804294402875,-0.002924316846098174,1,92.75,-0.03710248123822646,0.009960906628601718,0.01878916976602052
20155.94921875,20195.349609375,20115.69921875,20133.30078125,264900,10.899999618530273,11.40999984741211,10.449999809265137,10.84000015258789,0,-0.002924316846098174,72.16628419986436,19771.433560114412,184.83047017190984,141.40547839970904,0.007023462269604543,-0.011518249945432046,0,79.650390625,-0.005504538352495203,0.0031540000622820585,0.006848808635091741
19980.75,20050.650390625,19878.849609375,19901.400390625,378100,10.84000015258789,11.470000267028809,10.84000015258789,11.130000114440918,0,-0.011518249945432046,58.26928981462873,19783.811353496374,171.57634145486736,149.48017079080122,0.007511037809239655,-0.007991939166498319,0,171.80078125,0.026752763631999965,-0.010033239782383574,-0.00459150269652242
19840.55078125,19848.75,19709.94921875,19742.349609375,275100,11.130000114440918,11.390000343322754,10.619999885559082,10.819999694824219,0,-0.007991939166498319,51.0134126023407,19779.862615961003,146.54895502180443,152.47809943967258,0.007723401847126934,-0.003449417659114995,1,138.80078125,-0.027852687909183493,-0.022285668023055205,-0.01632538069880418
19744.849609375,19798.650390625,19657.5,19674.25,246400,10.819999694824219,11.069999694824219,10.390000343322754,10.65999984741211,0,-0.003449417659114995,48.243400845156174,19769.804271583766,119.8380827947949,151.66897738148168,0.0077090093590089425,1.5288066889551644e-05,1,141.150390625,-0.014787416998601755,-0.022800572357092652,-0.02133251178713791
19678.19921875,19734.150390625,19601.55078125,19674.55078125,188400,10.65999984741211,11.3100004196167,10.270000457763672,10.899999618530273,0,1.5288066889551644e-05,48.2567650041903,19760.732510599595,97.56907903807951,150.30687966673298,0.007639660053126936,-0.0005007261720755274,1,132.599609375,0.022514050145735043,-0.011398675717406381,-0.02564331730293501
19682.80078125,19699.349609375,19637.44921875,19664.69921875,204900,10.899999618530273,11.289999961853027,9.25,11.1899995803833,0,-0.0005007261720755274,47.82121745714628,19751.586482804396,78.22407590631701,143.99213044946634,0.007322366279173595,0.002631619198663282,1,61.900390625,0.026605502018552274,-0.003933188914257979,-0.023274949676230228
19637.05078125,19730.69921875,19554.0,19716.44921875,203600,11.1899995803833,11.819999694824219,9.390000343322754,11.59000015258789,0,0.002631619198663282,50.35596305909846,19748.24007670398,66.30449708905144,146.32835104236162,0.007421638116421384,-0.009783629666773708,0,176.69921875,0.0357462544418512,0.0021448959299592563,-0.009293374749755112
19761.80078125,19766.650390625,19492.099609375,19523.55078125,352800,11.59000015258789,13.020000457763672,9.399999618530273,12.819999694824219,0,-0.009783629666773708,42.138740873391754,19726.841096184555,40.82227938789947,155.48709605719293,0.007964078757974672,0.005877516917168757,2,274.55078125,0.1061259297707331,-0.0076748893369349425,-0.011082714694764628
19581.19921875,19726.25,19551.05078125,19638.30078125,243500,12.819999694824219,12.819999694824219,11.3100004196167,11.449999809265137,0,0.005877516917168757,47.6150656406856,19718.408685238406,29.54621390252214,158.85939053525058,0.008089263541931502,-0.005578424654468894,0,175.19921875,-0.10686426818810202,-0.001342427728303619,-0.0018272218127756146
19622.400390625,19623.19921875,19479.650390625,19528.75,221700,11.449999809265137,12.40999984741211,10.779999732971191,11.789999961853027,0,-0.005578424654468894,43.39261477635379,19700.34595331094,11.635887010532315,158.8444619702327,0.008133877589207332,-0.004744307271330683,0,143.548828125,0.02969433696520829,-0.009519930118629172,-0.007410628220744453
19446.30078125,19457.80078125,19333.599609375,19436.099609375,277100,11.789999961853027,12.220000267028809,11.119999885559082,11.65999984741211,0,-0.004744307271330683,40.14981437640839,19675.179634840853,-9.91993743630519,161.43774258843035,0.008306077136513587,0.005641584105285702,2,124.201171875,-0.01102630321132636,-0.004479265726549442,-0.011624871900254297
19521.849609375,19576.94921875,19487.30078125,19545.75,234900,11.65999984741211,11.65999984741211,10.84000015258789,10.9399995803833,0,0.005641584105285702,45.354630330227806,19662.853002951248,-17.948316455207532,159.9671616446139,0.008184242694427888,0.0055127073660514725,2,89.6484375,-0.061749594892885895,-0.004712769311404186,-0.008657705901104595
19621.19921875,19675.75,19589.400390625,19653.5,159100,10.9399995803833,10.9399995803833,9.729999542236328,10.300000190734863,0,0.0055127073660514725,49.95984909101297,19661.962240765413,-15.438376182777574,157.82665009857004,0.008030460228385277,-0.00718194675884698,0,86.349609375,-0.058500860529833276,0.006388017666261181,0.006656023804583855
19539.44921875,19588.94921875,19480.5,19512.349609375,165100,10.300000190734863,11.630000114440918,10.119999885559082,11.399999618530273,0,-0.00718194675884698,44.65124913848309,19647.71341872823,-24.55582307124132,158.91046080581503,0.008144096635571973,0.00909680297624016,2,108.44921875,0.10679605897336675,0.003923112225830527,-0.0064135473469911775
19565.599609375,19717.80078125,19565.44921875,19689.849609375,216600,11.399999618530273,11.399999618530273,10.859999656677246,11.270000457763672,0,0.00909680297624016,51.613981818798784,19651.72638926602,-17.259739316377818,162.23479731075682,0.008239514294386047,0.006170692128707245,2,152.3515625,-0.011403435536549766,0.007372426710410274,0.008249355917557377
19767.0,19839.19921875,19756.94921875,19811.349609375,213700,11.270000457763672,11.319999694824219,10.390000343322754,10.989999771118164,0,0.006170692128707245,55.720183825368686,19666.92860070497,-1.6544345019829052,161.31442674391704,0.008142525871512603,-0.0008757409120068171,1,82.25,-0.024844780414593592,0.008031628431322657,0.019306857216300655
19822.69921875,19843.30078125,19772.650390625,19794.0,217900,10.989999771118164,11.119999885559082,10.569999694824219,10.619999885559082,0,-0.0008757409120068171,55.00238938621809,19679.03063873307,9.20678344521366,154.8384241639944,0.007822492884914338,-0.0021698099802970328,1,70.650390625,-0.033666960260676726,0.014434468234910902,0.012700970799278677
19654.55078125,19805.400390625,19635.30078125,19751.05078125,255000,10.619999885559082,11.029999732971191,10.399999618530273,10.619999885559082,0,-0.0021698099802970328,53.17616225528524,19685.88969992516,14.18521557256463,155.92850882192337,0.007894694340513209,-0.0009772027556287366,1,170.099609375,0.0,0.00310825999635167,0.004963532258885239
19737.25,19781.30078125,19691.849609375,19731.75,181000,10.619999885559082,11.149999618530273,9.149999618530273,11.069999694824219,0,-0.0009772027556287366,52.33520967736966,19690.257347551335,16.38437824416178,151.18012761142884,0.0076617698689385805,0.004041709427698992,2,89.451171875,0.042372863852573106,-0.0040178791927094615,0.011244180993947861
19843.19921875,19849.75,19775.650390625,19811.5,185800,11.069999694824219,11.069999694824219,10.430000305175781,10.699999809265137,0,0.004041709427698992,55.468915831989044,19701.804266832158,24.28247574191846,148.8101184963268,0.007511299926624779,-0.007086812741337156,0,74.099609375,-0.03342365815349346,0.0008841062948368172,0.006178330106039853
19820.44921875,19840.94921875,19659.94921875,19671.099609375,198900,10.699999809265137,11.170000076293945,10.489999771118164,10.970000267028809,0,-0.007086812741337156,49.32116549683358,19698.880013741,18.99368933569349,151.10939574658914,0.0076817970905181275,-0.0023588102112444,1,181.0,0.025233688091272466,-0.0040479452339264865,-0.007079275403510721
19545.19921875,19681.80078125,19512.349609375,19624.69921875,230300,10.970000267028809,11.210000038146973,10.050000190734863,10.899999618530273,0,-0.0023588102112444,47.449467018772076,19691.81517612281,10.93214529992838,152.41952261290422,0.007766718914462558,-0.004180896084593599,0,169.451171875,-0.006381098158121934,-0.0054253059789425295,-0.008553136367080882
19542.150390625,19593.80078125,19518.69921875,19542.650390625,198300,10.899999618530273,11.09000015258789,10.069999694824219,10.819999694824219,0,-0.004180896084593599,44.25155492542646,19677.6090060754,-2.053667744337872,149.1038424262682,0.00762966329775803,-0.013350307425555652,0,75.1015625,-0.007339442798700024,-0.013570381312621449,-0.01055135713705102
19521.599609375,19556.849609375,19257.849609375,19281.75,176000,10.819999694824219,11.359999656677246,8.819999694824219,10.90999984741211,0,-0.013350307425555652,35.9537005328895,19639.90814835393,-33.016900945745874,159.8107108243919,0.008288184984474537,-0.008277236732921023,0,299.0,0.008317944096702945,-0.019792976351430847,-0.02280588391805083
19286.44921875,19347.30078125,19074.150390625,19122.150390625,225300,10.90999984741211,12.180000305175781,9.970000267028809,11.3100004196167,0,-0.008277236732921023,32.00060555589212,19590.59788571308,-69.63117612838323,167.90640223872106,0.008780728046205534,-0.013853064912347501,0,273.150390625,0.03666366432621637,-0.025607976077658856,-0.03479542737172858
19027.25,19041.69921875,18837.849609375,18857.25,300400,11.3100004196167,12.699999809265137,11.3100004196167,11.729999542236328,0,-0.013853064912347501,26.744504908764853,19520.75522993088,-118.65571147941228,176.2202864538124,0.00934496209435694,0.010075700327460302,2,203.849609375,0.03713519956119171,-0.035072028456989646,-0.0413728579253968
18928.75,19076.150390625,18926.650390625,19047.25,205200,11.729999542236328,12.3100004196167,10.670000076293945,10.90999984741211,0,0.010075700327460302,34.992099446618454,19475.65949374699,-140.55635072618315,179.26886532318295,0.009411797783049151,0.004916740769664862,2,149.5,-0.06990620007031012,-0.012161759176423259,-0.029424614987132558
19053.400390625,19158.5,18940.0,19140.900390625,180100,10.90999984741211,12.1899995803833,10.90999984741211,11.489999771118164,0,0.004916740769664862,38.65804000297303,19443.777674402038,-148.6425030123828,182.0710892286699,0.009512148619604453,-0.0032026069828995363,1,218.5,0.05316223023079436,0.0009805382562617648,-0.020557600528571474
19232.94921875,19233.69921875,19056.44921875,19079.599609375,206000,11.489999771118164,12.289999961853027,11.260000228881836,11.829999923706055,0,-0.0032026069828995363,37.180053762444025,19409.09404916137,-158.17396666382047,181.72672571233633,0.009524661388755906,-0.004740624572936891,1,177.25,0.029590962520515518,0.011791200168370208,-0.010484027156508091
19064.05078125,19096.05078125,18973.69921875,18989.150390625,194100,11.829999923706055,12.199999809265137,11.829999923706055,12.050000190734863,0,-0.004740624572936891,35.0506864564274,19369.09941501505,-171.0544075826001,177.48564262574087,0.00934668686985417,0.007588523257266999,2,122.3515625,0.018596810519664553,-0.0030502885915290046,-0.006955284697750641
19120.0,19175.25,19064.150390625,19133.25,245600,12.050000190734863,12.050000190734863,10.949999809265137,11.079999923706055,0,0.007588523257266999,40.8617022365094,19346.637565966,-167.70145761061576,178.10092596497367,0.009308451306755186,0.005087980838331285,2,111.099609375,-0.08049794619709905,-0.0003996881269361374,0.01463628047567922
19241.0,19276.25,19210.900390625,19230.599609375,189500,11.079999923706055,11.079999923706055,10.640000343322754,10.880000114440918,0,0.005087980838331285,44.47592498275748,19335.58633200495,-155.3975939774573,175.59371696747556,0.009130953820174845,0.00941990339899168,2,65.349609375,-0.01805052442619881,0.00791421220001931,0.009626040996731922
19345.849609375,19423.0,19309.69921875,19411.75,180700,10.880000114440918,11.279999732971191,10.380000114440918,11.109999656677246,0,0.00941990339899168,50.53409925066705,19342.840014671146,-129.53615861412982,176.79419365729873,0.00910758657294158,-0.000260191958478706,1,113.30078125,0.021139663586129176,0.02225479290445964,0.01415030661293537
19404.05078125,19423.5,19329.099609375,19406.69921875,198700,11.109999656677246,12.180000305175781,11.0,11.1899995803833,0,-0.000260191958478706,50.369082346024655,19348.921843631037,-108.2010660660635,170.90892201213455,0.008806697114520586,0.0018962926582819506,1,94.400390625,0.007200713427382821,0.01429183326146899,0.01714394515984896
19449.599609375,19464.400390625,19401.5,19443.5,195000,11.1899995803833,11.329999923706055,10.630000114440918,11.039999961853027,0,0.0018962926582819506,51.60899672385782,19357.929287094747,-87.31680227693869,163.1940269130535,0.008393243341633631,-0.002478937369815082,1,62.900390625,-0.013404792149700473,0.011070917961456095,0.023926800305890117
19457.400390625,19463.900390625,19378.349609375,19395.30078125,208400,11.039999961853027,11.25,10.369999885559082,10.979999542236328,0,-0.002478937369815082,49.852317804762926,19361.488477014296,-73.80437599170546,157.64808079426396,0.008128158597399373,0.001549283945833313,1,85.55078125,-0.005434820636233795,-0.0008473846381701344,0.013696093515215724
19351.849609375,19451.30078125,19329.44921875,19425.349609375,152200,10.979999542236328,11.359999656677246,9.859999656677246,11.109999656677246,0,0.001549283945833313,50.97272768172059,19367.570489620077,-59.97958419709903,155.09118663038797,0.007983958577277721,0.0009369804014345284,1,121.8515625,0.011839719477296118,0.000961028478608128,0.010127089324092564
19486.75,19494.400390625,19414.75,19443.55078125,189300,11.350000381469727,11.630000114440918,10.5,11.1899995803833,0,0.0009369804014345284,51.67699333189502,19374.806707870546,-47.012721254635835,149.70255834428886,0.007699342575259018,0.011926753508604282,2,79.650390625,0.007200713427382821,2.6117339984033094e-06,0.0016382233054721418
19651.400390625,19693.19921875,19579.650390625,19675.44921875,291500,11.1899995803833,11.420000076293945,8.399999618530273,11.140000343322754,0,0.011926753508604282,59.633203020893816,19403.439327954304,-17.818719989118108,156.84154971255393,0.007971434246242751,0.004561522280999375,2,113.548828125,-0.004468207232840138,0.014444139880049,0.013848310677188502
19674.69921875,19875.25,19627.0,19765.19921875,282700,11.140000343322754,11.8100004196167,10.619999885559082,11.649999618530273,0,0.004561522280999375,62.225430522012374,19437.892650887225,12.416679520778416,163.3707247330858,0.008265574403019742,-0.0016897597201204206,1,248.25,0.04578090300627413,0.017495160509800156,0.01654533488055132
19674.75,19806.0,19667.44921875,19731.80078125,236800,11.649999618530273,12.09000015258789,10.1899995803833,11.829999923706055,0,-0.0016897597201204206,60.66423280153881,19465.883901397963,33.29961939866553,161.5978716271511,0.008189717371397157,-0.0019157289123818977,1,138.55078125,0.015450670478089679,0.014824967067124772,0.017349563370798737
19731.150390625,19756.44921875,19670.5,19694.0,173800,11.829999923706055,12.670000076293945,11.199999809265137,12.149999618530273,0,-0.0019157289123818977,58.86411902047213,19487.609244121966,46.26596730129677,156.1943964216403,0.007931065117377897,0.0045394734754240496,2,85.94921875,0.02704984758139961,0.0009428390195189706,0.013829887030467836
19770.900390625,19829.099609375,19754.05078125,19783.400390625,195000,12.149999618530273,12.4399995803833,10.760000228881836,12.229999542236328,0,0.0045394734754240496,61.75459791301958,19515.779829503208,63.02919448510875,154.68762591830884,0.00781906158011201,0.0014380348265852216,1,75.048828125,0.006584356067307562,0.0009208696392866145,0.01747878323247054
19784.0,19825.55078125,19703.849609375,19811.849609375,184500,12.229999542236328,12.710000038146973,11.020000457763672,11.869999885559082,0,0.0014380348265852216,62.653908625415326,19543.97695139576,77.71394896547645,152.33145062950103,0.007688906065459812,-0.0004971574875239915,1,121.701171875,-0.029435786602770242,0.004056843519374409,0.006932517225325396
19828.44921875,19875.150390625,19786.75,19802.0,170000,11.869999885559082,12.140000343322754,10.979999542236328,11.319999694824219,0,-0.0004971574875239915,62.1093795523092,19568.550575072357,87.54774561430531,147.76494634346525,0.007462122328222667,-0.00036868908443588033,1,88.400390625,-0.046335315588670545,0.005483903727023565,0.0018618978155853227
19809.599609375,19832.849609375,19768.849609375,19794.69921875,145900,11.319999694824219,11.470000267028809,8.680000305175781,11.329999923706055,0,-0.00036868908443588033,61.68145957969644,19590.088541136894,93.67219353729524,141.7817358903606,0.007162611279087365,0.004799264638990497,2,64.0,0.0008834124692078671,0.0005711266972261431,0.003187668383504594
19844.650390625,19916.849609375,19800.0,19889.69921875,229600,11.329999923706055,12.489999771118164,11.069999694824219,12.180000305175781,0,0.004799264638990497,65.05530778072892,19618.622891385763,104.98140836542734,140.37949694283483,0.007057899438242848,0.010402389113554511,2,116.849609375,0.07502209948750727,0.003929446816422599,0.009936996991469549
19976.55078125,20104.650390625,19956.30078125,20096.599609375,236200,12.180000305175781,14.460000038146973,11.329999923706055,12.710000038146973,0,0.010402389113554511,71.03652569530875,19664.14448357521,129.15040945310466,145.7060451522752,0.007250283529772062,0.0018187545137213768,1,148.349609375,0.04351393429325068,0.014877265396172179,0.015831414851130488
20108.5,20158.69921875,20015.849609375,20133.150390625,486600,12.710000038146973,13.350000381469727,11.760000228881836,12.6899995803833,0,0.0018187545137213768,71.94992865160475,19708.81171281805,149.5301688157815,145.502014025327,0.00722698689486172,0.0066929416105065975,2,142.849609375,-0.001573600134039621,0.01709807096004834,0.01621760651251658
20194.099609375,20291.55078125,20183.69921875,20267.900390625,265800,12.6899995803833,12.760000228881836,11.779999732971191,12.380000114440918,0,0.0066929416105065975,75.07118976248094,19762.05825356157,174.54245699091916,146.42332663958933,0.0072243954143033995,0.020668169003769332,2,107.8515625,-0.024428642726008643,0.01901492665703408,0.0235279461986162
20601.94921875,20702.650390625,20507.75,20686.80078125,381100,12.380000114440918,13.15999984741211,11.34000015258789,12.989999771118164,0,0.020668169003769332,81.8373470638779,19850.12897048428,225.56644661398968,167.0180890224758,0.008073654828921485,0.008135565760247543,2,194.900390625,0.049272992814087146,0.02936821070962048,0.04506769982415193
20808.900390625,20864.05078125,20711.150390625,20855.099609375,421000,12.989999771118164,13.880000114440918,11.479999542236328,13.460000038146973,0,0.008135565760247543,83.74611342730334,19945.840459902443,276.3974966065507,167.74893980658467,0.008043545365334838,0.003960643244200535,1,152.900390625,0.036181699408017076,0.03585873073725088,0.04853770688070114
20950.75,20961.94921875,20852.150390625,20937.69921875,359200,13.460000038146973,14.09000015258789,12.6899995803833,13.739999771118164,0,0.003960643244200535,84.60144600577826,20040.303198840305,319.66170693141976,163.60964611504292,0.007814117702508986,-0.0017455990623970186,1,109.798828125,0.02080235751691273,0.03304727254505435,0.04185283210711077
20932.400390625,20941.25,20850.80078125,20901.150390625,275000,13.739999771118164,13.739999771118164,12.550000190734863,12.670000076293945,0,-0.0017455990623970186,82.53187817893128,20122.288645676945,346.9997235243318,158.38390130325413,0.007577759996133784,0.003265370504707432,1,90.44921875,-0.07787479713597856,0.010361660637699055,0.03814604198047511
20934.099609375,21006.099609375,20862.69921875,20969.400390625,292400,12.670000076293945,12.880000114440918,12.140000343322754,12.470000267028809,0,0.003265370504707432,83.35091986161443,20202.965954719617,369.90842913388406,157.31365054052168,0.007502057646381413,0.001320935183362959,1,143.400390625,-0.015785304503615927,0.00548071135553907,0.03461137989036511
20965.30078125,21026.099609375,20923.69921875,20997.099609375,212900,12.470000267028809,13.119999885559082,12.229999542236328,12.760000228881836,0,0.001320935183362959,83.68526073879919,20278.59773135346,385.850988823604,153.3912748322701,0.007305355391264725,-0.004319607014175553,0,102.400390625,0.023255810396395793,0.0028370065881835327,0.014999846105070436
21018.55078125,21037.900390625,20867.150390625,20906.400390625,244900,12.760000228881836,12.869999885559082,11.6899995803833,12.710000038146973,0,-0.004319607014175553,78.15106109143554,20338.38846080789,386.7091706879255,154.63118377282223,0.007396356182012235,0.0009542158562574343,1,170.75,-0.00391851017539091,0.000251182346515888,0.0024598674765829998
20929.75,20950.0,20769.5,20926.349609375,260300,12.710000038146973,12.819999694824219,11.539999961853027,12.069999694824219,0,0.0009542158562574343,78.48803246808396,20394.384760671426,384.5659839498585,156.47895636047775,0.007477604038994705,0.012250087289956912,2,180.5,-0.05035407878850495,-0.002053028720327532,-0.0005420657378073512
21110.400390625,21210.900390625,21074.44921875,21182.69921875,334400,12.069999694824219,12.510000228881836,11.0,12.319999694824219,0,0.012250087289956912,82.27175913839127,20469.46232810748,398.9538721941135,165.62694385258646,0.007818972555961175,0.012932779200891975,2,136.451171875,0.020712510879946633,0.008839297466214369,0.01347049434423897
21287.44921875,21492.30078125,21235.30078125,21456.650390625,508800,12.319999694824219,13.34000015258789,10.800000190734863,13.130000114440918,0,0.012932779200891975,85.256264363237,20563.480238823435,427.533606071298,175.91084518454457,0.008198429949784,-0.0017710126840955187,1,257.0,0.06574678893514818,0.02631969108592913,0.023236239039903017
21434.80078125,21482.80078125,21365.349609375,21418.650390625,249700,13.130000114440918,14.119999885559082,13.130000114440918,13.899999618530273,0,-0.0017710126840955187,83.16484276740967,20644.925015185487,442.0216185839563,171.73515423386283,0.00801801939439806,0.0016083748565725031,1,117.451171875,0.0586442876906359,0.02352540172746842,0.02007661958520135
21477.650390625,21505.05078125,21337.75,21453.099609375,249800,13.899999618530273,14.119999885559082,13.550000190734863,13.869999885559082,0,0.0016083748565725031,83.55860531637933,20721.894024155918,451.08342796186116,171.41841330644405,0.007990379778572148,-0.01412146609423337,0,167.30078125,-0.002158254229820189,0.01276515272357992,0.026149849258371383
21543.5,21593.0,21087.349609375,21150.150390625,363900,13.869999885559082,14.869999885559082,12.779999732971191,14.449999809265137,0,-0.01412146609423337,68.4060211748851,20762.680344772023,428.8756950333009,195.29212597205517,0.009233604601630644,0.004959794076523361,2,505.650390625,0.04181686578886912,-0.014284615465138928,0.010694688057287127
21033.94921875,21288.349609375,20976.80078125,21255.05078125,277500,14.449999809265137,15.010000228881836,12.279999732971191,13.760000228881836,0,0.004959794076523361,70.40714662802361,20809.572767293736,414.9571240988662,203.59617612583696,0.00957871981681822,0.004438926556610712,1,311.548828125,-0.0477508366429793,-0.007638184777814416,0.0034155969337448244
21295.849609375,21390.5,21232.44921875,21349.400390625,284700,13.760000228881836,13.989999771118164,12.229999542236328,13.710000038146973,0,0.004438926556610712,72.11773578917814,20860.984921896714,406.8498692815847,200.34293363470576,0.009384007511643316,0.004306875934107168,1,158.05078125,-0.003633734731334881,-0.004833763914687816,-0.0049984502728748215
21365.19921875,21477.150390625,21329.44921875,21441.349609375,219500,13.710000038146973,14.949999809265137,13.710000038146973,14.680000305175781,0,0.004306875934107168,73.712514883417,20916.257749275595,403.1965461280852,196.58280779472676,0.009168397110076179,0.0099527499207277,2,147.701171875,0.07075129572063177,0.013768186673465799,0.0010597875373108412
21497.650390625,21675.75,21495.80078125,21654.75,256500,14.680000305175781,15.729999542236328,14.470000267028809,15.5600004196167,0,0.0099527499207277,77.0004529523159,20986.59034458268,412.76281645792915,199.28406371117487,0.009202787550591665,0.005723881307796219,2,179.94921875,0.059945510636716604,0.018804905378188685,0.009399592333821927
21715.0,21801.44921875,21678.0,21778.69921875,393100,15.5600004196167,16.469999313354492,14.960000038146973,15.140000343322754,0,0.005723881307796219,78.66928727312441,21062.029284979566,425.4415948051501,195.52800335680521,0.008977946818259409,-0.0021717930740454694,1,123.44921875,-0.02699229209302889,0.020108238183284666,0.0297184093973919
21737.650390625,21770.30078125,21676.900390625,21731.400390625,270900,15.140000343322754,15.430000305175781,14.369999885559082,14.5,0,-0.0021717930740454694,76.39141298150548,21125.778914088653,426.7536474512053,188.8330622688191,0.008689410662659472,-0.0030186554108726504,1,93.400390625,-0.04227214853433048,0.013527636391096332,0.02241112544389723
21751.349609375,21755.599609375,21555.650390625,21665.80078125,263700,14.680000305175781,15.079999923706055,14.239999771118164,14.579999923706055,0,-0.0030186554108726504,73.22463715049999,21177.20956810402,417.6853022243122,189.62707344604632,0.008752368553584838,-0.00685186637566948,0,199.94921875,0.005517236117658975,0.0005103167318949442,0.014820106646364684
21661.099609375,21677.0,21500.349609375,21517.349609375,311900,14.579999923706055,14.779999732971191,14.020000457763672,14.100000381469727,0,-0.00685186637566948,66.505726286347,21209.603857748873,393.9782681536817,188.7001675302573,0.008769675213532878,0.006564470186349425,2,176.650390625,-0.032921779475175605,-0.01200023962634078,0.003544552996177508
21605.80078125,21685.650390625,21564.55078125,21658.599609375,339200,14.100000381469727,14.210000038146973,13.210000038146973,13.329999923706055,0,0.006564470186349425,69.38428787875557,21252.365357903742,382.18240649544896,187.24306851023888,0.0086452066101813,0.002410182228605562,1,121.099609375,-0.05460996006607277,-0.003350027146957646,0.00017777205347546676
21705.75,21749.599609375,21629.19921875,21710.80078125,309300,13.329999923706055,13.470000267028809,12.489999771118164,12.630000114440918,0,0.002410182228605562,70.39684479196359,21296.02587441291,372.7494755282278,182.4685915184361,0.008404507662196442,-0.00911070868564301,0,120.400390625,-0.052513114273936234,0.0020770060822743464,-0.003117653484168814
21747.599609375,21763.94921875,21492.900390625,21513.0,231500,12.630000114440918,13.600000381469727,12.630000114440918,13.460000038146973,0,-0.00911070868564301,62.025796271697516,21316.690076849773,345.33216557637934,188.79575127604784,0.008775891380841717,0.0014804820050666745,1,271.048828125,0.06571654126566862,-0.00020214429072173967,-0.01004999156516484
21653.599609375,21724.44921875,21517.849609375,21544.849609375,228600,13.460000038146973,13.510000228881836,12.779999732971191,13.260000228881836,0,0.0014804820050666745,62.793002432630054,21338.41955613789,322.45666746651113,190.41385609561584,0.008838022058541518,0.0034277152411805734,1,206.599609375,-0.01485882679779471,-0.005251955438095979,-0.0055825848809463174
21529.30078125,21641.849609375,21448.650390625,21618.69921875,217000,13.260000228881836,14.5600004196167,12.8100004196167,12.970000267028809,0,0.0034277152411805734,64.57990903506773,21365.112857339045,306.75068573551107,190.61281057092899,0.008817034209237233,0.0013183031833516878,1,193.19921875,-0.02187028332181873,-0.004242200157791531,0.0047101344363917885
21688.0,21726.5,21593.75,21647.19921875,212500,12.970000267028809,13.1899995803833,12.630000114440918,12.770000457763672,0,0.0013183031833516878,65.27305570161766,21391.97822509247,293.22319935668565,186.4797526730055,0.008614497921351584,0.011426492637705898,2,132.75,-0.01542018543928314,0.006238052282340867,-0.0005263678552913653
21773.55078125,21928.25,21715.150390625,21894.55078125,294700,12.770000457763672,13.289999961853027,12.420000076293945,13.100000381469727,0,0.011426492637705898,70.6427056597731,21439.842278059852,299.0149150216348,193.2348261427908,0.008825704079221062,0.009267074694848665,2,213.099609375,0.025841809857213294,0.01623131180840698,0.008463529367313427
22053.150390625,22115.55078125,21963.55078125,22097.44921875,345500,13.100000381469727,13.890000343322754,11.789999961853027,13.789999961853027,0,0.009267074694848665,74.1707921264319,21502.471510506533,316.3306369526181,195.21805284687716,0.008834415724382878,-0.0029482333845447517,1,152.0,0.05267172215959026,0.022145180667705322,0.02716725787895702
22080.5,22124.150390625,21969.80078125,22032.30078125,292400,13.789999961853027,14.039999961853027,12.489999771118164,13.569999694824219,0,-0.0029482333845447517,71.21152961394972,21552.93144105353,321.0951518620459,192.29887831317163,0.00872804344051178,-0.020894393512082443,0,154.349609375,-0.01595360896572806,0.017789902453821282,0.022624951239524682
21647.25,21851.5,21550.44921875,21571.94921875,456000,13.569999694824219,15.229999542236328,12.720000267028809,15.079999923706055,0,-0.020894393512082443,54.62626563407201,21554.742657977004,284.4456283368163,212.98121289794508,0.009873062964232512,-0.0050852715087356115,0,301.05078125,0.11127489040827099,-0.014734331191497585,-0.0021624797832171527
21414.19921875,21539.400390625,21285.55078125,21462.25,387300,15.079999923706055,15.710000038146973,12.979999542236328,14.069999694824219,0,-0.0050852715087356115,51.54548148521065,21545.933833407766,243.73913372774405,218.22530036952045,0.010167866853173384,0.00746195718645537,2,253.849609375,-0.06697614283764652,-0.028745363886209296,-0.00854379436716246
21615.19921875,21670.599609375,21575.0,21622.400390625,343100,14.069999694824219,14.109999656677246,13.680000305175781,13.880000114440918,0,0.00746195718645537,55.49194027419233,21553.21636266655,221.84445676219548,217.51989386991184,0.010059932752157512,-0.01774084294273448,0,95.599609375,-0.013503879495689985,-0.018604520458155416,-0.012430051355886373
21716.69921875,21750.25,21192.599609375,21238.80078125,449700,13.800000190734863,15.40999984741211,12.199999809265137,14.850000381469727,0,-0.01774084294273448,45.85764642327754,21523.272021579258,171.56182697565964,241.81492935241815,0.011385526510795128,0.010129971071150878,2,557.650390625,0.06988474488696927,-0.015443594555212159,-0.038857355389753545
21185.25,21482.349609375,21137.19921875,21453.94921875,407500,14.850000381469727,15.649999618530273,14.029999732971191,14.380000114440918,0,0.010129971071150878,50.99645243192408,21516.669849881233,147.3743219921853,249.19603372903114,0.011615392168041609,-0.004724053755400193,1,345.150390625,-0.03164984881854205,-0.0003867619308320913,-0.02625016643709721
21454.599609375,21459.0,21247.05078125,21352.599609375,418100,14.380000114440918,15.34000015258789,13.359999656677246,13.869999885559082,0,-0.004724053755400193,48.653786799208454,21501.044112690164,118.65964899809842,246.53554694481463,0.011545926559526343,0.018030591452244726,2,211.94921875,-0.03546594053011687,-0.01247783670526148,-0.010168279516639345
21433.099609375,21763.25,21429.599609375,21737.599609375,376700,13.869999885559082,15.850000381469727,13.800000190734863,15.680000305175781,0,0.018030591452244726,56.776696589436064,21523.573207612528,125.52240207682553,258.2580357791136,0.011880706261041443,-0.009913698102483215,0,333.650390625,0.13049750789841053,0.02348526328121814,0.012829484763946075
21775.75,21813.05078125,21501.80078125,21522.099609375,375100,15.680000305175781,16.579999923706055,14.989999771118164,16.100000381469727,0,-0.009913698102483215,51.83373804295161,21523.432864923238,112.27786500657749,262.04317608060546,0.01217553960053506,0.009460025419002926,2,311.25,0.026785718630076172,0.003176589537437602,-0.0046387440542211555
21487.25,21741.349609375,21448.849609375,21725.69921875,410600,16.100000381469727,16.530000686645508,15.800000190734863,16.049999237060547,0,0.009460025419002926,55.75308899871126,21542.69632719245,116.86313540018455,264.21866350341935,0.012161572377628696,-0.0013003033741542103,1,292.5,-0.003105661069842447,0.017473263967877184,0.022924949601196065
21780.650390625,21832.94921875,21658.75,21697.44921875,332500,16.049999237060547,16.110000610351562,14.359999656677246,14.460000038146973,0,-0.0013003033741542103,55.0833314697009,21557.434697816978,116.87024883790582,257.7887031638894,0.011881060329484239,0.007205988175093214,2,174.19921875,-0.09906537535791016,-0.001847048034120724,0.011349891692070901
21812.75,22126.80078125,21805.55078125,21853.80078125,442800,14.460000038146973,15.130000114440918,14.029999732971191,14.699999809265137,0,0.007205988175093214,58.084508990245624,21585.660039096314,128.0164566727326,270.04319311646873,0.012356806755013473,-0.0037568550808078083,1,321.25,0.016597494501038756,0.015412119537375979,0.023472606663543782
21921.05078125,21964.30078125,21726.94921875,21771.69921875,440800,14.699999809265137,16.049999237060547,14.699999809265137,15.619999885559082,0,-0.0037568550808078083,55.96970066242927,21603.37805620619,128.74095119661797,267.7080766438638,0.012296149875766748,0.007243402101531293,2,237.3515625,0.06258504001572063,0.0021173081490653,0.0015686924953890458
21825.19921875,21951.400390625,21737.55078125,21929.400390625,371000,15.619999885559082,15.979999542236328,15.09000015258789,15.789999961853027,0,0.007243402101531293,59.05356303351602,21634.427802341317,140.42159222733608,263.86104326751644,0.012032296303929916,5.014315737827957e-05,1,213.849609375,0.010883487678582604,0.010690250708113469,0.018924769824621546
22045.05078125,22053.30078125,21860.150390625,21930.5,346300,15.789999961853027,16.020000457763672,14.739999771118164,15.510000228881836,0,5.014315737827957e-05,59.07508685160418,21662.625154499285,148.06056367189012,258.8102823644796,0.01180138539315016,-0.009692017110872975,0,193.150390625,-0.017732725373504787,0.0035096512280741177,0.009426660066859993
22009.650390625,22011.05078125,21665.30078125,21717.94921875,491100,15.510000228881836,16.030000686645508,15.239999771118164,15.829999923706055,0,-0.009692017110872975,53.24843584610069,21667.89411299935,135.4025950609648,265.02026219558815,0.012202821708726773,0.0029722318898448563,1,345.75,0.020631830438553767,-0.002468801330569037,0.0009448115210834995
21727.0,21804.44921875,21629.900390625,21782.5,349200,15.829999923706055,16.329999923706055,15.270000457763672,15.449999809265137,0,0.0029722318898448563,54.70942161296495,21678.808959380363,129.09168374117144,258.55801690483185,0.0118699881512605,-0.0076414194307357075,0,174.548828125,-0.024005061040578535,-0.006698787381701599,-0.0032626261199916184
21800.80078125,21831.69921875,21574.75,21616.05078125,287400,15.449999809265137,16.540000915527344,15.449999809265137,16.059999465942383,0,-0.0076414194307357075,50.340888263460776,21672.831990034614,109.3981068952744,258.4431027509153,0.011956074001042394,0.005884480011507653,1,256.94921875,0.039482178913130994,-0.014338442750963298,-0.007149117573972075
21664.30078125,21766.80078125,21543.349609375,21743.25,365800,16.059999465942383,16.56999969482422,15.75,15.8100004196167,0,0.005884480011507653,53.4029855842632,21679.538467174174,102.86891049868791,255.94367911692134,0.011771178601033485,0.004451992284961959,1,223.451171875,-0.01556656629135289,0.0011649710106218514,-0.008488622001018409
21578.150390625,21870.849609375,21530.19921875,21840.05078125,359100,15.8100004196167,16.200000762939453,15.34000015258789,15.4399995803833,0,0.004451992284961959,55.64452499418999,21694.825354229015,104.30314760394322,261.99415851035553,0.011996041636280503,0.0032371361888359207,1,340.650390625,-0.023402962012215367,0.002642065017789408,-0.004124357344793772
21906.55078125,21953.849609375,21794.80078125,21910.75,345400,15.4399995803833,15.65999984741211,15.109999656677246,15.229999542236328,0,0.0032371361888359207,57.26158858470669,21715.389606207205,109.87802150288917,254.6409206256873,0.011621734565256201,0.005930843022260657,2,159.048828125,-0.013601039109727653,0.013633351518845593,0.008877485590745637
22020.30078125,22068.650390625,21968.94921875,22040.69921875,343900,15.229999542236328,15.550000190734863,14.899999618530273,15.220000267028809,0,0.005930843022260657,60.13819574995656,21746.371474068423,123.3599484578699,247.73088276849535,0.011239701622430877,0.007089158036650556,2,99.701171875,-0.0006565512480672941,0.013680071688914941,0.011853516297486433
22099.19921875,22215.599609375,22045.849609375,22196.94921875,295700,16.020000457763672,16.360000610351562,14.210000038146973,16.06999969482422,0,0.007089158036650556,63.33384150264019,21789.283640228576,144.98128782763524,242.5287047582457,0.010926217939597714,-0.006392700010330099,0,169.75,0.0558475304127799,0.016341465552195622,0.026873476722393708
22248.849609375,22249.400390625,21997.94921875,22055.05078125,364500,16.06999969482422,16.309999465942383,15.680000305175781,15.930000305175781,0,-0.006392700010330099,58.72917826827072,21814.59479651633,148.94934174607988,243.16602383801387,0.011025412104003875,0.0073633218581414805,2,251.451171875,-0.008711847685568319,0.006585843992104268,0.014340118485047126
22081.55078125,22252.5,21875.25,22217.44921875,343500,15.930000305175781,16.149999618530273,15.130000114440918,15.199999809265137,0,0.0073633218581414805,62.12326900448213,21852.961884348108,163.3156486138505,252.74345070672715,0.011375898655973028,-0.0002137959201901074,1,377.25,-0.04582551675617119,0.008019255571059203,0.01728010805835689
22290.0,22297.5,22186.099609375,22212.69921875,226000,15.199999809265137,15.4399995803833,14.84000015258789,14.970000267028809,0,-0.0002137959201901074,61.96275700226817,21887.222582862574,172.33123777106812,242.6475178437466,0.010923819543683598,-0.004080928508836235,1,111.400390625,-0.015131549021213275,0.0007095569686079717,0.013780870976575432
22169.19921875,22202.150390625,22075.150390625,22122.05078125,207800,14.970000267028809,15.960000038146973,13.760000228881836,15.600000381469727,0,-0.004080928508836235,58.83836714296215,21909.587173185188,170.19963041252413,235.14046857812187,0.010629234644801557,0.003448994348646428,1,127.0,0.042084175230676646,0.003037852901112359,0.003690970131782212
22090.19921875,22218.25,22085.650390625,22198.349609375,252200,15.600000381469727,16.0,15.529999732971191,15.729999542236328,0,0.003448994348646428,60.63748476141382,21937.088357584216,172.67648694314994,227.81612149218458,0.010262750407173121,-0.011135927809948543,0,132.599609375,0.008333279332545462,-0.0008596670656000338,6.308932868193118e-05
22214.099609375,22229.150390625,21915.849609375,21951.150390625,203000,15.729999542236328,16.739999771118164,15.3100004196167,16.329999923706055,0,-0.011135927809948543,52.61369285909393,21938.427598826194,152.92962504328534,233.9221686177428,0.010656487904052964,0.0014418556686905948,1,313.30078125,0.03814369986843791,-0.011774743157023648,-0.004710956762490448
21935.19921875,22060.55078125,21860.650390625,21982.80078125,360200,16.329999923706055,16.549999237060547,15.369999885559082,15.569999694824219,0,0.0014418556686905948,53.46278636427389,21942.653616199892,138.2404666810762,231.4920416182612,0.010530598167259465,0.016192168700068565,2,199.900390625,-0.04654012446004685,-0.00629462437171624,-0.010561448129786766
22048.30078125,22353.30078125,22047.75,22338.75,351500,15.569999694824219,15.640000343322754,15.0,15.239999771118164,0,0.016192168700068565,61.76128609143305,21980.377081323713,153.55128636389418,241.42118150267112,0.010807282480115097,0.0029925402887358565,1,305.55078125,-0.021194600524992557,0.006324812118721823,0.005674716971974192
22403.5,22440.900390625,22358.30078125,22405.599609375,298800,14.989999771118164,15.300000190734863,14.819999694824219,14.920000076293945,0,0.0029925402887358565,63.092386108478856,22020.874464947647,169.12980297306422,231.47326786855177,0.010331045448643036,-0.00220029050703785,1,82.599609375,-0.020997355618775027,0.02070275182225023,0.012817474786981586
22371.25,22416.900390625,22269.150390625,22356.30078125,296200,14.920000076293945,15.170000076293945,14.180000305175781,14.380000114440918,0,-0.00220029050703785,61.39506778224182,22052.819828405016,175.47511826688424,225.4930344493695,0.010086330321628532,0.005266971542034149,2,147.75,-0.03619302674877467,0.01699055564924068,0.00711544662799124
22327.5,22497.19921875,22224.349609375,22474.05078125,312300,14.380000114440918,14.710000038146973,13.90999984741211,14.300000190734863,0,0.005266971542034149,63.89357087160641,22092.9370620093,187.8399650837855,228.87564694405742,0.010183996163922853,0.0008676673462120199,1,272.849609375,-0.005563276986744636,0.0060567749426445605,0.023821092804699795
22505.30078125,22525.650390625,22430.0,22493.55078125,379900,14.300000190734863,14.430000305175781,13.5600004196167,13.609999656677246,0,0.0008676673462120199,64.30556965238529,22131.09074955603,196.94245230405068,219.3595572069819,0.009752108919585695,-0.007153178801771132,0,95.650390625,-0.0482517849548475,0.003925410317436873,0.023234073086612295
22517.5,22526.599609375,22307.25,22332.650390625,277900,13.609999656677246,14.550000190734863,13.609999656677246,14.0,0,-0.007153178801771132,58.385540234135966,22150.286905848312,188.9943133834131,219.3588466475546,0.009822338272023414,0.0001365188668460693,1,219.349609375,0.028655426389479377,-0.0010578847930349244,-0.0002730506127245347
22334.44921875,22452.55078125,22256.0,22335.69921875,299200,14.0,14.199999809265137,13.579999923706055,13.640000343322754,0,0.0001365188668460693,58.463570836607246,22167.94522136276,180.85656902669143,217.72969911915786,0.009748058343138044,-0.015132725270416536,0,196.55078125,-0.02571426119123188,-0.006156058106597584,-0.0031197732639902664
22432.19921875,22446.75,21905.650390625,21997.69921875,493300,13.640000343322754,15.010000228881836,13.529999732971191,14.430000305175781,0,-0.015132725270416536,47.76956479187637,22151.73131635202,145.45683690644728,240.827549851718,0.0109478517483522,0.006771215952804832,2,541.099609375,0.05791788430854106,-0.022044165784324665,-0.016040290654917078
21982.55078125,22204.599609375,21917.5,22146.650390625,426700,14.430000305175781,14.680000305175781,13.520000457763672,13.619999885559082,0,0.006771215952804832,51.94149691985659,22151.24741866373,127.94652104265333,244.13269696052384,0.011023459198320517,-0.005567468627318717,0,287.099609375,-0.05613308402538053,-0.00832861289397524,-0.01456792964524889
22064.849609375,22120.900390625,21931.69921875,22023.349609375,661500,13.619999885559082,14.329999923706055,13.59000015258789,13.6899995803833,0,-0.005567468627318717,48.4887765762178,22139.066674921945,102.93357283264413,242.04830231155785,0.010990530805019851,0.0014688778023679294,1,189.201171875,0.005139478370953299,-0.013984321973354419,-0.020903821564132397
21990.099609375,22123.69921875,21916.55078125,22055.69921875,356300,13.6899995803833,14.619999885559082,13.6899995803833,13.899999618530273,0,0.0014688778023679294,49.43840907456251,22131.126917191283,84.7440970873904,239.555454825018,0.010861385642281838,-0.010802196640288697,0,207.1484375,0.015339667244978372,0.0026366393786565467,-0.012401177962793941
21946.44921875,21978.30078125,21793.099609375,21817.44921875,344200,13.899999618530273,14.449999809265137,13.880000114440918,14.109999656677246,0,-0.010802196640288697,43.13175024803037,22101.252850673063,50.5216406250147,241.20146586430243,0.01105543839914214,0.0009923428906801757,1,185.201171875,0.015107916828071,-0.014864603272662702,-0.023202765891696342
21843.900390625,21930.900390625,21710.19921875,21839.099609375,312400,14.109999656677246,14.279999732971191,13.09000015258789,13.470000267028809,0,0.0009923428906801757,43.83293759674738,22076.285875311343,24.860526231412223,239.73715915078083,0.01097742871450009,0.0079146856998078,2,220.701171875,-0.04535786004399878,-0.008366120652308351,-0.007209827164097904
21989.900390625,22080.94921875,21941.30078125,22011.94921875,353200,13.470000267028809,13.470000267028809,12.34000015258789,12.510000228881836,0,0.0079146856998078,49.21654972476384,22070.15857468645,18.26092651441286,239.88804845251076,0.01089808294888177,0.0038524885010076115,1,139.6484375,-0.07126948916970799,-0.0019836142833689063,-0.0060822367942386935
21932.19921875,22180.69921875,21883.30078125,22096.75,388700,12.510000228881836,13.050000190734863,11.8100004196167,12.220000267028809,0,0.0038524885010076115,51.66434876945306,22072.69109138298,19.64693291546064,243.99593338447428,0.011042163819768712,-0.00416580634029895,1,297.3984375,-0.02318145136268701,0.012801715656565849,0.003332844091697762
21947.900390625,22073.19921875,21947.55078125,22004.69921875,328400,12.220000267028809,13.100000381469727,12.09000015258789,12.819999694824219,0,-0.00416580634029895,48.90853106950165,22066.215674941748,13.165856430063286,237.2247394820118,0.010780639949846477,0.005405716783151604,2,125.6484375,0.04909978843570806,0.007582712306688277,-0.0023123275074700134
22053.94921875,22193.599609375,22052.849609375,22123.650390625,409100,12.819999694824219,13.010000228881836,12.529999732971191,12.699999809265137,0,0.005405716783151604,52.4390305630023,22071.685647863964,17.427034074786206,233.77300027793953,0.010566655870543042,0.009187001078543977,2,140.75,-0.009360365711048257,0.005074569760494141,0.014034691627096807
22163.599609375,22516.0,22163.599609375,22326.900390625,410500,12.699999809265137,13.180000305175781,12.260000228881836,12.829999923706055,0,0.009187001078543977,57.80441986739206,22095.991813841207,36.78064010327216,245.09990092772955,0.010977784494915661,0.006050979178091831,2,352.400390625,0.010236229637269556,0.01041557652709102,0.022336121450748703
22455.0,22529.94921875,22427.75,22462.0,0,12.829999923706055,13.359999656677246,12.010000228881836,12.079999923706055,0,0.006050979178091831,60.95724053292446,22130.849736332522,62.30174597199584,242.0962528703917,0.010778036366770176,-0.0003872860275131451,1,102.19921875,-0.05845674235852649,0.020781960103337216,0.020445748660306906
22458.80078125,22497.599609375,22388.150390625,22453.30078125,289500,12.079999923706055,12.3100004196167,11.600000381469727,11.649999618530273,0,-0.0003872860275131451,60.64302762387678,22161.559359657997,80.89296820848904,232.62146471893516,0.010360234648136436,-0.0008306302403686683,1,109.44921875,-0.03559605197777682,0.01490036159515018,0.01613589243893343
22385.69921875,22521.099609375,22346.5,22434.650390625,309600,11.649999618530273,11.829999923706055,11.3100004196167,11.369999885559082,0,-0.0008306302403686683,59.9297906489037,22187.5680292739,93.04910297971946,228.47704648008266,0.010184114416846841,0.003565912488363576,1,174.599609375,-0.02403431263000466,0.004826016962266921,0.01953906152503282
22592.099609375,22619.0,22303.80078125,22514.650390625,401000,11.369999885559082,11.84000015258789,10.859999656677246,11.220000267028809,0,0.003565912488363576,61.994622823606804,22218.71873035496,107.89451793746775,234.67148735650534,0.010423057133244294,-4.224679746289706e-05,1,315.19921875,-0.013192578719441017,0.002343976076262022,0.017673394448761037
22486.400390625,22537.599609375,22427.599609375,22513.69921875,242200,11.220000267028809,11.680000305175781,11.039999961853027,11.34000015258789,0,-4.224679746289706e-05,61.95374531580278,22246.812110202107,118.22009693784639,225.76638111675496,0.010027955820282559,0.006778164752814453,2,110.0,0.010695176711511767,0.00268995806400274,0.008366536548146897
22578.349609375,22697.30078125,22550.349609375,22666.30078125,227600,11.34000015258789,11.739999771118164,11.130000114440918,11.609999656677246,0,0.006778164752814453,65.8448365964885,22286.763412206667,137.13604448015758,222.7546083584153,0.009827567828919054,-0.0010390218270411866,1,146.951171875,0.023809479758052587,0.010325562760799878,0.009095395835188258
22765.099609375,22768.400390625,22612.25,22642.75,232400,11.609999656677246,11.609999656677246,10.619999885559082,11.359999656677246,0,-0.0010390218270411866,64.74433094529138,22320.666896758412,148.51473257478574,217.99716423459992,0.009627680570363579,0.0049044741142307835,2,156.150390625,-0.021533161704808346,0.005689611304306119,0.008437477437981178
22720.25,22775.69921875,22673.69921875,22753.80078125,276800,11.359999656677246,11.359999656677246,10.989999771118164,11.109999656677246,0,0.0049044741142307835,67.50250355129033,22361.917742900467,164.59593534037776,211.9223109856999,0.009313710400432615,-0.010301592814249916,0,102.0,-0.022007042918619546,0.010664687316246813,0.014225779544947414
22677.400390625,22726.44921875,22503.75,22519.400390625,357200,11.109999656677246,11.609999656677246,11.109999656677246,11.529999732971191,0,-0.010301592814249916,57.31072898392322,22376.916090302802,156.62082446196655,214.64577314743562,0.009531593622572398,-0.010963897188301042,0,222.69921875,0.03780378841339749,-0.006481004202790741,0.00021097374010214942
22339.05078125,22427.44921875,22259.55078125,22272.5,355500,11.529999732971191,12.739999771118164,11.3100004196167,12.470000267028809,0,-0.010963897188301042,48.93046991853857,22366.971700750157,128.89190786107793,217.87461859226164,0.009782225551341863,-0.005594325260972033,0,167.8984375,0.08152650093907554,-0.016351812390279497,-0.010713442353761371
22125.30078125,22213.75,22079.44921875,22147.900390625,317300,12.470000267028809,12.930000305175781,12.34000015258789,12.619999885559082,0,-0.005594325260972033,45.32825132072739,22346.107766452522,95.75854957279444,216.10148735352868,0.009757199713838448,-0.0068652458503182245,0,134.30078125,0.012028838437708744,-0.026628535445571977,-0.022870974652106968
22212.349609375,22326.5,21961.69921875,21995.849609375,456900,12.619999885559082,13.390000343322754,12.029999732971191,13.039999961853027,0,-0.0068652458503182245,41.32964195490517,22312.749846730854,56.57869315521748,226.72286548899092,0.010307529352826536,0.0068717686886063944,2,364.80078125,0.033280513478811224,-0.02324887750865512,-0.028569868528557696
21861.5,22179.55078125,21777.650390625,22147.0,362500,13.039999961853027,14.40999984741211,11.920000076293945,13.460000038146973,0,0.0068717686886063944,46.39223497925575,22296.964147042203,37.2950340385396,239.2355458558487,0.0108021648916715,0.008551965982977361,2,401.900390625,0.03220859490204031,-0.005634751375014013,-0.02666810644444184
22336.900390625,22375.650390625,22198.150390625,22336.400390625,279300,13.460000038146973,13.460000038146973,12.609999656677246,12.699999809265137,0,0.008551965982977361,51.9833959886414,22300.719979764377,36.87060254070457,238.47946333935948,0.010676718682006333,0.0014147135985376202,1,177.5,-0.056463612684095055,0.00851096477207336,-0.008126326492963964
22447.05078125,22447.55078125,22349.44921875,22368.0,231500,12.699999809265137,12.699999809265137,9.859999656677246,10.199999809265137,0,0.0014147135985376202,52.86665501973606,22307.127600739197,38.63865949349929,229.38452957404812,0.010255030828596572,0.0015379287654238016,1,98.1015625,-0.19685039665718373,0.016919118708030423,0.004287798855090452
22421.55078125,22476.44921875,22384.0,22402.400390625,235900,10.199999809265137,11.130000114440918,9.949999809265137,10.279999732971191,0,0.0015379287654238016,53.861659326108445,22316.20119977594,42.32775340103399,220.7462930866161,0.009853689302821069,0.0074969296067168845,2,92.44921875,0.007843129921766057,0.011532053579491608,0.011490931217467804
22316.900390625,22625.94921875,22305.25,22570.349609375,475000,10.279999732971191,11.460000038146973,10.260000228881836,10.729999542236328,0,0.0074969296067168845,58.47108274355495,22340.405810213946,58.1333600562175,227.8857877768578,0.01009668843065689,-0.006663626980883297,0,320.69921875,0.043774301649235126,0.01047389976265789,0.026118563738276368
22620.400390625,22620.400390625,22385.55078125,22419.94921875,329900,10.729999542236328,11.319999694824219,10.59000015258789,10.930000305175781,0,-0.006663626980883297,53.33262000835676,22347.981372931667,57.85642972131609,228.38320360529653,0.010186606641120206,0.00996662256880243,2,234.849609375,0.018639400882748625,0.002322479379023523,0.012324433049623051
22475.55078125,22655.80078125,22441.900390625,22643.400390625,292000,10.930000305175781,12.489999771118164,10.930000305175781,12.239999771118164,0,0.00996662256880243,59.08552746388822,22376.11651747389,74.80529368575662,228.91665781206106,0.010109641390558944,-0.00170251731563964,1,213.900390625,0.1198535616986256,0.010757775764995925,0.013744381128163008
22679.650390625,22783.349609375,22568.400390625,22604.849609375,361900,12.239999771118164,13.210000038146973,12.239999771118164,12.869999885559082,0,-0.00170251731563964,57.76254073821133,22397.900621464472,84.15656018284062,227.9189835933424,0.010082747177349796,0.0019177127972140884,1,214.94921875,0.051470598547516566,0.0015285540807781217,0.010588770090083965
22567.849609375,22710.5,22567.849609375,22648.19921875,445900,12.869999885559082,13.949999809265137,12.869999885559082,13.449999809265137,0,0.0019177127972140884,58.87757890670191,22421.738583110713,93.98209040639631,221.82836980988938,0.009794525722214684,-0.007609859296553445,0,142.650390625,0.045066039538729896,0.010180665342859552,0.010971986208578866
22766.349609375,22794.69921875,22348.05078125,22475.849609375,438100,13.449999809265137,15.3100004196167,13.449999809265137,14.619999885559082,0,-0.007609859296553445,52.898366179354824,22426.892014183504,86.86044763531754,237.8869460734687,0.010584113624529799,-0.0014749338156797576,1,446.6484375,0.0869888544896471,-0.007399541515830443,-0.0041869090038706425
22561.599609375,22588.80078125,22409.44921875,22442.69921875,320300,14.619999885559082,16.959999084472656,14.619999885559082,16.600000381469727,0,-0.0014749338156797576,51.80853702718549,22428.397462237455,77.64647472908473,233.70584724679233,0.010413446482923062,-0.006246985595782073,0,179.3515625,0.13543095153279672,-0.007173256775738546,0.001014721299233523
22489.75,22499.05078125,22232.05078125,22302.5,297800,16.600000381469727,17.639999389648438,16.600000381469727,17.010000228881836,0,-0.006246985595782073,47.36419055245898,22416.40722773865,58.35870671446901,236.0840010148786,0.010585539783202718,0.0,1,267.0,0.02469878542110071,-0.015263872213902241,-0.015055176552287719
22231.19921875,22368.650390625,22185.19921875,22302.5,277400,17.010000228881836,18.31999969482422,16.459999084472656,17.079999923706055,0,0.0,47.36419055245898,22405.55892033497,42.58215107094293,232.32451321917299,0.01041697178429203,-0.01546911781190452,0,183.451171875,0.004115208341112453,-0.0077127055211605455,-0.01337543113976769
22224.80078125,22307.75,21932.400390625,21957.5,331300,17.079999923706055,19.170000076293945,17.079999923706055,18.200000762939453,0,-0.01546911781190452,38.04898359893197,22362.88664220783,2.2149675773398485,242.54059151601777,0.011045911033406252,0.0044494691449390444,1,375.349609375,0.0655738199201572,-0.02161946805153614,-0.030496871388263957
21990.94921875,22131.30078125,21950.30078125,22055.19921875,265800,18.200000762939453,19.010000228881836,18.0,18.469999313354492,0,0.0044494691449390444,41.55448585500731,22333.58307806899,-21.64331506097369,238.14483497915936,0.010797673265934636,0.0022149680905385605,1,181.0,0.014835084565756551,-0.011088478029368853,-0.018715661384811066
22027.94921875,22131.650390625,21821.05078125,22104.05078125,278200,18.469999313354492,21.489999771118164,18.469999313354492,20.600000381469727,0,0.0022149680905385605,43.282668563395596,22311.722859324327,-36.19206353759728,243.3201760074337,0.011007945033035876,0.005148324587705533,1,310.599609375,0.11532220613431021,-0.008898070563838179,-0.015089470040977604
22112.900390625,22270.05078125,22081.25,22217.849609375,230200,20.600000381469727,21.8799991607666,20.110000610351562,20.200000762939453,0,0.005148324587705533,47.19937943038724,22302.782549805343,-38.10024128523219,239.42593352475984,0.010776287432593483,-0.0007786004689536163,1,188.80078125,-0.019417456850636006,0.01185697868040525,-0.0037955561315995423
22255.599609375,22297.55078125,22151.75,22200.55078125,231900,20.200000762939453,20.65999984741211,19.8700008392334,20.270000457763672,0,-0.0007786004689536163,46.67175675765564,22293.046190895308,-40.54102505434639,232.73842264799129,0.010483452637785726,0.009157377676264788,2,145.80078125,0.003465331296058416,0.006590353642166535,-0.004571201378769207
22319.19921875,22432.25,22054.55078125,22403.849609375,368900,20.270000457763672,21.110000610351562,18.969999313354492,20.0,0,0.009157377676264788,53.28142449059098,22303.59889741718,-25.7737437118667,243.0927652267062,0.010850490851580385,0.0027785403439750667,1,377.69921875,-0.013320199884862771,0.013563071813936789,0.02032788839234878
22415.25,22502.150390625,22345.650390625,22466.099609375,242700,20.0,20.3700008392334,18.979999542236328,19.799999237060547,0,0.0027785403439750667,55.11586801310516,22319.07515569888,-8.94440654938444,236.90756771051292,0.010545113385487371,0.002802051667603722,1,156.5,-0.0100000381469727,0.011173448572414868,0.018630545412424926
22404.55078125,22591.099609375,22404.55078125,22529.05078125,347600,20.530000686645508,22.299999237060547,20.530000686645508,21.809999465942383,0,0.002802051667603722,56.95651834261421,22339.072834322797,9.364648032893456,233.3105148829763,0.010355985129970545,0.0030516154749500313,1,186.548828125,0.10151516698645269,0.014796930185959178,0.019227245006173677
22576.599609375,22629.5,22483.150390625,22597.80078125,290300,21.809999465942383,22.290000915527344,18.18000030517578,21.469999313354492,0,0.0030516154749500313,58.93705168103726,22363.713591173007,29.08695976506715,227.09902163240653,0.01004960720871726,0.01636661960848307,2,146.349609375,-0.015589186653526599,0.008657046679774183,0.01710116768972436
22614.099609375,22993.599609375,22577.44921875,22967.650390625,369800,21.469999313354492,24.219999313354492,18.84000015258789,21.3799991607666,0,0.01636661960848307,67.57941872216396,22421.231381597005,73.71111061916963,240.6026908461632,0.010475720709523385,-0.0004593757337192361,1,416.150390625,-0.004191902909466361,0.022324782226136985,0.034553179195124795
22930.75,23026.400390625,22908.0,22957.099609375,261900,21.3799991607666,21.899999618530273,20.59000015258789,21.709999084472656,0,-0.0004593757337192361,67.14526641072767,22472.266450909196,106.99138175136613,231.8739551160801,0.010100315765559063,-0.0010737589261899938,1,118.400390625,0.015434983005594427,0.018999860770043897,0.02469441679203599
23038.94921875,23110.80078125,22871.19921875,22932.44921875,260000,21.709999084472656,26.200000762939453,18.43000030517578,23.190000534057617,0,-0.0010737589261899938,66.07718811624956,22516.093381179748,129.8799803178881,232.42592707207442,0.010135242200036733,-0.0019317094176221072,1,239.6015625,0.06817141925369685,0.014808894048560006,0.020757924939511785
22977.150390625,22998.55078125,22858.5,22888.150390625,217900,23.190000534057617,24.479999542236328,22.030000686645508,24.200000762939453,0,-0.0019317094176221072,64.10374679448941,22551.527382079297,142.79871962563993,225.8277023704977,0.009866577181483255,-0.008015115627261094,0,140.05078125,0.0435532645805039,-0.0034613902009084097,0.01593940254570625
22762.75,22825.5,22685.44921875,22704.69921875,269900,24.200000762939453,24.770000457763672,23.549999237060547,24.18000030517578,0,-0.008015115627261094,56.56906982359188,22566.115176047933,136.65862167301384,224.175807335105,0.009873542264324561,-0.009515599658179275,0,140.05078125,-0.0008264651707904358,-0.010994437229428056,0.004730479684053934
22617.44921875,22705.75,22417.0,22488.650390625,373400,24.18000030517578,24.520000457763672,22.75,24.18000030517578,0,-0.009515599658179275,49.23020371499521,22558.737577436226,113.05597605716684,228.78824966831175,0.010173498440070388,0.0018697799732139142,1,288.75,0.0,-0.019352439152558576,-0.020855420204215602
22568.099609375,22653.75,22465.099609375,22530.69921875,572100,24.18000030517578,24.809999465942383,22.600000381469727,24.600000381469727,0,0.0018697799732139142,50.5741765948191,22556.06725756135,96.62981007116105,225.92125973664662,0.010027263581266729,0.03254231769535276,2,188.650390625,0.017369729983172988,-0.015617302655500431,-0.018573791893592317
23337.900390625,23338.69921875,23062.30078125,23263.900390625,569400,24.600000381469727,24.600000381469727,19.110000610351562,20.940000534057617,0,0.03254231769535276,66.98550357952729,22623.479936900745,141.14809476079972,267.49831261260044,0.01149842924535553,-0.05929359941641077,0,276.3984375,-0.14878047929499438,0.024629314244039913,0.014453369926313853
23179.5,23179.5,21281.44921875,21884.5,1006100,20.940000534057617,31.709999084472656,18.799999237060547,26.75,0,-0.05929359941641077,40.04558401380325,22553.10089529115,64.38092944202072,389.9949454170575,0.017820601129432134,0.033624236760035675,2,1898.05078125,0.27745937525134146,-0.026864679744270314,-0.0438502182787166
22128.349609375,22670.400390625,21791.94921875,22620.349609375,638500,26.75,26.93000030517578,18.65999984741211,18.889999389648438,0,0.033624236760035675,51.29799763824395,22559.50553472771,62.20228238238633,424.8846758783391,0.018783293946184002,0.008888049244237806,1,878.451171875,-0.2938317985178154,0.003979032774552804,-0.0037150727504613457
22798.599609375,22910.150390625,22642.599609375,22821.400390625,480400,18.889999389648438,18.889999389648438,16.559999465942383,16.799999237060547,0,0.008888049244237806,53.84675301960084,22584.447901956024,75.8247462116451,415.2358262620292,0.018195019549834792,0.020539931466807104,2,267.55078125,-0.1106405622084452,-0.019020886118405134,0.014796352569859783
22821.849609375,23320.19921875,22789.05078125,23290.150390625,473600,16.799999237060547,17.149999618530273,16.3700008392334,16.8799991607666,0,0.020539931466807104,59.2070259846561,22651.65766278164,123.02667945438225,423.51529849331286,0.018184309306297598,-0.0013289382574128705,1,531.1484375,0.004761900436850874,0.06423040922228052,0.03370739471960049
23319.150390625,23411.900390625,23227.150390625,23259.19921875,304400,16.8799991607666,17.25,16.170000076293945,16.399999618530273,0,-0.0013289382574128705,58.722065371724355,22709.518763350054,156.13719829037655,406.46063431521907,0.017475263464253658,0.0002429314342191624,1,184.75,-0.02843599325241486,0.028242251795711715,-0.00020208012397160413
23283.75,23389.44921875,23206.650390625,23264.849609375,305200,16.399999618530273,16.399999618530273,14.680000305175781,14.770000457763672,0,0.0002429314342191624,58.78843027064287,22762.40741535243,180.74989009732235,390.4847910159177,0.01678432474622852,0.002497312914139238,1,182.798828125,-0.09939019504152147,0.01943128866588606,0.06307430415933646
23344.44921875,23441.94921875,23295.94921875,23322.94921875,295600,14.770000457763672,14.770000457763672,13.170000076293945,14.390000343322754,0,0.002497312914139238,59.509297386282086,22815.79234900934,202.60823696063017,375.2429923272807,0.01608900267319589,0.0032564994745150067,1,146.0,-0.02572783362651665,0.0014082703449695977,0.031060510624637105
23480.94921875,23481.05078125,23353.900390625,23398.900390625,268300,14.390000343322754,14.390000343322754,13.3100004196167,13.489999771118164,0,0.0032564994745150067,60.48243046135871,22871.326448210835,223.48357955910978,359.7328901967607,0.015373922884892968,0.0028505279152657437,1,127.150390625,-0.06254347121139636,0.006006276078601269,0.025305195567106198
23464.94921875,23490.400390625,23334.25,23465.599609375,223100,13.489999771118164,13.489999771118164,12.65999984741211,12.819999694824219,0,0.0028505279152657437,61.36067884640199,22927.92389213123,242.6128189361625,345.1912830844921,0.014710524718344761,0.003933450786960613,1,156.150390625,-0.04966642606832383,0.008628897386858903,0.007533193895588708
23570.80078125,23579.05078125,23499.69921875,23557.900390625,272200,12.819999694824219,13.420000076293945,12.630000114440918,12.970000267028809,0,0.003933450786960613,62.599404037269146,22987.921653892543,262.19832157988276,328.6384179980998,0.013950242277485956,-0.0017786131162043084,1,79.3515625,0.011700512930990836,0.010073819124303274,0.012842280985933874
23629.849609375,23664.0,23412.900390625,23516.0,328800,12.970000267028809,13.819999694824219,11.630000114440918,13.710000038146973,0,-0.0017786131162043084,61.63344370087704,23038.2148297123,271.2125922442756,323.09993166787837,0.01373957865571859,0.0021687361796223215,1,251.099609375,0.05705472288996982,0.00500449198125219,0.010795272475081719
23586.150390625,23624.0,23442.599609375,23567.0,280300,13.710000038146973,14.0600004196167,13.100000381469727,13.350000381469727,0,0.0021687361796223215,62.394088676217265,23088.57532212065,279.252689291945,312.97853587910134,0.013280372379984782,-0.00279629951309035,1,181.400390625,-0.026258180574440293,0.004321235864967576,0.010463976016112042
23661.150390625,23667.099609375,23398.19921875,23501.099609375,609900,13.350000381469727,13.59000015258789,12.479999542236328,13.180000305175781,0,-0.00279629951309035,60.71893061552525,23127.863349478208,277.1125325780995,309.83009693237983,0.013183642556401198,0.00156375661610908,1,268.900390625,-0.012734087748035638,-0.002411113906933937,0.0043676932267699975
23382.30078125,23558.099609375,23350.0,23537.849609375,239400,13.180000305175781,14.270000457763672,13.149999618530273,14.0600004196167,0,0.00156375661610908,61.34223915735202,23166.90965994457,275.2094179723463,302.5636335354241,0.012854344749272025,0.007793879853915442,2,208.099609375,0.0667678371824727,0.0009291380071014821,0.0030789752319448915
23577.099609375,23754.150390625,23562.05078125,23721.30078125,298100,14.0600004196167,14.460000038146973,13.84000015258789,14.3100004196167,0,0.007793879853915442,64.38069576348994,23219.70881435461,285.2163656191515,296.40200122932237,0.012495183293810223,0.006218040121837909,1,192.099609375,0.017780938302903282,0.006547323853269393,0.006936118580840311
23723.099609375,23889.900390625,23670.44921875,23868.80078125,287800,14.3100004196167,14.550000190734863,13.989999771118164,14.050000190734863,0,0.006218040121837909,66.65037023852184,23281.527096916074,301.57261958039453,290.90551341829934,0.012187688693887734,0.007361040898544724,2,219.451171875,-0.01816912797049386,0.015646126265867144,0.015002584676390596
23881.55078125,24087.44921875,23805.400390625,24044.5,515200,14.050000190734863,14.609999656677246,13.920000076293945,14.149999618530273,0,0.007361040898544724,69.17041531568103,23354.191182924067,324.9665155519615,290.2728930402065,0.012072319783742914,-0.0014099020825968367,1,282.048828125,0.007117396899492867,0.021524922583548323,0.020261382441549625
24085.900390625,24174.0,23985.80078125,24010.599609375,354800,14.149999618530273,14.289999961853027,13.6899995803833,13.800000190734863,0,-0.0014099020825968367,68.10113590667439,23416.706271157487,336.887439747039,282.98191630519176,0.011785708016833563,0.005470484349075377,1,188.19921875,-0.024734942560497686,0.012195740477843886,0.02167983662333617
23992.94921875,24164.0,23992.69921875,24141.94921875,0,13.800000190734863,14.229999542236328,13.789999961853027,13.829999923706055,0,0.005470484349075377,70.0340294496493,23485.77702807106,352.8660535850977,275.00469237267805,0.011391155282486217,-0.0007497161563467802,1,171.30078125,0.0021738936635185002,0.011443743655297878,0.025665029703239695
24228.75,24236.349609375,24056.400390625,24123.849609375,0,13.829999923706055,14.010000228881836,13.319999694824219,13.640000343322754,0,-0.0007497161563467802,69.4098935047995,23546.5458453381,359.9198015298971,268.21501568534393,0.011118251026615185,0.006742306607722792,2,179.94921875,-0.013738219915505723,0.0033001147611719794,0.016969930605289063
24291.75,24309.150390625,24207.099609375,24286.5,0,13.640000343322754,13.720000267028809,12.869999885559082,13.210000038146973,0,0.006742306607722792,71.83870234724228,23617.017669591613,374.319552003406,262.29257036853363,0.010799932899698748,0.0006444070008029268,1,102.05078125,-0.03152494826631591,0.011490774704238316,0.01749979911341515
24369.94921875,24401.0,24281.0,24302.150390625,251200,13.210000038146973,13.210000038146973,12.260000228881836,12.859999656677246,0,0.0006444070008029268,72.06850827733618,23682.268404928123,382.5841221165101,252.12881534220978,0.01037475331563552,0.0008928929498506211,1,120.0,-0.0264951082860726,0.00663580104586492,0.010715564500197505
24213.349609375,24363.0,24168.849609375,24323.849609375,298400,12.859999656677246,12.989999771118164,12.079999923706055,12.699999809265137,0,0.0008928929498506211,72.40474609819215,23743.371376780207,386.43027145451197,247.98749929098048,0.010195240608435603,-0.00013562113637344275,1,194.150390625,-0.012441668093593816,0.008290550771891558,0.013046321420381757
24329.44921875,24344.599609375,24240.55078125,24320.55078125,266300,12.699999809265137,13.760000228881836,12.699999809265137,13.600000381469727,0,-0.00013562113637344275,72.26232817263097,23798.340843872567,384.776718162866,237.70616563626757,0.00977388085386322,0.004631820986013446,1,104.048828125,0.07086618785206644,0.0014020456323471375,0.007397976065714129
24351.0,24443.599609375,24331.900390625,24433.19921875,250500,13.600000381469727,14.399999618530273,12.789999961853027,14.279999732971191,0,0.004631820986013446,74.13338664198673,23858.80354624185,388.0824794795226,229.51635581403417,0.009393626833685524,-0.004450911197766749,1,111.69921875,0.049999950913823366,0.0053924786909209654,0.012823393213941214
24459.849609375,24461.05078125,24141.80078125,24324.44921875,292300,14.279999732971191,14.920000076293945,13.40999984741211,14.430000305175781,0,-0.004450911197766749,69.27509836031254,23903.150753147387,377.5746573831166,235.92590182731743,0.009699126163377168,-0.0003494426502141934,1,319.25,0.010504241947445703,2.4651088730953674e-05,0.001562564336153871
24396.55078125,24402.650390625,24193.75,24315.94921875,306400,14.430000305175781,14.430000305175781,12.680000305175781,14.0,0,-0.0003494426502141934,68.89505614340354,23942.46489272859,364.36112545707147,233.99550817000906,0.009623128674309592,0.007657573644356042,2,208.900390625,-0.02979905031752128,-0.00018920469940786333,0.0005678027624387294
24387.94921875,24592.19921875,24331.150390625,24502.150390625,325800,14.0,14.050000190734863,13.220000267028809,13.729999542236328,0,0.007657573644356042,72.45937574786524,23995.76827348063,364.71003437731997,237.01368615786555,0.009673178981406938,0.003450669707641296,1,261.048828125,-0.019285746983119467,0.0028220279815869276,0.007330286287466459
24587.599609375,24635.05078125,24522.75,24586.69921875,305400,13.729999542236328,14.34000015258789,13.569999694824219,14.1899995803833,0,0.003450669707641296,73.9207204618041,24052.04741112533,367.5717922207914,229.57702219123232,0.009337447867591562,0.0010697158254551198,1,112.30078125,0.03350328138991676,0.010781333531607817,0.010943355678654676
24615.900390625,24661.25,24587.650390625,24613.0,283200,14.1899995803833,14.59000015258789,13.800000190734863,14.220000267028809,0,0.0010697158254551198,74.37619927579439,24105.471467208634,367.7231258762695,218.50371926685858,0.008877573610159614,0.007632129743428306,2,73.599609375,0.0021142133567770838,0.012216293864478978,0.007358871821911084
24543.80078125,24837.75,24504.44921875,24800.849609375,350900,14.220000267028809,14.710000038146973,13.75,14.510000228881836,0,0.007632129743428306,77.41078900843728,24171.697956938762,378.63626922171534,226.70350940851154,0.009140957385702426,-0.010884676251089243,0,333.30078125,0.02039380846746086,0.012190734853390284,0.01958524883094892
24853.80078125,24854.80078125,24508.150390625,24530.900390625,343800,14.510000228881836,14.970000267028809,12.739999771118164,14.829999923706055,0,-0.010884676251089243,65.42056753041054,24205.90771252793,361.33709890294267,235.27114378111784,0.009590807513573031,-0.0008825762723847497,1,346.650390625,0.02205373465034599,-0.002269472108824111,0.00883992518413601
24445.75,24595.19921875,24362.30078125,24509.25,324200,14.829999923706055,15.630000114440918,13.119999885559082,15.4399995803833,0,-0.0008825762723847497,64.55691936664522,24234.797454191936,341.9387194990268,235.101664761038,0.00959236470969279,-0.0012321559717249908,1,232.8984375,0.041132815901242736,-0.004215252102547473,0.00028975454243052035
24568.900390625,24582.55078125,24074.19921875,24479.05078125,436400,15.4399995803833,16.06999969482422,12.59000015258789,12.75,0,-0.0012321559717249908,63.301606632839345,24258.059675816512,320.4347669660565,254.61951459953528,0.010401527284487842,-0.002677831825905974,1,508.3515625,-0.17422277548510923,-0.012975314684516182,-0.004378320023450177
24444.94921875,24504.25,24307.25,24413.5,366600,12.75,14.039999961853027,11.619999885559082,11.760000228881836,0,-0.002677831825905974,60.54937095988641,24272.863516214937,294.7061405004388,250.50383498528277,0.010260873491522427,-0.0003031269840456652,1,197.0,-0.0776470408720129,-0.004785816613150806,-0.008105472717669482
24230.94921875,24426.150390625,24210.80078125,24406.099609375,391800,11.760000228881836,13.220000267028809,11.279999732971191,12.619999885559082,0,-0.0003031269840456652,60.23098616688036,24285.552667944467,270.5995656356354,247.9928188702626,0.010161100005303686,0.01756732976027453,2,215.349609375,0.07312922108327347,-0.004208631052561751,-0.01591679342512442
24423.349609375,24861.150390625,24410.900390625,24834.849609375,383800,12.619999885559082,13.140000343322754,11.979999542236328,12.25,0,0.01756732976027453,70.05520788468326,24337.86666236642,282.8311714750562,262.7826733259581,0.010581206548831256,5.03324972633834e-05,1,450.25,-0.029318533194478746,0.014534829446799069,0.012390463208034497
24943.30078125,24999.75,24774.599609375,24836.099609375,355000,12.25,13.260000228881836,12.029999732971191,12.949999809265137,0,5.03324972633834e-05,70.07841539148032,24385.317419224382,289.2909062896979,260.0946531330325,0.010472443629387497,0.0008536433743000504,1,225.150390625,0.05714284157266425,0.017310078824216202,0.013335765450799286
24839.400390625,24971.75,24798.650390625,24857.30078125,385000,12.949999809265137,13.260000228881836,11.720000267028809,12.880000114440918,0,0.0008536433743000504,70.49607408906002,24430.268215607775,292.7464511938815,253.8807214360302,0.010213527352395954,0.00377553501085659,1,173.099609375,-0.005405381919321495,0.01848722979486994,0.015451988043985843
24886.69921875,24984.599609375,24856.5,24951.150390625,333600,12.880000114440918,13.390000343322754,11.619999885559082,13.25,0,0.00377553501085659,72.33682987346529,24479.876041799893,299.6042235767163,244.89635628881373,0.009815032672033819,0.0023946791656728195,1,128.099609375,0.02872669893412838,0.0046829670031944826,0.022022667402257
25030.94921875,25078.30078125,24956.400390625,25010.900390625,431300,13.25,13.3100004196167,11.979999542236328,12.930000305175781,0,0.0023946791656728195,73.47162418502057,24530.449789307044,306.3292107874622,236.4859301699699,0.00945531454191923,-0.011722935491954689,0,121.900390625,-0.024150920364091943,0.007038173626265243,0.02478072248044416
24789.0,24851.900390625,24686.849609375,24717.69921875,345000,12.930000305175781,14.510000228881836,11.6899995803833,14.319999694824219,0,-0.011722935491954689,60.38180198294956,24548.28306830161,284.71787696212414,242.74056238997204,0.009820516069951905,-0.02678645789462286,0,165.05078125,0.10750188374643965,-0.005616119132504593,-0.004717177372428161
24302.849609375,24350.05078125,23893.69921875,24055.599609375,487000,14.319999694824219,23.149999618530273,13.90999984741211,20.3700008392334,0,-0.02678645789462286,42.12876457318745,24501.360834118124,211.724209234726,284.2590936478312,0.011816753615114592,-0.0026209626510589334,1,456.3515625,0.4224861224400638,-0.0358921639775972,-0.031426029540700506
24189.849609375,24382.599609375,23960.400390625,23992.55078125,312300,20.3700008392334,20.3700008392334,14.869999885559082,18.739999771118164,0,-0.0026209626510589334,40.862025023138514,24452.90273384497,147.09309057526116,294.11195972655753,0.012258469822908694,0.012710162480444431,2,422.19921875,-0.08001968585959951,-0.04071623146189152,-0.034788572082302904
24289.400390625,24337.69921875,24184.900390625,24297.5,317600,18.739999771118164,18.739999771118164,13.720000267028809,16.170000076293945,0,0.012710162480444431,48.86995028568989,24438.102473478782,119.1063331147052,297.75742242466055,0.0122546526360597,-0.007428747813561065,0,152.798828125,-0.1371397932877816,-0.016999932519255356,-0.026197204553365938
24248.55078125,24340.5,24079.69921875,24117.0,311900,16.170000076293945,17.229999542236328,14.380000114440918,16.600000381469727,0,-0.007428747813561065,44.98689193968183,24407.521285528423,81.42318885797431,295.1176623407563,0.012236914306951788,0.010386864037815746,2,260.80078125,0.026592473911375203,0.0025524365063456234,-0.03574043223809997
24386.849609375,24419.75,24311.19921875,24367.5,215100,16.600000381469727,16.600000381469727,13.430000305175781,15.34000015258789,0,0.010386864037815746,50.826435674499535,24403.709734525717,70.95436428238827,295.6628293164166,0.012133490481847404,-0.0008412844977941925,1,108.55078125,-0.07590362650162052,0.01562773471518586,-0.014167953726225035
24320.05078125,24472.80078125,24212.099609375,24347.0,279900,15.34000015258789,16.559999465942383,13.399999618530273,15.869999885559082,0,-0.0008412844977941925,50.35536153210509,24398.30880742803,60.30836936667038,293.1655680706012,0.012041137227198472,-0.008543146999630324,0,260.701171875,0.03455017781611813,0.0020372466303117953,0.012113619920387952
24342.349609375,24359.94921875,24116.5,24139.0,239700,15.869999885559082,16.3799991607666,14.220000267028809,16.170000076293945,0,-0.008543146999630324,45.72468455740939,24373.612730530123,34.68762270203297,289.6144002619868,0.011997779537759925,0.00019677699987563635,1,243.44921875,0.018903603837316263,0.0009122195961355217,0.006103945348922668
24184.400390625,24196.5,24099.69921875,24143.75,303300,16.170000076293945,16.219999313354492,13.819999694824219,15.4399995803833,0,0.00019677699987563635,45.84715604579045,24351.721041908208,14.598004971023329,275.84199890398776,0.011424985716965581,0.016459762490292462,2,96.80078125,-0.04514536131517177,-0.009182312506412216,-0.006327811503241021
24334.849609375,24563.900390625,24204.5,24541.150390625,271600,15.4399995803833,15.4399995803833,12.949999809265137,14.399999618530273,0,0.016459762490292462,54.99664600609543,24369.76193226219,30.393372610869847,286.14974116977436,0.011659997050467807,0.0012835584110202358,1,359.400390625,-0.06735751231330078,0.007974304457428083,0.0175871953653024
24636.349609375,24638.80078125,24522.94921875,24572.650390625,243600,14.399999618530273,14.829999923706055,13.199999809265137,14.319999694824219,0,0.0012835584110202358,55.63648181621538,24389.08464258246,44.93511793997459,273.98558555050477,0.01115002171906683,0.005135759339910173,1,115.8515625,-0.005555550404536702,0.017964720602551942,0.008419016748743235
24648.900390625,24734.30078125,24607.19921875,24698.849609375,238300,14.319999694824219,14.319999694824219,11.430000305175781,13.819999694824219,0,0.005135759339910173,58.20052471443677,24418.586067991273,65.88331628397282,265.96164305582585,0.010768179379288749,0.0028887826964991703,1,127.1015625,-0.03491620186142308,0.022991441237380172,0.014451456416601616
24680.55078125,24787.94921875,24654.5,24770.19921875,257100,13.819999694824219,14.050000190734863,11.819999694824219,13.329999923706055,0,0.0028887826964991703,59.62144494452942,24452.073034730198,87.23662210153634,256.49646989112404,0.010355042671476255,0.001667357653657442,1,133.44921875,-0.03545584529221635,0.009333255551561281,0.02614852391358391
24863.400390625,24867.349609375,24784.44921875,24811.5,220300,13.329999923706055,13.779999732971191,10.960000038146973,13.0,0,0.001667357653657442,60.459348510280726,24486.304174279703,106.26691978365488,245.1146070864009,0.00987907249003087,0.00046955607782672715,1,82.900390625,-0.024756183465476478,0.009720140301435531,0.02765726119596179
24845.400390625,24858.400390625,24771.650390625,24823.150390625,206800,13.0,13.619999885559082,10.84000015258789,13.550000190734863,0,0.00046955607782672715,60.7070478380251,24518.38476631259,120.89505403137082,233.80284943737226,0.009418742011315089,0.007551387144671073,2,86.75,0.04230770697960495,0.005032654686994764,0.011490903870086111
24906.099609375,25043.80078125,24874.69921875,25010.599609375,210300,13.550000190734863,13.989999771118164,12.010000228881836,13.800000190734863,0,0.007551387144671073,64.55447376036591,24565.26237041377,145.93133558976479,232.8633880936314,0.009310587979919707,0.0002858944102370753,1,169.1015625,0.018450184242133405,0.009705226369072895,0.01782262848280647
25024.80078125,25073.099609375,24973.650390625,25017.75,223300,13.800000190734863,14.010000228881836,12.710000038146973,13.630000114440918,0,0.0002858944102370753,64.69647902498865,24608.356430374362,164.45402226697115,223.3338045690863,0.008927014002821448,0.0013830024432652799,1,99.44921875,-0.012318845937993594,0.008312677589021211,0.01291154833802266
25030.80078125,25129.599609375,24964.650390625,25052.349609375,220400,13.630000114440918,14.09000015258789,12.039999961853027,13.949999809265137,0,0.0013830024432652799,65.41843997738606,24650.64149504109,179.85206161074166,219.16347701058015,0.00874822044350545,0.00397565940632294,1,164.94921875,0.023477600303552393,0.0092332848628498,0.011390719474368316
25035.30078125,25192.900390625,24998.5,25151.94921875,354000,13.949999809265137,14.140000343322754,12.479999542236328,13.789999961853027,0,0.00397565940632294,67.48009536691566,24698.38508777527,197.81172439020884,217.39468512589585,0.008643253977462503,0.003337760073577778,1,194.400390625,-0.011469523268799131,0.0056515881899135145,0.013721428319529272
25249.69921875,25268.349609375,25199.400390625,25235.900390625,638200,13.789999961853027,13.90999984741211,12.539999961853027,13.390000343322754,0,0.003337760073577778,69.14959443678809,24749.577021380006,216.32538017167462,210.18080694726044,0.008328643071730521,0.001695950113232314,1,68.94921875,-0.02900649888591611,0.008719824549569877,0.016627623549180237
25333.599609375,25333.650390625,25235.5,25278.69921875,222800,13.390000343322754,14.25,12.630000114440918,14.0600004196167,0,0.001695950113232314,69.99529397313827,24799.96961160572,231.77928617371072,202.17863435281328,0.007997984097332472,4.550829989491412e-05,1,98.150390625,0.05003734571433793,0.009035065089874728,0.010719439500143091
25313.400390625,25321.69921875,25235.80078125,25279.849609375,212100,14.0600004196167,14.149999618530273,12.6899995803833,13.84000015258789,0,4.550829989491412e-05,70.01908418169015,24845.67246853613,241.33745695252946,193.87290600618374,0.007669068803885851,-0.0032100820170585243,1,85.8984375,-0.01564724469864609,0.005085108494480295,0.010476546027320621
25089.94921875,25216.0,25083.80078125,25198.69921875,253800,13.84000015258789,14.5600004196167,12.8100004196167,14.380000114440918,0,-0.0032100820170585243,66.0411856668366,24879.294063794594,239.60223244787267,194.02832901467062,0.007699934323208908,-0.0021270784221717465,1,132.19921875,0.03901733785400685,-0.0014741368962138957,0.005841751837928788
25250.5,25275.44921875,25127.75,25145.099609375,222200,14.380000114440918,14.380000114440918,13.34000015258789,14.210000038146973,0,-0.0021270784221717465,63.476092460721055,24904.608877659397,231.23646398328128,190.71910685290842,0.007584742546885814,-0.011650350298901935,0,147.69921875,-0.01182198017670566,-0.005285066617506384,-0.0002723291668342842
25093.69921875,25168.75,24801.30078125,24852.150390625,311700,14.210000038146973,15.670000076293945,12.350000381469727,15.220000267028809,0,-0.011650350298901935,51.66477740320536,24899.612831275168,198.6777451550879,203.34268627412925,0.008182096240284962,0.003390048695012693,1,367.44921875,0.0710767224609763,-0.016918582402934423,-0.015206511123437516
24823.400390625,24957.5,24753.150390625,24936.400390625,254400,15.220000267028809,15.5600004196167,14.109999656677246,14.239999771118164,0,0.003390048695012693,54.298561603056754,24903.116408356105,177.62544128507216,203.41460935276288,0.008157336510735443,0.0041986500501236534,2,204.349609375,-0.06438899334539605,-0.010409220962081522,-0.013540998496912593
24999.400390625,25130.5,24896.80078125,25041.099609375,251300,14.239999771118164,14.239999771118164,12.170000076293945,13.359999656677246,0,0.0041986500501236534,57.404803718671324,24916.257665596,167.45932389363952,205.5777957382798,0.008209615350170752,-0.004897963449619458,0,233.69921875,-0.06179776183885555,-0.004135994751089611,-0.009444280867535682
25034.0,25113.69921875,24885.150390625,24918.44921875,279200,13.359999656677246,13.770000457763672,11.329999923706055,13.630000114440918,0,-0.004897963449619458,52.87128437402253,24916.466384943997,147.80197199700342,207.21858376590268,0.008315869978376508,0.01887963282727112,2,228.548828125,0.020209615621414212,0.0026677300387660807,-0.011121605824457426
25059.650390625,25433.349609375,24941.44921875,25388.900390625,380100,13.630000114440918,13.630000114440918,11.140000343322754,13.180000305175781,0,0.01887963282727112,64.46401807145273,24961.46009977076,168.24542827317782,229.19585568440965,0.00902740379292053,-0.0012761636040355961,1,491.900390625,-0.03301539291906275,0.018146163556554074,0.009695757226553248
25430.44921875,25430.5,25292.44921875,25356.5,250800,13.180000305175781,13.180000305175781,12.470000267028809,12.550000190734863,0,-0.0012761636040355961,63.309007040260745,24999.082947411644,179.76040783259668,222.68549322480894,0.008782185760053988,0.0010746751326089488,1,138.05078125,-0.04779970408600953,0.012595309133586197,0.020294002790408605
25406.650390625,25445.69921875,25336.19921875,25383.75,168700,12.550000190734863,12.960000038146973,12.3100004196167,12.460000038146973,0,0.0010746751326089488,63.89492652039309,25035.71790480101,188.90735298219806,214.60081513732257,0.008454259718809181,0.0013709866056039743,1,109.5,-0.007171326790443744,0.018672942973509077,0.017939622494318908
25416.900390625,25441.650390625,25352.25,25418.55078125,216000,12.460000038146973,12.75,11.880000114440918,12.59000015258789,0,0.0013709866056039743,64.67084989039961,25072.17817874853,196.69710335031778,205.65792767215666,0.008090859681263192,-0.0016129951842196455,1,89.400390625,0.010433395990603112,0.0011678485546364747,0.015073266660130535
25402.400390625,25482.19921875,25285.55078125,25377.55078125,215700,12.59000015258789,13.850000381469727,12.260000228881836,13.369999885559082,0,-0.0016129951842196455,62.95430340623884,25101.26128374867,197.2879664210668,205.01439265985977,0.008078572846806516,0.0015072376499098983,1,196.6484375,0.06195390973135617,0.0008301927020684108,0.01842416269446434
25487.05078125,25611.94921875,25376.05078125,25415.80078125,314500,13.369999885559082,13.369999885559082,12.100000381469727,12.470000267028809,0,0.0015072376499098983,63.91655202529375,25131.217426367843,198.55387946599876,207.22039586272692,0.008153211368244578,0.014760441377741573,2,235.8984375,-0.06731485611322718,0.0012626495789629377,0.0010595335052372423
25525.94921875,25849.25,25426.599609375,25790.94921875,533100,12.470000267028809,13.109999656677246,10.899999618530273,12.789999961853027,0,0.014760441377741573,71.6848346678257,25194.049025642333,227.20934049019343,223.37959749753213,0.008661162317171922,0.005742385099666292,2,422.650390625,0.025661562788439563,0.014650655763376541,0.01713364300080844
25872.55078125,25956.0,25847.349609375,25939.05078125,209200,12.789999961853027,14.029999732971191,12.430000305175781,13.789999961853027,0,0.005742385099666292,74.05916991362069,25265.001573795445,258.8852896915996,219.21325347985126,0.008451090031340282,5.2030021699067674e-05,1,108.650390625,0.07818608311044262,0.022125854651618315,0.021876231102575527
25921.44921875,26011.55078125,25886.849609375,25940.400390625,384100,13.789999961853027,14.109999656677246,12.739999771118164,13.390000343322754,0,5.2030021699067674e-05,74.0804995128135,25329.325270636356,280.8600302446466,212.46239050807617,0.008190405209969744,0.0024575565157058943,1,124.701171875,-0.02900649888591611,0.02064068781031736,0.02053026601972685
25899.44921875,26032.80078125,25871.349609375,26004.150390625,278500,13.390000343322754,13.609999656677246,8.979999542236328,12.739999771118164,0,0.0024575565157058943,75.12110635055153,25393.594329682895,299.96149329624313,208.818732034285,0.008030207828269145,0.008148714241454025,2,161.451171875,-0.04854373080944152,0.008266511250388575,0.024691098631864694
26005.400390625,26250.900390625,25998.400390625,26216.05078125,370900,12.739999771118164,12.739999771118164,11.350000381469727,12.0,0,0.008148714241454025,78.24725967580584,25471.923515546427,328.41239729482913,211.93882260326467,0.008084315382652736,-0.0014152231703233875,1,252.5,-0.0580847554484073,0.0106788795910846,0.031486318565668414
26248.25,26277.349609375,26151.400390625,26178.94921875,490300,12.0,12.079999923706055,10.5,11.960000038146973,0,-0.0014152231703233875,76.43623802985122,25539.25929680391,344.0007313701353,205.7967080423172,0.007861152345065117,-0.014060900852023384,0,125.94921875,-0.0033333301544189453,0.009196034931334918,0.015044037220542705
26061.30078125,26134.69921875,25794.099609375,25810.849609375,343100,11.960000038146973,13.239999771118164,11.600000381469727,12.789999961853027,0,-0.014060900852023384,61.28168749917408,25565.1250408583,322.9295059648066,218.5862009946517,0.008468772020400946,-0.0005404401234794243,1,340.599609375,0.06939798671059627,-0.0074334588266220525,-0.004942400281187975
25788.44921875,25907.599609375,25739.19921875,25796.900390625,247400,12.789999961853027,12.789999961853027,11.710000038146973,11.989999771118164,0,-0.0005404401234794243,60.78982483299719,25587.198883693225,301.62784461060073,215.00150025396232,0.008334392775811827,-0.021196375260987388,0,168.400390625,-0.0625488814011661,-0.015988311669154265,-0.005531911529471301
25452.849609375,25639.44921875,25230.30078125,25250.099609375,423400,11.989999771118164,13.930000305175781,11.6899995803833,13.170000076293945,0,-0.021196375260987388,45.40531241092062,25555.094190901014,237.88171889593286,240.115650905465,0.009509493214684726,-0.009326695880144675,0,409.1484375,0.09841537345298357,-0.0354807827317124,-0.028997324270276903
25181.900390625,25485.05078125,24966.80078125,25014.599609375,374900,13.170000076293945,14.479999542236328,12.289999961853027,14.130000114440918,0,-0.009326695880144675,40.63546439955537,25503.618516469967,166.44094554231924,259.9823901265032,0.010393226123398222,-0.008748875168602677,0,518.25,0.07289294097081878,-0.030849430067222072,-0.045828839053603354
25084.099609375,25143.0,24694.349609375,24795.75,374300,14.130000114440918,15.5,13.619999885559082,15.079999923706055,0,-0.008748875168602677,36.76976343266045,25436.20246728235,91.11397825766835,273.45867587639583,0.011028449467202881,0.00876764730346924,2,448.650390625,0.06723282389037166,-0.03880894120864353,-0.052836315437722714
24832.19921875,25044.0,24756.80078125,25013.150390625,333200,15.079999923706055,15.5600004196167,13.880000114440918,14.59000015258789,0,0.00876764730346924,42.610342274112384,25395.911793314983,48.4012689163319,274.44014322451045,0.010971834372665483,-0.0012473907279866303,1,287.19921875,-0.032493353686817605,-0.009384090455707539,-0.030905577724968047
25065.80078125,25234.05078125,24947.69921875,24981.94921875,290600,14.59000015258789,14.59000015258789,12.699999809265137,14.119999885559082,0,-0.0012473907279866303,42.010571985512065,25356.486786213558,11.896331716805435,275.2909588870454,0.011019594847323923,0.0006604768849507447,1,286.3515625,-0.03221386306465823,-0.0013052533774221553,-0.031591050069378346
25067.05078125,25134.05078125,24979.400390625,24998.44921875,261400,14.119999885559082,14.119999885559082,11.729999542236328,13.5,0,0.0006604768849507447,42.471729157534824,25322.387970264648,-15.523733971902402,266.67377543975647,0.010667612742943219,-0.0013680536120755926,1,154.650390625,-0.0439093406929254,0.008174756510692438,-0.00996631278759652
24985.30078125,25028.650390625,24920.05078125,24964.25,210500,13.5,13.699999809265137,11.539999961853027,13.220000267028809,0,-0.0013680536120755926,41.73097248534348,25288.279592144205,-39.5579255773373,255.38276357798813,0.010229939356399176,0.006557345754428789,2,108.599609375,-0.020740720960829018,-0.0019549872711487337,-0.0020128089260372795
25023.44921875,25159.75,25017.5,25127.94921875,206400,13.220000267028809,13.739999771118164,12.920000076293945,13.0,0,0.006557345754428789,46.537586970699365,25273.010032773327,-44.87870296818073,251.10542332241752,0.009993072699106197,-0.0028096049048969007,1,142.25,-0.016641472207644226,0.005844219709261855,0.013397425718117084
25186.30078125,25212.05078125,25008.150390625,25057.349609375,257200,13.0,13.359999656677246,10.920000076293945,13.0,0,-0.0028096049048969007,44.82039985069375,25252.470944830628,-54.1678426636463,247.733635272602,0.009886665554600974,-0.0034340754096676696,1,203.900390625,0.0,0.0023561617806604485,0.0017670392597393114
25008.55078125,25093.400390625,24908.44921875,24971.30078125,226800,13.0,13.5600004196167,11.4399995803833,13.050000190734863,0,-0.0034340754096676696,42.74989542293795,25225.692834013425,-67.69265529355471,243.2491736013447,0.00974114947924504,-0.008868227322834543,0,184.951171875,0.0038461685180664062,0.00028243513223902283,-0.00042624526239964933
25027.400390625,25029.5,24728.900390625,24749.849609375,252800,13.050000190734863,13.470000267028809,11.0600004196167,13.390000343322754,0,-0.008868227322834543,37.89777217636506,25180.37443166691,-95.1832127424168,247.34563329946292,0.009993823687953676,0.004210173941240125,1,300.599609375,0.02605365115850966,-0.015046974430084736,-0.009944601251046348
24664.94921875,24886.19921875,24567.650390625,24854.05078125,290900,13.390000343322754,14.0600004196167,12.869999885559082,13.039999961853027,0,0.004210173941240125,41.275284866566814,25149.29598877006,-107.32434560557158,252.4315757870013,0.010156556692055877,-0.00293518237799828,1,318.548828125,-0.026138937452997335,-0.0081133412469504,-0.0044142811720760955
24956.150390625,24978.30078125,24679.599609375,24781.099609375,242000,13.039999961853027,14.199999809265137,12.550000190734863,13.760000228881836,0,-0.00293518237799828,39.649468352236696,25114.22966692291,-121.43302642450362,255.73654693614407,0.01031982240365943,-0.012469180337869368,0,298.701171875,0.05521474456557396,-0.007616790712713484,-0.013803339315736407
24798.650390625,24882.0,24445.80078125,24472.099609375,279500,13.760000228881836,14.520000457763672,9.470000267028809,14.399999618530273,0,-0.012469180337869368,33.61044623809626,25053.07442334692,-155.7525566795157,268.62673777999095,0.010976856995019869,-0.001495564743491773,1,436.19921875,0.04651158277636491,-0.01122229041322298,-0.02335642073577615
24378.150390625,24604.25,24378.099609375,24435.5,284600,14.399999618530273,15.029999732971191,11.739999771118164,14.619999885559082,0,-0.001495564743491773,32.96990137344032,24994.257811599597,-183.7857465823945,265.5927129832059,0.01086913355500014,-0.0014773427748562273,1,226.150390625,0.015277796726168358,-0.016840344655840056,-0.021456662828406303
24412.69921875,24480.650390625,24341.19921875,24399.400390625,216700,14.619999885559082,14.899999618530273,12.699999809265137,13.970000267028809,0,-0.0014773427748562273,32.31571752972542,24937.604723887733,-206.5343884612048,256.5826029040483,0.010515938867195903,-0.008959220549493163,0,139.451171875,-0.044459618578541193,-0.015402836224652328,-0.014159650433481996
24418.05078125,24440.25,24073.900390625,24180.80078125,372600,13.970000267028809,15.079999923706055,13.350000381469727,14.630000114440918,0,-0.008959220549493163,28.61332805434354,24865.528157922236,-239.44187571284783,264.42310336625917,0.010935250067123299,0.0065485676346082045,2,366.349609375,0.04724408266260394,-0.011903303466998305,-0.027088139713140946
24251.099609375,24492.599609375,24134.900390625,24339.150390625,278600,14.630000114440918,15.479999542236328,13.539999961853027,14.289999961853027,0,0.0065485676346082045,34.47012214968073,24815.396941989165,-249.86353505430452,271.08568303652635,0.011137844940591831,0.0052466588480091225,1,357.69921875,-0.023239928224763617,-0.003943017715004826,-0.0178341246238648
24328.849609375,24484.5,24140.849609375,24466.849609375,332000,14.289999961853027,15.029999732971191,13.5600004196167,14.520000457763672,0,0.0052466588480091225,38.828715461448304,24782.201957930673,-244.99437281408245,276.268876435703,0.011291559021552357,-0.005149825253829232,1,343.650390625,0.016095206194865597,0.002764380176158543,-0.0002145300192382127
24371.44921875,24498.19921875,24307.30078125,24340.849609375,285200,14.520000457763672,15.699999809265137,14.279999732971191,15.510000228881836,0,-0.005149825253829232,36.26559628185927,24740.16840092537,-248.43882549979025,270.1709879402957,0.011099488813087196,-0.005566773640794054,0,190.8984375,0.06818180026907794,0.0066188390356825,-0.0038734787757566114
24349.849609375,24372.44921875,24172.599609375,24205.349609375,287000,15.510000228881836,16.239999771118164,14.649999618530273,15.550000190734863,0,-0.005566773640794054,33.690041694262334,24689.233277920575,-259.1153758888795,265.14803232848885,0.010954108765518267,0.004090004961616156,1,199.849609375,0.0025789788048191653,-0.005497348062795893,-0.007953096311520857
24302.75,24368.25,24280.19921875,24304.349609375,38800,15.550000190734863,16.1299991607666,13.630000114440918,15.899999618530273,0,0.004090004961616156,37.19934337031887,24652.577690440045,-256.6298768958404,257.8446293496682,0.010608991126847883,-0.0127137736646451,0,88.05078125,0.022508001511405196,-0.006641639712279712,0.00510937703191372
24315.75,24316.75,23816.150390625,23995.349609375,285500,15.899999618530273,17.600000381469727,14.779999732971191,16.690000534057617,0,-0.0127137736646451,31.581356747973544,24589.984539862424,-276.4075642728567,275.1842707800491,0.011468233439388372,0.00908305881860727,2,500.599609375,0.04968559336357825,-0.014194245704017172,-0.014125422446234048
23916.5,24229.05078125,23842.75,24213.30078125,289500,16.690000534057617,19.020000457763672,15.800000190734863,16.1200008392334,0,0.00908305881860727,38.62245424423122,24554.109896185048,-271.3665413642775,283.1211643850456,0.011692795085760694,0.011181870759630508,2,386.30078125,-0.03415216756051487,0.00032848820625663855,-0.010362953636166017
24308.75,24537.599609375,24204.05078125,24484.05078125,351100,16.1200008392334,20.75,14.710000038146973,14.869999885559082,0,0.011181870759630508,46.05008949813999,24547.437599524565,-242.72623519528133,286.7231403664709,0.01171060879297166,-0.011628025706147627,0,333.548828125,-0.07754347944151607,0.007393786493495869,0.005883162427487543
24489.599609375,24503.349609375,24179.05078125,24199.349609375,322200,14.869999885559082,15.520000457763672,14.270000457763672,14.9399995803833,0,-0.011628025706147627,40.4999824691083,24514.286362367464,-240.23234253216287,289.4071180635087,0.011959293234533474,-0.002113709312467793,1,324.298828125,0.004707444207326272,0.008501647332543882,-0.00024787908858281416
24207.69921875,24276.150390625,24066.650390625,24148.19921875,298700,14.9399995803833,15.729999542236328,14.390000343322754,14.470000267028809,0,-0.002113709312467793,39.5770733469044,24479.42092011818,-239.62112055214675,283.69946677325805,0.011748265955706464,-0.00028567088740283353,1,209.5,-0.03145912493676484,-0.0026886694667590527,-0.006424791987223899
24087.25,24336.80078125,24004.599609375,24141.30078125,273400,14.470000267028809,15.470000267028809,13.119999885559082,14.270000457763672,0,-0.00028567088740283353,39.4465166287935,24447.219002130736,-236.96182061848594,287.16387428052536,0.011895128472263558,-0.010680930776533315,0,332.201171875,-0.01382168663264327,-0.013998909047455488,0.006082477407121312
24225.80078125,24242.0,23839.150390625,23883.44921875,255800,14.270000457763672,14.84000015258789,12.739999771118164,14.59000015258789,0,-0.010680930776533315,34.82250164143849,24393.52664180876,-252.74725932438014,295.42714107298787,0.012369534164314052,-0.013582562322921432,0,402.849609375,0.022424645028663592,-0.013054085986782815,-0.01362274253642548
23822.44921875,23873.599609375,23509.599609375,23559.05078125,304600,14.59000015258789,15.869999885559082,13.930000305175781,15.4399995803833,0,-0.013582562322921432,30.049975019313507,24314.052750326973,-288.1123956686133,301.02874595170306,0.01277762626121098,-0.0011185324376894457,1,364.0,0.05825904173446106,-0.02439719964884801,-0.03777969618934007
23542.150390625,23675.900390625,23484.150390625,23532.69921875,257700,15.4399995803833,15.6899995803833,13.40999984741211,14.779999732971191,0,-0.0011185324376894457,29.693959601121378,24239.638128272025,-314.6389103751317,293.2231212408671,0.01246024174767158,-0.0033527151631265184,1,191.75,-0.042746105268723356,-0.025209973895552795,-0.027548277180422076
23605.30078125,23606.80078125,23350.400390625,23453.80078125,263300,14.779999732971191,16.579999923706055,13.760000228881836,15.170000076293945,0,-0.0033527151631265184,28.601367142450272,24164.796476174688,-338.13005610958135,290.5929261968766,0.012390014262813614,0.002758581406631766,1,256.400390625,0.026387033177865504,-0.01798937974012138,-0.02875570270104577
23529.55078125,23780.650390625,23464.80078125,23518.5,297500,15.170000076293945,16.18000030517578,12.729999542236328,15.65999984741211,0,0.002758581406631766,30.848391043606014,24103.244430824718,-347.52027470654866,293.1826892810282,0.01246604542300862,-0.007168807933116472,0,315.849609375,0.03230057802596087,-0.0017212400290028684,-0.025798145132830408
23488.44921875,23507.30078125,23263.150390625,23349.900390625,420300,15.65999984741211,16.780000686645508,14.84000015258789,15.989999771118164,0,-0.007168807933116472,28.34495882431463,24031.497379377128,-364.36648005652387,290.48032643059764,0.012440324008715073,0.023869464111237804,2,244.150390625,0.021072792268295615,-0.007767864894110965,-0.02233968901385197
23411.80078125,23956.099609375,23359.0,23907.25,367600,15.989999771118164,18.670000076293945,12.75,16.100000381469727,0,0.023869464111237804,44.40638355017433,24019.664295626928,-328.95181193264216,313.0316758819835,0.013093587756098401,0.013161295867362366,2,597.099609375,0.006879337831527055,0.01933372006436196,0.014779849238540699
24253.55078125,24351.55078125,24135.44921875,24221.900390625,687200,16.100000381469727,16.860000610351562,13.630000114440918,15.300000190734863,0,0.013161295867362366,51.073887530372836,24038.924876102934,-272.35622241897,322.40804055112756,0.013310600545443347,-0.0011312238174179257,1,216.1015625,-0.04968945166334415,0.029908386615855598,0.029286957924736123
24343.30078125,24343.30078125,24125.400390625,24194.5,230700,15.300000190734863,16.260000228881836,13.869999885559082,15.3100004196167,0,-0.0011312238174179257,50.50582908071023,24053.741554569322,-227.09696011573396,314.943208413547,0.013017140606896072,0.003323085437806128,1,217.900390625,0.0006536097226907955,0.03617144378543502,0.031581201940716896
24204.80078125,24354.55078125,24145.650390625,24274.900390625,295000,15.3100004196167,15.3100004196167,13.25,14.630000114440918,0,0.003323085437806128,52.18630578367262,24074.804300860338,-182.6357182030515,307.36872142865076,0.012661997226870475,-0.014861029054492936,0,208.900390625,-0.044415433477356214,0.015378196598312188,0.032161931697387125
24274.150390625,24345.75,23873.349609375,23914.150390625,366700,14.630000114440918,15.5600004196167,14.270000457763672,15.210000038146973,0,-0.014861029054492936,44.83116003105641,24059.503928456972,-174.49787091302278,319.1566977998186,0.013345935046261845,0.009072001940535257,2,472.400390625,0.03964456043534481,-0.01270544404183549,0.024164985313022802
23927.150390625,24188.44921875,23927.150390625,24131.099609375,282100,15.210000038146973,15.460000038146973,14.329999923706055,14.430000305175781,0,0.009072001940535257,49.445708296601396,24066.322564734877,-148.8269945215361,315.9525642516173,0.013093168954839871,0.006006820004948565,1,261.298828125,-0.051282033597300214,-0.002620446408274635,0.009363252125401234
24140.849609375,24301.69921875,24008.650390625,24276.05078125,220400,14.430000305175781,15.079999923706055,13.3100004196167,14.699999809265137,0,0.006006820004948565,52.315565580905634,24086.29668059346,-115.45539395673768,314.316583099716,0.012947599505867054,0.007460011144599932,2,293.048828125,0.018710983948663662,4.7390127517976666e-05,0.0022355962889666348
24367.5,24481.349609375,24280.0,24457.150390625,339500,14.699999809265137,14.890000343322754,14.239999771118164,14.369999885559082,0,0.007460011144599932,55.699278688882856,24121.616081548847,-73.54712958737218,306.52960060152196,0.012533332612577055,0.00042109681465385407,1,201.349609375,-0.022448974693051515,0.022706221677558425,0.010855789151460016
24488.75,24573.19921875,24366.30078125,24467.44921875,348000,14.369999885559082,14.800000190734863,14.109999656677246,14.449999809265137,0,0.00042109681465385407,55.89096866291879,24154.5525708061,-39.053316460805945,299.4130889514133,0.012237200791734586,0.009847825562885104,2,206.8984375,0.00556714852770801,0.013938428617829235,0.00793201310928393
24539.150390625,24857.75,24295.55078125,24708.400390625,361500,14.449999809265137,15.710000038146973,14.0600004196167,14.529999732971191,0,0.009847825562885104,60.22709412203423,24207.29998221742,7.63797894702293,318.1835267941695,0.012877544550188545,-0.0012384293961259507,1,562.19921875,0.0055363269731505405,0.01780971762132455,0.03321255353112473
24729.44921875,24751.05078125,24620.5,24677.80078125,226700,14.529999732971191,15.020000457763672,14.050000190734863,14.140000343322754,0,-0.0012384293961259507,59.42811070509724,24252.109582125286,41.69144122299258,304.78118782672885,0.012350419331462439,-0.0023827399277279726,1,130.55078125,-0.026840977069218952,0.009021917398421841,0.02265546041103761
24633.900390625,24705.0,24580.05078125,24619.0,248100,14.140000343322754,14.640000343322754,13.449999809265137,14.109999656677246,0,-0.0023827399277279726,57.84019479495857,24287.051526684783,63.205727507891424,291.93604717839105,0.011858160249335515,-0.0003635086213900074,1,124.94921875,-0.002121689244489633,0.006193975509872995,0.014127059703421097
24652.650390625,24677.80078125,24510.650390625,24610.05078125,261000,14.109999656677246,14.670000076293945,13.699999809265137,13.779999732971191,0,-0.0003635086213900074,57.58798949769799,24317.8133604529,78.62745882788295,283.022785996006,0.01150029264513491,0.0012901233029631864,1,167.150390625,-0.023387663482322574,-0.00398041183646658,0.006251766382546764
24620.5,24691.75,24583.849609375,24641.80078125,187300,13.779999732971191,14.109999656677246,13.180000305175781,13.270000457763672,0,0.0012901233029631864,58.282983391122194,24348.66930529072,92.34673597228539,270.51404346950557,0.010977852060038578,-0.003778196379659149,1,107.900390625,-0.037010107771428435,-0.001458800981461561,0.00712585774435337
24604.44921875,24675.25,24527.94921875,24548.69921875,266100,13.270000457763672,13.399999618530273,12.949999809265137,13.1899995803833,0,-0.003778196379659149,55.41537195024829,24367.719773239227,94.61616765553845,261.7130961681123,0.01066097612081291,0.008945547808588916,2,147.30078125,-0.006028701930719693,-0.0028555498294000614,-0.006463436294953162
24498.349609375,24792.30078125,24180.80078125,24768.30078125,310100,13.1899995803833,14.720000267028809,12.470000267028809,13.050000190734863,0,0.008945547808588916,60.36852660296489,24405.87034543073,112.83403885859298,286.69787501324714,0.011575193532463965,-0.004039468921733236,1,611.5,-0.010614055655972177,0.006430299612407486,0.003667263578396307
24753.400390625,24781.25,24601.75,24668.25,187600,13.050000190734863,14.510000228881836,13.050000190734863,14.020000457763672,0,-0.004039468921733236,57.248007416430326,24430.858883961133,117.84018287684012,279.04088394087233,0.011311742176314588,-0.013468730047733413,0,179.5,0.07432952129130865,0.001073347641464828,0.00200048742840897
24584.80078125,24624.099609375,24303.44921875,24336.0,264900,14.020000457763672,14.979999542236328,13.180000305175781,14.489999771118164,0,-0.013468730047733413,48.3162192741555,24421.824704536262,93.91519391248221,285.1665908915243,0.011717890815726674,-0.005635699812006956,1,320.650390625,0.0335234877324293,-0.00866437837926426,-0.011135725955461862
24297.94921875,24394.44921875,24149.849609375,24198.849609375,235300,14.489999771118164,15.239999771118164,14.270000457763672,14.369999885559082,0,-0.005635699812006956,45.18246660399837,24400.58898118757,63.15951391719136,282.26894935462974,0.011664560667597789,-0.010213311567061067,0,244.599609375,-0.008281565731855234,-0.022991127930184208,-0.017975600720384177
23877.150390625,24004.900390625,23870.30078125,23951.69921875,271100,14.369999885559082,15.4399995803833,13.869999885559082,14.510000228881836,0,-0.010213311567061067,40.13117350906948,24357.837575241134,18.627716219547438,285.57465498108473,0.011922939260924319,-0.01520556915080562,0,134.599609375,0.009742543106311619,-0.029047491461696717,-0.024319007483053046
23960.69921875,24065.80078125,23537.349609375,23587.5,442700,14.510000228881836,15.550000190734863,14.399999618530273,15.069999694824219,0,-0.01520556915080562,34.08408099326168,24284.472091884836,-45.527079668572696,302.9229776163644,0.012842521573560759,0.0070354729729729115,2,528.451171875,0.03859403563810537,-0.030756903353057252,-0.047673871198458895
23738.19921875,23869.55078125,23647.19921875,23753.44921875,189800,15.069999694824219,16.8799991607666,13.420000076293945,13.520000457763672,0,0.0070354729729729115,38.62240507763739,24233.898484919613,-82.03386720577691,301.43210644733836,0.012690035189053732,-0.0010861087115143775,1,222.3515625,-0.10285330248499558,-0.01840584977446391,-0.03708413775804931
23769.099609375,23867.650390625,23685.150390625,23727.650390625,177700,13.520000457763672,15.029999732971191,12.979999542236328,13.180000305175781,0,-0.0010861087115143775,38.18227961103025,24185.68438070108,-111.75921846334677,292.9369559868142,0.012345805470168093,0.0009503186263191132,1,182.5,-0.02514793942870397,-0.009354193457373094,-0.024997929379314554
23775.80078125,23854.5,23653.599609375,23750.19921875,177700,13.180000305175781,14.390000343322754,13.079999923706055,14.039999961853027,0,0.0009503186263191132,38.83831206875034,24144.20960337241,-131.97593508579666,286.3629156038275,0.012057284781752628,0.002661079652128029,1,200.900390625,0.06525035180306671,0.00689768812930569,-0.018540153679503235
23801.400390625,23938.849609375,23800.599609375,23813.400390625,176800,14.039999961853027,14.239999771118164,13.039999961853027,13.239999771118164,0,0.002661079652128029,40.736695959143745,24112.70396406313,-141.26955479614116,279.38344953391123,0.011732194686647966,-0.007075847935867907,0,138.25,-0.05698007071997724,0.00252389332272962,-0.005774071679087278
23796.900390625,23915.349609375,23599.30078125,23644.900390625,364900,13.239999771118164,14.369999885559082,13.239999771118164,13.970000267028809,0,-0.007075847935867907,37.40339125620281,24068.151242783308,-160.38256676525634,282.0024051475604,0.011926563465641494,-4.212721278373799e-06,1,316.048828125,0.05513599007026215,-0.003487492382840185,0.0024335088765234936
23560.599609375,23689.849609375,23460.44921875,23644.80078125,193600,13.970000267028809,14.640000343322754,13.970000267028809,14.449999809265137,0,-4.212721278373799e-06,37.401442925995234,24027.83215120871,-173.53737328077113,278.24511839594896,0.011767708299601894,0.02300081165438561,2,229.400390625,0.03435930802157494,-0.004437791722470719,-0.004574006768424899
23783.0,24226.69921875,23751.55078125,24188.650390625,283200,14.510000228881836,14.800000190734863,13.630000114440918,13.739999771118164,0,0.02300081165438561,52.07866282225027,24043.14817401026,-138.48219731537029,299.9346411890955,0.01239980885024258,-0.007602755327609123,0,475.1484375,-0.0491349513853786,0.01575793434975914,0.019428809528571955
24196.400390625,24196.44921875,23976.0,24004.75,312300,13.739999771118164,13.979999542236328,13.229999542236328,13.539999961853027,0,-0.007602755327609123,47.98185991569314,24039.491205056904,-124.10928779329697,294.2571110148744,0.012258286839682745,-0.016192595996625703,0,220.44921875,-0.014556027117667125,0.015218909931110414,0.01071783772866386
24045.80078125,24089.94921875,23551.900390625,23616.05078125,278100,13.539999961853027,15.920000076293945,13.539999961853027,15.649999618530273,0,-0.016192595996625703,40.69497754694239,23999.163545646723,-142.44145547209337,311.6708050941691,0.013197414249363854,0.0038892874268343647,1,538.048828125,0.15583453933691738,-0.0012159121265592487,-0.008287334279765135
23679.900390625,23795.19921875,23637.80078125,23707.900390625,262300,15.649999618530273,15.649999618530273,14.350000381469727,14.65999984741211,0,0.0038892874268343647,42.90164361345033,23971.424197549415,-147.85396609112286,302.2049216945856,0.01274701330422701,-0.0007993610384197103,1,157.3984375,-0.06325877285939108,-0.019875023708901485,0.002664422304987868
23746.650390625,23751.849609375,23496.150390625,23688.94921875,266400,14.65999984741211,14.880000114440918,14.100000381469727,14.470000267028809,0,-0.0007993610384197103,42.549851072865145,23944.521818616136,-151.9213660010064,298.88308576997235,0.012616983683404746,-0.006857594959147506,0,255.69921875,-0.012960408073731333,-0.013155762140826255,0.0018671520182571566
23674.75,23689.5,23503.05078125,23526.5,269200,14.470000267028809,14.890000343322754,13.75,14.65999984741211,0,-0.006857594959147506,39.55560834305669,23904.710216843174,-166.33568975090748,290.8520952685457,0.01236274393847558,-0.004037999702463213,1,186.44921875,0.013130585824260965,-0.0037919456593097367,-0.027374424779054052
23551.900390625,23596.599609375,23344.349609375,23431.5,261000,14.65999984741211,15.520000457763672,14.65999984741211,14.920000076293945,0,-0.004037999702463213,37.87697846834719,23859.642577143823,-183.31174750651553,288.09480274936385,0.012295192486582757,-0.014747275302477436,0,252.25,0.01773535004011162,-0.011658577354842437,-0.02388069028004869
23195.400390625,23340.94921875,23047.25,23085.94921875,316500,14.920000076293945,16.18000030517578,14.449999809265137,16.0,0,-0.014747275302477436,32.478026444301236,23785.957495392027,-222.08835938049015,294.96303112440927,0.012776733948840428,0.003902874499386977,1,293.69921875,0.07238605349754934,-0.025454907029929363,-0.022446664237395497
23165.900390625,23264.94921875,23134.150390625,23176.05078125,311200,16.0,16.0,15.119999885559082,15.470000267028809,0,0.003902874499386977,35.07663169270424,23727.871141664215,-242.75038524322736,286.67995747266576,0.01236966384732799,0.0016028803979861728,1,130.798828125,-0.03312498331069946,-0.014895935168852126,-0.02243343360702299
23250.44921875,23293.650390625,23146.44921875,23213.19921875,228000,15.470000267028809,15.65999984741211,15.199999809265137,15.260000228881836,0,0.0016028803979861728,36.167395357013056,23678.854768053337,-253.2087878679631,276.7171870728325,0.011920682903945427,0.004247650725383689,1,147.201171875,-0.013574662865038611,-0.009316551703902887,-0.020083204012419476
23377.25,23391.650390625,23272.05078125,23311.80078125,299400,15.260000228881836,15.569999694824219,13.960000038146973,15.470000267028809,0,0.004247650725383689,39.09241590354669,23643.89724550064,-250.65147111676197,269.698185987273,0.01156916998896949,-0.004658651792672774,1,119.599609375,0.013761470183304203,0.009783074560199001,-0.009125846120332404
23277.099609375,23292.099609375,23100.349609375,23203.19921875,272900,15.470000267028809,16.3799991607666,14.050000190734863,15.75,0,-0.004658651792672774,37.0771618738829,23601.926004857723,-254.45482085736876,265.53768497925347,0.011444011770785394,0.006100485537167577,2,191.75,0.018099529937821268,0.0011714005011571604,-0.009743327625205356
23290.400390625,23391.099609375,23170.650390625,23344.75,301500,15.75,17.020000457763672,15.180000305175781,16.420000076293945,0,0.006100485537167577,41.32302403984806,23577.43305201413,-243.2430830232879,262.3170802485925,0.011236662643574787,-0.013711845677293555,0,220.44921875,0.042539687383742475,0.005667068119750596,0.01121031579848597
23421.650390625,23426.30078125,22976.849609375,23024.650390625,312900,16.420000076293945,17.450000762939453,15.199999809265137,17.059999465942383,0,-0.013711845677293555,35.49083765319659,23524.787084262785,-257.22196856754454,275.68380107905017,0.011973419635127271,0.0056764909144164655,1,449.451171875,0.03897682013853476,-0.012317812481306034,-0.006532622492676166
23099.150390625,23169.55078125,22981.30078125,23155.349609375,276000,17.059999465942383,17.299999237060547,15.90999984741211,16.770000457763672,0,0.0056764909144164655,39.26034137522928,23489.6025628449,-254.81663388207744,269.43852957340374,0.01163612444289397,0.0021593282262408753,1,188.25,-0.01699877006195971,-0.002062198790946601,-0.002492099810536774
23128.30078125,23270.80078125,23090.650390625,23205.349609375,275600,16.770000457763672,17.079999923706055,15.670000076293945,16.700000762939453,0,0.0021593282262408753,40.688201171934935,23462.530852990625,-246.03961515264382,263.0608053628035,0.011336213838231787,-0.004876047658393667,1,180.150390625,-0.004174102141530467,-0.005971380744064558,-0.004566407068844702
23183.900390625,23347.30078125,23050.0,23092.19921875,264300,16.700000762939453,17.309999465942383,16.1200008392334,16.75,0,-0.004876047658393667,38.483457814233454,23427.261173539137,-245.3854052560455,265.5065179261747,0.011497671374261892,-0.011391241935562957,0,297.30078125,0.002993966154271277,0.0029337612940478763,-0.004783823082047389
22940.150390625,23007.44921875,22786.900390625,22829.150390625,257400,16.75,18.520000457763672,16.75,18.1299991607666,0,-0.011391241935562957,33.886399838701436,23370.29824183303,-263.06038487117985,268.3488257975194,0.011754656708894402,0.005611229817278129,1,220.548828125,0.08238800959800607,-0.014087423608492244,-0.022086319595412296
22960.44921875,23137.94921875,22857.650390625,22957.25,361900,18.1299991607666,18.5,16.829999923706055,18.200000762939453,0,0.005611229817278129,37.78405753361859,23330.960314039407,-263.69169197139854,271.2381116780537,0.01181492172094017,0.008966649288351114,2,280.298828125,0.0038610924110982214,-0.010691483367040844,-0.0029273143991990214
23026.75,23183.349609375,22976.5,23163.099609375,226300,18.200000762939453,19.010000228881836,17.290000915527344,18.639999389648438,0,0.008966649288351114,43.543900983274504,23314.97358026184,-244.76022080950133,268.0139329421213,0.0115707283335105,0.003730087599762788,1,206.849609375,0.024175747706832507,0.0030703178139668275,0.0003346958750674034
23169.5,23322.05078125,23139.19921875,23249.5,361900,18.639999389648438,18.989999771118164,17.219999313354492,17.389999389648438,0,0.003730087599762788,45.81150103656942,23308.738001189286,-220.24624248967666,261.93090648196977,0.011266087721541099,0.011135740150325812,2,182.8515625,-0.06706008803273766,0.0184128450766885,0.001902595365646409
23296.75,23546.80078125,23277.400390625,23508.400390625,304900,17.389999389648438,17.940000534057617,16.110000610351562,16.25,0,0.011135740150325812,52.02925760736694,23327.75346684983,-177.87718281614434,264.45732610825763,0.01124948196023246,-0.006267955578711404,0,269.400390625,-0.06555488382173447,0.024007683438783012,0.018023453198734662
23319.349609375,23381.599609375,23222.0,23361.05078125,329700,14.100000381469727,15.109999656677246,14.100000381469727,14.350000381469727,0,-0.006267955578711404,48.61057841012712,23330.92463964985,-154.40934498427305,266.02468785945354,0.011387530909909658,0.016189306820631133,2,159.599609375,-0.11692305344801679,0.008545970755782673,0.023299175901150937
23509.900390625,23762.75,23423.150390625,23739.25,376700,14.350000381469727,15.130000114440918,13.670000076293945,14.020000457763672,0,0.016189306820631133,56.50940210545199,23369.812769207005,-104.09347344950947,275.71572578020687,0.011614340207892282,-0.001809207062143936,1,339.599609375,-0.022996509751469163,0.02106496913912137,0.034063313332389544
23801.75,23807.30078125,23680.44921875,23696.30078125,267000,14.020000457763672,14.300000190734863,13.5,14.079999923706055,0,-0.001809207062143936,55.4667469122167,23400.90686559205,-66.9121046721375,265.0825712601921,0.01118666469113787,-0.003922602634608197,1,126.8515625,0.004279562338327825,0.00799290413225795,0.023019422308195425
23761.94921875,23773.55078125,23556.25,23603.349609375,307000,14.079999923706055,14.640000343322754,13.149999618530273,14.180000305175781,0,-0.003922602634608197,53.179825752231906,23420.18712690471,-44.43377982892707,261.6695862594641,0.011086120851064788,-0.0018387386257991967,1,217.30078125,0.007102299858777528,0.010371914790728187,0.015219665342265376
23649.5,23694.5,23443.19921875,23559.94921875,368100,14.180000305175781,14.510000228881836,13.550000190734863,13.6899995803833,0,-0.0018387386257991967,52.09969305194329,23433.49780231855,-29.778328222950222,260.92895733021663,0.011075106949829857,-0.007570033692307909,0,251.30078125,-0.03455576264082505,-0.007552925271438693,0.0021927833144086417
23543.80078125,23568.599609375,23316.30078125,23381.599609375,234200,13.6899995803833,14.720000267028809,13.6899995803833,14.449999809265137,0,-0.007570033692307909,47.802870780162806,23428.555117276308,-32.184101892366016,260.312519529844,0.011133221160175458,-0.013249684936046169,0,252.298828125,0.05551499285440853,-0.013280603364218435,0.0008796191711331058
23383.55078125,23390.05078125,22986.650390625,23071.80078125,268000,14.449999809265137,15.430000305175781,13.850000381469727,14.869999885559082,0,-0.013249684936046169,41.41364833450228,23394.578513845234,-58.41549374142414,270.53308175092656,0.011725702918290778,-0.0011507892904301098,1,403.400390625,0.029065749608152114,-0.0225200590984711,-0.02811585112208681
23050.80078125,23144.69921875,22798.349609375,23045.25,279700,14.869999885559082,15.619999885559082,14.609999656677246,14.899999618530273,0,-0.0011507892904301098,40.90899280700482,23361.30913157426,-80.41946142952656,275.9485480097889,0.011974205010133928,-0.0006009745771905495,1,346.349609375,0.0020174669268373524,-0.02184636367299042,-0.027474785505978705
23055.75,23235.5,22992.19921875,23031.400390625,265700,14.899999618530273,15.470000267028809,12.199999809265137,14.960000038146973,0,-0.0006009745771905495,40.63085984595806,23329.88925148385,-97.8473882985054,273.616564669804,0.0118801531834417,-0.004435266153706374,1,243.30078125,0.004026873902874373,-0.01497755605264861,-0.02423169711992179
23096.44921875,23133.69921875,22774.849609375,22929.25,254500,14.960000038146973,15.680000305175781,14.359999656677246,15.020000457763672,0,-0.004435266153706374,38.54907963181616,23291.733132294914,-118.53542611410376,279.7046392916037,0.012198595213171112,0.0013192755977626813,1,358.849609375,0.004010723226183233,-0.006178571954636891,-0.02676997360622757
22809.900390625,22974.19921875,22725.44921875,22959.5,207400,15.020000457763672,16.309999465942383,14.5,15.720000267028809,0,0.0013192755977626813,39.53703725868208,23260.091881600158,-130.98006627032373,277.49359362791773,0.01208622111230287,-0.0006184463402948426,1,248.75,0.04660451317784853,-0.0037209403239278904,-0.0180526403850384
22963.650390625,22992.5,22801.5,22945.30078125,210600,15.720000267028809,16.31999969482422,14.779999732971191,15.670000076293945,0,-0.0006184463402948426,39.21830756249095,23230.111776804904,-140.3701913497498,271.31547979735217,0.011824446425172188,-0.0005404326900405598,1,191.0,-0.0031806736568404936,-0.003738357542950266,-0.005482883681225403
22847.25,23049.94921875,22814.849609375,22932.900390625,207000,15.670000076293945,16.020000457763672,14.75,15.420000076293945,0,-0.0005404326900405598,38.92319851280644,23201.805930502058,-147.11667160314755,268.7286319100413,0.011718039468740636,-0.0008612081186238907,1,235.099609375,-0.015954052251614725,0.00015920235616073697,-0.004875174249574177
22821.099609375,22923.849609375,22812.75,22913.150390625,240800,15.420000076293945,15.899999618530273,14.640000343322754,14.680000305175781,0,-0.0008612081186238907,38.42723555732032,23174.314926704243,-152.30133081475287,258.11590038968126,0.011264967758221948,-0.005117148798882476,1,111.099609375,-0.04798960878449077,-0.002018755172150999,-0.005134294832029984
22857.19921875,22921.0,22720.30078125,22795.900390625,242800,14.680000305175781,15.239999771118164,12.079999923706055,14.529999732971191,0,-0.005117148798882476,35.5325738236878,23138.27544707765,-163.9810344043035,254.01470884398972,0.011142999596035055,-0.010640105330068539,0,200.69921875,-0.010218022417322725,-0.006511154159595245,-0.005815698698169336
22609.349609375,22668.05078125,22518.80078125,22553.349609375,214300,14.529999732971191,15.579999923706055,14.369999885559082,14.4399995803833,0,-0.010640105330068539,30.426519175006234,23082.568224439303,-190.61184985874206,255.66363031049045,0.011335949414991373,-0.00025711604818956513,1,149.25,-0.006194091826695947,-0.016550491860382377,-0.01768986217578783
22516.44921875,22625.30078125,22513.900390625,22547.55078125,250300,14.4399995803833,15.079999923706055,13.609999656677246,13.720000267028809,0,-0.00025711604818956513,30.31436138134663,23031.614182230798,-209.76681862807527,245.35911319009827,0.010881852116467257,-0.00011087678764998277,1,111.400390625,-0.04986144974218765,-0.015955885731216868,-0.01733470412055027
22568.94921875,22613.30078125,22508.400390625,22545.05078125,289200,13.720000267028809,14.010000228881836,12.90999984741211,13.3100004196167,0,-0.00011087678764998277,30.26256881496606,22985.27481070882,-222.5831979359209,235.32634729259124,0.01043804911223818,-0.018644959666695105,0,104.900390625,-0.02988337022101961,-0.011004154478502781,-0.01691236619741099
22433.400390625,22450.349609375,22104.849609375,22124.69921875,551300,13.3100004196167,14.119999885559082,13.229999542236328,13.90999984741211,0,-0.018644959666695105,23.11233589702647,22903.315230522265,-263.62027847128775,249.96026333419186,0.011297792610096061,-0.00024400049223838316,1,345.5,0.04507884364234216,-0.01900606331428567,-0.034410421894564
22194.55078125,22261.55078125,22004.69921875,22119.30078125,282400,13.90999984741211,14.359999656677246,13.569999694824219,13.760000228881836,0,-0.00024400049223838316,23.037055575702624,22828.64718773443,-293.1982621845091,250.45249898889247,0.011322803621405385,-0.0016569416451024388,1,256.8515625,-0.010783581608606596,-0.01899319372444308,-0.02968075828464567
21974.44921875,22105.05078125,21964.599609375,22082.650390625,253300,13.760000228881836,14.199999809265137,13.369999885559082,13.829999923706055,0,-0.0016569416451024388,22.501211132076236,22757.599873724008,-315.95428329533024,243.6131184807573,0.011031878609289633,0.011531695069225467,2,140.451171875,0.005087187039233498,-0.020510062058035516,-0.020870479414478615
22073.05078125,22394.900390625,22067.80078125,22337.30078125,305900,13.829999923706055,14.130000114440918,13.100000381469727,13.670000076293945,0,0.011531695069225467,33.98994746291548,22717.571388726486,-309.86846487594084,249.57643925891747,0.011173079581236275,0.009284847776867,2,327.099609375,-0.011569041814516123,0.00960924080359149,-0.009324737841364117
22476.349609375,22556.44921875,22245.849609375,22544.69921875,372100,13.670000076293945,14.180000305175781,13.279999732971191,13.729999542236328,0,0.009284847776867,41.58525942009081,22701.10737253825,-285.02450426387804,253.93523712435194,0.011263633844054962,0.00034601398645017767,1,310.599609375,0.004389134279993989,0.01923200202877129,-1.559377725124378e-05
22508.650390625,22633.80078125,22464.75,22552.5,289800,13.729999542236328,13.859999656677246,13.329999923706055,13.470000267028809,0,0.00034601398645017767,41.85625104614297,22686.954289439367,-261.68943571580166,247.8720617047554,0.010990890664217066,-0.004088203913091726,1,169.05078125,-0.01893658294799705,0.021276866728572985,0.01933589139541625
22521.849609375,22676.75,22429.05078125,22460.30078125,293900,13.470000267028809,14.210000038146973,13.470000267028809,13.989999771118164,0,-0.004088203913091726,39.52251458306481,22665.368241040378,-247.7796822440505,247.85971577941572,0.011035458438131451,0.0016740474556060647,1,247.69921875,0.03860426828366026,0.005506484476550888,0.015416400517011652
22345.94921875,22522.099609375,22314.69921875,22497.900390625,347900,13.989999771118164,14.5,13.680000305175781,14.069999694824219,0,0.0016740474556060647,40.96801963196713,22649.418921953198,-231.05862812380292,244.96976398267174,0.010888561142565641,-0.0012179087892316698,1,207.400390625,0.005718364904566453,-0.0020758240183607057,0.018804355122892913
22536.349609375,22577.400390625,22329.55078125,22470.5,369700,14.069999694824219,14.369999885559082,13.640000343322754,13.6899995803833,0,-0.0012179087892316698,40.21369554172765,22632.379024624322,-217.51072653387746,245.17546722498088,0.010910992956319658,-0.003262089461738671,1,247.849609375,-0.02700782677207192,-0.0036359605365259284,0.00596308479947627
22541.5,22558.05078125,22377.349609375,22397.19921875,287500,13.6899995803833,13.930000305175781,13.220000267028809,13.279999732971191,0,-0.003262089461738671,38.18798989706277,22609.98094787439,-210.26487477215778,240.57016041426797,0.010741082314116877,0.004980568336268254,1,180.701171875,-0.029948857558739994,-0.0028094709467416656,-0.0065425579010309765
22353.150390625,22577.0,22353.150390625,22508.75,251100,13.279999732971191,14.100000381469727,13.279999732971191,13.420000076293945,0,0.004980568336268254,42.901813871169345,22600.339905219687,-193.29310665659432,239.37583534003457,0.010634790263343569,0.01446329899483545,2,223.849609375,0.010542194739293853,0.0004822498627259364,-0.0019399179691830248
22662.25,22857.80078125,22599.19921875,22834.30078125,272600,13.420000076293945,13.649999618530273,11.34000015258789,13.210000038146973,0,0.01446329899483545,53.941179448435776,22622.621893413052,-151.82350399731877,247.20976004788923,0.01082624611176539,0.0032100316461272094,1,258.6015625,-0.015648288893673867,0.01619015069758123,0.016651602471513538
22874.94921875,22940.69921875,22807.94921875,22907.599609375,324000,13.210000038146973,13.569999694824219,12.59000015258789,13.300000190734863,0,0.0032100316461272094,56.00371200571481,22649.76262826657,-111.75569221729165,239.03406290161143,0.010434705817181564,0.012356195589090069,2,132.75,0.006813031970325012,0.0227885810917694,0.01821055350217149
23036.599609375,23216.69921875,22973.94921875,23190.650390625,313700,13.300000190734863,13.300000190734863,12.510000228881836,12.600000381469727,0,0.012356195589090069,62.910699271767754,22701.27574849118,-56.510413347270514,244.03874479256777,0.010523152248081077,0.0068885519512889015,2,242.75,-0.052631563851613716,0.030294902676736735,0.032048703438953385
23168.25,23402.69921875,23132.80078125,23350.400390625,541000,12.600000381469727,12.84000015258789,10.699999809265137,12.579999923706055,0,0.0068885519512889015,66.14144127964255,22763.097142980117,0.1605078568427416,245.8858657002415,0.010530263361092631,0.013188177230298859,2,269.8984375,-0.0015873378696944496,0.02260194495636969,0.04255894509689506
23515.400390625,23708.75,23433.5,23658.349609375,311900,12.579999923706055,13.949999809265137,12.579999923706055,13.699999809265137,0,0.013188177230298859,71.32653624979079,22848.35928263677,69.12472274203901,253.91899024843855,0.010732743172745198,0.00043539728764163677,1,275.25,0.08903019812015467,0.03277296673601504,0.0510734540734159
23751.5,23869.599609375,23601.400390625,23668.650390625,338200,13.699999809265137,14.479999542236328,13.489999771118164,13.640000343322754,0,0.00043539728764163677,71.48384574757031,22926.482245302315,123.19048364648552,254.93900656997863,0.010771167868150114,-0.007681079328545448,0,268.19921875,-0.0043795231224605935,0.02061175482138422,0.036539310634819744
23700.94921875,23736.5,23451.69921875,23486.849609375,278600,13.640000343322754,13.920000076293945,13.3100004196167,13.470000267028809,0,-0.007681079328545448,64.73366719824618,22979.85056569019,149.6431914502973,257.07199047569446,0.010945358562396625,0.004474827877002596,1,284.80078125,-0.012463348388196072,0.005843549423879768,0.025286368274174853
23433.94921875,23646.44921875,23412.19921875,23591.94921875,510300,13.470000267028809,13.850000381469727,12.979999542236328,13.300000190734863,0,0.004474827877002596,66.69182730838949,23038.14567550541,177.04692632991646,255.44184829885916,0.010827500768603025,-0.0030773044101545244,1,234.25,-0.01262064386962658,-0.0028066366302528234,0.01730433693602773
23600.400390625,23649.19921875,23450.19921875,23519.349609375,295400,13.300000190734863,13.609999656677246,12.569999694824219,12.720000267028809,0,-0.0030773044101545244,64.0463727743178,23083.974621588226,190.70803836431878,251.4102877060835,0.01068950850604599,-0.015036571865236992,0,199.0,-0.04360901619460866,-0.006307954986277453,0.007235388512559782
23341.099609375,23565.150390625,23136.400390625,23165.69921875,314300,12.720000267028809,14.050000190734863,12.720000267028809,13.779999732971191,0,-0.015036571865236992,53.014549377582725,23091.757916556016,171.02645066774494,264.0774100127918,0.01139950093969325,0.0071938424586863725,2,428.75,0.08333328959826991,-0.013673625708269133,-0.0208235315970553
23192.599609375,23350.0,23158.44921875,23332.349609375,341000,13.779999732971191,14.140000343322754,13.510000228881836,13.720000267028809,0,0.0071938424586863725,56.79148018153418,23114.671411110205,166.9514322012801,258.8969365297352,0.011096050799174969,-0.0035251486188494496,1,191.55078125,-0.004354097757986342,-0.011003737205770192,-0.014208701201789076
23150.30078125,23306.5,23145.80078125,23250.099609375,283200,13.720000267028809,14.109999656677246,13.40999984741211,13.600000381469727,0,-0.0035251486188494496,54.4644449015792,23127.569334754473,155.2949199303912,253.72921450082555,0.0109130377402132,-0.014866619775066536,0,160.69921875,-0.008746347173728575,-0.011448020649885482,-0.010080108824194967
23190.400390625,23214.69921875,22857.44921875,22904.44921875,466800,13.600000381469727,14.25,13.399999618530273,13.760000228881836,0,-0.014866619775066536,45.94446108054143,23106.319799896904,116.81933163490612,263.6521556525523,0.011510958117112105,-0.03243254628305536,0,357.25,0.01176469433266436,-0.011277449367405601,-0.02914129704270474
21758.400390625,22254.0,21743.650390625,22161.599609375,647100,13.760000228881836,23.190000534057617,13.760000228881836,22.790000915527344,0,-0.03243254628305536,33.73172916865062,23016.34644841863,26.084707218102267,327.7340608291557,0.0147883756861357,0.016887318902814252,2,510.349609375,0.6562500389855954,-0.05017711544702674,-0.05772906234867947
22446.75,22697.19921875,22270.849609375,22535.849609375,468300,22.790000915527344,22.790000915527344,19.3799991607666,20.440000534057617,0,0.016887318902814252,42.08432349384946,22970.58484470019,-15.446234501254366,342.5816000110017,0.015201627892852392,-0.006065856008070525,1,426.349609375,-0.10311541408796598,-0.03072029849334479,-0.027188888339930162
22460.30078125,22468.69921875,22353.25,22399.150390625,383800,20.440000534057617,21.75,19.700000762939453,21.43000030517578,0,-0.006065856008070525,40.09635476279544,22916.162515740652,-58.71347712181887,331.154314965573,0.014784235526369573,0.019170387409190415,2,115.44921875,0.048434429806819335,-0.022061164767557595,-0.03999593844483784
22695.400390625,22923.900390625,22695.400390625,22828.55078125,402200,21.43000030517578,21.43000030517578,18.860000610351562,20.110000610351562,0,0.019170387409190415,48.349915001675114,22907.818541027256,-57.689052263318445,344.9825781823178,0.015111891310492901,0.02190239778210845,2,228.5,-0.061595878489344336,0.030094902156469816,-0.01813105471406329
23368.349609375,23368.349609375,23207.0,23328.55078125,388300,20.110000610351562,20.110000610351562,15.970000267028809,16.1299991607666,0,0.02190239778210845,55.959075641884624,22947.888278191327,-16.34297521163535,358.8980246067951,0.015384497218543658,0.004657316201027051,1,161.349609375,-0.1979115528985249,0.035175118116923976,0.01851612140722514
23344.099609375,23452.19921875,23273.05078125,23437.19921875,348400,16.1299991607666,16.1299991607666,15.119999885559082,15.869999885559082,0,0.004657316201027051,57.42678585256641,22994.489320149296,24.90403145520031,346.05876838488115,0.01476536360658788,0.017683476937954135,2,179.1484375,-0.016118988762251263,0.04634322329294549,0.05755900439765127
23401.849609375,23872.349609375,23298.55078125,23851.650390625,505300,15.869999885559082,16.459999084472656,15.09000015258789,15.470000267028809,0,0.017683476937954135,62.55340228668935,23076.123707813647,89.9978876377063,362.3259155091754,0.015190811100081747,0.011483498464016417,2,573.798828125,-0.02520476505448832,0.04481666923050209,0.05838700577335332
23949.150390625,24189.55078125,23903.650390625,24125.55078125,406100,15.470000267028809,16.329999923706055,14.220000267028809,15.520000457763672,0,0.011483498464016417,65.50936868441178,23176.069143379016,161.8213344671567,360.5812351603057,0.014946031219338785,0.0017284255654137493,1,285.900390625,0.003232074329140744,0.034164145363053455,0.07707436936302603
24185.400390625,24242.599609375,24072.0,24167.25,440900,15.520000457763672,16.010000228881836,14.539999961853027,15.229999542236328,0,0.0017284255654137493,65.95004891722265,23270.467320200063,219.5755813766409,347.0111190327839,0.014358734197427671,0.006690840652122221,1,170.599609375,-0.01868562544933916,0.0311492330818246,0.05864144559932072
24357.599609375,24359.30078125,24119.94921875,24328.94921875,415000,15.229999542236328,16.520000457763672,12.84000015258789,15.960000038146973,0,0.006690840652122221,67.67480719124734,23371.27512006196,275.2214323726621,339.32115070901364,0.01394721768121014,-0.0033807460922566923,1,239.3515625,0.04793174772502029,0.020011144734563224,0.04288300833089287
24277.900390625,24347.849609375,24216.150390625,24246.69921875,358800,15.960000038146973,16.760000228881836,15.550000190734863,16.25,0,-0.0033807460922566923,65.84769592211151,23454.648843746538,309.1209289379476,324.4910127119412,0.013382894297670502,-0.00855166336268387,0,131.69921875,0.018170423631571397,0.005021582246907963,0.03453910991857723
24289.0,24365.44921875,23847.849609375,24039.349609375,387700,16.25,17.579999923706055,15.920000076293945,17.15999984741211,0,-0.00855166336268387,61.35082545554685,23510.334630949248,315.6169083601708,338.28448390215965,0.014072114653644106,0.012028211882747275,2,517.599609375,0.05599999060997596,-0.005292302211670763,0.007869443651739028
24070.25,24355.099609375,24054.05078125,24328.5,320500,17.15999984741211,18.06999969482422,16.6200008392334,16.940000534057617,0,0.012028211882747275,64.94594475590401,23588.255142287417,340.17570507006167,336.6748779091482,0.013838702670084396,0.0003061930965739812,1,301.048828125,-0.012820472920206383,-1.846437122954292e-05,0.008412210796353348
24370.69921875,24457.650390625,24290.75,24335.94921875,357600,16.940000534057617,17.59000015258789,16.06999969482422,17.3700008392334,0,0.0003061930965739812,65.03617738669634,23659.46410195052,356.1345210243089,324.54812881742333,0.013336160669145804,-7.191007773188485e-05,1,166.900390625,0.025383724416730313,0.003680913397522634,0.006980488833028264
24342.05078125,24396.150390625,24198.75,24334.19921875,424500,17.3700008392334,18.559999465942383,15.989999771118164,18.219999313354492,0,-7.191007773188485e-05,64.99385115268475,23723.72458926476,364.4397526576977,315.46614751796454,0.012963900915009005,0.0005136803511647248,1,197.400390625,0.0489348550980615,0.01226529062416959,0.0002157923037611198
24311.900390625,24589.150390625,24238.5,24346.69921875,421100,18.219999313354492,18.860000610351562,17.350000381469727,18.260000228881836,0,0.0005136803511647248,65.16822720773177,23783.055506358593,367.7906919413217,317.97930773989566,0.013060468890789594,0.004700890697612925,1,350.650390625,0.0021954400128887386,0.0007480616869104395,0.00412427271431115
24419.5,24526.400390625,24400.650390625,24461.150390625,291500,18.260000228881836,18.799999237060547,18.06999969482422,18.34000015258789,0,0.004700890697612925,66.7989825871233,23847.635971526823,375.3547328180466,308.1022980352603,0.012595576786664286,-0.0033338898599493128,1,125.75,0.004381156774550199,0.00514470057237526,0.01754626427519912
24500.75,24509.650390625,24331.80078125,24379.599609375,302400,18.34000015258789,19.299999237060547,17.989999771118164,19.0,0,-0.0033338898599493128,64.48240405658562,23898.29917513141,370.497953430091,298.7985345595274,0.012256088670325275,0.0014274549954715887,1,177.849609375,0.03598690523014958,0.0018657030879412062,0.0021004011498859665
24233.30078125,24449.599609375,24220.0,24414.400390625,330100,19.0,19.729999542236328,18.360000610351562,19.059999465942383,0,0.0014274549954715887,65.03958885839245,23947.451671845087,365.2467161924578,293.85575418920405,0.01203616511106466,-0.005758880297096702,1,229.599609375,0.0031578666285465573,0.0027807125420460377,0.003223674210108829
24431.5,24447.25,24150.19921875,24273.80078125,411400,19.059999465942383,21.889999389648438,18.149999618530273,21.010000228881836,0,-0.005758880297096702,60.88394529428869,23978.532539407457,345.7542199884192,294.0839704078323,0.01211528318362874,-0.0109501096942064,0,297.05078125,0.10230854237031006,-0.007659067802747499,-0.002482039246784029
23935.75,24164.25,23935.75,24008.0,335600,21.010000228881836,22.75,21.0,21.6299991607666,0,-0.0109501096942064,53.87568632919593,23981.338964225793,305.3386210965,297.22445689655854,0.012380225628813668,0.038183073090219954,2,228.5,0.029509706098549637,-0.015242235940253313,-0.01391150462355728
24420.099609375,24944.80078125,24378.849609375,24924.69921875,368700,21.6299991607666,21.6299991607666,17.209999084472656,18.389999389648438,0,0.038183073090219954,67.68933803057094,24071.182797990004,343.32133888947646,342.9084800646615,0.013757778060033846,-0.01389583907654357,0,565.951171875,-0.14979195084736807,0.020901550722538076,0.018950409965291737
24864.05078125,24973.80078125,24547.5,24578.349609375,423000,18.389999389648438,18.899999618530273,17.889999389648438,18.200000762939453,0,-0.01389583907654357,60.336858813859614,24119.48439907429,341.5383559123002,348.8650730064714,0.014193999131390118,0.0036027960647213586,1,426.30078125,-0.010331627678896615,0.012546400576882277,0.008152307797687275
24613.80078125,24767.55078125,24535.55078125,24666.900390625,345500,18.200000762939453,19.239999771118164,17.079999923706055,17.229999542236328,0,0.0036027960647213586,61.48862659031368,24171.61925541245,343.3131369169387,340.5175677917235,0.013804635458824892,0.01602143814146184,2,232.0,-0.053296768134116324,0.02744503459784231,0.010342256863165034
24694.44921875,25116.25,24494.44921875,25062.099609375,500800,17.229999542236328,17.670000076293945,16.719999313354492,16.889999389648438,0,0.01602143814146184,66.20529019428213,24256.42690817079,372.31709803832564,360.6092258958861,0.014388627908931967,-0.0016877607536591732,1,621.80078125,-0.019733033175911574,0.005512619808131447,0.03247529446372943
25064.650390625,25070.0,24953.05078125,25019.80078125,432700,16.889999389648438,17.059999465942383,16.219999313354492,16.549999237060547,0,-0.0016877607536591732,65.28367959169401,24329.129181797383,387.4238038181793,343.20493967117994,0.013717333030420447,-0.0029717088137536374,1,116.94921875,-0.0201302643501734,0.017960976993614652,0.04214431777949024
25005.349609375,25062.94921875,24916.650390625,24945.44921875,255300,16.549999237060547,17.450000762939453,15.829999923706055,17.360000610351562,0,-0.0029717088137536374,63.60754138566896,24387.826328173825,388.91327710646146,329.1402174178814,0.013194399288287277,-0.010484831354666824,0,146.298828125,0.048942683421832056,0.011292413060169704,0.0008325075387225489
24996.19921875,25010.349609375,24669.69921875,24683.900390625,414800,17.360000610351562,17.65999984741211,15.970000267028809,17.389999389648438,0,-0.010484831354666824,57.969217718988425,24416.02385793108,364.7838892385189,329.9623726469613,0.0133675135381879,0.00524831270888626,1,340.650390625,0.0017280402213226687,-0.015090484222978984,0.004294461708272745
24744.25,24946.19921875,24685.349609375,24813.44921875,332700,17.389999389648438,18.0,17.040000915527344,17.549999237060547,0,0.00524831270888626,59.86684155547836,24453.87389229479,352.05639626661286,325.1292623239641,0.013102945078602126,-0.008211272774042211,0,260.849609375,0.009200681600216143,-0.008247530198347564,0.005941112413973881
24733.94921875,24737.5,24462.400390625,24609.69921875,403300,17.549999237060547,18.200000762939453,16.700000762939453,17.260000228881836,0,-0.008211272774042211,55.61403279013979,24468.714399576238,321.8191137813119,326.98065988118094,0.013286658116977558,0.009892488718005854,2,275.099609375,-0.016524160728526804,-0.013459368763246715,-0.018051176783918432
24639.5,24909.05078125,24614.05078125,24853.150390625,270500,17.260000228881836,17.520000457763672,15.489999771118164,17.280000686645508,0,0.009892488718005854,59.3314956965751,24505.327351104694,313.88208721127376,325.0071529253823,0.013077100802801245,0.005954979456279652,1,295.0,0.0011587750578476719,0.006856695956538594,-0.006660740110684182
24919.349609375,25079.19921875,24900.5,25001.150390625,302800,17.280000686645508,18.40999984741211,16.059999465942383,18.020000457763672,0,0.005954979456279652,61.4455216582424,24552.548592963773,315.89288306424714,317.93870115392644,0.012716962867162623,-0.0069977248703164685,0,178.69921875,0.04282405912692222,0.007564493360848967,0.0022329191744172583
24956.650390625,25062.900390625,24704.099609375,24826.19921875,525700,18.020000457763672,19.18000030517578,17.420000076293945,18.540000915527344,0,-0.0069977248703164685,57.631757740807444,24578.610557324366,299.912155186219,320.8574211607888,0.012924145912696177,-0.0029706520659956714,1,358.80078125,0.02885685041920394,0.008797344415938602,0.005764843718906176
24832.5,24864.25,24737.05078125,24752.44921875,684400,18.540000915527344,19.040000915527344,17.8799991607666,18.020000457763672,0,-0.0029706520659956714,56.05237481230549,24595.166620317283,278.0906486699678,307.024692417161,0.012403810617035407,0.003278479228775888,1,127.19921875,-0.028047488246247587,-0.0040518473631007135,-0.002458344241553778
24825.099609375,24892.599609375,24677.30078125,24833.599609375,345400,18.020000457763672,18.020000457763672,16.209999084472656,16.420000076293945,0,0.003278479228775888,57.43465167610902,24617.874524037066,264.29843798863294,300.47284496772096,0.01209944791307212,-0.00333823496911434,1,215.298828125,-0.08879025198805635,-0.006701722866033766,0.009098054739913763
24812.599609375,24863.94921875,24717.400390625,24750.69921875,853900,16.420000076293945,16.549999237060547,15.289999961853027,16.079999923706055,0,-0.00333823496911434,55.51372562122965,24630.52449496211,243.8674903338724,289.47827233609803,0.01169576139153283,-0.0013777230725331435,1,146.548828125,-0.02070646473861837,-0.0030411421150192686,-0.004122260971536451
24669.69921875,24754.400390625,24526.150390625,24716.599609375,311100,16.079999923706055,17.729999542236328,16.079999923706055,17.15999984741211,0,-0.0013777230725331435,54.703273281989446,24638.72212490619,222.3610241546885,285.104824312091,0.011534953384281503,-0.007043833380258491,0,228.25,0.06716417467849967,-0.0014483257417550188,-0.011381507522817857
24786.30078125,24845.099609375,24502.150390625,24542.5,349300,17.15999984741211,17.729999542236328,16.260000228881836,16.559999465942383,0,-0.007043833380258491,50.638459391460856,24629.55811301036,189.08891202250743,289.2365667719417,0.01178513056012801,0.003165904807986175,1,342.94921875,-0.034965057506117225,-0.011722006231634108,-0.011427412478658305
24560.44921875,24644.25,24530.44921875,24620.19921875,280900,16.559999465942383,17.059999465942383,15.630000114440918,15.75,0,0.003165904807986175,52.340539561619714,24628.66678974747,167.06438678193808,276.7054392346601,0.011238960204023435,0.005308696762106768,1,113.80078125,-0.04891301280584237,-0.005272578315732579,-0.00534290561839923
24691.19921875,24899.849609375,24613.099609375,24750.900390625,388400,15.75,15.930000305175781,14.979999542236328,15.079999923706055,0,0.005308696762106768,55.142572176226146,24640.30808506914,158.33114126688088,277.4229078607558,0.011208598615904753,0.01018752395450262,2,286.75,-0.042539687383742586,0.001387762952513416,-0.0033301341751028612
24748.69921875,25029.5,24671.44921875,25003.05078125,335600,15.079999923706055,15.609999656677246,14.369999885559082,14.630000114440918,0,0.01018752395450262,60.025416310830174,24674.855008514936,169.7990724799638,283.18204167427325,0.011325899553291068,0.004005448710087123,1,358.05078125,-0.029840836309138696,0.018765438779667853,0.01019573468489443
25160.099609375,25160.099609375,25077.150390625,25103.19921875,279200,14.630000114440918,15.520000457763672,14.630000114440918,14.6899995803833,0,0.004005448710087123,61.80380940045316,24715.64969520399,184.83793585226522,274.17252642075374,0.010921816141106417,4.18584595869298e-05,1,82.94921875,0.004101125459538446,0.019618037843989633,0.015641294331942168
25196.05078125,25199.30078125,25055.44921875,25104.25,307300,14.6899995803833,14.739999771118164,13.930000305175781,14.020000457763672,0,4.18584595869298e-05,61.82300043670265,24752.659248041702,194.597928897776,264.8638861406999,0.010550559612045764,0.0014798446727146697,1,143.8515625,-0.0456091995750858,0.014276232532891564,0.02288886625241937
25134.150390625,25222.400390625,25081.30078125,25141.400390625,301200,14.020000457763672,14.15999984741211,13.5600004196167,13.670000076293945,0,0.0014798446727146697,62.539616188347715,24789.682214002016,202.99057080497005,256.0235806574356,0.010183346061856781,-0.010071084662786611,0,141.099609375,-0.024964363055773764,0.005533309138369136,0.021169656965166483
25164.44921875,25196.19921875,24825.900390625,24888.19921875,328300,13.670000076293945,14.270000457763672,13.130000114440918,14.020000457763672,0,-0.010071084662786611,54.966576150501574,24799.064785882776,187.05433555926356,264.1860983336902,0.01061491416119253,-0.006814458847919758,0,370.298828125,0.02560353910141422,-0.008564645411387017,0.005547225594144667
24473.0,24754.349609375,24473.0,24718.599609375,318700,14.020000457763672,15.979999542236328,14.020000457763672,15.079999923706055,0,-0.006814458847919758,50.550988468872994,24791.40143573918,158.9076942563952,274.97274979199807,0.011124123297329085,0.00921979376770854,2,281.349609375,0.07560623618634765,-0.01536195626736514,-0.011376658567134212
24732.349609375,24967.099609375,24703.599609375,24946.5,305800,15.079999923706055,15.470000267028809,14.550000190734863,14.84000015258789,0,0.00921979376770854,55.70079235840452,24806.172727573543,153.2246566557842,274.15326766399824,0.010989648554466488,-0.0037319707924959866,1,263.5,-0.015915104266073565,-0.007752169234681028,-0.006242201138767944
24977.849609375,24982.05078125,24813.69921875,24853.400390625,242400,14.84000015258789,15.020000457763672,14.300000190734863,14.399999618530273,0,-0.0037319707924959866,53.260586349650474,24810.67060024511,139.59923491991867,266.5960030094269,0.010726741565310722,-0.0016637405234334324,1,168.3515625,-0.029649631370178064,-0.001398205945683073,-0.009992316415547209
24788.349609375,24947.55078125,24750.44921875,24812.05078125,237600,14.399999618530273,14.819999694824219,14.109999656677246,14.279999732971191,0,-0.0016637405234334324,52.16745338425633,24810.802046055098,124.03462814059094,261.6321144016107,0.010544558235360423,-0.0007577278241026608,1,197.1015625,-0.008333325606805109,0.003780601383241766,-0.013099891185767487
24803.25,24863.099609375,24733.400390625,24793.25,274600,14.279999732971191,14.369999885559082,13.739999771118164,14.260000228881836,0,-0.0007577278241026608,51.64839874352903,24809.130422621278,108.92685819221879,252.20833614078134,0.010172459687244768,0.01287247095983779,2,129.69921875,-0.0014005255226425817,-0.006143146333152938,-0.0038150296819573493
24787.650390625,25136.19921875,24783.650390625,25112.400390625,574700,14.260000228881836,14.260000228881836,13.319999694824219,13.670000076293945,0,0.01287247095983779,59.089720096095505,24838.01327671687,121.30824499828668,259.3755141396541,0.010328583094608693,-0.0055948454872697395,0,352.548828125,-0.041374484089622965,0.010421109221645963,0.015931354828881306
24939.75,25057.0,24824.849609375,24971.900390625,248500,13.670000076293945,14.520000457763672,13.65999984741211,14.050000190734863,0,-0.0055948454872697395,55.07151715692116,24850.764430422405,118.41835437627742,261.38803321896455,0.010467286395115342,0.0029012296868362597,1,232.150390625,0.027798106241411213,0.0064424182742603975,0.0010181945613612076
25179.900390625,25317.69921875,24999.69921875,25044.349609375,450200,14.050000190734863,14.34000015258789,13.3100004196167,13.640000343322754,0,0.0029012296868362597,56.706396604853545,24869.201114132175,120.58412299862539,267.4173757122528,0.01067775286175325,0.008001820520425307,2,318.0,-0.02918148340542226,0.010127740791344486,0.007683021870199536
25150.349609375,25266.80078125,25125.05078125,25244.75,260600,13.640000343322754,13.640000343322754,12.899999618530273,12.960000038146973,0,0.008001820520425307,60.94031301881643,24904.967674691015,136.89312817426617,264.2055040095919,0.010465760366396652,0.012052010814129765,2,141.75,-0.049853393552784175,0.005270289072979661,0.017439075172173357
25268.94921875,25565.30078125,25259.900390625,25549.0,428900,12.960000038146973,13.329999923706055,12.520000457763672,12.59000015258789,0,0.012052010814129765,66.32481180717156,24966.304086625205,172.38145840390644,268.23016666962104,0.010498656177134958,0.003475704773181043,1,305.400390625,-0.028549373801698308,0.023109959608506925,0.030482086858318214
25576.650390625,25654.19921875,25523.55078125,25637.80078125,564000,12.59000015258789,12.920000076293945,12.319999694824219,12.390000343322754,0,0.003475704773181043,67.72335472202498,25030.256152779948,205.30506767608676,258.4029003003624,0.01007898074039733,-0.004709842354665206,1,130.6484375,-0.015885608168481724,0.02369601052258319,0.02092195020995069
25661.650390625,25669.349609375,25473.30078125,25517.05078125,271000,12.390000343322754,13.029999732971191,12.390000343322754,12.789999961853027,0,-0.004709842354665206,63.84078704539407,25076.617545967572,219.12778072208675,253.94903800212222,0.009952131230962032,0.0009699396772837598,1,196.048828125,0.03228406839761244,0.010786432079937347,0.02183055282527313
25551.349609375,25593.400390625,25501.80078125,25541.80078125,260700,12.789999961853027,12.989999771118164,12.4399995803833,12.529999732971191,0,0.0009699396772837598,64.29265431689655,25120.920711232564,229.43471794362995,242.35265024304206,0.009488471557610413,-0.0034610085397696055,1,91.599609375,-0.02032839950408938,-0.000281780842694479,0.01986281055942407
25588.30078125,25608.099609375,25378.75,25453.400390625,309800,12.529999732971191,12.65999984741211,12.34000015258789,12.449999809265137,0,-0.0034610085397696055,61.343975306751545,25152.58544260327,227.84342998536886,241.42386160961047,0.009484935525491978,-0.00188971251922454,1,229.349609375,-0.006384670822900729,-0.007192519834223088,0.008265100293130212
25505.099609375,25587.5,25384.349609375,25405.30078125,293400,12.449999809265137,12.65999984741211,12.1899995803833,12.390000343322754,0,-0.00188971251922454,59.73854005172667,25176.653570093433,220.1631822048439,238.69004225356687,0.009395285035543781,0.0021924250859925998,1,203.150390625,-0.004819234286070562,-0.004379424603493498,-0.0056244557027672615
25428.849609375,25470.25,25331.650390625,25461.0,193500,12.390000343322754,12.699999809265137,12.239999771118164,12.319999694824219,0,0.0021924250859925998,61.01103147232249,25203.734182465487,216.0801544456881,231.54072561938352,0.009093936829636837,1.1813410706551508e-05,1,138.599609375,-0.005649769698050089,-0.003163472377770482,-0.006896097787736255
25450.44921875,25489.80078125,25407.25,25461.30078125,196100,12.319999694824219,12.789999961853027,11.9399995803833,12.5600004196167,0,1.1813410706551508e-05,61.01819642971422,25228.26433473068,210.4427431164877,220.89858673585613,0.008675856297904797,0.0024036171315751087,1,82.55078125,0.019480578793626746,0.00031038645146641564,-0.002184813616507908
25427.849609375,25548.05078125,25424.150390625,25522.5,210400,12.5600004196167,12.710000038146973,12.0600004196167,12.199999809265137,0,0.0024036171315751087,62.527125002087374,25256.286779042046,208.50974891991427,213.97014415650924,0.008383588761152286,-0.00181801902732881,1,123.900390625,-0.028662468019451603,0.004613179735958761,-0.0007556546781998241
25514.599609375,25548.69921875,25424.349609375,25476.099609375,239100,12.199999809265137,12.359999656677246,11.75,11.9399995803833,0,-0.00181801902732881,60.611449841612846,25277.22133431185,200.91765964003935,207.56867738640145,0.008147584621235264,-0.004743646446198069,0,124.349609375,-0.0213114945038263,0.0005930485595617707,0.000891795139417173
25511.650390625,25524.05078125,25340.44921875,25355.25,219600,11.9399995803833,12.1899995803833,11.609999656677246,11.670000076293945,0,-0.004743646446198069,55.815073965668624,25284.65263580596,183.03935692486266,205.85674060880135,0.008118900054576522,-0.008100901810276007,0,183.6015625,-0.02261302458778547,-0.004165175305108404,-0.001970092056022388
25255.5,25322.44921875,25129.0,25149.849609375,250000,11.670000076293945,12.119999885559082,11.539999961853027,11.819999694824219,0,-0.008100901810276007,48.753449983793914,25271.814252336342,150.56100475428684,207.31340199388697,0.008243126905880489,-0.002685854157148504,1,193.44921875,0.012853437664921419,-0.014600857699089032,-0.012220666534111024
25149.5,25151.099609375,25001.94921875,25082.30078125,259500,11.819999694824219,12.420000076293945,11.819999694824219,11.979999542236328,0,-0.002685854157148504,46.66259824454182,25253.765350328118,118.01069690976874,203.15890118182364,0.008099691609379506,0.004525103218794291,2,149.150390625,0.013536366458805515,-0.01545757922771207,-0.014885335327372573
25089.5,25245.19921875,25088.44921875,25195.80078125,241300,11.979999542236328,12.029999732971191,11.40999984741211,11.479999542236328,0,0.004525103218794291,50.503679758477276,25248.244915177824,100.21759877620207,200.2831537759791,0.007949068795821886,0.0006449487413033861,1,156.75,-0.04173622863984383,-0.0062886076354995435,-0.012800439563130595
25196.599609375,25255.30078125,25121.05078125,25212.05078125,228800,11.479999542236328,11.670000076293945,11.199999809265137,11.239999771118164,0,0.0006449487413033861,51.04723177421223,25244.797854803746,86.4313526741098,195.56649993483774,0.007756866017431592,-0.003990217351728331,0,134.25,-0.02090590424112604,0.002473222418467813,-0.010364570408094687
25230.75,25238.349609375,25101.0,25111.44921875,243400,11.239999771118164,11.539999961853027,10.729999542236328,11.239999771118164,0,-0.003990217351728331,47.564745456624564,25232.09798470339,66.61999415908576,191.40815060913502,0.007622345844787645,-0.0056965580472427835,0,137.349609375,0.0,0.0011621117916658097,-0.00961539646621512
25108.55078125,25144.599609375,24918.650390625,24968.400390625,317000,11.239999771118164,11.859999656677246,9.899999618530273,11.390000343322754,0,-0.0056965580472427835,43.065769274638804,25206.983928124493,38.92776978368056,193.87536976205394,0.0077648294135354064,0.004898144302865282,2,225.94921875,0.013345246909170383,-0.009025328966492885,-0.007214723808223522
24999.0,25111.400390625,24882.30078125,25090.69921875,305200,11.390000343322754,11.9399995803833,11.09000015258789,11.199999809265137,0,0.004898144302865282,47.62677395314518,25195.90919389835,26.54399316011768,196.39138687726435,0.007827258426122427,-0.0011876443882732346,1,229.099609375,-0.016681345770898304,-0.004813236477781868,0.00033483521201849165
25166.650390625,25182.0,25035.55078125,25060.900390625,483700,11.199999809265137,11.229999542236328,10.6899995803833,10.75,0,-0.0011876443882732346,46.64623416328024,25183.051212634226,14.16199392472845,192.8240891538883,0.007694220325221101,0.006344544590244583,2,146.44921875,-0.040178555082909684,-0.00201297932607003,-0.0053540822852270464
25139.349609375,25233.5,25085.5,25219.900390625,271500,10.75,10.75,10.220000267028809,10.520000457763672,0,0.006344544590244583,52.29043124822785,25186.560658157156,16.983367812390497,191.37948345539627,0.007588431377252299,-0.006256994627491075,0,148.0,-0.021395306254542112,0.010072731775577992,0.0003113435492854144
25243.30078125,25246.25,25018.69921875,25062.099609375,338700,10.520000457763672,11.109999656677246,9.869999885559082,10.720000267028809,0,-0.006256994627491075,46.97871427220423,25174.707224939808,6.41220676640296,193.96314758358224,0.007739301599097718,-0.008981674037030651,0,227.55078125,0.01901138788616108,-0.0011398490383093263,-0.0019652234701831306
25010.349609375,25010.349609375,24806.349609375,24837.0,278100,10.720000267028809,11.579999923706055,10.609999656677246,11.279999732971191,0,-0.008981674037030651,40.637278552926304,25142.5446320884,-19.89977949346212,198.37649418475493,0.007987135893415265,-0.006284962329387578,0,204.0,0.05223875485010554,-0.008934251648386793,-0.00526266755455973
24782.44921875,24889.19921875,24646.599609375,24680.900390625,262100,11.279999732971191,12.229999542236328,10.329999923706055,12.0600004196167,0,-0.006284962329387578,36.91583899839533,25098.57851385379,-52.740195920781844,201.53528812691528,0.008165637595760814,0.005680474234370125,2,242.599609375,0.06914899867998958,-0.021372011453318907,-0.01633269860485842
24609.650390625,24847.150390625,24598.599609375,24821.099609375,284700,12.0600004196167,12.300000190734863,11.399999618530273,11.529999732971191,0,0.005680474234370125,42.04890078827294,25072.151951522475,-66.6848557749945,204.89353763570702,0.008254813076787224,0.001367835124523431,1,248.55078125,-0.04394698741331826,-0.009616113723761921,-0.009568721694441118
24890.400390625,24902.30078125,24771.94921875,24855.05078125,243900,11.529999732971191,11.779999732971191,10.609999656677246,11.210000038146973,0,0.001367835124523431,43.253083227977086,25051.475649591765,-74.14186211205742,199.56911084029937,0.008029318169442207,-0.0034882717656889994,1,130.3515625,-0.027753660211209508,0.0007267697890245284,-0.014466734750095411
24642.25,24956.5,24635.0,24768.349609375,346300,11.210000038146973,12.119999885559082,11.210000038146973,11.539999961853027,0,-0.0034882717656889994,40.91495883923002,25024.511264809214,-86.05565728796864,208.27846006599228,0.008409056854848228,-0.008195943742782208,0,321.5,0.029437994878062756,0.0035431940231491765,-0.011720885503547995
24734.900390625,24784.150390625,24535.05078125,24565.349609375,263400,11.539999961853027,12.109999656677246,11.399999618530273,11.979999542236328,0,-0.008195943742782208,36.00707636310474,24980.781583339292,-110.60286824017021,211.19425644520712,0.0085972420422874,0.006407415043054421,2,249.099609375,0.03812821333082983,-0.01030373367920423,-0.010937326997020547
24596.05078125,24736.25,24554.0,24722.75,259300,11.979999542236328,12.630000114440918,11.800000190734863,11.970000267028809,0,0.006407415043054421,41.83322393338028,24956.207146830788,-116.01842550910442,209.12680955626374,0.008458881376718356,-0.0029608040671041946,1,182.25,-0.0008346640725874765,-0.005322893218540736,0.0016956273358201823
24720.25,24733.099609375,24590.30078125,24649.55078125,251800,11.970000267028809,12.180000305175781,11.640000343322754,11.710000038146973,0,-0.0029608040671041946,40.00894215359437,24927.001778680235,-124.7784901014711,204.38909659688775,0.008291798029534841,-0.003056914228121266,1,142.798828125,-0.021720987726124186,-0.0047963966109406675,-0.006911411292197744
24641.349609375,24671.400390625,24539.19921875,24574.19921875,225100,11.710000038146973,12.050000190734863,10.65999984741211,11.960000038146973,0,-0.003056914228121266,38.163950487437816,24893.401534877354,-136.230762330797,199.23281625961005,0.008107398108321525,0.0008932609229541644,1,132.201171875,0.02134927405513154,0.00036024764620590233,-0.011299577094884383
24464.19921875,24634.19921875,24344.150390625,24596.150390625,616700,11.960000038146973,12.3100004196167,11.5600004196167,11.6899995803833,0,0.0008932609229541644,39.04579325050217,24865.091902091415,-141.89976233433845,205.71967424999505,0.00836389723525217,-0.009466912735407229,0,290.048828125,-0.02257528903867001,-0.005120773755953545,-0.006952389701606165
24544.25,24585.5,24337.5,24363.30078125,312600,11.6899995803833,12.199999809265137,10.899999618530273,12.029999732971191,0,-0.009466912735407229,33.57589222700959,24817.30227153509,-163.29909285894246,209.50043970535256,0.00859901708665782,0.009101804471857822,2,248.0,0.029084701864184437,-0.011612787695009064,-0.0082249522737462
24371.5,24600.849609375,24347.44921875,24585.05078125,241100,12.029999732971191,12.729999542236328,12.029999732971191,12.220000267028809,0,0.009101804471857822,41.92041526992591,24795.183081984127,-160.51453309492717,212.63615048532736,0.008649001882375454,-0.003971941790719136,1,253.400390625,0.01579389345594695,0.00044158356507995045,-0.005569737134825226
24563.349609375,24702.599609375,24465.650390625,24487.400390625,237000,12.220000267028809,12.420000076293945,11.600000381469727,12.229999542236328,0,-0.003971941790719136,39.56338955442468,24765.87044471183,-164.29344725451665,214.37279821851826,0.00875441226095159,0.005388453516712133,2,236.94921875,0.0008182712756970023,-0.004421423607876895,-0.006578229034029381
24586.19921875,24664.55078125,24535.25,24619.349609375,236000,12.229999542236328,12.350000381469727,10.779999732971191,12.140000343322754,0,0.005388453516712133,44.134288310977155,24751.916079441653,-154.85598138519345,211.71405481898123,0.008599498288060418,0.00048543816407109475,1,129.30078125,-0.007358888166983268,0.010509611584406331,0.0018373087246135178
24607.25,24673.650390625,24596.900390625,24631.30078125,270200,12.140000343322754,12.470000267028809,11.470000267028809,12.359999656677246,0,0.00048543816407109475,44.543401128490224,24740.428908185306,-144.74384505441049,202.073765189054,0.008203942089119301,0.009973019276634965,2,76.75,0.01812185396481447,0.0018812245055548349,0.0014291013051537238
24938.19921875,25022.0,24852.849609375,24876.94921875,363100,12.359999656677246,13.470000267028809,11.75,12.34000015258789,0,0.009973019276634965,52.279023635588054,24753.430842524802,-115.57584186016174,215.5470118719787,0.008664527550247955,0.004168564680625764,1,169.150390625,-0.0016180829000712604,0.015908133240396527,0.021082875514770283
24891.349609375,25012.650390625,24873.94921875,24980.650390625,252300,12.34000015258789,12.34000015258789,11.760000228881836,11.789999961853027,0,0.004168564680625764,55.12481237291385,24775.070799486726,-83.1338559389078,210.0580233007659,0.00840882923447016,0.0027981813736617234,1,138.701171875,-0.044570517336624205,0.01467548034300692,0.016091063341496348
24965.80078125,25088.69921875,24929.69921875,25050.55078125,287100,11.789999961853027,11.989999771118164,10.1899995803833,11.789999961853027,0,0.0027981813736617234,56.98679556237073,24801.306988226086,-51.19285169503564,206.4110216364255,0.008239779773262365,0.0013252889742787488,1,159.0,0.0,0.017021025552947933,0.02299755717804164
25142.0,25153.650390625,25054.900390625,25083.75,226500,11.789999961853027,11.890000343322754,10.09000015258789,11.369999885559082,0,0.0013252889742787488,57.880684832278476,24828.206322680744,-22.93608332225631,199.03163504632366,0.007934684209750282,-0.008517482060098724,0,98.75,-0.03562341625554455,0.00831294783904335,0.018863227420441664
25064.150390625,25084.849609375,24859.150390625,24870.099609375,210200,11.369999885559082,11.789999961853027,10.699999809265137,11.729999542236328,0,-0.008517482060098724,50.59383181850506,24832.19615950877,-17.57954572025119,200.9364624537291,0.008079439391468475,0.003926417350905487,1,225.69921875,0.03166223925248035,-0.004425456484171031,0.00969493370430441
24949.150390625,25021.55078125,24894.349609375,24967.75,213000,11.729999542236328,12.350000381469727,11.550000190734863,11.760000228881836,0,0.003926417350905487,53.47674408782064,24845.10604907936,-5.392716771726555,197.40179884096273,0.007906271043284346,-0.010241179872034878,0,127.201171875,0.0025576033943977006,-0.003305347733590591,0.003649996647561604
24899.5,24919.650390625,24689.599609375,24712.05078125,750500,11.760000228881836,12.550000190734863,10.930000305175781,12.1899995803833,0,-0.010241179872034878,45.920634710966105,24832.434118809895,-16.18083442718853,203.16955539696536,0.008221476930239965,-0.008544430103923584,0,230.05078125,0.036564569994260054,-0.01481832735336619,-0.010752306492220143
24695.80078125,24702.650390625,24481.599609375,24500.900390625,326600,12.1899995803833,13.149999618530273,11.579999923706055,12.180000305175781,0,-0.008544430103923584,40.79458336764001,24800.85947803038,-41.29257219085048,205.11824228825353,0.008371865483226885,-0.0030223697933294824,1,221.05078125,-0.0008202851149897716,-0.014845104143082155,-0.021941648925196677
24466.69921875,24572.44921875,24404.69921875,24426.849609375,325500,12.180000305175781,12.199999809265137,11.59000015258789,11.75,0,-0.0030223697933294824,39.14427259102366,24765.239490539392,-66.40362481547345,202.44908212480684,0.008287973494834433,0.008114070174605414,2,167.75,-0.035303800854016076,-0.021663962136155623,-0.026188284870683254
24432.69921875,24635.599609375,24432.69921875,24625.05078125,229300,11.75,12.199999809265137,11.239999771118164,11.289999961853027,0,0.008114070174605414,45.49941981215039,24751.88818489278,-69.5098702855903,202.89914768732064,0.008239542305505094,-0.0018457290617897026,1,202.900390625,-0.03914893941676367,-0.003520549580045773,-0.009853150247642217
24653.0,24756.099609375,24522.349609375,24579.599609375,271600,11.289999961853027,11.779999732971191,10.779999732971191,11.399999618530273,0,-0.0018457290617897026,44.35550101219599,24735.479749129183,-74.77713762359417,205.10277999536916,0.008344431286713886,0.0055107151470170646,2,233.75,0.009743105141622355,0.0032120949636655904,-0.015546070055371453
24616.5,24737.05078125,24533.19921875,24715.05078125,340300,11.399999618530273,11.579999923706055,10.850000381469727,10.930000305175781,0,0.0055107151470170646,48.510141083683166,24733.53413314069,-67.24653122745804,205.0134073171285,0.008295083393988465,0.0007788776228048189,1,203.8515625,-0.041228011322958835,0.011798540396481982,0.00012139826138080068
24980.75,24980.75,24708.19921875,24734.30078125,314100,10.930000305175781,11.239999771118164,10.489999771118164,10.850000381469727,0,0.0007788776228048189,49.091883656799304,24733.607147246337,-59.0445287093753,209.83750545519075,0.008483664337673918,0.00027084730671167456,1,272.55078125,-0.007319297481462206,0.0044365390743958955,0.009526196462326997
24818.849609375,24832.349609375,24621.599609375,24741.0,210100,10.850000381469727,11.4399995803833,9.949999809265137,10.779999732971191,0,0.00027084730671167456,49.30653776647134,24734.31122846097,-51.41117562587169,209.90268363696285,0.00848400160207602,0.0012994782193525012,1,210.75,-0.00645167244584488,0.00656643693103276,0.012860863993874538
24802.599609375,24885.5,24751.55078125,24773.150390625,213200,10.779999732971191,11.079999923706055,10.420000076293945,10.84000015258789,0,0.0012994782193525012,50.38769379302275,24738.010196286115,-42.280042469268665,205.23106337717977,0.008284415189068814,0.003852930178235292,1,133.94921875,0.0055659017720737225,0.0023507784745915306,0.006014184932676914
24864.099609375,24891.80078125,24814.0,24868.599609375,226900,10.84000015258789,11.449999809265137,9.850000381469727,10.6899995803833,0,0.003852930178235292,53.554700583153156,24750.447283246962,-27.030014227264473,199.04672960916693,0.008003938007596134,0.0042020862308871365,2,77.80078125,-0.013837690968000582,0.005429659375162377,0.011757717969082426
24991.0,25035.69921875,24915.05078125,24973.099609375,244100,10.6899995803833,10.84000015258789,10.25,10.539999961853027,0,0.0042020862308871365,56.80568415145952,24771.652266687728,-6.43776971598345,196.76479244958358,0.007879069700091106,0.0012974116602184615,1,120.6484375,-0.014031770291696777,0.009381173330706094,0.010440958847665716
24945.5,25037.30078125,24940.150390625,25005.5,224600,10.539999961853027,10.779999732971191,10.180000305175781,10.359999656677246,0,0.0012974116602184615,57.79215626452736,24793.923479384135,12.353766628650192,189.6494780335419,0.007584310573015613,0.004339045410009845,2,97.150390625,-0.017077827877348017,0.00937909009194593,0.010964499103834902
25074.44921875,25139.44921875,25038.05078125,25114.0,225700,10.359999656677246,10.359999656677246,9.850000381469727,10.119999885559082,0,0.004339045410009845,61.003918297612195,24824.406957538027,35.590967278963944,185.6708880847175,0.007393122883042028,-0.0017838966811339896,1,101.3984375,-0.02316600184088602,0.009867881363632813,0.015076189321369338
25118.900390625,25138.44921875,25048.75,25069.19921875,185400,10.119999885559082,10.680000305175781,9.899999618530273,10.399999618530273,0,-0.0017838966811339896,59.00729367298373,24847.720506224883,49.817304699816304,178.81576884652335,0.007132887145145894,0.006777256391098607,2,89.69921875,0.02766795811635747,0.003848125017645865,0.01195039078425153
25073.599609375,25261.400390625,25070.44921875,25239.099609375,240100,10.399999618530273,10.5,9.760000228881836,10.270000457763672,0,0.006777256391098607,63.84068894415485,24884.994706524893,73.94888449877908,179.7718690628431,0.007122752865402033,0.003611475529465391,2,190.951171875,-0.012499919762975265,0.009341929150586958,0.014898305727690797
25276.599609375,25346.5,25275.349609375,25330.25,268900,10.270000457763672,10.359999656677246,9.619999885559082,10.25,0,0.003611475529465391,66.14686995233629,24927.399972570143,99.28392679000535,174.60247774585432,0.0068930420246880435,0.0036853015416349333,2,71.150390625,-0.0019474641550334404,0.008610735048180329,0.014301404159334785
25441.05078125,25448.94921875,25329.75,25423.599609375,272200,10.25,10.25,9.489999771118164,9.890000343322754,0,0.0036853015416349333,68.37165647692777,24974.65708083727,125.44857062312803,170.64510210329328,0.00671207479370339,-0.0037976065391384095,0,119.19921875,-0.035121917724609375,0.014136885168630986,0.01672030590770035
25410.19921875,25428.75,25286.30078125,25327.05078125,380400,9.890000343322754,10.260000228881836,9.399999618530273,9.970000267028809,0,-0.0037976065391384095,63.70823894296228,25008.218385638484,136.8164212901247,168.63111043520092,0.006658142390587422,-0.004923635718664832,0,142.44921875,0.008088970771377824,0.003484719076203957,0.008483347186827972
25238.099609375,25331.69921875,25151.05078125,25202.349609375,254500,9.970000267028809,10.729999542236328,9.970000267028809,10.5600004196167,0,-0.004923635718664832,58.187861099593675,25026.70707361339,134.21602367121886,169.48949093982944,0.00672514640765007,-0.0013034343973540308,1,180.6484375,0.05917754631753058,-0.005049314184621179,0.0053113140736227304
25209.0,25261.900390625,25084.650390625,25169.5,299200,10.5600004196167,10.899999618530273,9.960000038146973,10.630000114440918,0,-0.0013034343973540308,56.79180385931716,25040.306399935922,128.0286661145692,170.0438130155559,0.006755947198615622,-0.00447365300760838,0,177.25,0.006628758716162864,-0.009994635428466236,-0.0027576106300221115
25108.75,25149.849609375,25027.44921875,25056.900390625,244400,10.630000114440918,10.890000343322754,10.109999656677246,10.520000457763672,0,-0.00447365300760838,52.17125591370195,25041.886780001547,112.73970014580482,168.04431074658763,0.006706508312155846,-0.006626948212322681,0,122.400390625,-0.010348039086830352,-0.010666476446795636,-0.010791429590114587
25034.5,25092.69921875,24878.30078125,24890.849609375,342500,10.520000457763672,10.899999618530273,10.289999961853027,10.779999732971191,0,-0.006626948212322681,46.20154818108213,25027.502287560925,86.23016647915574,171.3553198004028,0.006884269620747007,-0.009487437927231501,0,214.3984375,0.024714758925285185,-0.012359958687507722,-0.02095493982699237
24818.55078125,24868.599609375,24629.44921875,24654.69921875,291500,10.779999732971191,11.680000305175781,10.170000076293945,11.430000305175781,0,-0.009487437927231501,39.31215382914992,24991.997233388454,45.639701061078085,177.7871105735883,0.007211084142465647,-0.0008030448049409777,1,239.150390625,0.060296900584934976,-0.020453357486243218,-0.02654677673713801
24728.55078125,24791.30078125,24606.19921875,24634.900390625,394400,11.430000305175781,11.729999542236328,10.619999885559082,11.369999885559082,0,-0.0008030448049409777,38.78990350785938,24957.988010268124,11.738550116020633,178.30957142547484,0.007238087777831321,-0.0009661407544825362,1,185.1015625,-0.005249380403737125,-0.016841668100252782,-0.022515726809016035
24691.94921875,24731.80078125,24587.69921875,24611.099609375,303000,11.369999885559082,11.789999961853027,10.930000305175781,11.069999694824219,0,-0.0009661407544825362,38.13405835260834,24924.951019706874,-16.854591152798093,175.86614221651234,0.0071458059577931415,0.009150390492475902,2,144.1015625,-0.026385241315251884,-0.011239069955034098,-0.022185597275472313
24620.55078125,24867.94921875,24605.94921875,24836.30078125,308900,11.069999694824219,11.260000228881836,10.149999618530273,10.289999961853027,0,0.009150390492475902,47.22618046246046,24916.50813985384,-21.099783949986886,182.0185606296186,0.007328730724948875,0.0023332467769816567,1,262.0,-0.07046068242765002,0.007365799148013608,-0.008803946455306022
24759.55078125,24904.80078125,24747.55078125,24894.25,365900,10.289999961853027,10.619999885559082,9.949999809265137,10.0600004196167,0,0.0023332467769816567,49.29135727901276,24914.388317010613,-19.562606623567262,180.249377727503,0.007240602859194513,0.007367178791287232,2,157.25,-0.022351753458598633,0.010527731196903867,0.00013661207545601073
24916.55078125,25095.94921875,24881.650390625,25077.650390625,268800,10.0600004196167,10.539999961853027,9.65999984741211,10.1899995803833,0,0.007367178791287232,55.258744677994244,24929.937085926267,-3.505099134228658,182.68148132732424,0.007284633068958393,0.0012222193924698033,1,214.298828125,0.0129223812469339,0.018956925478952558,0.01715499216284666
25085.30078125,25220.900390625,25076.30078125,25108.30078125,288000,10.1899995803833,10.449999809265137,10.0,10.050000190734863,0,0.0012222193924698033,56.18670331815553,24946.924104528527,11.560558682311239,179.96134761644393,0.007167404484449731,-0.0024752925801897474,1,144.599609375,-0.013738900433121648,0.010951711464428193,0.01921665535961159
25079.75,25192.5,25008.5,25046.150390625,227400,10.050000190734863,10.520000457763672,9.6899995803833,10.3100004196167,0,-0.0024752925801897474,53.752206113034696,24956.374227013905,18.274526566412533,180.24982278669793,0.007196707676648267,0.005416017571936882,2,184.0,0.025870669049492312,0.006101826350462414,0.017677015174254018
25074.30078125,25199.25,25024.30078125,25181.80078125,286300,10.3100004196167,10.569999694824219,10.0,10.119999885559082,0,0.005416017571936882,58.026932377959255,24977.84342265544,34.14761488368822,179.87120821264807,0.007142904900851155,0.0041120501676790155,2,174.94921875,-0.018428761040213515,0.004153115981867961,0.013911089378529029
25167.650390625,25330.75,25156.849609375,25285.349609375,232900,10.119999885559082,10.34000015258789,9.710000038146973,10.100000381469727,0,0.0041120501676790155,60.991017897531805,25007.12972615254,54.454953958371334,179.4447212421018,0.007096786242400596,-0.0022938183927065925,1,173.900390625,-0.0019762356043001583,0.007051406212929212,0.015710439534229792
25177.30078125,25267.30078125,25152.30078125,25227.349609375,234300,10.100000381469727,11.260000228881836,9.779999732971191,11.010000228881836,0,-0.0022938183927065925,58.499083695297756,25028.103048364203,65.11791244756023,176.13072887659453,0.006981737344740359,-0.003244479132464395,1,115.0,0.09009899139030408,0.007234613540363588,0.005969427614556988
25277.55078125,25310.349609375,25060.55078125,25145.5,292100,11.010000228881836,11.670000076293945,10.010000228881836,11.15999984741211,0,-0.003244479132464395,55.0790496560559,25039.283710424756,66.20068416333379,181.39273596576635,0.0072137255558953435,0.007080820872521931,2,249.798828125,0.013623943270844707,-0.0014415482659615453,0.0014815506263881062
25181.94921875,25365.150390625,25159.349609375,25323.55078125,289900,11.15999984741211,11.15999984741211,10.430000305175781,10.529999732971191,0,0.007080820872521931,60.49029371569769,25066.356764789063,80.49806695588268,184.12542558428302,0.007270916593600796,0.010336228211479837,2,205.80078125,-0.05645162392963732,0.0015108025977554895,0.011075569949816844
25394.900390625,25625.400390625,25376.849609375,25585.30078125,372800,10.529999732971191,11.0600004196167,10.380000114440918,10.869999885559082,0,0.010336228211479837,66.81839064414721,25115.780004452008,111.66270513288691,192.5342958550485,0.007525191808420944,0.004867983737610659,2,248.55078125,0.03228871426494839,0.014189012219578467,0.016023476776150236
25546.849609375,25781.5,25508.599609375,25709.849609375,422100,10.869999885559082,11.8100004196167,9.779999732971191,11.630000114440918,0,0.004867983737610659,69.33518273897067,25172.358062063722,144.74245403785244,198.27473119575933,0.00771201443058847,0.005184813729964155,2,272.900390625,0.0699172251042528,0.022443363996540233,0.01678837771903341
25824.599609375,25926.19921875,25788.5,25843.150390625,301100,11.630000114440918,11.880000114440918,10.670000076293945,11.359999656677246,0,0.005184813729964155,71.80048026283164,25236.243045736228,179.6438301282069,199.56579392284794,0.007722192956600349,0.0009847568259027106,1,137.69921875,-0.023215860284335976,0.02051843415891419,0.024410046667017182
25901.19921875,25934.349609375,25825.80078125,25868.599609375,42500,11.359999656677246,11.600000381469727,10.699999809265137,11.300000190734863,0,0.0009847568259027106,72.25902023208425,25296.46748036849,206.97112707787528,193.0645820801445,0.007463279226378233,0.0008814076368377499,1,108.548828125,-0.005281643288353122,0.011072718298180462,0.028756620841701386
26057.19921875,26104.19921875,25862.44921875,25891.400390625,448400,11.300000190734863,12.050000190734863,10.739999771118164,11.729999542236328,0,0.0008814076368377499,72.68752581634658,25353.127757535778,227.84162288370862,196.54211193156274,0.007591018985698763,-0.0037174505259611745,1,241.75,0.0380530393135774,0.007061526380294225,0.022423775175930194
25935.099609375,25944.150390625,25718.19921875,25795.150390625,284900,11.729999542236328,11.9399995803833,11.4399995803833,11.59000015258789,0,-0.0037174505259611745,67.91820452319405,25395.225151163322,233.91860252778497,198.6427590703797,0.007700779257428733,0.006625291500029773,2,225.951171875,-0.011935157298543775,-0.0018573586917410845,0.008201959835030914
25843.19921875,26005.94921875,25827.0,25966.05078125,266300,11.59000015258789,12.729999542236328,11.279999732971191,11.859999656677246,0,0.006625291500029773,71.49463876009669,25449.589496885863,249.64710944946273,199.5110497171383,0.007683534604392154,-0.001149638146805021,1,178.94921875,0.02329590168547746,0.003767160702417005,0.009965098037040931
25939.94921875,26041.69921875,25810.05078125,25936.19921875,395200,11.859999656677246,12.640000343322754,10.710000038146973,11.949999809265137,0,-0.001149638146805021,70.02618345992522,25495.93327992054,256.74371120349315,201.80657741591412,0.007780884767033349,0.0045381040946781415,2,231.6484375,0.007588545969073435,0.001730258983643873,0.003600521868214468
25982.0,26097.849609375,25960.30078125,26053.900390625,321900,11.949999809265137,12.100000381469727,11.229999542236328,11.970000267028809,0,0.0045381040946781415,72.43061662562533,25549.073004749538,268.76713983609443,198.93827835942025,0.007635642854879587,-0.0067571756478100875,0,137.548828125,0.0016736785006612465,0.01003095527964204,0.007163154714523001
25984.400390625,26032.05078125,25845.25,25877.849609375,257400,11.970000267028809,12.270000457763672,11.710000038146973,12.069999694824219,0,-0.0067571756478100875,64.14245694727845,25580.385062332916,261.0803946498345,199.6320006641045,0.007714396817260351,-0.006018660837397216,0,186.80078125,0.008354170890944479,-0.0033967880837192377,-0.0005233699624415111
25863.80078125,25953.75,25711.19921875,25722.099609375,334400,12.069999694824219,12.289999961853027,11.770000457763672,12.149999618530273,0,-0.006018660837397216,57.83700127790063,25593.88168586073,239.65823936544257,202.69762784881135,0.007880290914312983,0.0016036793506921665,1,242.55078125,0.006627997160626231,-0.008254856757123563,-0.0028319579511562054
25696.849609375,25803.099609375,25645.5,25763.349609375,23300,12.149999618530273,12.9399995803833,11.789999961853027,12.670000076293945,0,0.0016036793506921665,58.986937273354,25610.021488100185,223.4339497339024,199.47634081496767,0.007742639984296934,-0.006431586779760301,0,157.599609375,0.04279839292921506,-0.011151911110957813,-0.00780639203021849
25744.75,25787.400390625,25578.400390625,25597.650390625,305100,12.670000076293945,12.9399995803833,10.979999542236328,12.649999618530273,0,-0.006431586779760301,52.76187642426334,25608.843288340642,194.95818456977577,200.1566021853271,0.007819334944063202,-0.0034359080045569534,1,209.0,-0.0015785680854961681,-0.010827762854317302,-0.01305313956257148
25593.349609375,25679.150390625,25491.55078125,25509.69921875,371900,12.649999618530273,12.869999885559082,12.0600004196167,12.40999984741211,0,-0.0034359080045569534,49.76012275759607,25599.400995998676,163.4103185557724,199.25967412744657,0.007811133813016024,-0.0006820322478444663,1,187.599609375,-0.01897231449450809,-0.00825750595210295,-0.020887512568782962
25433.80078125,25551.25,25318.44921875,25492.30078125,305600,12.40999984741211,12.670000076293945,11.960000038146973,12.5600004196167,0,-0.0006820322478444663,49.1642445700275,25589.200975546424,135.44319411681863,201.65546749334322,0.007910445950867805,0.0032185728871263475,1,232.80078125,0.01208707284842303,-0.010520713813795712,-0.014898796999937902
25503.5,25653.44921875,25503.5,25574.349609375,243600,12.5600004196167,12.930000305175781,11.40999984741211,12.300000190734863,0,0.0032185728871263475,52.07866227451208,25587.786559720575,118.53332286417208,198.76210820810442,0.007771932082106306,0.0047156471705849246,2,149.94921875,-0.020700654474163693,-0.0009102703136587564,-0.005744087856115354
25617.0,25715.80078125,25449.25,25694.94921875,297700,12.300000190734863,13.010000228881836,11.989999771118164,12.489999771118164,0,0.0047156471705849246,56.065650198902865,25597.992527247185,113.55452279740348,203.60415628252554,0.00792389798279704,0.0070384090258497345,2,266.55078125,0.015447120116828916,0.00726194371840494,-0.0026549494402742235
25834.30078125,25934.55078125,25781.150390625,25875.80078125,312600,12.489999771118164,12.710000038146973,11.4399995803833,12.109999656677246,0,0.0070384090258497345,61.2695568882634,25624.450456199836,122.78659014911318,206.17539958377372,0.00796788479424264,0.00012944949620363744,1,153.400390625,-0.03042434919171333,0.015043757850294659,0.010866246955496761
25906.099609375,26010.69921875,25808.400390625,25879.150390625,385200,12.109999656677246,12.270000457763672,11.229999542236328,12.15999984741211,0,0.00012944949620363744,61.36084400915193,25648.707592811756,128.88761927624364,205.89850162243275,0.007956153834826884,0.001194026471448284,1,202.298828125,0.004128835024969968,0.011918222199412964,0.014482772560620694
25767.900390625,25940.19921875,25740.80078125,25910.05078125,518900,12.15999984741211,12.449999809265137,11.800000190734863,11.9399995803833,0,0.001194026471448284,62.24491469359546,25673.597420282065,134.6638114994821,205.4342113279733,0.007928745993683551,0.0039906690408659795,2,199.3984375,-0.018092127449790163,0.008371355812722747,0.016387300761305124
25948.19921875,26024.19921875,25906.349609375,26013.44921875,281800,11.9399995803833,12.279999732971191,10.899999618530273,11.789999961853027,0,0.0039906690408659795,65.12073271665675,25705.964258231394,145.90299630116715,199.17816833133233,0.007656738122515813,-0.003974806902018679,0,117.849609375,-0.012562782562967056,0.005319581746035862,0.0171695318192584
26021.80078125,26029.849609375,25876.5,25910.05078125,280000,11.789999961853027,12.289999961853027,10.9399995803833,12.100000381469727,0,-0.003974806902018679,60.18387326988755,25725.401069947453,144.7976048061828,195.90469983445146,0.00756095391276575,0.005503640675154298,2,153.349609375,0.026293504717533223,0.001194026471448284,0.008371355812722747
25918.099609375,26074.650390625,25856.19921875,26052.650390625,250100,12.100000381469727,12.380000114440918,10.770000457763672,11.970000267028809,0,0.005503640675154298,64.21329097097455,25756.567671916742,153.6569095986415,197.51516212306208,0.007581384587041384,0.005354541588221684,2,218.451171875,-0.010743810772105733,0.005503640675154298,0.006834555995776093
26132.099609375,26246.650390625,26063.19921875,26192.150390625,240400,11.970000267028809,12.380000114440918,11.0600004196167,12.140000343322754,0,0.005354541588221684,67.66114215317305,25798.051740365147,169.9750895973084,197.26407911427194,0.007531419764025141,-0.0047342428227803435,0,183.451171875,0.0142021781538475,0.006869568520970981,0.012094678352090993
26109.55078125,26179.19921875,26052.19921875,26068.150390625,235600,12.140000343322754,13.850000381469727,12.140000343322754,13.630000114440918,0,-0.0047342428227803435,61.947865458386325,25823.775421342274,170.93121250683544,193.1703000257525,0.007410203529254733,-0.004167936312968079,0,127.0,0.12273473879576069,0.0061018641263879125,0.0061018641263879125
26122.80078125,26142.80078125,25912.150390625,25959.5,464700,13.630000114440918,13.630000114440918,11.9399995803833,13.239999771118164,0,-0.004167936312968079,57.37622376550912,25836.701571690628,161.06510997860823,195.84744935427017,0.007544345975626271,-0.002877529180069005,1,230.650390625,-0.02861337784653062,-0.003575466957424056,-0.002073897171279926
25998.5,26032.599609375,25857.5,25884.80078125,260500,13.239999771118164,13.239999771118164,10.859999656677246,12.239999771118164,0,-0.002877529180069005,54.40358064243734,25841.28244879152,145.54084570459963,194.3654607843223,0.0075088644655559224,0.012381783530362567,2,175.099609375,-0.07552870221202024,-0.011734416792483326,-0.0009745252995904119
25842.94921875,26215.150390625,25842.94921875,26205.30078125,275300,12.239999771118164,12.569999694824219,11.59000015258789,11.970000267028809,0,0.012381783530362567,63.210620020410836,25875.950861406614,157.28632702035247,207.06801157651356,0.007901760537115131,0.0003911422381892571,1,372.201171875,-0.02205878342632439,0.0052612244662484375,0.005859303692185236
26261.25,26310.44921875,26141.900390625,26215.55078125,240300,11.970000267028809,12.239999771118164,11.510000228881836,11.789999961853027,0,0.0003911422381892571,63.4537411137493,25908.293710915506,165.51385423901593,204.31664132997687,0.007793719194948561,-0.0004806903583736144,1,168.548828125,-0.015037619144553371,0.009863471224407228,0.0008934123497310598
26237.44921875,26280.75,26172.400390625,26202.94921875,202500,11.789999961853027,11.789999961853027,10.819999694824219,11.619999885559082,0,-0.0004806903583736144,62.90336539137609,25936.356140233078,169.0684719546225,197.4618533331928,0.007535863680256853,-0.0010380212747401751,1,108.349609375,-0.014419005669549345,0.01229093629843403,0.005171016205794077
26325.80078125,26325.80078125,26124.19921875,26175.75,213800,11.619999885559082,12.010000228881836,10.899999618530273,11.630000114440918,0,-0.0010380212747401751,61.660214676531936,25959.155555448975,167.75698437334358,197.75754684510758,0.007554990662926853,-0.005484113396941881,0,201.6015625,0.0008606049036423702,-0.001127664265206385,0.008330283711165398
26087.94921875,26154.599609375,25997.849609375,26032.19921875,254800,11.630000114440918,11.9399995803833,11.029999732971191,11.229999542236328,0,-0.005484113396941881,55.4335380085155,25966.11209481098,153.36636073418777,196.33917854367132,0.00754216641067558,-0.0017746951904364927,1,156.75,-0.034393857976657394,-0.006994000012814472,0.00569440107905983
26004.900390625,26066.44921875,25891.0,25986.0,265700,11.229999542236328,11.369999885559082,10.920000076293945,11.210000038146973,0,-0.0017746951904364927,53.55898646399218,25968.006181019457,136.65848304556857,194.8470385584091,0.007498154335350155,0.0018375278996383138,1,175.44921875,-0.0017808998134093423,-0.008279572537382873,-0.008368565699002017
25981.849609375,26098.25,25938.94921875,26033.75,248100,11.210000038146973,11.270000457763672,10.579999923706055,10.819999694824219,0,0.0018375278996383138,55.243611503078554,25974.267497112844,125.82002066222776,192.30802017923702,0.007386873584452375,0.005865433091659877,2,159.30078125,-0.034790396252953215,-0.005424868437389541,-0.006934844999710199
25999.80078125,26202.599609375,25985.349609375,26186.44921875,249300,10.819999694824219,10.869999885559082,10.15999984741211,10.319999694824219,0,0.005865433091659877,60.21389447375838,25994.47528012591,128.07563572471554,194.0895901664344,0.007411833064692961,-0.00862653945989178,0,217.25,-0.0462107221906094,0.005925354162505725,-0.0006297001097950172
26159.80078125,26178.69921875,25892.25,25960.55078125,320700,10.319999694824219,11.609999656677246,10.140000343322754,11.130000114440918,0,-0.00862653945989178,51.162084894995665,25991.244375471062,110.36291592211273,201.24027792240335,0.00775177228010698,-0.004657081109092687,0,286.44921875,0.07848841507456039,-0.0009793434445470872,-0.008221320067237858
25867.099609375,25923.650390625,25728.0,25839.650390625,276000,11.130000114440918,11.880000114440918,10.460000038146973,10.949999809265137,0,-0.004657081109092687,47.08266085085948,25976.80685310477,85.58325624431745,203.47674244580313,0.007874593478231712,-0.0031598875909956137,1,195.650390625,-0.0161725339914629,-0.007455691530225184,-0.007396564020849761
25864.05078125,25947.650390625,25734.55078125,25758.0,207900,10.949999809265137,11.420000076293945,10.489999771118164,10.90999984741211,0,-0.0031598875909956137,44.50191878845389,25955.968105190026,58.68026372616805,204.16409008360293,0.007926240006351538,0.0054565875164998,2,213.099609375,-0.003652964616417842,-0.016361485865109993,-0.008773955206649697
25771.400390625,25922.80078125,25693.25,25898.55078125,206100,10.90999984741211,11.1899995803833,10.319999694824219,10.399999618530273,0,0.0054565875164998,49.62100861625697,25950.499788624307,48.14572776492787,205.97742516691702,0.00795324135727472,0.005729990019651465,2,229.55078125,-0.04674612612417317,-0.002388239006268722,-0.005193228741537381
25971.19921875,26057.599609375,25938.44921875,26046.94921875,216300,10.399999618530273,10.399999618530273,9.960000038146973,10.109999656677246,0,0.005729990019651465,54.40322932195021,25959.685448636275,51.181556681163784,202.6253825210658,0.0077792366706502854,-0.0007543469807149705,1,119.150390625,-0.027884612739438763,0.008022509011972101,-0.005327182728543267
25930.05078125,26047.150390625,25904.75,26027.30078125,181600,10.109999656677246,10.84000015258789,10.050000190734863,10.25,0,-0.0007543469807149705,53.67670629980717,25966.125004123296,51.409392792960716,198.32359738563255,0.0076198296186174,-0.006424068837574293,0,142.400390625,0.01384770999772389,0.010455034600900692,0.0025712089301359597
25951.5,25980.75,25834.349609375,25860.099609375,264400,10.25,10.430000305175781,9.65999984741211,10.0600004196167,0,-0.006424068837574293,47.823881749069926,25956.0273474806,37.66404962222441,197.93985270630168,0.007654257164366954,-0.001606677033445636,1,146.400390625,-0.01853654442763908,-0.0014846843053024639,0.0007913891419142338
25902.400390625,25929.150390625,25770.349609375,25818.55078125,206500,10.0600004196167,10.180000305175781,9.479999542236328,9.84000015258789,0,-0.001606677033445636,46.4679515905384,25942.934341172928,23.151249742048094,195.14420474513727,0.007558294282220337,-0.00011619552256891819,1,158.80078125,-0.02186881290778231,-0.008768721264891366,0.0023507563184252955
25764.69921875,25902.349609375,25726.30078125,25815.55078125,197600,9.84000015258789,9.949999809265137,9.609999656677246,9.710000038146973,0,-0.00011619552256891819,46.36573138018632,25930.80257356122,11.27767434029738,193.78024927227034,0.007506337978774181,0.005843362036054733,2,176.048828125,-0.013211393539127925,-0.008135688052314016,-0.0032048125279693362
25911.5,25993.349609375,25880.44921875,25966.400390625,382900,9.710000038146973,10.3100004196167,9.4399995803833,9.520000457763672,0,0.005843362036054733,52.07467703535328,25934.192841853008,13.88008211709166,192.63871919032246,0.007418768727754557,0.00793332910611566,2,112.900390625,-0.01956741293891484,0.004110609891520456,-0.0030924476969846904
26055.849609375,26180.69921875,26047.80078125,26172.400390625,253000,9.520000457763672,9.899999618530273,8.859999656677246,9.680000305175781,0,0.00793332910611566,58.5614127061988,25956.879275069386,32.19387644800736,194.18586982851372,0.007419490261889446,0.00018148889399149937,1,132.8984375,0.0168067058527952,0.013705246757380829,0.005574900393802151
26205.19921875,26233.55078125,26119.05078125,26177.150390625,216600,9.680000305175781,9.789999961853027,9.319999694824219,9.380000114440918,0,0.00018148889399149937,58.70022244533146,25977.857476550875,46.55432640586878,188.4940219836199,0.00720070821960539,-0.0013389838361685946,1,114.5,-0.030991754264145688,0.014007046080056318,0.012260230472393774
26170.650390625,26236.400390625,26123.0,26142.099609375,188800,9.380000114440918,9.680000305175781,8.880000114440918,9.1899995803833,0,-0.0013389838361685946,57.17815495401735,25993.499584438887,54.478783835467766,183.1301911722899,0.0070051829772164245,-0.0038175521330050532,0,113.400390625,-0.02025592022809286,0.006766406437044514,0.01253164172018395
26121.25,26144.19921875,26008.599609375,26042.30078125,142200,9.1899995803833,9.399999618530273,9.020000457763672,9.149999618530273,0,-0.0038175521330050532,52.96690353313933,25998.147317468516,52.105403408964776,179.73514961534062,0.006901661689766934,-0.003847631310177624,0,135.599609375,-0.004352553175128504,-0.004970870360886059,0.00878346551353415
26063.349609375,26106.80078125,25920.30078125,25942.099609375,234300,9.149999618530273,9.770000457763672,9.050000190734863,9.720000267028809,0,-0.003847631310177624,49.05993391064365,25992.80944050723,41.65886767271513,180.21835321424487,0.006946945541336109,-0.00012527898855285713,1,186.5,0.062295155438497396,-0.008979234857212748,-0.0009358548310289816
25940.900390625,25976.75,25878.0,25938.849609375,396900,9.720000267028809,9.989999771118164,9.59000015258789,9.680000305175781,0,-0.00012527898855285713,48.93385567279698,25987.67040897083,32.74025571214224,174.3991851275131,0.00672347416149406,0.0073538342244390265,2,98.75,-0.004115222299809096,-0.007774815452356032,-0.008923552206302698
25971.05078125,26187.94921875,25969.0,26129.599609375,246300,9.680000305175781,9.729999542236328,9.3100004196167,9.479999542236328,0,0.0073538342244390265,56.06966950252727,26001.187475675986,40.59615510813819,179.73492971661932,0.006878594865729688,0.007614015325501544,2,218.94921875,-0.02066123518947771,0.003352193374091428,-0.0018164995249838611
26155.099609375,26340.0,26118.400390625,26328.55078125,357500,9.1899995803833,9.5600004196167,8.970000267028809,9.449999809265137,0,0.007614015325501544,62.02937532443591,26032.3649333497,62.15917654963778,182.72526397793223,0.006940194524799325,-0.0029720587604740167,1,221.599609375,-0.003164528947236067,0.014896680596174328,0.00713221870702907
26333.69921875,26373.19921875,26210.05078125,26250.30078125,338800,9.449999809265137,10.220000267028809,9.289999961853027,10.020000457763672,0,-0.0029720587604740167,58.65871179791461,26053.120728387825,72.10274974113054,181.32691922950852,0.006907613011391712,-0.0027276473171363724,1,163.1484375,0.060317530159067934,0.012007131255444392,0.007987005516415735
26189.69921875,26273.94921875,26124.75,26178.69921875,383000,10.020000457763672,10.289999961853027,9.649999618530273,10.020000457763672,0,-0.0027276473171363724,55.677319341384596,26065.080584612795,73.35980922459567,179.0320834809722,0.00683884565787531,-0.001449622016468255,1,149.19921875,0.0,0.0018790800513217576,0.00912029530907743
26143.099609375,26187.150390625,26067.900390625,26140.75,338200,10.020000457763672,10.239999771118164,9.75,9.949999809265137,0,-0.001449622016468255,54.10764245977256,26072.28719560205,70.48138756093613,174.76193466090277,0.00668542159887925,-0.010095364158449915,0,119.25,-0.006986092345364847,-0.007132970698248364,0.007783706435154691
26106.5,26133.19921875,25858.44921875,25876.849609375,328500,9.949999809265137,10.989999771118164,9.479999542236328,10.600000381469727,0,-0.010095364158449915,44.67526882216983,26053.674092151854,46.371124184151995,182.44328084583827,0.007050444068730081,-0.007479613285493514,0,274.75,0.0653266919260973,-0.014226548296991215,-0.009672938115336316
25840.400390625,25940.599609375,25623.0,25683.30078125,348800,10.600000381469727,11.039999961853027,10.220000267028809,10.930000305175781,0,-0.007479613285493514,39.26845522087828,26018.400443494535,11.513078278589091,192.09730431220697,0.007479463249227175,0.004164153963733375,2,317.599609375,0.03113206715378425,-0.018923722426406164,-0.024507615529659854
25669.05078125,25813.150390625,25473.400390625,25790.25,275800,10.930000305175781,11.949999809265137,10.520000457763672,11.369999885559082,0,0.004164153963733375,43.348433930292074,25996.67182982839,-7.396998109281412,202.6439254327636,0.007857385075087042,-0.002246942885392733,1,339.75,0.040256136148042465,-0.01340818453946424,-0.017525543234102825
25897.349609375,25899.80078125,25603.30078125,25732.30078125,339500,11.369999885559082,11.680000305175781,10.640000343322754,11.199999809265137,0,-0.002246942885392733,41.71322956963292,25971.493634725684,-26.751018448965624,209.34793075899478,0.008135608725339378,-0.00259211846006413,1,296.5,-0.014951633949430443,-0.00558602883685777,-0.017051971672460975
25648.55078125,25791.75,25603.94921875,25665.599609375,393100,11.199999809265137,11.470000267028809,11.010000228881836,11.319999694824219,0,-0.00259211846006413,39.84987234677146,25942.360870406574,-46.9304609906103,207.80884865120944,0.008096785261751768,0.0011201764399650926,1,187.80078125,0.01071427567880967,-0.000689209382616518,-0.018176616609125618
25696.05078125,25873.5,25662.400390625,25694.349609375,434000,11.319999694824219,11.579999923706055,10.880000114440918,11.369999885559082,0,0.0011201764399650926,41.071769833873034,25918.74075030833,-59.9122981843102,208.04390298862307,0.00809687367656564,-0.004236324757381116,0,211.099609375,0.004416978099188951,-0.0037184746415797054,-0.00705263595665373
25653.099609375,25653.30078125,25494.349609375,25585.5,443100,11.369999885559082,12.130000114440918,10.390000343322754,11.829999923706055,0,-0.004236324757381116,37.93013090978221,25887.00353599325,-78.08365173995116,207.46933848943573,0.008108863945962975,-0.013796877137441155,0,158.951171875,0.04045734764968767,-0.005704922482367647,-0.0038079521819640583
25580.30078125,25585.0,25171.349609375,25232.5,409800,11.829999923706055,12.899999618530273,11.0,12.729999542236328,0,-0.013796877137441155,29.933560823532503,25824.669865898653,-119.59016917824556,222.2322707848332,0.008807382177145872,-0.0029723570791637677,1,413.650390625,0.07607773663013906,-0.016874712298433847,-0.021626389817857472
25141.0,25300.94921875,24919.80078125,25157.5,395600,12.729999542236328,14.430000305175781,12.430000305175781,13.779999732971191,0,-0.0029723570791637677,28.55606887663167,25761.12987867021,-156.72957549966304,233.58342555020226,0.009284842514168827,0.00526285960946038,2,381.1484375,0.08248234316514402,-0.02089368353496368,-0.02233771422681463
25344.150390625,25435.75,25168.5,25289.900390625,486400,13.779999732971191,14.329999923706055,12.90999984741211,13.350000381469727,0,0.00526285960946038,34.30364396481109,25716.250879808762,-173.47945441388583,236.77389515375924,0.009362389392467977,-0.009539381186706164,0,267.25,-0.031204597956022595,-0.011553403661253459,-0.014638240464593166
25344.599609375,25347.94921875,25025.30078125,25048.650390625,393900,13.350000381469727,14.430000305175781,12.279999732971191,14.1899995803833,0,-0.009539381186706164,29.62667058283138,25652.66988083888,-203.87061932486904,242.90779103563358,0.00969744027113521,0.005060152863462841,2,322.6484375,0.0629212865101878,-0.007286222505696993,-0.025130008292344796
25063.349609375,25246.650390625,24932.55078125,25175.400390625,618700,14.1899995803833,16.059999465942383,13.920000076293945,14.449999809265137,0,0.005060152863462841,34.66660836986182,25607.215643675652,-215.24693805199786,247.99292091701687,0.009850604839213056,0.006647346488174222,2,314.099609375,0.018322779180435456,0.0007115329673059723,-0.016028594687420572
25258.849609375,25372.099609375,25187.650390625,25342.75,574900,14.449999809265137,14.510000228881836,13.4399995803833,13.529999732971191,0,0.006647346488174222,40.70468822637841,25582.028439516063,-208.35722533191802,244.32908504794426,0.009640985490838376,0.0030048195489833507,1,184.44921875,-0.06366782618945466,0.002089751582991184,0.004369364906370743
25345.0,25458.150390625,25159.80078125,25418.900390625,582400,13.529999732971191,14.1899995803833,13.069999694824219,13.369999885559082,0,0.0030048195489833507,43.273779946950384,25566.49243485977,-194.51018591069442,248.18769392844823,0.009763903635264444,-0.003865234077404689,1,298.349609375,-0.011825561756827474,0.014781235484789823,0.010390555127695489
25247.55078125,25370.69921875,25213.650390625,25320.650390625,508400,13.369999885559082,14.229999542236328,12.880000114440918,13.630000114440918,0,-0.003865234077404689,40.81657746562192,25543.078906837414,-189.28233239365727,245.12071579070192,0.00968066428030846,-0.00917235522852089,0,157.048828125,0.019446539349836645,0.005769520950859919,0.0012159003999636653
24796.5,25108.099609375,24679.400390625,25088.400390625,449200,15.100000381469727,15.550000190734863,13.579999923706055,13.869999885559082,0,-0.00917235522852089,35.66162060489843,25499.77619100766,-201.5564376735456,273.41566466279465,0.01089809076727603,0.025475932330218942,2,428.69921875,0.017608200227664295,-0.010036385529392011,0.0015869118447546793
26308.05078125,26341.19921875,25641.30078125,25727.55078125,637300,13.869999885559082,15.470000267028809,11.850000381469727,12.899999618530273,0,0.025475932330218942,53.18463690874921,25521.469009125976,-157.88960651621164,343.371604910095,0.01334645523896278,0.0018831648283172964,1,699.8984375,-0.06993513158127251,0.012142554787257342,0.021932139392333738
25675.05078125,25818.55078125,25563.94921875,25776.0,429800,12.899999618530273,13.149999618530273,12.0600004196167,12.25,0,0.0018831648283172964,54.2028658863678,25545.710055875883,-118.0134950651227,337.03088759508825,0.013075375837798272,-0.00516756745616076,1,254.6015625,-0.05038756881795392,0.017983329904653456,0.017095619062651002
25755.900390625,25757.650390625,25579.5,25642.80078125,343800,12.25,12.550000190734863,10.9399995803833,12.170000076293945,0,-0.00516756745616076,50.92360634265078,25554.9567916258,-96.05222297307046,326.99296705258195,0.012751842898989372,0.0019849016468285186,1,178.150390625,-0.006530606016820761,0.02209787718599099,0.008808421575450254
25605.80078125,25703.94921875,25491.900390625,25693.69921875,375500,12.170000076293945,12.350000381469727,11.15999984741211,11.9399995803833,0,0.0019849016468285186,52.11576364521159,25568.170356113817,-73.69121167048797,318.7826714148975,0.012407036787535271,0.006756581098813275,2,212.048828125,-0.018898972429644,-0.001315770894315782,0.014732987595892144
25888.69921875,25922.25,25780.900390625,25867.30078125,359400,11.9399995803833,12.279999732971191,10.670000076293945,12.1899995803833,0,0.006756581098813275,56.038318951877734,25596.65896803155,-41.48355724060093,312.3375364031191,0.0120746087519699,0.0026229876069705504,1,141.349609375,0.02093802418642743,0.003542084933659151,0.031046235650641796
25922.650390625,25989.44921875,25870.44921875,25935.150390625,460900,12.1899995803833,12.1899995803833,10.359999656677246,11.670000076293945,0,0.0026229876069705504,57.50355474415488,25628.896246373784,-10.364388409598178,298.75260076718195,0.011519216054948137,0.0007209990483325601,1,119.0,-0.04265787711151048,0.01140084547974829,0.00806915555779586
25997.44921875,26009.400390625,25899.80078125,25953.849609375,331400,11.670000076293945,11.710000038146973,10.5600004196167,11.550000190734863,0,0.0007209990483325601,57.91982137354585,25659.844185707232,15.62651502962035,285.24167281059755,0.010990341591081853,-0.00565042923620962,0,109.599609375,-0.010282766475969929,0.010125065620568696,0.006899814143971117
25906.69921875,25906.69921875,25752.400390625,25807.19921875,419400,11.550000190734863,12.109999656677246,10.850000381469727,11.729999542236328,0,-0.00565042923620962,53.49423878277142,25673.87799837797,24.11307186200429,279.2564975205549,0.010820875801108376,-0.01302348257655217,0,154.298828125,0.015584359179998675,-0.002323457055231848,0.0064110952193727755
25571.150390625,25630.349609375,25444.30078125,25471.099609375,453500,11.729999542236328,13.579999923706055,10.960000038146973,13.289999961853027,0,-0.01302348257655217,45.00656678199589,25654.565770853882,3.675925933108374,285.23092180480097,0.011198217830368725,0.008309432803093486,2,186.048828125,0.13299236832871042,-0.017892735313296826,-0.008663587421952723
25423.599609375,25697.0,25372.69921875,25682.75,275800,13.289999961853027,13.829999923706055,13.239999771118164,13.329999923706055,0,0.008309432803093486,50.349069127833445,25657.249983153513,4.50581796536062,288.0216260508866,0.011214594467137927,0.00166066292063749,1,324.30078125,0.003009778929107698,-0.010445448881582275,-0.007134520250515308
25637.94921875,25764.400390625,25570.30078125,25725.400390625,344100,13.329999923706055,13.479999542236328,11.630000114440918,12.670000076293945,0,0.00166066292063749,51.37422301835841,25663.740498150797,8.506980285896134,281.3129105740376,0.010935219911156573,0.003652002197183979,1,194.099609375,-0.049512366930952956,-0.00316961276702854,-0.00808747961129308
25752.650390625,25828.05078125,25645.150390625,25819.349609375,310200,12.670000076293945,12.770000457763672,11.350000381469727,12.220000267028809,0,0.003652002197183979,53.64469404426867,25678.560413505482,19.039372998158797,274.28344486339205,0.010623174054074537,-0.014136684522350174,0,182.900390625,-0.03551695395070309,0.013672358293939535,-0.0051822755400191545
25873.349609375,25885.30078125,25388.75,25454.349609375,298200,12.220000267028809,13.680000305175781,9.729999542236328,13.460000038146973,0,-0.014136684522350174,44.87746923433645,25657.207003588293,-2.042534398198768,290.15968317672116,0.01139921811515677,0.004592550680687868,1,496.55078125,0.10147297414254974,-0.008893143866019027,-0.013672526273933672
25406.55078125,25663.55078125,25379.75,25571.25,296600,13.460000038146973,14.779999732971191,13.100000381469727,14.359999656677246,0,0.004592550680687868,47.81888557999525,25649.02062229417,-9.211034281121101,289.70547589624107,0.01132934353605088,0.00554333479982394,1,283.80078125,0.06686475601631403,-0.005992147382910207,0.003931922538127797
25678.400390625,25771.44921875,25609.349609375,25713.0,313700,14.359999656677246,14.479999542236328,12.770000457763672,14.170000076293945,0,0.00554333479982394,51.21809482455669,25655.113896361392,-3.4147189839131897,283.3121718143667,0.011018246482882849,-0.011214156627970318,0,162.099609375,-0.013231168866703502,-0.004118988703587845,0.0011778333706475852
25641.80078125,25641.80078125,25327.599609375,25424.650390625,439100,14.170000076293945,14.949999809265137,12.350000381469727,14.149999618530273,0,-0.011214156627970318,44.821718125953865,25633.164991053163,-21.836780180012283,290.60418744369764,0.01143001704955023,0.002275335490801167,1,314.201171875,-0.0014114649016221392,-0.0011667639993072632,-0.011690780140767076
25512.599609375,25652.599609375,25428.19921875,25482.5,414200,14.149999618530273,14.149999618530273,12.84000015258789,13.489999771118164,0,0.002275335490801167,46.27142982181875,25618.815944286198,-31.406383159232064,286.12883253700494,0.011228444325988617,0.0005513894339252978,1,224.400390625,-0.04664310001449046,-0.0034706946277557327,-0.013046401806058316
25556.30078125,25572.94921875,25400.94921875,25496.55078125,405200,13.489999771118164,13.609999656677246,11.8100004196167,13.0600004196167,0,0.0005513894339252978,46.63814519054049,25607.171643044654,-37.425167807810794,277.97677307007604,0.010902524637744269,-0.012468368500212268,0,172.0,-0.031875415774437976,-0.008417890512581239,0.001657915936671861
25459.849609375,25476.400390625,25141.30078125,25178.650390625,438900,13.0600004196167,14.039999961853027,11.199999809265137,13.699999809265137,0,-0.012468368500212268,39.9880307668989,25566.360095195167,-67.07381750759669,283.49628927935635,0.011259391781575121,-0.012429227421638323,0,335.099609375,0.04900454587176961,-0.009675649270312503,-0.015353164564696709
24659.25,24989.349609375,24603.5,24865.69921875,519200,13.699999809265137,17.809999465942383,12.829999923706055,17.1299991607666,0,-0.012429227421638323,34.73693910685097,25499.630487914674,-114.50320841902794,304.32872508975953,0.012238896739339637,-0.015491187895474101,0,385.849609375,0.25036491965363394,-0.024204877121554058,-0.03295223354917742
24388.80078125,24602.44921875,24305.400390625,24480.5,599000,17.1299991607666,21.3700008392334,16.969999313354492,21.139999389648438,0,-0.015491187895474101,29.586879623542515,25402.57044144661,-181.08625056138408,322.612303877991,0.013178338019157737,0.011658274570576665,2,297.048828125,0.23409226067366484,-0.03985051899636549,-0.037135235927300836
24615.94921875,24854.19921875,24529.400390625,24765.900390625,504300,21.139999389648438,21.139999389648438,17.299999237060547,17.860000610351562,0,0.011658274570576665,37.03541511158023,25341.935198511215,-208.42180796708635,326.26136922599164,0.01317381415898354,-0.012737318930444053,0,324.798828125,-0.15515604891185486,-0.016392856392083766,-0.028121244358873754
24656.400390625,24700.900390625,24415.75,24450.44921875,433400,17.860000610351562,20.139999389648438,17.200000762939453,19.8799991607666,0,-0.012737318930444053,32.89359775925182,25257.03177186729,-252.62757397050518,327.9677278973494,0.013413566555081738,-0.017275692308183932,0,285.150390625,0.11310181866647073,-0.016699711371352843,-0.04102914043060668
23868.05078125,24078.150390625,23697.80078125,24028.05078125,526900,19.8799991607666,24.489999771118164,19.219999313354492,23.360000610351562,0,-0.017275692308183932,28.325583664615962,25139.98596323707,-318.0783762641222,358.3020642975387,0.01491182399935393,0.009719840791548862,2,380.349609375,0.17505038211735857,-0.01848202523437026,-0.04569742982743086
24280.80078125,24303.80078125,24079.94921875,24261.599609375,444300,23.360000610351562,23.360000610351562,18.780000686645508,18.90999984741211,0,0.009719840791548862,33.79972404685873,25056.330120012113,-347.10199432163427,352.405488276286,0.014525237162850214,-0.01627056774308744,0,223.8515625,-0.19049660302523774,-0.02036270732320722,-0.02429449516221438
24231.849609375,24299.0,23834.30078125,23866.849609375,407400,18.90999984741211,21.389999389648438,17.239999771118164,21.059999465942383,0,-0.01627056774308744,29.674360193162173,24943.046261856194,-397.3757464257069,360.42646902440845,0.015101551940178624,-0.009540396930332928,0,464.69921875,0.11369643764563575,-0.02386866613998495,-0.0250669059302302
23674.849609375,23833.150390625,23556.30078125,23639.150390625,501000,21.059999465942383,22.360000610351562,20.81999969482422,21.520000457763672,0,-0.009540396930332928,27.58306332923442,24818.865702691317,-450.399555451113,356.8637803887364,0.015096303145068372,-0.02064586811222946,0,276.849609375,0.021842402824614915,-0.016185265886339506,-0.04549602405840758
23462.5,23492.400390625,23112.0,23151.099609375,519800,21.520000457763672,22.8799991607666,21.25,22.649999618530273,0,-0.02064586811222946,23.723782278030498,24660.030836661193,-525.7424931581845,369.02710969132664,0.015939938746662802,0.011131271353117311,2,380.400390625,0.05250925356550984,-0.04577192014869824,-0.05314215692931257
23116.099609375,23502.0,22955.25,23408.80078125,540300,22.649999618530273,22.8799991607666,19.81999969482422,21.600000381469727,0,0.011131271353117311,29.345149499074395,24540.866069479176,-558.2231344240317,381.72160185623187,0.016306755968549382,0.007362598835607637,1,546.75,-0.046357582990929846,-0.01919184289597553,-0.025771961514382324
23493.19921875,23656.80078125,23346.599609375,23581.150390625,458800,21.600000381469727,21.600000381469727,19.6299991607666,19.790000915527344,0,0.007362598835607637,32.90647765321748,24449.46457625497,-563.5607262984231,376.61299971471533,0.01597093413493698,0.008339304375208911,2,310.201171875,-0.08379627009151125,-0.0024535568766888005,-0.02804634606561829
23632.900390625,23862.25,23618.44921875,23777.80078125,382900,19.790000915527344,19.790000915527344,18.59000015258789,18.719999313354492,0,0.008339304375208911,36.819584295294135,24385.496595778306,-545.6330451667018,369.7906146904499,0.015551926693828157,-0.03262077926216955,0,243.80078125,-0.054067789422552415,0.027070039110419497,-0.00373106755111996
23197.75,23378.69921875,22930.349609375,23002.150390625,550100,18.719999313354492,23.200000762939453,18.719999313354492,22.799999237060547,0,-0.03262077926216955,29.50900836577827,24253.74933814466,-587.244345581541,403.90922591791775,0.0175596289502802,0.004884308965338757,1,448.349609375,0.21794872186749825,-0.01737168829898883,-0.026946822938806902
23110.150390625,23345.150390625,23067.599609375,23114.5,663300,22.799999237060547,23.139999389648438,21.690000534057617,22.809999465942383,0,0.004884308965338757,31.626637409844875,24145.249401178502,-604.1911865195907,399.55856692378075,0.017286057103713285,-0.026037751600726855,0,277.55078125,0.0004386065445818321,-0.019789127455398625,-0.0015809015551113692
22824.349609375,22851.69921875,22471.25,22512.650390625,550300,22.809999465942383,27.170000076293945,22.809999465942383,26.729999542236328,0,-0.026037751600726855,26.955113928838557,23989.76378112579,-658.5940514038775,416.9650978577964,0.018521368680403542,0.017756683156527453,2,380.44921875,0.17185445717115866,-0.053207207944253376,-0.03828262707685559
22878.44921875,23057.30078125,22624.19921875,22912.400390625,538100,26.729999542236328,26.729999542236328,24.6299991607666,24.739999771118164,0,0.017756683156527453,33.935200523835704,23887.157743935237,-661.8231443883888,426.0854759125967,0.018596282739844962,0.01719805962740728,2,433.1015625,-0.07444817827152395,-0.0039018091124463083,-0.02835951549954363
23064.400390625,23465.349609375,23063.19921875,23306.44921875,505400,24.739999771118164,25.229999542236328,24.139999389648438,24.639999389648438,0,0.01719805962740728,40.01971299035468,23831.85217010807,-625.3768218974656,435.1471718295541,0.018670676418588848,-0.02088905112938999,0,402.150390625,-0.004042052643285277,0.008304277347552347,-0.019823177376087853
23173.55078125,23186.099609375,22804.55078125,22819.599609375,612600,24.639999389648438,27.09000015258789,23.389999389648438,26.799999237060547,0,-0.02088905112938999,35.65097011130766,23735.447164323967,-628.5322153160014,439.91511937744315,0.019277950836469205,-0.02139385559374285,0,381.548828125,0.08766233364110998,0.013634521632238439,-0.007936248487637187
22549.650390625,22714.099609375,22283.849609375,22331.400390625,698600,26.799999237060547,28.90999984741211,26.799999237060547,27.889999389648438,0,-0.02139385559374285,31.891362445645868,23601.728423971686,-662.7862963810585,446.76046799334006,0.020005931566248556,0.015583438293735208,2,430.25,0.04067164864245876,-0.02535744793625927,-0.033879149857232504
22899.0,22941.30078125,22618.599609375,22679.400390625,518000,27.889999389648438,27.889999389648438,23.649999618530273,25.010000228881836,0,0.015583438293735208,36.99210052353299,23513.88765889105,-654.3097354333804,458.4133196098872,0.020212761877046,0.0014858954897207788,1,322.701171875,-0.10326279038340647,-0.02690451995667109,0.007406946632522615
22383.400390625,22782.30078125,22182.55078125,22713.099609375,495100,25.010000228881836,26.600000381469727,25.010000228881836,25.520000457763672,0,0.0014858954897207788,37.480384419977106,23437.62213036571,-637.5237772358232,468.50879678060954,0.020627250566330853,0.01123362266767347,2,599.75,0.020391852227689355,-0.004667040694099067,-0.008698380695701724
22780.30078125,22998.349609375,22542.94921875,22968.25,426400,25.520000457763672,26.559999465942383,25.079999923706055,25.469999313354492,0,0.01123362266767347,41.19611734234524,23392.920022711834,-596.7532799401743,467.5724820552088,0.02035734033090065,0.0067658785769486585,1,455.400390625,-0.0019592924573780257,0.028518122385300826,-0.014510971430084618
22838.69921875,23153.849609375,22719.30078125,23123.650390625,477000,25.469999313354492,26.260000228881836,24.549999237060547,24.700000762939453,0,0.0067658785769486585,43.402427419035774,23367.275295846423,-545.613363092416,465.21364963162245,0.020118521157897872,0.03778379295615997,2,434.548828125,-0.030231588974221624,0.019588260374980626,0.013324106752735876
23855.150390625,24025.150390625,23828.5,23997.349609375,639300,24.700000762939453,24.700000762939453,19.309999465942383,19.700000762939453,0,0.03778379295615997,53.879679389434884,23427.282373325335,-429.63185679468006,496.3769603722208,0.020684657616452034,-0.009261439434677166,1,196.650390625,-0.2024291435448915,0.05654226072560853,0.07460119784737662
23909.05078125,23990.75,23682.80078125,23775.099609375,466600,19.700000762939453,20.940000534057617,19.170000076293945,20.43000030517578,0,-0.009261439434677166,51.279189091236034,23460.407824377682,-351.59641047258265,483.38923664027647,0.020331743907801184,0.011587753764504383,2,307.94921875,0.03705581289162363,0.03512891096949056,0.04831253030847016
23880.55078125,24074.05078125,23856.349609375,24050.599609375,481300,20.43000030517578,20.43000030517578,18.3700008392334,18.850000381469727,0,0.011587753764504383,54.2283043966841,23516.616565805998,-264.4735233487445,470.2150891570424,0.01955107551554561,-0.008646321593950623,1,217.701171875,-0.07733724425377386,0.040086630055858885,0.05888672277243634
23589.599609375,23907.400390625,23555.599609375,23842.650390625,488800,18.850000381469727,21.510000228881836,18.18000030517578,20.5,0,-0.008646321593950623,51.685202061102494,23547.667406264947,-209.78944948136632,471.9854399315394,0.01979584619154276,0.016300637062472756,2,351.80078125,0.08753313449013445,-0.0064465126886164015,0.03806996138691465
24163.80078125,24280.900390625,24145.80078125,24231.30078125,460300,20.5,20.5,17.34000015258789,18.670000076293945,0,0.016300637062472756,55.852288473405864,23612.775346739712,-133.5515889430353,469.5757656507152,0.019378892197734157,-0.0014258739785333319,1,135.099609375,-0.08926828896127093,0.0191881918212915,0.04790119085497313
24385.19921875,24400.94921875,24102.80078125,24196.75,508000,18.670000076293945,18.670000076293945,16.829999923706055,18.09000015258789,0,-0.0014258739785333319,55.39487874023746,23668.39198038355,-75.05530367576284,457.3309564970927,0.018900511700831422,0.006480241406387144,1,298.1484375,-0.031065876879267096,0.006076787813973361,0.008309267226206618
24165.900390625,24371.900390625,24096.05078125,24353.55078125,498600,18.09000015258789,18.469999313354492,16.59000015258789,17.209999084472656,0,0.006480241406387144,57.11152217007683,23733.64519951369,-15.861225219337939,444.36800313122893,0.01824653854884075,0.00046394992773279853,1,275.849609375,-0.04864571922014849,0.02142800327374217,0.024330126114252115
24391.5,24480.650390625,24241.25,24364.849609375,415900,17.209999084472656,19.010000228881836,16.479999542236328,18.790000915527344,0,0.00046394992773279853,57.23922801417791,23793.759905214763,31.597987498305883,429.72745938078396,0.017637189076489736,0.008690798564113589,1,239.400390625,0.09180720018051658,0.005511418034492843,0.01306620230281097
24374.55078125,24601.69921875,24354.900390625,24576.599609375,425800,18.790000915527344,18.790000915527344,17.450000762939453,17.530000686645508,0,0.008690798564113589,59.66329837700791,23868.316067515738,85.3127782315205,416.6611285767994,0.016953571087916477,-0.00807678861823835,1,246.798828125,-0.06705695409735823,0.01569837310279265,0.030783038241360527
24470.849609375,24515.94921875,24352.900390625,24378.099609375,440500,17.530000686645508,18.729999542236328,17.25,18.299999237060547,0,-0.00807678861823835,56.43361934079606,23916.866881026144,110.59003275775467,402.8781350177423,0.01652623221142344,-0.008411190019346093,0,163.048828125,0.04392461610122078,0.0010080184341700882,0.006058231435870365
24202.349609375,24310.19921875,24134.80078125,24173.05078125,467500,18.299999237060547,19.1200008392334,17.489999771118164,18.59000015258789,0,-0.008411190019346093,53.22826615815024,23941.265347714132,112.7766928038618,391.4796130968321,0.016194878198844728,-0.011380506539678703,0,175.3984375,0.015847045225009904,-0.007871947957815428,-0.000979438096025298
24100.55078125,24206.0,23813.650390625,23897.94921875,438400,18.59000015258789,19.899999618530273,18.059999465942383,19.709999084472656,0,-0.011380506539678703,49.1913719442933,23937.140002098502,91.25925973110498,391.5417556881298,0.016383906087679336,0.008149234824183171,1,392.349609375,0.06024738691187426,-0.027613681364045295,-0.01870780842565145
23945.44921875,24130.69921875,23936.19921875,24092.69921875,430300,19.709999084472656,19.709999084472656,18.270000457763672,18.3799991607666,0,0.008149234824183171,51.96852651087453,23951.955165589123,88.8964929677677,380.19948742469194,0.015780692896742925,-0.004026115924964935,1,194.5,-0.06747843660499286,-0.01170724524052913,-0.011169795627233525
24049.900390625,24181.80078125,23957.05078125,23995.69921875,554100,18.3799991607666,18.40999984741211,17.270000457763672,18.049999237060547,0,-0.004026115924964935,50.48828640911237,23956.12126589016,78.29436524187258,369.0959526086425,0.015381754423735843,0.007582657634449097,1,224.75,-0.017954294819036876,-0.007336747194423787,-0.02363632072206645
24096.900390625,24334.69921875,24059.94921875,24177.650390625,531100,18.049999237060547,18.049999237060547,16.75,17.440000534057617,0,0.007582657634449097,53.18212321814726,23977.21927776967,83.61023483421377,366.9462417080252,0.015177084446977955,-0.007449012061355398,1,274.75,-0.033794943423070656,0.01170398218335622,-0.008222512089207878
23996.94921875,24087.44921875,23796.849609375,23997.55078125,505500,17.440000534057617,19.479999542236328,17.190000534057617,18.459999084472656,0,-0.007449012061355398,50.26679714491132,23979.155611434464,72.45534633295028,367.9358516753091,0.015332225152026277,0.005073434414612388,1,290.599609375,0.058486153622710146,-0.003949264324271007,-0.0072601510495368116
24063.55078125,24290.19921875,24004.75,24119.30078125,419100,18.459999084472656,18.8799991607666,16.75,18.299999237060547,0,0.005073434414612388,52.175392073643174,23992.502770464518,72.60231008457777,362.5581792342156,0.015031869394657706,-0.0035863394542201554,1,285.44921875,-0.008667381113073303,0.00515098815722026,0.009262366426251
24052.599609375,24081.69921875,23882.05078125,24032.80078125,363300,18.299999237060547,18.84000015258789,17.709999084472656,17.90999984741211,0,-0.0035863394542201554,50.68707192491208,23996.34067625361,64.98979097164192,353.6075950032002,0.014713540807073933,0.01240589643353629,2,199.6484375,-0.021311442945780246,-0.005991054012062569,-0.002486165495868775
24171.0,24356.5,23997.900390625,24330.94921875,429200,17.90999984741211,18.079999923706055,16.579999923706055,16.68000030517578,0,0.01240589643353629,55.4086028006738,24028.208156491364,82.06886313703944,353.9641674583287,0.014547897999209813,-0.00017668148029703623,1,358.599609375,-0.06867669194391735,0.013893019355979197,0.013971253637736769
24398.5,24482.099609375,24284.0,24326.650390625,440600,16.68000030517578,17.200000762939453,15.170000076293945,16.6200008392334,0,-0.00017668148029703623,55.326348941700054,24056.631226408856,94.17171842318567,342.83098473809093,0.014092815049876783,-0.006186630612244115,1,198.099609375,-0.003597090218503518,0.008596833351661282,0.006162716293464765
24233.650390625,24253.80078125,24126.650390625,24176.150390625,335900,16.6200008392334,17.43000030517578,16.15999984741211,16.84000015258789,0,-0.006186630612244115,52.3938971056436,24068.01400395325,90.5751324687626,332.628771542513,0.013758549900132132,-0.014903149402549887,0,127.150390625,0.013237021795760695,0.00596474837368266,0.007442409894369062
23970.099609375,23997.44921875,23799.099609375,23815.849609375,390100,16.84000015258789,18.969999313354492,16.84000015258789,18.549999237060547,0,-0.014903149402549887,46.09497998213105,24043.99834732675,57.98315656465638,335.80177223590493,0.014099928314281852,-0.018319683541890175,0,198.349609375,0.1015438877065491,-0.021170551331308185,-0.012581259076585583
23722.599609375,23757.55078125,23348.400390625,23379.55078125,447500,18.549999237060547,19.459999084472656,17.6299991607666,19.280000686645508,0,-0.018319683541890175,39.84768748358569,23980.717626748014,-3.0171089264767943,345.205161272626,0.014765260654600543,0.0014135784059419176,1,409.150390625,0.03935317949374961,-0.03893259426049023,-0.027181600927248306
23362.44921875,23582.94921875,23262.55078125,23412.599609375,415400,19.280000686645508,20.1299991607666,18.360000610351562,19.43000030517578,0,0.0014135784059419176,40.50545445479291,23926.611148902964,-48.138582963103545,343.43325243172416,0.014668736413798523,0.011831236369372666,2,320.3984375,0.007780062924695352,-0.03158281070033753,-0.037744092970581566
23530.25,23777.19921875,23426.55078125,23689.599609375,428700,19.43000030517578,19.43000030517578,18.389999389648438,18.610000610351562,0,0.011831236369372666,45.85017698130818,23904.038621328873,-60.84471124863194,344.94513507052955,0.014561036942727382,-0.0019459851637491088,1,350.6484375,-0.04220276283813473,-0.005301091586936368,-0.026187361228141248
23731.400390625,23839.30078125,23610.30078125,23643.5,408900,18.610000610351562,19.010000228881836,17.420000076293945,18.790000915527344,0,-0.0019459851637491088,45.123645643198024,23879.225419297552,-73.78372975582533,336.6633397083489,0.014239149859722498,0.0002727692071817778,1,229.0,0.009672235318233025,0.01128974723336773,-0.022032059778696267
23482.19921875,23695.650390625,23317.099609375,23649.94921875,392000,18.790000915527344,20.059999465942383,17.719999313354492,19.6299991607666,0,0.0002727692071817778,45.25434022260873,23857.389590673974,-82.56582960042579,339.65529981846686,0.014361777130125233,-0.0013509212410769411,1,378.55078125,0.044704534556201825,0.010137687114418537,-0.00696596566345864
23675.30078125,23782.30078125,23587.19921875,23618.0,442000,19.6299991607666,19.6299991607666,18.270000457763672,18.68000030517578,0,-0.0013509212410769411,44.68655121510786,23834.590582038356,-91.05412664847245,329.33003286714785,0.013944027134691669,0.0017359640951817301,1,195.1015625,-0.048395257066008,-0.003022406902422503,0.010199050485659056
23457.25,23690.900390625,23397.30078125,23659.0,344100,18.68000030517578,19.459999084472656,18.059999465942383,18.440000534057617,0,0.0017359640951817301,45.62930849877512,23817.867669463274,-93.39619269296963,326.77785976056583,0.01381198950761088,-0.0006445750031700559,1,293.599609375,-0.012847953276085677,0.0006555712986655582,0.010524264487329127
