Open,High,Low,Close,Volume,VIX_Open,VIX_High,VIX_Low,VIX_Close,VIX_Volume,RETURN,RSI,EMA20,MACD,ATR,VOL_THRESHOLD,NEXT_DAY_RETURN,Target,RANGE,VIX_CHANGE,MOMENTUM_3,MOMENTUM_5
28566.5,28566.5,28183.3203125,28227.390625,11700,20.690000534057617,22.1200008392334,18.59000015258789,22.020000457763672,0,-0.017080613755706908,43.003077429397344,28668.7932487292,223.1960259810694,403.43037747376496,0.014292159797316191,0.004542698166065451,1,383.1796875,0.06428225661554499,-0.022702498594821097,-0.03072833679015774
28122.48046875,28633.720703125,28044.490234375,28355.619140625,14600,22.020000457763672,22.020000457763672,19.850000381469727,21.190000534057617,0,0.004542698166065451,45.96188562667871,28638.967143195467,171.75025141549486,416.70181256492464,0.014695563884475982,0.0062898137267077825,1,589.23046875,-0.037693002109517204,-0.017169320491748463,-0.02222477100057163
28450.259765625,28618.91015625,28424.390625,28533.970703125,13800,21.190000534057617,21.510000228881836,18.540000915527344,20.5,0,0.0062898137267077825,49.86060088379421,28628.967482236374,143.713940130041,405.74389849778714,0.014219678807385564,0.009501969041424196,2,194.51953125,-0.03256255387764684,-0.006405043128981602,-0.012087987735046268
28650.25,28838.51953125,28406.25,28805.099609375,13800,20.5,20.959999084472656,17.93000030517578,20.15999984741211,0,0.009501969041424196,55.1572058574735,28645.74197053529,141.7389202182967,407.63858655151665,0.014151611765954293,0.010061762745325442,2,432.26953125,-0.016585373296970296,0.020466255349275597,-0.0015899324227947043
28888.990234375,29154.669921875,28835.69921875,29094.9296875,17600,20.15999984741211,20.450000762939453,16.979999542236328,20.100000381469727,0,0.010061762745325442,60.01927808316141,28688.52175310336,161.69662970803984,403.490852690694,0.01386808138134271,0.001407502005154937,1,318.970703125,-0.002976164007763349,0.02607280564774528,0.013128376305890255
29170.76953125,29325.349609375,29083.400390625,29135.880859375,10500,20.100000381469727,21.1200008392334,17.479999542236328,20.829999923706055,0,0.001407502005154937,60.668181896224134,28731.12738227209,178.75707530161526,391.952164552073,0.013452559283992103,0.006328242044230992,1,241.94921875,0.036318384496615064,0.021094510908153508,0.03218470479415769
29136.0703125,29411.3203125,29126.91015625,29320.259765625,11000,20.829999923706055,21.649999618530273,18.649999618530273,20.90999984741211,0,0.006328242044230992,63.53766550801054,28787.2352283057,204.79469242989944,384.27059253049634,0.013105975035767393,0.00484340066425637,1,284.41015625,0.0038406108496913394,0.017884338649616582,0.034019381492466305
29434.91015625,29522.859375,29108.150390625,29462.26953125,11900,20.90999984741211,21.90999984741211,19.399999618530273,20.399999618530273,0,0.00484340066425637,65.61822292945874,28851.52420953849,234.18910661240443,386.4447633765323,0.013116598603058688,-0.00783576345858672,0,414.708984375,-0.024390255026470298,0.012625562175110572,0.03253311071856313
29446.2109375,29462.08984375,29178.259765625,29231.41015625,11500,20.399999618530273,21.270000457763672,19.239999771118164,21.270000457763672,0,-0.00783576345858672,59.658556344409206,28887.703823511016,236.13396408743938,379.1279778228514,0.012969883279537563,-0.008767992371219946,0,283.830078125,0.04264710075990075,0.0032787509441047913,0.014799828941964632
29316.580078125,29362.9609375,28913.16015625,28975.109375,8800,21.270000457763672,22.020000457763672,19.40999984741211,21.6299991607666,0,-0.008767992371219946,53.81487006202268,28896.02816174806,214.52108110819972,384.17603521050484,0.013258829509094988,0.0010198678067976363,1,449.80078125,0.016925185484494287,-0.011771737132753923,-0.004118254066497351
29016.55078125,29130.669921875,28875.939453125,29004.66015625,10200,21.6299991607666,22.06999969482422,20.920000076293945,21.549999237060547,0,0.0010198678067976363,54.36984051318538,28906.37406598634,197.50055327707742,374.9299233204688,0.012926540814500042,0.0001148118304803436,1,254.73046875,-0.003698563421637213,-0.015532047675913874,-0.004503749303422122
29115.3203125,29269.830078125,28967.609375,29007.990234375,8000,21.549999237060547,21.549999237060547,20.219999313354492,20.780000686645508,0,0.0001148118304803436,54.43628469510585,28916.051796309068,182.18031060138674,369.73640759222104,0.012746019445155377,-0.009009236477207194,0,302.220703125,-0.035730792467539185,-0.007643145530125239,-0.01065029893139291
29051.900390625,29069.130859375,28693.8203125,28746.650390625,10700,20.780000686645508,21.239999771118164,19.940000534057617,20.579999923706055,0,-0.009009236477207194,48.47110194697241,28899.918329101063,147.2535197090183,370.13456039813383,0.012875745708405871,0.016470397196412412,2,375.310546875,-0.00962467547308532,-0.007884663399135183,-0.024289341996072578
28865.119140625,29254.01953125,28837.060546875,29220.119140625,16500,20.579999923706055,20.579999923706055,19.299999237060547,19.56999969482422,0,0.016470397196412412,57.54742061278241,28930.413644484295,155.98070895620913,379.93703041433855,0.013002583205970183,0.008180031136241439,2,416.958984375,-0.04907678487007272,0.0074284264395552135,-0.00038626311781220224
29533.419921875,29576.3203125,29259.76953125,29459.140625,15300,16.969999313354492,16.969999313354492,15.739999771118164,15.850000381469727,0,0.008180031136241439,61.257450275704436,28980.768595009602,180.10793337117138,378.2416119472429,0.012839533126986555,0.0045686955184218725,1,316.55078125,-0.190086835532161,0.015552624879553889,0.016705070677580425
29500.189453125,29636.859375,29364.869140625,29593.73046875,12200,15.850000381469727,15.949999809265137,14.979999542236328,15.489999771118164,0,0.0045686955184218725,63.20727377930736,29039.14591631821,207.69502911371092,370.6522278349398,0.012524687559290178,-0.00719747043127672,0,271.990234375,-0.02271297171528397,0.029467088047282708,0.020309505759648294
29937.26953125,30024.740234375,29289.05078125,29380.73046875,17000,15.489999771118164,15.489999771118164,14.300000190734863,15.199999809265137,0,-0.00719747043127672,58.21398768933594,29071.67777845457,209.95050265429018,396.7263153556584,0.013502942541800496,0.002321887472217954,1,735.689453125,-0.018721753785545303,0.005496600727465939,0.012849571147927952
29436.76953125,29518.3203125,29162.470703125,29448.94921875,13400,15.199999809265137,15.25,13.970000267028809,14.4399995803833,0,0.002321887472217954,59.322355798166186,29107.608391816037,214.76696479970633,393.80655064275425,0.013372516204823348,-0.02051583971255344,0,355.849609375,-0.050000015685433,-0.00034595056182162853,0.024430631693842075
29316.5390625,29321.060546875,28799.759765625,28844.779296875,11800,14.4399995803833,16.010000228881836,13.319999694824219,15.8100004196167,0,-0.02051583971255344,47.34486155476941,29082.5770494407,167.89716827062148,412.0481865343432,0.014285017829170351,-0.004677108285748521,1,521.30078125,0.0948754071360598,-0.025307764854649473,-0.012845253708365645
28924.060546875,28949.109375,28584.490234375,28709.869140625,11200,15.8100004196167,16.149999618530273,14.960000038146973,15.529999732971191,0,-0.004677108285748521,45.152560499680135,29047.08105812492,118.50039592423855,408.6603975408187,0.014234143511387748,-0.0017659160514340577,1,364.619140625,-0.017710352891457837,-0.022833378116263736,-0.025434261437319194
28725.75,28843.23046875,28608.1796875,28659.169921875,12500,15.529999732971191,15.609999656677246,14.25,15.130000114440918,0,-0.0017659160514340577,44.32196860463729,29010.137140386832,74.40440702408887,396.2597106629031,0.013826629024605684,0.00946434370271021,2,235.05078125,-0.025756576008243437,-0.026818590062702485,-0.031579680292819656
28798.609375,28971.009765625,28772.7109375,28930.41015625,11100,15.130000114440918,15.130000114440918,13.779999732971191,14.75,0,0.00946434370271021,49.657499244148504,29002.544094278564,60.64575171600518,390.22972016912433,0.01348856507949718,-0.014763336319576159,0,198.298828125,-0.025115671617095714,0.0029686779189286305,-0.01532706319126309
29134.9296875,29183.759765625,28448.48046875,28503.30078125,11500,14.75,15.239999771118164,13.449999809265137,14.970000267028809,0,-0.014763336319576159,42.71599009475751,28954.99711208537,15.103655657349009,414.87611850525826,0.014555371031911206,-0.002301131516429411,1,735.279296875,0.014915272340936259,-0.007195029638177641,-0.032111449222708144
28546.310546875,28581.8203125,28384.08984375,28437.7109375,11100,14.970000267028809,15.369999885559082,14.329999923706055,15.180000305175781,0,-0.002301131516429411,41.75079310007652,28905.73176212486,-25.981833413188724,399.3657149513112,0.014043525367742556,0.010502600667522621,2,197.73046875,0.014028058410225475,-0.007727334217240034,-0.014112375594397486
28595.0,28784.349609375,28435.44921875,28736.380859375,11000,15.180000305175781,15.460000038146973,13.430000305175781,15.130000114440918,0,0.010502600667522621,47.561335587445896,28889.60310472011,-34.04970904921356,395.7610489280032,0.013772125685023052,-0.003976204216848078,1,348.900390625,-0.0032938201402944456,-0.006706759282950614,0.0009234357224041645
28766.869140625,28806.970703125,28546.759765625,28622.119140625,9700,15.130000114440918,15.699999809265137,13.720000267028809,15.510000228881836,0,-0.003976204216848078,45.683822190156846,28864.12844147296,-49.09755830479844,386.07889811171725,0.013488829957518189,-0.005326272942998811,1,260.2109375,0.025115671617095714,0.004168582448989877,-0.0012928072010111036
28805.220703125,28978.740234375,28411.69921875,28469.669921875,11400,15.510000228881836,15.510000228881836,12.890000343322754,15.199999809265137,0,-0.005326272942998811,43.23170885310017,28826.560963416014,-72.48885869530204,399.00476364838033,0.014015082181960965,-0.007326739098921786,0,567.041015625,-0.019987131853127504,0.0011238240815245604,-0.015925810656903683
28465.439453125,28484.359375,28209.66015625,28261.080078125,13900,15.199999809265137,15.359999656677246,13.079999923706055,14.260000228881836,0,-0.007326739098921786,40.06305493067528,28772.705641007346,-106.62893789076406,390.1257961556389,0.013804348421120997,-0.0024436626867794242,1,274.69921875,-0.061842078432811864,-0.016540036254946044,-0.008497987828986364
28317.2890625,28385.140625,28163.900390625,28192.01953125,10000,14.260000228881836,14.579999923706055,12.4399995803833,14.270000457763672,0,-0.0024436626867794242,39.04274002202348,28717.402201982837,-137.670822049422,378.0625417427361,0.013410268154917571,-0.0010747306730337636,1,221.240234375,0.0007012783114535015,-0.015026826185086217,-0.008639633717002604
28209.330078125,28455.3203125,28130.08984375,28161.720703125,9700,14.270000457763672,14.489999771118164,12.449999809265137,13.670000076293945,0,-0.0010747306730337636,38.57852806229363,28664.480154472563,-162.83948883841003,374.2888222432549,0.01329069435028242,-0.001771575875136877,1,325.23046875,-0.042046276259458226,-0.010816747071359045,-0.019997652420538636
28216.08984375,28249.599609375,28031.419921875,28111.830078125,17400,13.670000076293945,13.949999809265137,12.359999656677246,13.140000343322754,0,-0.001771575875136877,37.78193228831525,28611.846813868033,-184.68268801680097,363.1381697615939,0.01291762822813044,-0.023273120183986196,0,218.1796875,-0.03877101170542785,-0.005281114507563522,-0.017828486423135503
27937.619140625,27997.140625,27384.869140625,27457.580078125,12700,13.140000343322754,15.609999656677246,12.520000457763672,15.15999984741211,0,-0.023273120183986196,29.25182062327788,28501.916648559174,-251.8825427803058,389.1255103143372,0.014171879284596789,3.862492149653285e-05,1,612.271484375,0.15372902978011282,-0.02605132464209936,-0.03554975686501893
27649.779296875,27694.41015625,27248.44921875,27458.640625,11400,15.15999984741211,15.399999618530273,14.369999885559082,14.5,0,3.862492149653285e-05,29.27969373814139,28402.557027267823,-301.576943282711,393.1851836847417,0.014319178762504442,0.018836283888325145,2,445.9609375,-0.04353561042579923,-0.024965806796279355,-0.028393799915174323
27655.7890625,28017.970703125,27624.759765625,27975.859375,11100,14.5,15.1899995803833,14.109999656677246,14.260000228881836,0,0.018836283888325145,41.40424018375026,28361.91915562327,-295.8149129836529,405.0526761447601,0.014478649993026714,-0.0006566068401607783,1,393.2109375,-0.016551708352976813,-0.004836778777729034,-0.007667423612926827
28069.849609375,28180.640625,27868.2109375,27957.490234375,11100,14.260000228881836,14.739999771118164,13.859999656677246,14.489999771118164,0,-0.0006566068401607783,41.13451159765801,28323.402115504385,-289.39473621249635,398.4367483844201,0.01425152061376826,0.010825377674741343,2,312.4296875,0.016128999897944807,0.018206635647701086,-0.007252059307844005
27954.859375,28298.33984375,27889.01953125,28260.140625,8100,14.489999771118164,14.680000305175781,13.569999694824219,13.670000076293945,0,0.010825377674741343,47.23374825705259,28317.377211646824,-256.92368637085383,399.21414582124726,0.014126403372108035,0.008645403281676067,2,409.3203125,-0.056590732075694206,0.02918935467148609,0.005275734324760473
28351.939453125,28530.810546875,28221.990234375,28504.4609375,8300,13.670000076293945,15.050000190734863,13.600000381469727,14.569999694824219,0,0.008645403281676067,51.59404959883969,28335.194709347128,-209.06556043941237,392.75744344115816,0.013778806212204243,0.00042550905546301365,1,308.8203125,0.0658375723121627,0.018894917772298125,0.03812720772902467
28582.330078125,28641.080078125,28274.359375,28516.58984375,11900,14.569999694824219,14.899999618530273,13.979999542236328,14.25,0,0.00042550905546301365,51.80695729155087,28352.47043643312,-168.21981614338802,390.8976762757183,0.01370772867364404,0.006703471814035966,1,366.720703125,-0.02196291705743092,0.019998204584457335,0.03852882716221506
28601.490234375,28763.060546875,28566.609375,28707.75,9800,14.25,14.699999809265137,13.350000381469727,14.350000381469727,0,0.006703471814035966,55.15482828324469,28386.30658534425,-119.05188645398812,380.58146390780985,0.01325709830647856,0.0061816386690005665,1,196.451171875,0.007017570629454406,0.015838894113783253,0.026161506432722303
28858.419921875,28906.7109375,28622.439453125,28885.2109375,13100,14.350000381469727,14.890000343322754,13.289999961853027,14.420000076293945,0,0.0061816386690005665,58.067084021056985,28433.82128554956,-65.01685950127649,373.7021796554663,0.012937491800356228,-0.00020183609313484396,1,284.271484375,0.0048780273842090605,0.013357558342704579,0.0331832612780214
28889.26953125,28907.810546875,28756.75,28879.380859375,8000,14.420000076293945,14.789999961853027,13.430000305175781,14.260000228881836,0,-0.00020183609313484396,57.933976240660236,28476.255530675793,-22.40586900982089,357.79920588543297,0.012389434788359808,0.005715447798335216,1,151.060546875,-0.011095689775698747,0.012722103786351413,0.02191214270983477
28955.130859375,29072.509765625,28843.939453125,29044.439453125,8500,14.260000228881836,14.930000305175781,13.0600004196167,14.489999771118164,0,0.005715447798335216,60.68195746980317,28530.368285194763,24.401214996414637,348.5685706436163,0.012001215282745368,-0.008426742075535731,0,228.5703125,0.016128999897944807,0.011728172814832183,0.01894364944522109
29087.25,29094.609375,28721.630859375,28799.689453125,10500,14.489999771118164,14.989999771118164,13.34000015258789,14.619999885559082,0,-0.008426742075535731,54.9498054297956,28556.01792023574,41.27113876202566,350.3121381422865,0.012163747067914123,-0.004640688603345211,1,372.978515625,0.008971712663518261,-0.0029607360167819285,0.009927540807865842
28876.23046875,28876.23046875,28497.69921875,28666.0390625,8400,14.619999885559082,15.300000190734863,12.970000267028809,14.949999809265137,0,-0.004640688603345211,52.05794483462378,28566.496124260906,43.356419511295826,352.3277889892661,0.012290773351040677,-0.007812012417786396,0,378.53125,0.022571814383665734,-0.007387339704886475,-0.0014529504227952517
28682.970703125,28696.189453125,28403.759765625,28442.099609375,13900,14.949999809265137,15.180000305175781,13.619999885559082,15.039999961853027,0,-0.007812012417786396,47.543091210993126,28554.648837128912,26.63198031045613,348.0493531686042,0.012237118846664936,-0.019544572289303508,0,292.4296875,0.00602007717298525,-0.020738559775688614,-0.015340422096406958
28525.650390625,28539.4609375,27802.369140625,27886.2109375,19000,15.039999961853027,16.420000076293945,13.65999984741211,16.299999237060547,0,-0.019544572289303508,38.595013504267826,28490.9880847833,-31.119106623937114,375.8380991476325,0.013477560647804752,-0.007536767023352486,0,737.091796875,0.0837765477661796,-0.03171834602979995,-0.03439027750321699
27860.509765625,27976.9296875,27598.2109375,27676.0390625,20700,16.299999237060547,17.34000015258789,15.229999542236328,17.030000686645508,0,-0.007536767023352486,35.84789468324364,28413.373892184893,-92.77689859106613,376.0438599228016,0.013587343877987474,0.007735637183902133,2,378.71875,0.044785367101440654,-0.03453563981551555,-0.04711402307603385
27756.6796875,27947.259765625,27385.48046875,27890.130859375,11700,17.030000686645508,18.3799991607666,14.6899995803833,17.209999084472656,0,0.007735637183902133,40.494278522738966,28363.541222393476,-122.94845096741119,389.31067684795863,0.013958725357399877,-0.005561513099636817,1,561.779296875,0.010569488583068498,-0.019406751174518178,-0.03158223616370648
27977.26953125,28087.779296875,27621.1796875,27735.01953125,11400,17.209999084472656,19.43000030517578,14.970000267028809,18.5,0,-0.005561513099636817,38.32831059992885,28303.682013713144,-157.55956289654569,394.83131488560446,0.014235840520708285,-0.010711370792087171,0,466.599609375,0.07495647787054316,-0.005421726407680794,-0.03247813655804055
27804.580078125,27829.109375,27344.69921875,27437.939453125,12000,18.5,19.59000015258789,17.360000610351562,19.110000610351562,0,-0.010711370792087171,34.51990935894922,28221.230341276176,-206.5796760487574,401.2298035544899,0.01462317548444012,-0.009510525351067445,0,484.41015625,0.03297300596494934,-0.008603095581607878,-0.035305415916587646
27565.490234375,27567.279296875,27141.55078125,27176.990234375,12100,19.110000610351562,20.09000015258789,16.219999313354492,18.739999771118164,0,-0.009510525351067445,31.554082884290068,28121.77890252368,-263.4480251589048,402.97971155952627,0.014827974256318297,0.008072660846840218,2,425.728515625,-0.01936163408770253,-0.025569640694614537,-0.02543266651444831
27215.609375,27482.140625,27073.25,27396.380859375,10300,18.739999771118164,18.899999618530273,16.75,17.40999984741211,0,0.008072660846840218,36.49418928897022,28052.69337460476,-287.4994963972349,403.40191966241724,0.014724642708577828,-0.006221667480457382,1,408.890625,-0.07097118142743164,-0.012209786673971657,-0.010104704740929726
27395.7109375,27438.9609375,27176.5390625,27225.9296875,9500,17.40999984741211,17.889999389648438,15.729999542236328,17.239999771118164,0,-0.006221667480457382,34.41586165147599,27973.95397583288,-316.6641386122028,393.3319164722446,0.014446959974807824,-0.007882894839162713,0,262.421875,-0.009764507626874863,-0.007726883645442717,-0.02381491772928468
27242.05078125,27242.05078125,26897.5390625,27011.310546875,10900,17.239999771118164,18.1200008392334,16.309999465942383,17.229999542236328,0,-0.007882894839162713,31.94870516061053,27882.273649265462,-353.02583659558513,389.8447594920843,0.014432648827444113,0.017743652091343876,2,344.51171875,-0.00058005968762187,-0.0060963221486697305,-0.02609368937200751
27204.630859375,27537.849609375,27159.44921875,27490.58984375,8300,17.229999542236328,18.280000686645508,16.959999084472656,17.309999465942383,0,0.017743652091343876,41.95567747359596,27844.970429692563,-339.2581536512771,399.608638278364,0.014536197315141103,-0.0018351450091373955,1,378.400390625,0.004643060117903497,0.0034387383084857337,0.001918890108892679
27561.3203125,27603.7109375,27338.23046875,27440.140625,11300,17.309999465942383,18.06999969482422,16.270000457763672,17.360000610351562,0,-0.0018351450091373955,41.26777352443084,27806.415210198033,-328.6297567872025,390.02805474062376,0.014213777548402187,-0.026339933685197714,0,265.48046875,0.002888569956778886,0.007867901664285526,0.009682837884386286
27473.359375,27501.150390625,26677.640625,26717.369140625,14200,17.360000610351562,20.459999084472656,16.709999084472656,19.670000076293945,0,-0.026339933685197714,32.935973814377206,27702.696536905365,-374.2145812821582,420.99103408950776,0.015757203932529846,-0.004426325249411667,1,823.509765625,0.13306448068699717,-0.010882160113627193,-0.02478472329010728
26721.33984375,26850.369140625,26423.990234375,26599.109375,12500,19.670000076293945,20.030000686645508,18.34000015258789,19.649999618530273,0,-0.004426325249411667,31.804518780276325,27597.592997676285,-415.0984611923741,421.37588210097147,0.015841728990257646,0.01903376699055359,2,426.37890625,-0.0010168000857191384,-0.03242856824160423,-0.02302291674498025
26814.380859375,27196.279296875,26814.380859375,27105.390625,8800,19.649999618530273,19.649999618530273,17.440000534057617,19.110000610351562,0,0.01903376699055359,41.128685614833394,27550.716581230925,-402.0124159802326,433.9325992276878,0.016009088569543084,0.014827683607677278,2,381.8984375,-0.027480866089660494,-0.012199281504228776,0.0034829882823246283
27249.419921875,27544.240234375,27231.279296875,27507.30078125,11300,19.110000610351562,19.280000686645508,16.770000457763672,18.6299991607666,0,0.014827683607677278,47.28994797968503,27546.581743137504,-355.1172693356202,434.2838142382101,0.01578794726868418,-0.022896478193502268,0,312.9609375,-0.02511781445600547,0.029566221002796045,0.0006078784629570677
27502.91015625,27502.91015625,26837.390625,26877.48046875,12400,18.6299991607666,21.329999923706055,17.219999313354492,20.549999237060547,0,-0.022896478193502268,40.191372934394174,27482.857812243456,-364.5712133395791,451.11426723905225,0.01678409803938116,0.013900824560523883,2,665.51953125,0.10305959005823917,0.010465429117398894,-0.020505002650656023
27023.7109375,27299.80078125,26750.009765625,27251.099609375,13600,20.549999237060547,21.43000030517578,18.100000381469727,20.690000534057617,0,0.013900824560523883,45.424894995123196,27460.78560244646,-338.0191159328242,458.1626064094771,0.016812628223334472,-0.0016527429404905591,1,549.791015625,0.00681271543526818,0.005375645988315192,0.01997690962537324
27290.169921875,27293.990234375,26948.619140625,27206.060546875,8900,20.690000534057617,21.90999984741211,19.81999969482422,20.700000762939453,0,-0.0016527429404905591,44.91466812137412,27436.52607334442,-316.95698060351424,450.106069790943,0.016544330959472338,0.004335043396738625,1,345.37109375,0.00048333632787378455,-0.010951282961952247,0.02281847723989827
27233.900390625,27379.5703125,27159.759765625,27324.0,9300,20.700000762939453,20.979999542236328,19.100000381469727,19.81999969482422,0,0.004335043396738625,46.60595270451049,27425.809304454473,-287.4349867987403,433.65638958266135,0.0158708969983407,0.013296032105475142,2,219.810546875,-0.042512127327587246,0.01661314689705229,0.00806516231492238
27416.970703125,27725.970703125,27370.279296875,27687.30078125,7800,19.81999969482422,20.469999313354492,16.770000457763672,17.899999618530273,0,0.013296032105475142,51.54157502506313,27450.713254625476,-232.0483482844793,431.3931262642569,0.01558090222201793,-0.0015086874919669757,1,355.69140625,-0.09687185196048886,0.01600673654008955,0.006543717300051988
27663.080078125,27872.23046875,27574.0703125,27645.529296875,10600,17.899999618530273,18.520000457763672,14.869999885559082,18.270000457763672,0,-0.0015086874919669757,50.958314754762625,27469.267163411143,-189.34203084271212,421.87648554895287,0.015260206488310607,0.006933549311594067,1,298.16015625,0.020670438386510837,0.01615334014429659,0.02857592358844796
27749.30078125,27903.009765625,27743.990234375,27837.2109375,16400,18.270000457763672,18.270000457763672,15.569999694824219,17.719999313354492,0,0.006933549311594067,53.555621013862066,27504.309427610082,-138.43407825765098,410.1339129204562,0.014733297593688079,-0.001000866365080677,1,159.01953125,-0.030104057505672466,0.018782423418972405,0.02150780469509428
27885.359375,27911.439453125,27712.73046875,27809.349609375,8400,17.719999313354492,18.059999465942383,16.139999389648438,17.40999984741211,0,-0.001000866365080677,53.11528593881506,27533.360873492453,-99.19388997724309,395.0321323100665,0.01420501154679628,0.005327359061107151,1,198.708984375,-0.0174943271983512,0.004408115803316237,0.02217480408310335
27849.5390625,28071.16015625,27828.609375,27957.5,17800,17.40999984741211,17.440000534057617,14.199999809265137,16.950000762939453,0,0.005327359061107151,55.22349688572863,27573.75507601698,-55.50147324071804,385.51630477899033,0.013789369749762687,-0.011217710475722065,0,242.55078125,-0.026421544428734345,0.011284671014067493,0.02318474601083298
27893.25,27903.2890625,27614.3203125,27643.880859375,8300,16.950000762939453,17.700000762939453,14.680000305175781,16.93000030517578,0,-0.011217710475722065,50.08887451540008,27580.433722051075,-45.655078488554864,382.49226068763386,0.013836416913868931,-0.004068556932984246,1,288.96875,-0.0011799679565444032,-0.006945023284087748,-0.0015682251664056457
27633.66015625,27675.939453125,27473.5390625,27531.41015625,7100,16.93000030517578,17.84000015258789,15.289999961853027,17.06999969482422,0,-0.004068556932984246,48.35257075011851,27575.7648110224,-46.39240275266275,369.62855568316,0.013425703717513698,0.0012077114761392949,1,202.400390625,0.008269308158584954,-0.009994460748959821,-0.004127941968464999
27447.400390625,27595.80078125,27363.720703125,27564.66015625,8600,17.06999969482422,17.969999313354492,16.90999984741211,17.280000686645508,0,0.0012077114761392949,48.91634253981995,27574.707224853602,-43.788968455282884,359.8036644290058,0.01305307819466891,-0.002102301222707492,1,232.080078125,0.01230234303313793,-0.014051322319592274,-0.009790879620157678
27619.310546875,27666.369140625,27354.349609375,27506.7109375,9000,17.280000686645508,17.719999313354492,16.600000381469727,17.1299991607666,0,-0.002102301222707492,47.9342748740654,27568.231387962784,-45.87295084673315,356.3905120590768,0.012956493157937262,0.011696364438337437,2,312.01953125,-0.008680643513795272,-0.004962035633592321,-0.010882623151063364
27553.029296875,27888.3203125,27467.23046875,27828.439453125,12500,17.1299991607666,17.709999084472656,16.440000534057617,16.65999984741211,0,0.011696364438337437,53.51426912650019,27593.013108454423,-21.317979099614604,361.01189289414276,0.012972768146134865,0.0007384812678632446,1,421.08984375,-0.027437205859936475,0.01078874257400031,-0.0046163121479030345
27770.7890625,27959.4296875,27737.580078125,27848.990234375,9600,16.65999984741211,17.459999084472656,16.059999465942383,16.90999984741211,0,0.0007384812678632446,53.85446961819194,27617.39188235162,-0.1974348778021522,351.07172978563256,0.012606264242654378,-0.023721124875277777,0,221.849609375,0.015006002538399343,0.010315022079476988,0.007419702611344503
27890.73046875,27902.529296875,27146.6796875,27188.380859375,14500,16.90999984741211,17.139999389648438,16.030000686645508,16.81999969482422,0,-0.023721124875277777,42.96851143779471,27576.53368968718,-36.34593373675307,379.98443547058736,0.013975986191894265,-0.012916607371413424,0,755.849609375,-0.005322303571851594,-0.011572815043147111,-0.012459561458283197
27230.6796875,27276.220703125,26698.259765625,26837.19921875,14000,16.81999969482422,17.920000076293945,15.859999656677246,17.510000228881836,0,-0.012916607371413424,38.511837114477075,27506.120882931256,-92.26769837710526,394.12561418697396,0.01468579530130757,-0.0008860573221958212,1,577.9609375,0.041022624647843564,-0.035619684533323315,-0.026391072241645497
26940.640625,26948.83984375,26551.970703125,26813.419921875,11600,16.81999969482422,18.670000076293945,16.469999313354492,18.1200008392334,0,-0.0008860573221958212,38.222746251069594,27440.149362830663,-136.9264869671024,394.3215803611187,0.014706127808762737,-0.0016756418103661685,1,396.869140625,0.03483727026715844,-0.037185201466362616,-0.025204431645800107
26819.8203125,27014.419921875,26718.439453125,26768.490234375,11900,18.1200008392334,18.3799991607666,17.690000534057617,18.09000015258789,0,-0.0016756418103661685,37.647706683632386,27376.181826787266,-173.93928515622247,387.29721524603883,0.014468399668976758,-0.009167509578477007,0,295.98046875,-0.0016556669567338034,-0.015443752504857744,-0.038088704921287686
26814.310546875,26827.060546875,26472.869140625,26523.08984375,7900,18.09000015258789,19.06999969482422,17.15999984741211,18.889999389648438,0,-0.009167509578477007,34.587041705309005,27294.934971259907,-220.53180167725804,384.93251460346465,0.014513109779861172,-0.0015774875399692245,1,354.19140625,0.044223285257745104,-0.011704253206144766,-0.047610357843006934
26510.2890625,26604.650390625,26438.3203125,26481.25,11000,18.889999389648438,19.1200008392334,16.479999542236328,18.010000228881836,0,-0.0015774875399692245,34.078349240054905,27217.44116447325,-257.86037849085915,369.3180548550029,0.013946398106396144,0.013566202501770208,2,166.330078125,-0.046585452048708564,-0.012388196762771364,-0.02600856825687614
26517.3203125,26934.740234375,26493.2890625,26840.5,8400,18.010000228881836,18.020000457763672,16.709999084472656,17.079999923706055,0,0.013566202501770208,41.97028803434696,27181.54200595199,-255.5097149859539,375.3303533921456,0.01398373180053075,-0.01749295025241704,0,441.451171875,-0.05163799518916057,0.002690094398096754,0.00012299276176674923
26959.98046875,27000.140625,26348.9296875,26370.98046875,11300,17.079999923706055,17.950000762939453,15.949999809265137,17.809999465942383,0,-0.01749295025241704,35.918122105197796,27104.34566907561,-288.2107849324166,395.03610939984947,0.014979955328849949,0.002059851834647297,1,651.2109375,0.04274002022816936,-0.0057349794422931755,-0.01650067221615581
26340.3203125,26489.580078125,26307.0703125,26425.30078125,9600,17.809999465942383,18.209999084472656,16.079999923706055,17.479999542236328,0,0.002059851834647297,37.049125540775215,27039.674727377933,-306.2135836376765,379.8556562730745,0.01437469565313709,0.0061021065128012975,1,182.509765625,-0.01852891261098044,-0.002112786169459535,-0.012820650328806749
26498.669921875,26728.599609375,26307.83984375,26586.55078125,11000,17.479999542236328,18.020000457763672,15.350000381469727,17.520000457763672,0,0.0061021065128012975,40.41125974749828,26996.520065841938,-303.96547910604204,382.7773783696406,0.014397406475141256,0.0037597575254288973,1,420.759765625,0.0022883819550847395,-0.009461419077513411,0.002392667591666564
26586.859375,26731.349609375,26379.9296875,26686.509765625,13100,17.520000457763672,17.860000610351562,14.09000015258789,17.170000076293945,0,0.0037597575254288973,42.462748704345685,26966.995275345085,-290.7662135073988,380.53756004859486,0.014259547741187453,0.005476564448051446,1,351.419921875,-0.019977190201192596,0.011965019550520983,0.0077511358272361885
26815.41015625,26983.48046875,26728.890625,26832.66015625,23000,17.170000076293945,17.190000534057617,14.300000190734863,16.729999542236328,0,0.005476564448051446,45.421376846073095,26954.201454478887,-265.45261284883236,374.5684988397666,0.013959424695822424,0.010553181094459685,2,254.58984375,-0.025626123011211366,0.01541550570690342,-0.0002920900784262326
26916.990234375,27175.390625,26910.259765625,27115.830078125,10500,16.729999542236328,16.729999542236328,14.239999771118164,16.020000457763672,0,0.010553181094459685,50.70988225276284,26969.5946567309,-220.0058651422769,372.2943538333547,0.013729778980053928,0.0073882983914852485,2,265.130859375,-0.04243867925281186,0.019907783496619258,0.028245048008649354
27207.759765625,27404.599609375,27202.380859375,27316.169921875,8100,16.020000457763672,16.020000457763672,14.90999984741211,15.09000015258789,0,0.0073882983914852485,54.098642180455926,27002.60182483986,-165.91072353295385,366.3282950774008,0.013410675659329616,0.015157359791257985,2,202.21875,-0.05805245184778263,0.023594698661608682,0.03371273417092424
27427.189453125,27782.310546875,27417.029296875,27730.2109375,8100,15.09000015258789,15.75,13.739999771118164,15.489999771118164,0,0.015157359791257985,60.190240023914804,27071.897930807492,-88.60885665490787,373.45774721472935,0.013467540800769624,0.0026742747573085257,1,365.28125,0.026507595393342243,0.03344993660797879,0.043016492273099116
27760.109375,27882.66015625,27666.58984375,27804.369140625,8600,15.489999771118164,16.540000915527344,14.829999923706055,15.039999961853027,0,0.0026742747573085257,61.18385607233639,27141.657093647256,-21.119174302813917,362.21578759224866,0.013027297463944784,-0.0026866000221834607,1,216.0703125,-0.029050988761418983,0.025392512805848533,0.04188855660847479
27852.3203125,27948.240234375,27647.2890625,27729.669921875,9400,15.039999961853027,16.610000610351562,14.949999809265137,15.920000076293945,0,-0.0026866000221834607,59.57096434710634,27197.658315383233,26.039119768516684,357.83974361244515,0.01290457999033582,0.005997214597885048,1,300.951171875,0.058510646055380366,0.015137554100103312,0.0334297740291718
27660.220703125,27968.75,27635.759765625,27895.970703125,10100,15.920000076293945,16.709999084472656,15.479999542236328,15.930000305175781,0,0.005997214597885048,61.974269138583125,27264.164257072924,75.95591824583971,356.06477866691336,0.0127640218172091,-0.0030158785392463416,1,332.990234375,0.0006281550775069089,0.005977587620902058,0.02877067096055308
27880.720703125,27921.859375,27675.16015625,27811.83984375,9600,15.930000305175781,16.520000457763672,15.520000457763672,15.760000228881836,0,-0.0030158785392463416,60.030116429927745,27316.323836756455,107.48763290618444,348.2529529585624,0.012521751704133423,-0.005993470912441623,1,246.69921875,-0.010671693222674361,0.00026868810032043555,0.018145659632833988
27451.0703125,27695.3203125,27209.189453125,27645.150390625,10900,15.760000228881836,18.770000457763672,15.760000228881836,17.299999237060547,0,-0.005993470912441623,56.26405443009593,27347.640651410602,117.66987311265257,366.42419850616506,0.013254556163688895,0.004907901949631421,1,486.130859375,0.09771567168866557,-0.0030479818724176155,-0.003067432377875323
27627.390625,27814.529296875,27570.94921875,27780.830078125,9500,17.299999237060547,17.84000015258789,16.780000686645508,16.93000030517578,0,0.004907901949631421,58.543863621985146,27388.896787288162,135.12989537569592,357.649618478939,0.01287397163703028,0.008640456812304187,2,243.580078125,-0.021387222439417375,-0.004127500212319224,-0.0008465958130877693
27823.650390625,28099.25,27799.91015625,28020.869140625,18400,16.93000030517578,17.100000381469727,15.720000267028809,15.850000381469727,0,0.008640456812304187,62.2890954093006,27449.084630463098,166.41787341226154,354.84749729294333,0.01266368632293711,-0.002679016093264708,1,299.33984375,-0.06379207939977893,0.007515838507964556,0.010501358998156851
28100.380859375,28115.9609375,27906.349609375,27945.80078125,6800,15.850000381469727,16.079999923706055,15.15999984741211,15.5600004196167,0,-0.002679016093264708,60.44982900153702,27496.39093053804,183.04638738350332,344.4734852095188,0.01232648468032594,0.005259762724302508,1,209.611328125,-0.018296527121353656,0.010875339304609266,0.0017862822790897237
27973.119140625,28135.4296875,27897.44921875,28092.7890625,6000,15.5600004196167,16.389999389648438,14.789999961853027,16.309999465942383,0,0.005259762724302508,62.768070266387625,27553.190752629656,205.71398757597126,336.866841176696,0.011991220965182372,0.004128130634056815,1,237.98046875,0.04820045154884123,0.011229289531583975,0.010101784719328322
27857.19921875,28235.310546875,27774.80078125,28208.759765625,8300,16.309999465942383,17.049999237060547,15.890000343322754,16.020000457763672,0,0.004128130634056815,64.5343847369564,27615.62589672445,230.380408630459,345.69847863728916,0.012255004527301301,-0.0013141418767788071,1,460.509765625,-0.01778044253062483,0.006705381765892193,0.020387278312334
28220.109375,28335.23046875,28084.359375,28171.689453125,8000,16.020000457763672,16.56999969482422,15.220000267028809,16.309999465942383,0,-0.0013141418767788071,63.497403055582346,27668.58433066736,244.1233585035734,338.92509400248275,0.01203069821447598,-0.0171792590148091,0,250.87109375,0.018102309606250477,0.00808309891146708,0.0140693915156902
28031.44921875,28031.44921875,27635.720703125,27687.720703125,13700,16.309999465942383,18.3799991607666,15.4399995803833,17.790000915527344,0,-0.0171792590148091,51.79569339580498,27670.40684232999,213.50140061494676,352.9996408594483,0.012749321067068069,-0.004119535446705291,1,395.728515625,0.09074196799793999,-0.01441894425198642,-0.011889297074550664
27681.490234375,27798.130859375,27540.599609375,27573.66015625,8200,17.790000915527344,18.079999923706055,16.290000915527344,17.440000534057617,0,-0.004119535446705291,49.48129955593695,27661.192872227133,177.9779267279555,346.1804700837734,0.01255475218458824,0.0031820307452041785,1,257.53125,-0.019673994573223497,-0.02251426913667176,-0.013316513200426372
27705.359375,27729.4609375,27530.900390625,27661.400390625,10800,17.440000534057617,17.6299991607666,16.239999771118164,17.06999969482422,0,0.0031820307452041785,51.28455924159563,27661.212635884072,155.11712768712096,335.63618985457526,0.012133738173586072,0.010837812195567897,2,198.560546875,-0.02121564380177876,-0.018113541374544573,-0.015355850603343768
27739.3203125,28005.169921875,27635.060546875,27961.189453125,7800,17.06999969482422,17.719999313354492,15.569999694824219,16.270000457763672,0,0.010837812195567897,56.94017667136687,27689.78185657368,159.35332570142782,338.0985602221056,0.012091708787600202,-0.0010117260049835597,1,370.109375,-0.046865802657460764,0.009876896438395955,-0.00877636289425554
27986.919921875,28018.58984375,27853.9609375,27932.900390625,6900,16.270000457763672,16.610000610351562,14.699999809265137,16.010000228881836,0,-0.0010117260049835597,56.276241119850916,27712.936002673807,158.59961459353508,325.7078706526695,0.01166036702590274,0.009500935032298763,2,164.62890625,-0.01598034551730876,0.013028384057078846,-0.008476206686053422
28022.140625,28218.369140625,27986.48046875,28198.2890625,6000,16.010000228881836,16.030000686645508,14.1899995803833,15.569999694824219,0,0.009500935032298763,60.88419283518135,27759.160103609633,177.37230348086814,322.8336477489074,0.01144869630328861,0.008788833874838975,2,231.888671875,-0.02748285620033042,0.01940930915619732,0.01844024522095733
28259.69921875,28478.4296875,28245.810546875,28446.119140625,8500,15.569999694824219,15.569999694824219,14.300000190734863,14.779999732971191,0,0.008788833874838975,64.63262434850799,27824.58477380157,209.82883458512515,319.78414612398547,0.011241749517504108,0.0006043497942553877,1,232.619140625,-0.050738598416006364,0.017342956325693937,0.03164102913545341
28480.919921875,28576.3203125,28417.4609375,28463.310546875,7300,14.779999732971191,15.140000343322754,13.289999961853027,14.800000190734863,0,0.0006043497942553877,64.88401217699395,27885.415799808565,234.23792316156687,308.2895196151294,0.010831119560299238,-0.0015174414156382543,1,158.859375,0.0013532109692164784,0.01898872472362445,0.02899022265415674
28544.279296875,28549.130859375,28319.830078125,28420.119140625,6600,14.800000190734863,15.619999885559082,12.729999542236328,14.960000038146973,0,-0.0015174414156382543,63.65974299696794,27936.339927505367,247.2470066113492,302.647466874763,0.010649056936645458,-0.008373593173464977,0,229.30078125,0.010810800361494177,0.007866792117540378,0.016413096026167473
28381.8203125,28518.060546875,28138.30078125,28182.140625,11700,14.960000038146973,15.3100004196167,13.010000228881836,15.100000381469727,0,-0.008373593173464977,57.25001082569805,27959.74951774295,235.6376376220178,308.15548821406566,0.01093442447521907,0.011453674395963231,2,379.759765625,0.009358311695572441,-0.009279948323354992,0.008922819717591901
28159.419921875,28546.419921875,28070.91015625,28504.9296875,9500,15.100000381469727,15.350000381469727,13.5,15.130000114440918,0,0.011453674395963231,62.7313250213683,28011.67143867219,249.6062037970769,320.1093651719895,0.01122996508608699,-0.004704093124243025,1,475.509765625,0.001986737232669622,0.0014622030897093463,0.010874440797466356
28540.970703125,28578.330078125,28315.369140625,28370.83984375,8900,15.130000114440918,15.739999771118164,13.100000381469727,15.520000457763672,0,-0.004704093124243025,59.328246587715306,28045.877953441504,247.00909626987414,316.0273346239902,0.011139160361994358,-0.009112500662610934,0,262.9609375,0.025776625272495357,-0.0017339581382879166,-0.0026463819722771786
28390.5,28402.640625,28083.759765625,28112.310546875,9300,15.520000457763672,15.930000305175781,12.069999694824219,15.460000038146973,0,-0.009112500662610934,53.322132576585325,28052.20486710184,221.5359872454901,316.2311578204909,0.011248849762569358,-0.019597453100888673,0,318.880859375,-0.003866006304573566,-0.0024778131318760055,-0.01233166463268398
28117.650390625,28117.650390625,27529.5703125,27561.380859375,9500,15.460000038146973,17.049999237060547,12.930000305175781,16.3700008392334,0,-0.019597453100888673,43.26940195305058,28005.459723508808,155.10498957971868,335.6489378422416,0.012178233723295857,-0.003706287110438966,1,588.080078125,0.05886162993797117,-0.03310125085271709,-0.030215857892815112
27630.2109375,27676.650390625,27416.390625,27459.23046875,11800,16.3700008392334,16.56999969482422,15.59000015258789,15.920000076293945,0,-0.003706287110438966,41.69962752452528,27953.437889722252,93.14158429793315,330.26399696958146,0.012027430897797325,0.0037946882331092446,1,260.259765625,-0.027489354909558283,-0.032131913613435925,-0.025651357214814152
27540.4609375,27609.2890625,27470.08984375,27563.4296875,8600,15.920000076293945,16.34000015258789,14.130000114440918,15.880000114440918,0,0.0037946882331092446,43.93404686402963,27916.294251415373,51.84550263216806,317.3921824538971,0.011514974226804375,0.005148848437368514,1,139.19921875,-0.002512560405862674,-0.019524572996580503,-0.033029374579122917
27685.8203125,27854.4609375,27649.970703125,27705.349609375,9400,15.880000114440918,15.880000114440918,14.65999984741211,15.329999923706055,0,0.005148848437368514,46.918079466071575,27896.204285506767,30.221438084834517,315.5092587071901,0.011388026614196824,0.014770105530865774,2,204.490234375,-0.03463477246670199,0.005223568105479304,-0.023456839418224185
27814.509765625,28161.169921875,27814.509765625,28114.560546875,15000,15.329999923706055,15.579999923706055,14.5,14.569999694824219,0,0.014770105530865774,54.446660474626555,27917.000119922788,45.57871086872183,325.53147683524793,0.011578750316672886,0.0025787349540506987,1,346.66015625,-0.04957600995852485,0.023865566038742347,8.003611073692518e-05
28089.08984375,28263.349609375,28071.369140625,28187.060546875,10200,14.569999694824219,15.649999618530273,14.279999732971191,15.390000343322754,0,0.0025787349540506987,55.64689465136854,27942.720160584904,62.874822470126674,315.9921191148731,0.011210538203846376,-0.004084528756857719,1,191.98046875,0.05628007314165062,0.022625299770217433,0.022701318583868257
28225.0390625,28264.720703125,27866.119140625,28071.9296875,13600,15.390000343322754,15.699999809265137,14.279999732971191,14.829999923706055,0,-0.004084528756857719,53.24759659750554,27955.025829814913,66.5251567664418,321.8927936423822,0.011466714159864689,0.005384396167546157,1,398.6015625,-0.03638729091124848,0.013231382505310751,0.022313051323389566
28138.0390625,28315.7109375,28135.6796875,28223.080078125,9800,14.829999923706055,14.880000114440918,13.6899995803833,14.670000076293945,0,0.005384396167546157,55.93387103862938,27980.554805844447,80.6845648630806,316.3133976679263,0.011207614363575182,0.0026591988203361616,1,180.03125,-0.010788931101499588,0.003859904943883663,0.02393208675784453
28291.880859375,28359.9609375,28163.689453125,28298.130859375,7500,14.670000076293945,15.010000228881836,12.890000343322754,14.729999542236328,0,0.0026591988203361616,57.24739983575144,28010.800144275927,96.8455929033189,307.73897528986015,0.010874886995863477,-0.0021817778241896013,1,196.271484375,0.0040899431240861706,0.003940471632907228,0.021395913004447875
28327.109375,28335.669921875,28193.9296875,28236.390625,10300,14.729999542236328,15.069999694824219,13.170000076293945,14.90999984741211,0,-0.0021817778241896013,55.7745168216067,28032.284951963935,103.47856662682898,295.8819223673701,0.010478744478956227,-0.004769374516152447,1,141.740234375,0.012219980364537975,0.005858554767370849,0.004333344564353858
28250.779296875,28417.58984375,28017.849609375,28101.720703125,8700,14.90999984741211,15.619999885559082,14.239999771118164,15.470000267028809,0,-0.004769374516152447,52.59580876100181,28038.89788064594,96.75319823639438,303.300373225058,0.01079294668213431,-0.008384926384554015,0,399.740234375,0.03755871397368904,-0.00430000462968827,-0.003027624807066309
28193.259765625,28205.119140625,27825.830078125,27866.08984375,14700,15.470000267028809,16.09000015258789,13.550000190734863,15.890000343322754,0,-0.008384926384554015,47.495319023437105,28022.43997237014,71.58467070700863,308.7281367446967,0.011078990216273217,-0.012697514438121282,0,379.2890625,0.027149325730077223,-0.015267475359838745,-0.007332586182761003
27880.759765625,27883.330078125,27479.4296875,27512.259765625,18200,15.890000343322754,17.719999313354492,14.789999961853027,17.450000762939453,0,-0.012697514438121282,41.056708767416914,27973.851381251556,22.824197940884915,315.5261548790041,0.011468565561933085,0.0013546517649767331,1,403.900390625,0.09817497708690981,-0.02564530534344811,-0.02518578094709578
27635.25,27791.099609375,27496.2890625,27549.529296875,15900,17.450000762939453,17.450000762939453,16.25,17.020000457763672,0,0.0013546517649767331,41.949381045859155,27933.439754168074,-12.6654884620948,314.0464685930038,0.011399340627886036,0.01879455886234438,2,294.810546875,-0.024641850222094086,-0.019649736472848622,-0.026454099255534103
27668.060546875,28100.640625,27643.19921875,28067.310546875,13200,17.020000457763672,17.020000457763672,15.140000343322754,16.020000457763672,0,0.01879455886234438,52.67304712394534,27946.189353473495,0.9780249083560193,330.97967284528926,0.011792354393646754,-0.006735273595568914,0,457.44140625,-0.05875440500025664,0.0072209880989144715,-0.005988020224344748
28093.5390625,28095.970703125,27739.130859375,27878.26953125,12300,16.020000457763672,17.200000762939453,15.289999961853027,16.459999084472656,0,-0.006735273595568914,49.10633272398132,27939.72079897602,-3.4239533260042663,332.82682790991146,0.011938575582563723,-0.0016762327624968432,1,356.83984375,0.02746558140675659,0.013303515187157,-0.007951512088373747
27949.130859375,28040.73046875,27747.400390625,27831.5390625,11800,16.459999084472656,16.65999984741211,15.100000381469727,16.360000610351562,0,-0.0016762327624968432,48.23679758185626,27929.417776454495,-10.561563941802888,330.00563149670353,0.011857254130130035,0.003596695183662124,1,293.330078125,-0.0060752417790488344,0.01023646402760825,-0.0012398862360571972
27851.810546875,28021.390625,27721.25,27931.640625,10900,16.360000610351562,16.989999771118164,14.949999809265137,16.68000030517578,0,0.003596695183662124,50.268259555649934,27929.62947631597,-8.048039479061117,327.872416746939,0.011738387341754615,-0.011593315152786499,0,300.140625,0.019559882816981178,-0.004833734306264215,0.015243417405464976
27959.189453125,27964.599609375,27564.16015625,27607.8203125,14400,16.68000030517578,17.200000762939453,15.470000267028809,16.979999542236328,0,-0.011593315152786499,44.222158377899376,27898.980984523976,-31.818858182276017,333.05577648822907,0.012063820059616634,-0.008756576841763342,0,400.439453125,0.01798556544195362,-0.009701076261094399,0.0021158624888597544
27440.099609375,27442.8203125,27131.439453125,27366.0703125,14000,16.979999542236328,18.729999542236328,15.1899995803833,17.110000610351562,0,-0.008756576841763342,40.322913220803606,27848.22758718836,-69.36501120408502,343.29328240871274,0.01254448587205108,-0.059362186352454605,0,311.380859375,0.007656129070667372,-0.016724506286005858,-0.02498423328461996
26730.400390625,26730.400390625,25624.720703125,25741.560546875,26000,17.110000610351562,30.649999618530273,17.110000610351562,28.1299991607666,0,-0.059362186352454605,24.615828409903372,27647.592630968044,-227.5815510151442,443.1544486205904,0.01721552381463481,0.011297695490155801,2,1105.6796875,0.6440676889133441,-0.07840857282707503,-0.07664424730451314
25916.259765625,26124.830078125,25298.419921875,26032.380859375,21200,28.1299991607666,35.56999969482422,26.079999923706055,26.850000381469727,0,0.011297695490155801,29.881608591375866,27493.76293843537,-325.7475153854575,470.5298563084054,0.018074791501022244,-0.012204826936164759,0,826.41015625,-0.04550297964751138,-0.05706497055153925,-0.06464458178488486
26063.26953125,26156.609375,25657.560546875,25714.66015625,13400,26.850000381469727,29.049999237060547,23.530000686645508,25.520000457763672,0,-0.012204826936164759,27.61231426092995,27324.324578227242,-424.2911901085208,472.5669257238764,0.01837733506305033,0.020086957935139482,2,499.048828125,-0.04953444710652377,-0.06034516967149961,-0.07937165233200472
26137.029296875,26302.76953125,25943.75,26231.189453125,18600,25.520000457763672,25.520000457763672,21.520000457763672,22.040000915527344,0,0.020086957935139482,36.10746522398031,27220.216471074647,-455.4579293561219,480.8199578150281,0.018330085971673182,0.0061450284798578725,1,359.01953125,-0.1363636159801731,0.01902094884101513,-0.04986380104595589
26542.83984375,26687.330078125,26270.169921875,26392.380859375,12100,22.040000915527344,23.670000076293945,19.799999237060547,23.329999923706055,0,0.0061450284798578725,38.53177809581376,27141.374984246107,-461.82733733522764,479.0571483282403,0.018151342650016035,-0.004141006308120865,1,417.16015625,0.058529898121278956,0.01382893105108951,-0.03558017070065944
26469.419921875,26504.73046875,26215.16015625,26283.08984375,10000,23.329999923706055,24.739999771118164,22.68000030517578,24.600000381469727,0,-0.004141006308120865,37.49301578204202,27059.633542294097,-470.27299625948217,465.52237434050886,0.017711858731526118,-0.0223204499209404,0,289.5703125,0.054436367848985645,0.022105277069424556,0.02103715879574919
26127.0390625,26141.0703125,25579.880859375,25696.439453125,14000,24.600000381469727,30.440000534057617,24.440000534057617,28.719999313354492,0,-0.0223204499209404,32.43791667850397,26929.805533801802,-518.3290508367827,482.4999893429725,0.018776920056303544,-0.009451850583932275,0,561.189453125,0.16747962878033973,-0.020386037047827932,-0.012904751511770285
25891.94921875,25939.369140625,25395.08984375,25453.560546875,16200,28.719999313354492,28.719999313354492,26.3799991607666,26.649999618530273,0,-0.009451850583932275,30.59852223666195,26789.210773142106,-569.4478775615971,486.9127970238316,0.01912945719822334,0.012226923986798033,2,544.279296875,-0.0720752000109447,-0.035571641584829394,-0.010153725843098038
25614.689453125,25835.41015625,25555.76953125,25764.779296875,11300,26.649999618530273,26.649999618530273,23.719999313354492,24.1200008392334,0,0.012226923986798033,35.63505816100751,26691.645870640477,-578.1822389264889,479.40828362034364,0.018607117805914637,-0.021846835936928488,0,279.640625,-0.09493428951262406,-0.019720304954870094,-0.017780747498449267
25772.580078125,25775.380859375,25119.060546875,25201.900390625,14100,24.1200008392334,27.25,23.420000076293945,26.420000076293945,0,-0.021846835936928488,31.22183805590211,26549.76534873424,-623.3384491676261,492.04485711174766,0.019524117208827088,-0.012224865544846253,0,656.3203125,0.09535651563159919,-0.019245431391462953,-0.04510697519458995
25302.98046875,25387.3203125,24851.76953125,24893.810546875,12800,26.420000076293945,26.829999923706055,24.510000228881836,26.350000381469727,0,-0.012224865544846253,29.097694850866446,26392.05536760479,-676.190641887406,495.1524231216228,0.019890583733223634,0.017034699968954126,2,535.55078125,-0.0026494963899348356,-0.021991029465962986,-0.05285829425437072
24972.009765625,25411.0,24833.5390625,25317.869140625,12600,26.350000381469727,26.440000534057617,23.84000015258789,24.56999969482422,0,0.017034699968954126,35.592891419075514,26289.75191741624,-676.065142757463,501.0316027200783,0.019789643430778464,0.01586669617686809,2,577.4609375,-0.06755220724388555,-0.01734577855686137,-0.014732403420737783
25682.869140625,25820.560546875,25553.609375,25719.580078125,14400,24.56999969482422,24.65999984741211,21.350000381469727,24.299999237060547,0,0.01586669617686809,41.09763562461778,26235.449837483742,-636.2170542054264,501.1501601150727,0.019485161056004587,-0.003787392949422541,1,266.951171875,-0.010989029756502178,0.020541295675169602,0.010451171684216831
25522.9609375,25733.69921875,25287.5,25622.169921875,14600,24.299999237060547,25.84000015258789,24.020000457763672,24.75,0,-0.003787392949422541,40.200395003534,26177.042226473386,-605.5173157620338,497.22509287471036,0.01940604930772093,-0.0004667436213039444,1,446.19921875,0.018518550496624986,0.029258653416217584,-0.005535051294512594
25793.76953125,25875.9609375,25530.41015625,25610.2109375,11800,24.75,25.260000228881836,23.260000228881836,24.979999542236328,0,-0.0004667436213039444,40.084691800804954,26123.058294190207,-575.5183249572401,486.3912134729453,0.018992081504519833,0.009624609568876119,2,345.55078125,0.009292910797427334,0.011546856303396691,0.016201577680502677
25706.869140625,25891.73046875,25531.0703125,25856.69921875,8800,24.979999542236328,25.270000457763672,23.459999084472656,24.31999969482422,0,0.009624609568876119,43.68255514784149,26097.6907631959,-525.7933459083906,477.4104236713064,0.018463703337861157,-0.005830965892996476,1,360.66015625,-0.026421131285297994,0.005331313349925981,0.038679842528000385
25908.33984375,25909.830078125,25649.369140625,25705.9296875,11200,24.31999969482422,24.559999465942383,22.700000762939453,23.739999771118164,0,-0.005830965892996476,42.02040927350267,26060.380184558195,-492.87028110193205,461.9140318019273,0.017969162656915765,0.01003819036159892,2,260.4609375,-0.02384868137270124,0.0032690348194706065,0.015327535849070317
25884.05078125,26006.75,25816.5,25963.970703125,9600,23.739999771118164,23.739999771118164,21.600000381469727,22.0,0,0.01003819036159892,45.8201890644983,26051.198329183604,-440.87463328516606,450.4073375660754,0.017347398158628517,0.009818970142895678,2,190.25,-0.07329400959957166,0.013813231233757772,0.009502123450602529
26130.359375,26471.8203125,26130.359375,26218.91015625,56600,22.0,22.0,17.8799991607666,18.290000915527344,0,0.009818970142895678,49.35185653072267,26067.17088414231,-374.7760396377307,454.51035698099855,0.017335211657249355,-0.0009889689291230352,1,341.4609375,-0.16863632202148438,0.014008398149959689,0.023289995975927624
26107.98046875,26233.4609375,25972.5390625,26192.98046875,8100,18.290000915527344,18.920000076293945,16.989999771118164,18.18000030517578,0,-0.0009889689291230352,49.001991156229636,26079.152749343044,-320.78690527420986,440.68260826807006,0.016824454505810604,-0.020659757511964583,0,260.921875,-0.006014248487990925,0.0189470206746436,0.022755358504161105
26274.369140625,26339.099609375,25571.33984375,25651.83984375,13600,18.18000030517578,21.25,17.209999084472656,20.350000381469727,0,-0.020659757511964583,42.26754303570132,26038.456282143707,-317.99994780678753,464.0452623649936,0.018090135646861096,0.006672051270688817,1,767.759765625,0.11936193838655518,-0.012021692018680086,-0.007922874194686291
25526.529296875,25934.01953125,25386.48046875,25822.990234375,11700,20.350000381469727,22.190000534057617,19.770000457763672,20.690000534057617,0,0.006672051270688817,44.84916595402874,26017.935706165736,-298.5394804783864,470.0091052317798,0.01820118820345267,0.0015687480519228636,1,547.5390625,0.016707623892601386,-0.015100548402490421,0.004553834399225076
25798.05078125,25949.900390625,25670.9609375,25863.5,11800,20.690000534057617,21.56999969482422,19.3799991607666,20.8799991607666,0,0.0015687480519228636,45.470706064851036,26003.227543673762,-276.6589680147845,456.36127293843845,0.017644992864014476,-0.009536998327759227,0,278.939453125,0.009183113668664644,-0.012578960578506604,-0.0038696201083336934
25922.7109375,25936.890625,25593.560546875,25616.83984375,11700,20.8799991607666,22.239999771118164,20.770000457763672,21.670000076293945,0,-0.009536998327759227,42.341680428489624,25966.428715109596,-276.0399012781745,448.28761616605,0.017499723576381077,0.0063169506265028375,1,343.330078125,0.03783529440996114,-0.0013644245486168494,-0.022963208955368408
25496.380859375,26054.369140625,25287.330078125,25778.66015625,20700,21.670000076293945,23.6299991607666,20.440000534057617,21.56999969482422,0,0.0063169506265028375,45.01493831457229,25948.545995218206,-259.50038074347685,471.05557661847496,0.018273082222400462,0.014592299196116265,2,767.0390625,-0.004614692252775887,-0.0017166903492837893,-0.01581799035792475
25986.51953125,26179.69921875,25918.2109375,26154.830078125,27500,21.56999969482422,21.56999969482422,19.3700008392334,19.6299991607666,0,0.014592299196116265,50.73325803281784,25968.19209835219,-213.57694062234805,466.0543970385839,0.017819056581383632,0.002527989684027787,1,261.48828125,-0.08993975713977986,0.011264139738434542,0.0196083492427368
26344.189453125,26431.80078125,26168.7109375,26220.94921875,11000,19.6299991607666,20.110000610351562,18.239999771118164,19.239999771118164,0,0.002527989684027787,51.68438618205088,25992.264205056745,-169.888650783887,452.5484189018993,0.01725904028593642,0.021532460849901902,2,263.08984375,-0.019867519425467273,0.023582509735188495,0.015411034150694336
26379.419921875,26822.419921875,26375.310546875,26785.55078125,11400,19.239999771118164,19.459999084472656,18.059999465942383,19.1299991607666,0,0.021532460849901902,58.968862101896384,26067.81530755134,-88.68443979040603,463.1857249178351,0.017292372619123707,0.005500356491759506,1,447.109375,-0.005717287508323565,0.0390590751767943,0.03565065753861618
26976.66015625,27010.26953125,26751.25,26932.880859375,13600,19.1299991607666,19.899999618530273,17.389999389648438,19.309999465942383,0,0.005500356491759506,60.63663552545634,26150.202502963115,-12.29943132923654,448.6024253701326,0.016656310467210184,0.003823161381719009,1,259.01953125,0.009409321122446412,0.02974788132539752,0.05137405798889305
26966.859375,27082.279296875,26877.509765625,27035.849609375,17100,19.309999465942383,19.739999771118164,17.899999618530273,19.34000015258789,0,0.003823161381719009,61.80513147680327,26234.549846430913,55.90056881930286,431.1857900758374,0.01594866802063874,-0.007029150747831614,1,204.76953125,0.0015536347734457223,0.031078218558246773,0.04876861114987774
27116.859375,27120.109375,26762.359375,26845.810546875,14900,19.34000015258789,19.93000030517578,17.350000381469727,19.559999465942383,0,-0.007029150747831614,58.361747832099525,26292.76515123511,93.53676259586064,425.9403764989919,0.01586617680085557,0.008705239811699572,2,357.75,0.011375352203658373,0.0022497116492814495,0.026418847558406178
26974.919921875,27200.439453125,26910.58984375,27079.509765625,18800,19.559999465942383,19.68000030517578,17.68000030517578,18.93000030517578,0,0.008705239811699572,61.22286510834636,26367.693209748435,140.60053571030585,420.8467000526353,0.015541149145427377,-0.006477236557939969,1,289.849609375,-0.03220854693087016,0.0054442340206974915,0.03274330535147296
27242.599609375,27305.0390625,26855.75,26904.109375,18400,18.93000030517578,19.989999771118164,17.18000030517578,19.1200008392334,0,-0.006477236557939969,58.001497030589846,26418.78046358192,161.87952296424191,422.8782973703042,0.015717981646448914,-0.002140196403546568,1,449.2890625,0.010037006391683256,-0.004872798017389379,0.004426214518351124
26874.2890625,26918.51953125,26719.099609375,26846.529296875,10800,19.1200008392334,19.219999313354492,17.850000381469727,18.020000457763672,0,-0.002140196403546568,56.9422728756728,26459.51844770507,172.11303070063877,406.9169848349253,0.01515715422038898,-0.0024907927533405205,1,199.419921875,-0.05753139817926023,2.6773265003221525e-05,-0.0032061762330910515
26760.3203125,26869.080078125,26713.279296875,26779.66015625,10900,18.020000457763672,18.280000686645508,15.760000228881836,17.719999313354492,0,-0.0024907927533405205,55.67077935992672,26490.00813423316,172.8350437126246,388.98011315028776,0.014525207223718454,0.008606549426140031,2,155.80078125,-0.016648231786249967,-0.011072933445627986,-0.009475916489643521
26842.189453125,27037.94921875,26836.76953125,27010.140625,12700,17.719999313354492,17.719999313354492,14.859999656677246,17.170000076293945,0,0.008606549426140031,59.06375271394259,26539.544561925242,189.8169996341203,379.6450381038386,0.014055648334997834,0.0075697119542486035,2,201.1796875,-0.031038332865286566,0.003941080097545457,0.006121255971692996
27062.80078125,27239.220703125,26917.119140625,27214.599609375,10200,17.170000076293945,17.18000030517578,14.029999732971191,16.270000457763672,0,0.0075697119542486035,61.85312255611187,26603.83551882522,217.2689125753568,375.5347898464216,0.013799019468838917,0.005523517327376659,1,322.1015625,-0.05241698395638761,0.013710163739595327,0.004988636977523386
27305.619140625,27387.91015625,27246.7890625,27364.919921875,8200,16.270000457763672,17.06999969482422,15.300000190734863,16.8799991607666,0,0.005523517327376659,63.8058115188866,26676.319747687106,248.29218653131102,361.09020106274863,0.013195368453247326,-0.0021227850808934745,1,141.12109375,0.037492236376173604,0.021854637520051234,0.017127887061862745
27402.900390625,27432.0703125,27216.400390625,27306.830078125,9200,16.8799991607666,17.18000030517578,14.529999732971191,17.0,0,-0.0021227850808934745,62.47490694652207,26736.36835058595,265.13468216310866,350.7030382636237,0.012843051985904635,-0.0007020193050659707,1,215.669921875,0.0071090548104002504,0.010984372767403938,0.017145634586873015
27312.349609375,27445.240234375,27190.55078125,27287.66015625,9700,17.0,17.43000030517578,13.65999984741211,16.6200008392334,0,-0.0007020193050659707,62.01519098385405,26788.872332077764,273.7796672274744,343.8449250394363,0.012600747849781529,0.0067118393287028955,2,254.689453125,-0.022352891809800046,0.002684608552897094,0.018969620862848702
27466.640625,27555.060546875,27421.7109375,27470.810546875,9900,16.6200008392334,16.6200008392334,14.649999618530273,16.190000534057617,0,0.0067118393287028955,64.6886325258346,26853.818828725118,292.04309503742115,338.38460115269083,0.012317969306922562,-0.003962373414110321,1,133.349609375,-0.025872459895472266,0.0038695755479025706,0.017055443297048667
27575.0390625,27618.140625,27318.19921875,27361.9609375,11300,16.190000534057617,17.81999969482422,15.010000228881836,17.229999542236328,0,-0.003962373414110321,61.90022232515864,26902.21331527511,294.34076228837876,335.63865865964146,0.012266615664948318,-0.003966144262207094,1,299.94140625,0.06423712006623772,0.002018940287732862,0.005414789496819727
27291.060546875,27296.30078125,27209.51953125,27253.439453125,10100,17.229999542236328,17.299999237060547,16.0,16.540000915527344,0,-0.003966144262207094,59.16214241454553,26935.663423641767,284.1296337480926,322.55314063038134,0.011835318664462953,-0.007840466810346003,0,86.78125,-0.040046352004686536,-0.001254072460923794,-0.004073845970252066
27131.7109375,27163.98046875,26919.9609375,27039.759765625,10500,16.540000915527344,17.479999542236328,15.5600004196167,17.040000915527344,0,-0.007840466810346003,54.0888076999807,26945.577360973504,255.8458441937546,323.3335245585684,0.011957706997442136,-0.007456395410780026,0,244.01953125,0.03022974439684667,-0.01569122907802356,-0.00978034842330322
27083.69921875,27099.109375,26794.099609375,26838.140625,9900,17.040000915527344,17.950000762939453,14.720000267028809,17.579999923706055,0,-0.007456395410780026,49.753439979644554,26935.34529088079,214.68697968743436,322.02468463474213,0.01199877029986097,-0.006755704480738367,0,305.009765625,0.03169008093694692,-0.019144107167483604,-0.01647336300276525
26878.48046875,26942.2890625,26585.19921875,26656.830078125,14000,17.579999923706055,18.329999923706055,16.8799991607666,17.8799991607666,0,-0.006755704480738367,46.16958449018372,26908.820032523094,165.52991139544974,324.52933885726054,0.01217434098150981,-0.00366433995391513,1,357.08984375,0.017064803092291747,-0.02189115894990601,-0.02963074086805917
26641.689453125,26824.30078125,26378.259765625,26559.150390625,8800,17.8799991607666,20.1299991607666,17.3799991607666,19.479999542236328,0,-0.00366433995391513,44.3174684324929,26875.51816186613,117.33804622201205,333.2087443406705,0.012545911275019113,0.0011837522158124614,1,446.041015625,0.08948548414815072,-0.01777417326062891,-0.02934038787310511
26660.7109375,26732.240234375,26514.48046875,26590.58984375,8500,19.479999542236328,19.959999084472656,18.06999969482422,19.559999465942383,0,0.0011837522158124614,45.08110969879933,26848.382131569357,80.75169174883922,324.96238871812255,0.012220954504117686,-0.001416663642903493,1,217.759765625,0.0041067723606769135,-0.009223842467663501,-0.024321686461449388
26704.01953125,26800.060546875,26510.310546875,26552.919921875,8000,19.559999465942383,19.6299991607666,17.950000762939453,19.360000610351562,0,-0.001416663642903493,44.297226471262476,26820.24287350323,48.161913801210176,322.4472180953995,0.012143569108185308,-0.009366981253165152,0,289.75,-0.010224890646804763,-0.0038980687480643095,-0.01800459205147631
26557.80078125,26557.80078125,26243.19921875,26304.19921875,12300,19.360000610351562,19.739999771118164,18.34000015258789,19.290000915527344,0,-0.009366981253165152,39.42297362180813,26771.095858764827,2.2387905012001283,321.8868141242995,0.012237088513793421,-0.001481093723895932,1,314.6015625,-0.0036156866021372913,-0.009599372273783047,-0.01989487325931316
26284.009765625,26438.859375,26190.1796875,26265.240234375,15600,19.290000915527344,19.59000015258789,16.610000610351562,19.469999313354492,0,-0.001481093723895932,38.70456086281238,26722.919132632465,-36.874216997395706,316.6577336511353,0.012056152192992511,-0.005476433585471119,1,248.6796875,0.009331176220020776,-0.012235516823312254,-0.014690037885312757
25809.0,26193.169921875,25656.900390625,26121.400390625,13300,19.469999313354492,19.469999313354492,15.989999771118164,17.040000915527344,0,-0.005476433585471119,36.089612396976776,26665.63163339366,-78.57249568435873,337.4921700867685,0.012920140767334007,-0.014476276897302798,0,536.26953125,-0.12480731810608792,-0.016251302399872936,-0.01648207843856786
26094.08984375,26094.08984375,25709.23046875,25743.259765625,12800,17.040000915527344,17.059999465942383,15.300000190734863,16.829999923706055,0,-0.014476276897302798,30.294928607968004,26577.78669360617,-140.51173829455,342.82629521449934,0.01331712837984394,-0.005155930910009876,1,384.859375,-0.012324001205300972,-0.021325091422100928,-0.03186578722412814
25724.08984375,25724.08984375,25540.73046875,25610.529296875,11500,16.90999984741211,17.719999313354492,15.800000190734863,17.649999618530273,0,-0.005155930910009876,28.5614076152619,26485.666941536532,-198.0265470969025,332.80508104739226,0.012994853686526548,0.005840188258750656,1,183.359375,0.048722501398779094,-0.024926896980867475,-0.035491035553631645
25580.150390625,25866.419921875,25451.419921875,25760.099609375,11300,17.649999618530273,18.610000610351562,15.289999961853027,17.8799991607666,0,0.005840188258750656,33.200088686995244,26416.565290854483,-228.89975929706998,338.67614668686423,0.013147315104465207,0.0040516572269782,1,415.0,0.013031135819111084,-0.01383160075061185,-0.020684895398266234
25897.880859375,25948.19921875,25732.7890625,25864.470703125,10700,17.8799991607666,17.8799991607666,15.619999885559082,16.969999313354492,0,0.0040516572269782,36.30798233746708,26363.984853927865,-242.1537299319898,329.8714330842311,0.012753844332270652,-0.014767407238256425,0,215.41015625,-0.050894848440982465,0.004708453342876728,-0.015258551898774786
25837.7109375,25890.359375,25453.3203125,25482.51953125,16100,16.969999313354492,17.75,14.899999618530273,17.420000076293945,0,-0.014767407238256425,30.682132894609154,26280.03577557759,-280.24734764530876,337.5262637567861,0.013245403906896538,0.014103801242426384,2,437.0390625,0.026517429649235646,-0.004998325655089841,-0.02445813967938315
25640.33984375,25884.51953125,25603.099609375,25841.919921875,9900,17.420000076293945,17.420000076293945,14.420000076293945,15.84000015258789,0,0.014103801242426384,40.089054877938345,26238.310456177347,-278.22895603015786,342.13153063130136,0.013239400619831249,0.0010281864729992929,1,281.419921875,-0.09070033965477431,0.0031762420852683437,0.0038324655520798334
25856.130859375,26058.759765625,25769.810546875,25868.490234375,10000,15.84000015258789,16.139999389648438,13.829999923706055,15.899999618530273,0,0.0010281864729992929,40.72944430198818,26203.08948267236,-271.35732563617785,338.33279406835123,0.013078954009413437,-0.0019000100191269853,1,288.94921875,0.003787845035631454,0.0001554074427478902,0.010072456313172662
25945.140625,25958.0390625,25747.009765625,25819.33984375,10100,15.899999618530273,17.559999465942383,15.779999732971191,17.079999923706055,0,-0.0019000100191269853,39.88024277110031,26166.54189801309,-266.80200733592574,329.239687125969,0.012751669450823195,-0.0016886415237125085,1,211.029296875,0.0742138574519573,0.013217700552998535,0.0022996896469080763
25785.609375,25901.560546875,25703.859375,25775.740234375,7500,17.079999923706055,17.079999923706055,15.649999618530273,16.25,0,-0.0016886415237125085,39.101426188935584,26129.32269195232,-263.6705785626691,319.84407889375694,0.012408725258148241,0.007095455778844961,2,197.701171875,-0.04859484352538335,-0.002560943138128824,-0.003430592868822191
25769.810546875,26016.0390625,25769.810546875,25958.630859375,8400,16.25,16.790000915527344,15.09000015258789,16.690000534057617,0,0.007095455778844961,44.03840234963312,26113.066326944954,-243.62282150598548,314.58582437456005,0.012118737158317688,0.00653225358046039,2,246.228515625,0.027076955942007208,0.003484572318805723,0.018683840408368235
26003.19921875,26184.650390625,25937.3203125,26128.19921875,10400,16.690000534057617,16.979999542236328,16.170000076293945,16.729999542236328,0,0.00653225358046039,48.229022802427075,26114.50755473591,-211.61274019797202,309.7818424995915,0.011856226290455076,0.0006686531658279815,1,247.330078125,0.002396585194655243,0.01196232656873164,0.011078097050856828
26142.529296875,26231.060546875,26089.130859375,26145.669921875,8300,16.729999542236328,17.239999771118164,15.850000381469727,16.43000030517578,0,0.0006686531658279815,48.65563304301935,26117.475399225346,-182.72840114385326,297.79240285676354,0.01138974077721424,0.000907998702880386,1,141.9296875,-0.017931813823615084,0.014351855044172801,0.010714954177405867
26201.26953125,26246.01953125,26121.51953125,26169.41015625,11000,16.43000030517578,16.43000030517578,15.529999732971191,15.640000343322754,0,0.000907998702880386,49.267407404055085,26122.421566561028,-156.12203816106557,285.4143740812804,0.010906412195657201,-0.00197026018420543,1,124.5,-0.04808277219594215,0.008119815641157935,0.0135584532609474
26239.390625,26256.419921875,26041.6796875,26117.849609375,10100,15.640000343322754,15.979999542236328,14.729999542236328,15.489999771118164,0,-0.00197026018420543,47.93161871832156,26121.986142067122,-137.61052061003284,280.3662212451175,0.010734659454677314,-0.008853350188026243,0,214.740234375,-0.00959082921431198,-0.0003961087899074789,0.013272533470978898
26123.859375,26123.859375,25857.349609375,25886.619140625,9500,15.489999771118164,16.15999984741211,15.119999885559082,16.059999465942383,0,-0.008853350188026243,42.38190305034025,26099.57023716787,-139.9847192311936,279.3764744151091,0.010792312155459166,-0.00959993131103798,0,266.509765625,0.03679791499332419,-0.009907980251569803,-0.002774095411276045
25810.060546875,25810.060546875,25623.7109375,25638.109375,10500,16.059999465942383,16.549999237060547,15.5600004196167,16.09000015258789,0,-0.00959993131103798,37.37353843524165,26055.621583628075,-160.07371974798662,278.20016932295846,0.010851040739932035,-0.004212479103678057,1,186.349609375,0.0018680378358124639,-0.02030235981926054,-0.01875712289419107
25746.029296875,25785.529296875,25477.689453125,25530.109375,8700,16.09000015258789,16.360000610351562,15.789999961853027,15.869999885559082,0,-0.004212479103678057,35.414847814015474,26005.57280185397,-182.60414784806198,280.31728892489,0.010979870270332127,-0.00860863123015898,0,307.83984375,-0.01367310534135846,-0.022503393011499284,-0.023543498740492663
25488.419921875,25542.470703125,25256.7890625,25310.330078125,12600,15.869999885559082,16.239999771118164,15.470000267028809,15.970000267028809,0,-0.00860863123015898,31.766330710347773,25939.35920911788,-215.70748530854326,280.7004569034693,0.01109035149036127,-0.010836654284175129,0,285.681640625,0.006301221310072158,-0.02226204431599965,-0.032827643916912175
25299.33984375,25316.94921875,25012.220703125,25036.05078125,11600,15.970000267028809,16.920000076293945,15.369999885559082,16.729999542236328,0,-0.010836654284175129,27.902914434090576,25853.329835035227,-261.06477355041716,282.41674681215005,0.011280403178589877,0.008638324516100138,2,304.728515625,0.04758918362553777,-0.02348295597557104,-0.04141990417682351
25136.7109375,25289.580078125,25034.140625,25252.3203125,10900,16.729999542236328,16.729999542236328,15.460000038146973,16.290000915527344,0,0.008638324516100138,34.65170157745494,25796.09083288902,-276.3737430584297,280.48979726306794,0.011107486115809499,-0.008232535562171406,0,255.439453125,-0.026299978406943203,-0.010880841065726954,-0.024502961343822904
25281.76953125,25316.140625,24930.4296875,25044.4296875,14900,16.290000915527344,17.770000457763672,15.039999961853027,17.18000030517578,0,-0.008232535562171406,31.590520292494077,25724.504057137685,-301.8022591338413,288.0055929942774,0.011499786443051834,0.004229280650294376,1,385.7109375,0.054634704704043635,-0.010505607386559146,-0.02315614146177658
24935.599609375,25194.150390625,24867.73046875,25150.349609375,11600,17.18000030517578,18.360000610351562,16.459999084472656,17.799999237060547,0,0.004229280650294376,34.75317165415147,25669.822681160287,-309.83609124695795,290.74947362861474,0.01156045455210036,0.006762921644898334,2,326.419921875,0.03608841215782643,0.004565369719197188,-0.014874976054621736
25186.6796875,25342.779296875,25075.5390625,25320.439453125,9700,17.799999237060547,18.360000610351562,16.110000610351562,17.34000015258789,0,0.006762921644898334,39.583493359283324,25636.548088014068,-299.03108794530635,289.0702422533565,0.011416478090299496,0.006869141739107354,2,267.240234375,-0.02584264630275457,0.002697539860971876,0.00039941695619116757
25402.470703125,25572.900390625,25372.470703125,25494.369140625,10800,17.34000015258789,17.34000015258789,14.90999984741211,16.729999542236328,0,0.006869141739107354,44.13772665646634,25623.007235881774,-273.28313492611414,286.45529191383105,0.01123602197543173,0.012136411555952575,2,200.4296875,-0.03517881228279707,0.017965649796751748,0.018306336066319373
25596.630859375,25831.310546875,25448.3203125,25803.779296875,22700,16.729999542236328,16.729999542236328,14.020000457763672,14.220000267028809,0,0.012136411555952575,51.18694815290079,25640.223622643036,-225.31360787488302,293.3506449467717,0.011368514726922126,-0.01102778745997346,0,382.990234375,-0.1500298472137318,0.025980938541563248,0.021837953009887334
25764.669921875,25789.509765625,25481.509765625,25519.220703125,10400,14.220000267028809,14.710000038146973,13.039999961853027,14.489999771118164,0,-0.01102778745997346,45.50027349139225,25628.69953506989,-207.86279948289666,295.4162796827166,0.011576226528208241,0.008490842648398944,2,308.0,0.018987306541434323,0.007850624013378438,0.018957948795375268
25425.3203125,25757.83984375,25413.5390625,25735.900390625,8100,14.489999771118164,14.979999542236328,12.979999542236328,14.229999542236328,0,0.008490842648398944,50.050773225265836,25638.909140360855,-174.5367175577485,298.9080297946654,0.011614438401523763,-0.0056438670415787096,1,344.30078125,-0.017943425327036633,0.009473905734546095,0.02328201358408677
25731.0703125,25787.2109375,25485.169921875,25590.650390625,8100,14.229999542236328,14.609999656677246,12.229999542236328,14.479999542236328,0,-0.0056438670415787096,47.20540101475391,25634.31306895744,-158.0244115758469,299.1318144968322,0.01168910558859487,0.010146299006144943,2,302.041015625,0.017568517782307058,-0.008259600417362511,0.010671652757063388
25697.66015625,25875.26953125,25689.69921875,25850.30078125,6900,14.479999542236328,14.479999542236328,12.630000114440918,13.649999618530273,0,0.010146299006144943,52.41339570057336,25654.883327271018,-122.5737200407275,298.0951949345585,0.011531594833541584,-0.0004483446381562395,1,185.5703125,-0.05732043853213187,0.01297375346906482,0.013961186435393236
25893.83984375,25922.470703125,25763.400390625,25838.7109375,4900,13.649999618530273,13.9399995803833,11.199999809265137,13.75,0,-0.0004483446381562395,52.1660285106959,25672.390718721395,-94.32665614522921,288.1648461892329,0.011152446686921062,0.007563067768655118,2,159.0703125,0.007326035477244419,0.003994829996795124,0.0013537412571664742
25858.51953125,26073.41015625,25856.859375,26034.130859375,6900,13.75,14.529999732971191,10.380000114440918,14.399999618530273,0,0.007563067768655118,55.94177424065661,25706.842160688408,-55.53176438356604,284.3458728007162,0.01092204208147483,0.0017419290707247903,1,216.55078125,0.04727269952947433,0.017329784979301044,0.020177346410384045
26075.6796875,26133.779296875,25994.44921875,26079.48046875,6000,14.399999618530273,14.710000038146973,13.329999923706055,14.239999771118164,0,0.0017419290707247903,56.794086797910815,25742.33152336094,-20.88643288928506,273.98760175245076,0.010505868860415343,-0.0045802742128292495,1,139.330078125,-0.011111100809073515,0.008865648776753554,0.013350225673478322
26123.869140625,26130.19921875,25939.25,25960.029296875,6500,14.239999771118164,14.5,12.779999732971191,14.350000381469727,0,-0.0045802742128292495,53.839643843127185,25763.06464464799,-3.033501037480164,268.05628868084716,0.01032573136244939,0.0060673955265513335,2,190.94921875,0.007724762087051973,0.004695217175053834,0.014434135147472382
25980.859375,26147.630859375,25941.91015625,26117.5390625,6200,14.350000381469727,14.489999771118164,12.979999542236328,13.869999885559082,0,0.0060673955265513335,57.014991346284276,25796.824113014853,23.55329013316441,263.6037468554295,0.010092977987880803,-0.018921746491596725,0,205.720703125,-0.033449511020952505,0.0032038021002327444,0.010337917671110253
26116.51953125,26116.51953125,25596.5703125,25623.349609375,9100,14.260000228881836,17.100000381469727,14.029999732971191,16.84000015258789,0,-0.018921746491596725,46.262243326495934,25780.30273171582,4.692463135714206,281.986961365756,0.011005078011447159,-0.0016785379851065318,1,519.94921875,0.21413123947614876,-0.017490028603965646,-0.008334832517223001
25744.69921875,25766.759765625,25513.75,25580.33984375,10300,16.84000015258789,16.84000015258789,15.569999694824219,16.700000762939453,0,-0.0016785379851065318,45.45870653425717,25761.258647147646,-13.568991890904726,279.9171616699877,0.010942667821451145,-0.0068024806037717545,0,253.009765625,-0.008313502872915546,-0.014625925448038868,-0.017430618985368906
25628.23046875,25632.5703125,25357.69921875,25406.330078125,13400,16.700000762939453,17.15999984741211,15.609999656677246,16.549999237060547,0,-0.0068024806037717545,42.26051072962124,25727.45592628835,-41.602888193625404,279.55672824713145,0.011003428176658676,-0.021825269462173447,0,274.87109375,-0.008982126887789654,-0.027231087227363115,-0.025811495418078145
25224.69921875,25230.349609375,24825.69921875,24851.830078125,11800,16.549999237060547,19.260000228881836,16.489999771118164,18.959999084472656,0,-0.021825269462173447,34.041656591241804,25644.06298836803,-107.32627830893762,301.0620233276935,0.01211427980882154,0.0033196750396509156,1,404.650390625,0.1456193328405344,-0.03011001851872319,-0.04268867365582685
24969.01953125,25083.55078125,24887.220703125,24934.330078125,15900,18.959999084472656,18.959999084472656,16.8700008392334,17.799999237060547,0,0.0033196750396509156,36.03488379722369,25576.469377868696,-151.0146748003208,296.109071884644,0.01187555755285448,-0.004383154280967916,1,196.330078125,-0.06118142950555805,-0.02525415102265882,-0.045303234027660455
24787.109375,24961.880859375,24598.900390625,24825.0390625,10600,17.799999237060547,19.200000762939453,17.799999237060547,18.690000534057617,0,-0.004383154280967916,34.54554234008846,25504.90458592882,-192.24088213202776,300.88560023216945,0.012120246798994113,-0.005760706569885143,1,362.98046875,0.05000007500809556,-0.022879771058532228,-0.031155588907974652
24862.9296875,24882.30078125,24597.109375,24682.029296875,10300,18.690000534057617,19.190000534057617,17.149999618530273,18.709999084472656,0,-0.005760706569885143,32.644271239679526,25426.535510780835,-233.75802436903905,299.76458637630014,0.012145054313433355,0.006971877233238111,2,285.19140625,0.001070013367768352,-0.006832526245198367,-0.03511722488294
24804.640625,24956.5390625,24387.689453125,24854.109375,14000,18.709999084472656,19.65999984741211,17.520000457763672,18.350000381469727,0,0.006971877233238111,37.128188483414235,25372.018735944566,-249.89460508186312,318.98494516192153,0.01283429393300968,-0.003264597843792183,1,568.849609375,-0.0192409791885928,-0.003217279264116968,-0.021735555722802502
24606.19921875,25018.4609375,24473.220703125,24772.970703125,14900,18.350000381469727,19.790000915527344,16.469999313354492,18.610000610351562,0,-0.003264597843792183,35.91415494477367,25314.966542342703,-266.1620241365672,335.14603724857,0.013528697921008432,-0.012833811674628715,0,545.240234375,0.014168949508273077,-0.002097412988713243,-0.003173181803999725
24881.759765625,24912.640625,24421.529296875,24455.0390625,12700,18.610000610351562,19.690000534057617,15.670000076293945,19.420000076293945,0,-0.012833811674628715,31.559554360928217,25233.068687119587,-301.236035763337,346.28641516831505,0.014160125211139808,-0.010904497890740217,0,491.111328125,0.043524956441529206,-0.009196579083703638,-0.019222133264590213
24400.779296875,24524.849609375,24141.990234375,24188.369140625,13600,19.420000076293945,20.540000915527344,18.100000381469727,20.229999542236328,0,-0.010904497890740217,28.44423936871202,25133.573492215342,-346.55559948644077,348.8987694420069,0.014424237012987463,0.012050035346759636,2,382.859375,0.04170955009063837,-0.02678592197090146,-0.025646280768062746
24257.279296875,24563.33984375,24247.23046875,24479.83984375,9400,20.229999542236328,20.229999542236328,17.93000030517578,18.43000030517578,0,0.012050035346759636,35.89297075600338,25071.313144742453,-354.86180443916965,350.7610504193635,0.014328568024063976,-0.017067137036710256,0,316.109375,-0.08897673147755125,-0.011832689058079882,-0.008191767811838724
24325.76953125,24325.76953125,23839.759765625,24062.0390625,12800,18.43000030517578,22.110000610351562,17.190000534057617,20.969999313354492,0,-0.017067137036710256,30.92374412313734,24975.191803576505,-390.6543429555313,371.4266952554804,0.01543621030165886,-0.0041487807720992365,1,486.009765625,0.1378187176407908,-0.01607030759573136,-0.031868786788905035
24194.75,24351.830078125,23862.0,23962.2109375,13200,20.969999313354492,21.690000534057617,17.850000381469727,20.809999465942383,0,-0.0041487807720992365,29.85999910481071,24878.71743537874,-422.20852591899893,379.88407974616035,0.015853465305726667,0.019758160880266162,2,489.830078125,-0.007629940517461797,-0.009349873974974221,-0.03272759554520144
24122.060546875,24472.880859375,24120.0390625,24435.66015625,10100,20.809999465942383,20.809999465942383,17.1200008392334,18.81999969482422,0,0.019758160880266162,40.341489644222676,24836.52150403315,-404.35094211922114,389.22592561250605,0.015928602833877287,0.0020580193937236313,1,352.841796875,-0.09562709381011736,-0.0018047376037584328,-0.0007924299855123218
24540.970703125,24650.5703125,24433.669921875,24485.94921875,8900,18.81999969482422,19.149999618530273,17.209999084472656,18.270000457763672,0,0.0020580193937236313,41.34414906289443,24803.133667339516,-381.74030661091456,376.9169588276842,0.015393193682647263,0.00026306540916398724,1,216.900390625,-0.029224189478164853,0.017617382930387393,0.012302610250196855
24643.130859375,24645.69921875,24458.130859375,24492.390625,8500,18.270000457763672,19.270000457763672,17.93000030517578,19.059999465942383,0,0.00026306540916398724,41.47981741174997,24773.53909187861,-359.1612599834807,363.3920588667782,0.014836937089181273,-0.0009317307097294059,1,187.568359375,0.04324022924931059,0.02212565814076406,0.0005126986667440825
24481.859375,24587.19921875,24400.51953125,24469.5703125,8400,19.059999465942383,19.059999465942383,17.260000228881836,17.899999618530273,0,-0.0009317307097294059,41.11697840281086,24744.58968431874,-339.19854171431507,350.769746626294,0.014334936909256118,0.016392569853181715,2,186.6796875,-0.06086043441317357,0.0013877323564481792,0.016936688072920925
24347.310546875,24911.900390625,24340.060546875,24870.689453125,12400,17.899999618530273,18.799999237060547,17.079999923706055,17.239999771118164,0,0.016392569853181715,49.481879372577524,24756.599186109812,-287.69461684714406,366.5604678494159,0.014738653246436544,-0.0018439124933160578,1,571.83984375,-0.036871500641199484,0.01571269428592892,0.03791296712955905
24982.220703125,25002.3203125,24788.580078125,24824.830078125,10100,17.239999771118164,18.170000076293945,17.1299991607666,17.889999389648438,0,-0.0018439124933160578,48.63127848447158,24763.097366301736,-247.7222655483929,355.6447368869576,0.014326170038937854,-0.011513878533125022,0,213.740234375,0.037702994614837726,0.013573172917864085,0.015926310948282785
24868.2109375,24928.75,24460.529296875,24539.0,12700,17.889999389648438,18.350000381469727,16.489999771118164,18.040000915527344,0,-0.011513878533125022,43.60049584374541,24741.754759987285,-236.38311032944694,363.6858773325321,0.014820729342374672,-0.012864407168181269,0,468.220703125,0.008384657965147868,0.0028373889125683505,0.002166580546911323
24393.58984375,24409.259765625,24187.5390625,24223.3203125,12200,18.040000915527344,18.940000534057617,18.020000457763672,18.59000015258789,0,-0.012864407168181269,38.82366570046112,24692.380050702785,-249.987757404866,362.81266734449406,0.01497782561035909,0.004752006476197224,1,221.720703125,0.030487761039255323,-0.026029400666400027,-0.01098587380136562
24386.44921875,24514.009765625,24224.740234375,24338.4296875,12200,18.59000015258789,18.649999618530273,17.329999923706055,18.209999084472656,0,0.004752006476197224,41.347069917032925,24658.67049230252,-248.6152913539263,357.6610091859588,0.014695319861562403,0.011444494127246685,2,289.26953125,-0.020441154652832805,-0.019593301911605132,-0.005359335015907796
24360.359375,24672.900390625,24345.7890625,24616.970703125,13400,18.209999084472656,18.329999923706055,16.540000915527344,18.110000610351562,0,0.011444494127246685,47.039747216545116,24654.699083809424,-222.48697862764675,356.00455875303317,0.014461753358947622,-0.01338713789053525,0,327.111328125,-0.005491404675926681,0.0031774197450995523,-0.010201516547347689
24637.41015625,24698.94921875,24196.83984375,24287.419921875,11700,18.110000610351562,20.450000762939453,17.360000610351562,20.260000228881836,0,-0.01338713789053525,41.86280781961309,24619.720116006145,-225.76956541045,366.44061705638796,0.01508767165203683,-0.010970265840589577,0,502.109375,0.11871891474710106,0.002646194185935924,-0.0216480900194983
24076.849609375,24111.189453125,23919.470703125,24020.98046875,11500,20.260000228881836,22.030000686645508,20.25,21.729999542236328,0,-0.010970265840589577,38.202168125039016,24562.69729245794,-247.02294943075685,366.5483743202174,0.01525950927761159,-0.010910465476875575,0,191.71875,0.07255672738142027,-0.01304312656264095,-0.021110050582745843
23938.3203125,23938.3203125,23636.720703125,23758.900390625,19400,21.729999542236328,23.100000381469727,21.440000534057617,22.469999313354492,0,-0.010910465476875575,34.96351880957769,24486.14520656909,-281.76605767965157,367.8134736991305,0.015481081516898216,-0.03396917783360298,0,301.599609375,0.034054292991577695,-0.034856860449976934,-0.019172430363947446
23758.4609375,23758.4609375,22909.119140625,22951.830078125,23200,22.469999313354492,26.8700008392334,22.110000610351562,25.969999313354492,0,-0.03396917783360298,27.290731826810756,24340.019956241085,-370.1571097814376,402.23974343490687,0.017525388697360336,0.001493957666263812,1,849.341796875,0.15576324463525282,-0.054991013785991805,-0.056971613500896745
23060.390625,23161.150390625,22600.390625,22986.119140625,25100,25.969999313354492,25.969999313354492,24.010000228881836,24.670000076293945,0,0.001493957666263812,28.013531252523165,24211.077021420504,-432.4557341086911,413.5626021627707,0.017991841059931346,0.02471056538622629,2,560.759765625,-0.05005773089843912,-0.04308156069946012,-0.06624907597964402
23223.4296875,23622.640625,23197.669921875,23554.119140625,20400,24.670000076293945,24.670000076293945,21.799999237060547,22.3799991607666,0,0.02471056538622629,38.856659522859786,24148.509604201885,-431.0263858282342,429.48823660650135,0.018234103090093524,-0.015375163695906746,0,424.970703125,-0.09282533070309418,-0.008619138370595802,-0.030192617561222934
23688.609375,23692.080078125,23164.5390625,23191.970703125,22200,22.3799991607666,23.329999923706055,17.31999969482422,23.040000915527344,0,-0.015375163695906746,35.214581690465295,24057.410661242182,-453.8838785050466,436.4920065363941,0.01882082433286185,0.008188111305022172,1,527.541015625,0.029490696135403116,0.010462809465850542,-0.03451190373779689
23237.23046875,23434.91015625,22920.83984375,23381.869140625,16600,23.040000915527344,23.809999465942383,20.639999389648438,21.829999923706055,0,0.008188111305022172,38.47130543450047,23993.073373564355,-451.4711113315534,442.03331410522316,0.0189049605678106,0.011434139883859329,2,514.0703125,-0.05251740207205602,0.017216912414786956,-0.015869053020179824
23536.470703125,23735.349609375,23448.2109375,23649.220703125,15700,21.829999923706055,22.299999237060547,19.790000915527344,21.489999771118164,0,0.011434139883859329,42.8287079435926,23960.32550018918,-423.1086065793097,435.7081108655644,0.018423783021653227,0.0025341083434551326,1,287.138671875,-0.01557490397508754,0.00403757669442939,0.030384968110437116
23640.3203125,23774.48046875,23508.359375,23709.150390625,11600,21.489999771118164,21.65999984741211,17.700000762939453,20.920000076293945,0,0.0025341083434551326,43.789678360872,23936.40406118307,-391.28480463291635,423.5947525001669,0.017866298265485865,0.0033589846351680386,1,266.12109375,-0.026523950716382916,0.022299945706222957,0.0314551249637498
23783.470703125,23855.0390625,23674.859375,23788.7890625,9500,20.920000076293945,21.860000610351562,17.40999984741211,21.020000457763672,0,0.0033589846351680386,45.110036159372626,23922.34548987992,-355.53959789135115,406.20796214301214,0.017075604860583144,-0.01591545387221205,0,180.1796875,0.004780132940011006,0.01740322467069122,0.009963009886888585
23850.41015625,23851.509765625,23361.939453125,23410.1796875,16700,21.020000457763672,24.639999389648438,21.020000457763672,23.84000015258789,0,-0.01591545387221205,40.26740645906826,23873.56779441517,-353.68481798965513,412.16241573993983,0.017606119271267973,-0.013722662717174039,0,489.5703125,0.13415792737448107,-0.010107775584901724,0.00940881597205534
23332.939453125,23338.890625,23057.44921875,23088.9296875,14000,23.84000015258789,24.81999969482422,22.1299991607666,22.959999084472656,0,-0.013722662717174039,36.67025690196148,23798.84035566134,-373.82782726337246,407.91727666922986,0.0176672233052912,-0.004891075031561054,1,281.44140625,-0.03691279624508337,-0.02615954991665348,-0.012528487408905664
23105.16015625,23142.9609375,22948.099609375,22976.0,15900,22.959999084472656,23.489999771118164,22.200000762939453,22.75,0,-0.004891075031561054,35.470690876439676,23720.474607503118,-394.3578770959066,392.69899463035625,0.017091704153479992,0.0077603055906163565,1,194.861328125,-0.009146301953238067,-0.03416689518598737,-0.028466929696167154
23141.080078125,23227.91015625,23021.939453125,23154.30078125,11500,22.75,23.149999618530273,21.190000534057617,21.8700008392334,0,0.0077603055906163565,38.870769327333505,23666.553290717107,-391.7251429664575,382.6426490317594,0.01652576999179425,-0.0065776454529489214,1,205.970703125,-0.03868128179193853,-0.010930241017612863,-0.02340234045646772
23238.5,23343.220703125,22494.609375,23002.0,58900,21.8700008392334,22.40999984741211,19.360000610351562,20.15999984741211,0,-0.0065776454529489214,37.07383184979308,23603.262501125002,-397.3477054095747,415.92612610984804,0.018082172250667248,0.03379487041887663,2,848.611328125,-0.07818934276187384,-0.0037649942494762945,-0.03307394337865954
23153.3203125,23821.490234375,23133.1796875,23779.349609375,15700,20.15999984741211,20.15999984741211,18.399999618530273,18.670000076293945,0,0.03379487041887663,49.823739957302465,23620.032701910717,-335.2138728959617,444.7521338430732,0.01870329261098587,0.01949720522180365,2,688.310546875,-0.07390871936486809,0.03496472882029078,0.01576963213452487
24044.9609375,24280.419921875,24043.890625,24242.98046875,22800,18.670000076293945,19.200000762939453,17.5,18.989999771118164,0,0.01949720522180365,55.601796640773394,23679.361060657317,-245.72862077251557,448.77486088999655,0.018511538276759415,0.015015058321488972,2,236.529296875,0.017139780049092446,0.047018465285792344,0.04998286178136646
24386.669921875,24640.509765625,24383.279296875,24606.990234375,19500,18.989999771118164,19.020000457763672,17.90999984741211,18.040000915527344,0,0.015015058321488972,59.541129248867705,23767.70669624948,-143.78095053166544,445.11446346035393,0.018088943800958903,0.0016048380561322073,1,257.23046875,-0.050026269986357286,0.0697761166148596,0.07098669195573648
24704.58984375,24719.05078125,24531.80078125,24646.48046875,17500,18.040000915527344,18.31999969482422,17.200000762939453,17.8799991607666,0,0.0016048380561322073,59.95623005063341,23851.399436487627,-59.11867223861918,426.6955732131858,0.01731263714323048,0.000517315241669758,1,187.25,-0.008869276421323513,0.03646570968590046,0.06444503341290031
24655.189453125,24793.619140625,24509.2109375,24659.23046875,26000,17.8799991607666,18.979999542236328,17.40999984741211,18.469999313354492,0,0.000517315241669758,60.09857216377816,23928.33572527452,8.902983657517325,416.5321896354582,0.016891532368105266,0.005463693156229743,1,284.408203125,0.03299777294634931,0.017169918547620844,0.07204723366446397
24527.26953125,24820.759765625,24451.599609375,24793.9609375,11900,18.469999313354492,18.68000030517578,17.31999969482422,17.510000228881836,0,0.005463693156229743,61.649905788233625,24010.776221676944,72.8425750016977,413.1484729650683,0.016663270302253147,-0.006881558544844735,1,369.16015625,-0.05197612994920586,0.007598275991665515,0.04266774931998096
24815.69921875,24817.48046875,24471.390625,24623.33984375,14400,17.510000228881836,18.239999771118164,16.270000457763672,17.899999618530273,0,-0.006881558544844735,58.54561276354897,24069.11561425533,108.49678210893762,408.3585708782777,0.016584207238723912,0.0038439298334675964,1,346.08984375,0.022272951716194367,-0.0009389018050403042,0.015689464234411865
24620.390625,24817.80078125,24552.259765625,24717.990234375,14800,17.899999618530273,17.899999618530273,16.030000686645508,17.100000381469727,0,0.0038439298334675964,59.75622044587147,24130.91319712387,142.74501790254726,398.15731693161496,0.016107997177614488,0.0034909416858657227,1,265.541015625,-0.04469269576030488,0.0023828710186015734,0.00451091331945741
24801.69921875,24960.509765625,24734.0390625,24804.279296875,30100,17.100000381469727,17.399999618530273,15.59000015258789,17.100000381469727,0,0.0034909416858657227,60.877910806580736,24195.043301862075,174.83441540007334,387.04033224007105,0.015603772542943138,-0.010204262416601995,0,226.470703125,0.0,0.00041616421841639273,0.006402489326014615
24832.0390625,24840.76953125,24517.279296875,24551.169921875,12100,17.100000381469727,17.84000015258789,15.229999542236328,17.600000381469727,0,-0.010204262416601995,55.95157818681814,24228.960122815686,177.79220500183874,382.5010395354231,0.015579747961200664,0.00534844356879316,1,323.490234375,0.02923976542958573,-0.0029309558464839514,-0.0043821540583735
24537.609375,24706.849609375,24354.55078125,24682.48046875,11000,17.600000381469727,17.8799991607666,14.600000381469727,17.110000610351562,0,0.00534844356879316,57.8568924138317,24272.15253671419,188.55835495334395,380.3437387203929,0.015409461751704354,-0.00020708324398233113,1,352.298828125,-0.0278408954828242,-0.0014365959889254265,-0.004496275082106371
24852.1796875,24948.30078125,24576.51953125,24677.369140625,14600,17.110000610351562,17.270000457763672,15.5600004196167,16.84000015258789,0,-0.00020708324398233113,57.752173909900826,24310.74459422951,194.43681828482295,379.732132383222,0.015387869355898632,0.011158851341923404,2,371.78125,-0.015780271661727574,-0.00511646215280237,0.0021942310514271313
24729.41015625,24986.939453125,24681.640625,24952.740234375,14100,16.84000015258789,16.8700008392334,14.899999618530273,16.3799991607666,0,0.011158851341923404,61.76707726942293,24371.887036148124,218.79357260966208,374.7205738201347,0.015017211348351956,0.013330355829688445,2,305.298828125,-0.027315973138551164,0.016356463410006405,0.009497131351461352
25007.560546875,25327.44921875,24988.26953125,25285.369140625,12400,16.3799991607666,17.110000610351562,14.829999923706055,16.329999923706055,0,0.013330355829688445,65.97351219503214,24458.885331812588,261.9176253842852,374.7197460026251,0.014819627268188768,0.0017844743930397478,1,339.1796875,-0.0030524566313961943,0.024425773278269336,0.019395437294991602
25331.009765625,25381.330078125,25083.69921875,25330.490234375,12000,16.329999923706055,16.860000610351562,13.699999809265137,16.43000030517578,0,0.0017844743930397478,66.51174907816883,24541.895322532815,296.3188636648665,369.2133969577947,0.014575848850203061,0.00027912260815243783,1,297.630859375,0.006123722102690188,0.026466398829962934,0.031742695561144174
25322.099609375,25367.810546875,25156.8203125,25337.560546875,9500,16.43000030517578,16.8700008392334,13.949999809265137,16.350000381469727,0,0.00027912260815243783,66.60090182854803,24617.67296294636,320.4585611648654,357.91174248759506,0.014125738025389268,-0.014648614477441368,0,210.990234375,-0.0048691370797390165,0.015421966040021218,0.026540285485260773
25417.109375,25432.939453125,24895.490234375,24966.400390625,10100,16.350000381469727,18.56999969482422,15.180000305175781,17.489999771118164,0,-0.014648614477441368,57.88842847062979,24650.885098915754,306.1112625689675,370.73584793490966,0.014849391267237815,-0.002641127759441031,1,537.44921875,0.06972473168504978,-0.012614755522296295,0.01171240128365958
24957.240234375,25079.349609375,24835.560546875,24900.4609375,11000,17.489999771118164,18.040000915527344,16.809999465942383,17.639999389648438,0,-0.002641127759441031,56.4749605232048,24674.65422639997,286.1219268092864,361.6682204038447,0.01452455925661897,0.017594820502506936,2,243.7890625,0.008576307632546243,-0.016976745925407544,-0.0020951324938244253
25062.060546875,25358.83984375,25055.419921875,25338.580078125,10700,17.639999389648438,17.639999389648438,16.56999969482422,16.809999465942383,0,0.017594820502506936,62.94837017406896,24737.885259897594,302.1497926108568,368.57612653571294,0.01454604501906986,0.0001294191254952448,1,303.419921875,-0.047052151497982364,4.023794035390438e-05,0.0021044160836278802
25364.75,25479.619140625,25223.220703125,25341.859375,11500,16.809999465942383,16.889999389648438,15.5,16.579999923706055,0,0.0001294191254952448,62.992736562823275,24795.406604193064,311.5255311791989,360.56343446173344,0.014227978662742991,-0.002849781025588194,1,256.3984375,-0.013682305148332352,0.015038570979418742,0.0004488322381368537
25301.69921875,25354.939453125,25119.349609375,25269.640625,11400,16.579999923706055,17.899999618530273,16.290000915527344,17.280000686645508,0,-0.002849781025588194,61.25321596926398,24840.57174903182,309.56000691018926,351.63674941089533,0.013915383864343949,0.005144899666534197,1,235.58984375,0.04221958782633006,0.014826219017657571,-0.002680602252507547
25333.98046875,25424.150390625,25223.490234375,25399.650390625,7800,17.280000686645508,18.170000076293945,16.229999542236328,17.450000762939453,0,0.005144899666534197,63.22217135464019,24893.81733394546,314.86346627167586,340.85270704225996,0.01341958262417929,-0.020317624019954184,0,200.66015625,0.00983796698719619,0.002410171063718103,0.017353322594421128
25372.439453125,25372.439453125,24837.509765625,24883.58984375,14800,17.450000762939453,18.059999465942383,16.889999389648438,17.829999923706055,0,-0.020317624019954184,51.93959804367079,24892.843287260177,274.263187487697,356.65898689638425,0.014333100213270318,0.0006848294692207713,1,534.9296875,0.021776455252291438,-0.01808350068038367,-0.0006775414235240529
24978.859375,25000.650390625,24834.16015625,24900.630859375,10300,17.829999923706055,17.920000076293945,16.1299991607666,17.350000381469727,0,0.0006848294692207713,52.242678697636215,24893.58496079492,240.6877431057983,343.0755045734282,0.013777783643753004,-0.008642790566849134,0,166.490234375,-0.02692089423949684,-0.014602889336697844,-0.017283889523394658
24998.7890625,25013.130859375,24647.48046875,24685.419921875,19200,17.350000381469727,17.420000076293945,16.34000015258789,16.93000030517578,0,-0.008642790566849134,48.11588425944077,24873.759718993024,194.47149117575464,344.6879964342547,0.013963221915006162,-0.00046910598084415334,1,365.650390625,-0.024207496660490935,-0.028119696836993557,-0.02590336578746011
24665.80078125,24736.029296875,24608.509765625,24673.83984375,9700,16.93000030517578,16.93000030517578,15.199999809265137,16.43000030517578,0,-0.00046910598084415334,47.89664198477443,24854.719730874644,155.12221073995534,329.175963206808,0.013341091832132881,0.014116988466561287,2,127.51953125,-0.029533372178802697,-0.00842925001244077,-0.023577730688443488
24789.400390625,25049.919921875,24523.19921875,25022.16015625,25900,16.43000030517578,16.790000915527344,14.880000114440918,16.010000228881836,0,0.014116988466561287,54.597999825244884,24870.66643805325,150.31146369492853,343.28630177239313,0.013719291205425666,0.004932815021934545,1,526.720703125,-0.025562998690976113,0.004880571000844602,-0.014862024814102592
25056.470703125,25180.01953125,24996.439453125,25145.58984375,11500,16.010000228881836,16.299999237060547,14.649999618530273,16.020000457763672,0,0.004932815021934545,56.722164295500065,24896.849619548175,154.67565160899903,331.8787143690079,0.013198287112421712,0.01913497194696334,2,183.580078125,0.0006246239062379644,0.018641364956778483,0.010529027429127424
25358.419921875,25671.5,25358.419921875,25626.75,14600,16.020000457763672,16.1200008392334,13.550000190734863,16.040000915527344,0,0.01913497194696334,63.82697749743683,24966.36394149597,194.71534803330724,345.73810307479306,0.01349129729968853,0.007398884954198159,2,313.080078125,0.001248467989523716,0.03862026187591461,0.02916067246350984
25833.16015625,25870.029296875,25634.119140625,25816.359375,8500,16.040000915527344,17.420000076293945,14.140000343322754,16.950000762939453,0,0.007398884954198159,66.18298786051102,25047.31588754397,238.99203642234716,338.41961691766494,0.013108727377160047,0.001077623381976256,1,235.91015625,0.056733154331131797,0.031739834362447095,0.0458140658212105
25942.33984375,25956.33984375,25716.810546875,25844.1796875,11300,16.950000762939453,17.520000457763672,15.430000305175781,17.079999923706055,0,0.001077623381976256,66.52747087011731,25123.207678015973,273.17747776506803,331.3560226289032,0.012821301609707096,0.0014007475691910631,1,239.529296875,0.007669566661662852,0.027781803810962735,0.04743241632276596
25979.6796875,26080.0703125,25783.119140625,25880.380859375,18100,17.079999923706055,17.079999923706055,15.640000343322754,16.510000228881836,0,0.0014007475691910631,66.99856822346942,25195.319409573975,299.7356523254348,328.8985332893387,0.012708411637234362,-0.0016321334142846977,1,296.951171875,-0.03337234762121355,0.009897113733696283,0.03429842578601816
25892.490234375,25922.01953125,25771.880859375,25838.140625,13400,16.510000228881836,16.860000610351562,15.34000015258789,16.3799991607666,0,-0.0016321334142846977,65.83427448120715,25256.540477709787,313.75795669095896,316.12997175974306,0.0122350124317331,-0.006161857380168945,0,150.138671875,-0.007874080333918898,0.0008436995195029162,0.027541639927851413
25891.029296875,25891.029296875,25585.9296875,25678.9296875,8200,16.3799991607666,17.030000686645508,16.1299991607666,16.56999969482422,0,-0.006161857380168945,61.49639051289928,25296.76802149933,308.46791573299924,315.3420887322614,0.01228018817644739,0.012787569331982107,2,305.099609375,0.01159954479806724,-0.006394089578317219,0.002036141434243577
25604.919921875,26055.0,25549.05078125,26007.30078125,11200,16.56999969482422,16.81999969482422,15.640000343322754,16.579999923706055,0,0.012787569331982107,66.41209233179706,25364.43780814225,327.00283795131327,328.9568837335284,0.012648636108007422,0.002184708049978168,1,505.94921875,0.0006035141258911025,0.004904097917439509,0.007396139923389278
25956.419921875,26092.9296875,25885.240234375,26064.119140625,11200,16.579999923706055,16.790000915527344,16.229999542236328,16.350000381469727,0,0.002184708049978168,67.19257749569003,25431.07412552156,342.3304912867279,320.2949244043478,0.012288730061286366,-0.01768789993487363,0,207.689453125,-0.013872107556977431,0.008745927925105867,0.008510212194174471
26078.279296875,26100.5390625,25561.169921875,25603.099609375,14600,16.350000381469727,16.770000457763672,15.3100004196167,16.600000381469727,0,-0.01768789993487363,55.851987434884165,25447.457504936174,313.6616474892726,335.943082705823,0.013121187974553356,0.00013746504539291493,1,539.369140625,0.015290519520925416,-0.0029530077401127564,-0.010713955544419895
25612.91015625,25755.4296875,25424.029296875,25606.619140625,14600,16.600000381469727,17.239999771118164,15.630000114440918,16.540000915527344,0,0.00013746504539291493,55.913162365163295,25462.615755954157,287.90657125207144,335.61860470004996,0.013106712872047593,-0.00662517908234328,0,331.400390625,-0.003614425576119795,-0.015406506195901448,-0.00896045453638361
25565.439453125,25565.439453125,25341.140625,25436.970703125,7700,16.540000915527344,17.65999984741211,16.540000915527344,17.09000015258789,0,-0.00662517908234328,52.16119074827038,25460.173369970427,250.91389746222194,330.6085983375464,0.01299716865644423,-0.008148434292513329,0,224.298828125,0.03325267270960186,-0.02406175455676507,-0.009422471548445444
25500.140625,25705.9609375,25192.939453125,25229.69921875,11000,17.09000015258789,18.079999923706055,15.609999656677246,17.459999084472656,0,-0.008148434292513329,47.929420835955284,25438.223450806578,202.53713836091265,343.63809019736453,0.013620379982254502,-0.005072147269393423,1,513.021484375,0.021650025077895485,-0.014584186927440346,-0.029899356686050704
25210.869140625,25245.69921875,25061.0390625,25101.73046875,15800,17.459999084472656,17.780000686645508,16.270000457763672,17.450000762939453,0,-0.005072147269393423,45.476354748539116,25406.176500134523,152.118670251788,332.28252348683844,0.01323743492109073,0.006393203406824366,1,184.66015625,-0.000572641584047684,-0.01971711568412371,-0.03692389014501418
25187.66015625,25394.099609375,25162.939453125,25262.2109375,11300,17.450000762939453,17.479999542236328,15.729999542236328,17.170000076293945,0,0.006393203406824366,49.001427064752846,25392.46549416933,123.68533610359373,329.4315675681357,0.013040488355637841,-0.0013344412958707919,1,231.16015625,-0.01604588391996964,-0.006870305731945137,-0.013314351663506363
25223.669921875,25260.48046875,25057.9296875,25228.5,11300,17.170000076293945,17.5,16.059999465942383,16.950000762939453,0,-0.0013344412958707919,48.295078041150575,25376.849732819872,97.30979625980763,320.49225917041167,0.012703579648826195,0.018247592009037472,2,202.55078125,-0.012813005962547308,-4.753202721929917e-05,-0.014766460911862955
25321.830078125,25709.6796875,25302.859375,25688.859375,11700,16.950000762939453,16.950000762939453,15.220000267028809,16.610000610351562,0,0.018247592009037472,57.33892596387372,25406.56493683703,112.26008075530262,331.9699326225251,0.01292271983650598,0.0032570508738285486,1,406.8203125,-0.02005900514950354,0.02338997731574466,0.00990246341888712
25682.98046875,25809.9296875,25614.240234375,25772.529296875,10500,16.610000610351562,17.18000030517578,15.020000457763672,16.420000076293945,0,0.0032570508738285486,58.751108074109375,25441.418685412074,129.3684731363319,322.2356126584162,0.012503065141436788,-0.006809955034032367,0,195.689453125,-0.01143892396603563,0.020200858928680177,0.02151551920688699
25548.970703125,25762.490234375,25409.240234375,25597.01953125,9300,16.420000076293945,17.459999084472656,15.539999961853027,16.959999084472656,0,-0.006809955034032367,54.66346747947218,25456.237813587115,127.29742064270977,325.16800193281506,0.012703354057914252,0.007547799525610133,2,353.25,0.03288666295186715,0.01460727079493429,0.019731271639483294
25684.599609375,25827.029296875,25620.26953125,25790.220703125,9800,16.959999084472656,17.170000076293945,15.960000038146973,16.329999923706055,0,0.007547799525610133,58.11791124846356,25488.045707828816,139.6361776061931,318.3709850536854,0.01234463980430801,-0.011657534616932197,0,206.759765625,-0.037146178937201846,0.003945730974090678,0.020901170009676617
25739.939453125,25743.689453125,25400.26953125,25489.5703125,12500,16.329999923706055,17.3700008392334,14.199999809265137,17.0,0,-0.011657534616932197,51.537005013967175,25488.190908273693,123.7284924695341,323.4838555409221,0.012690832037379881,0.0064206714449690505,2,343.419921875,0.04102878624765416,-0.010979092549108449,0.010348229680718246
25528.80078125,25688.4609375,25351.619140625,25653.23046875,12900,17.0,17.770000457763672,16.170000076293945,17.030000686645508,0,0.0064206714449690505,54.55375671954641,25503.90896165239,122.91070612349722,324.43799420764196,0.012647061920831478,0.004692543747916833,1,336.841796875,0.001764746273265061,0.0021959954138948135,-0.0013869399855360731
25756.140625,25927.310546875,25733.759765625,25773.609375,11400,17.030000686645508,17.030000686645508,15.739999771118164,16.3700008392334,0,0.004692543747916833,56.68933869672312,25529.59471530454,130.47217422989343,320.84100020173895,0.012448431088311198,-0.002677157048361578,1,193.55078125,-0.03875512746923515,-0.0006440940663601236,4.1908115131272794e-05
25671.48046875,25747.0,25503.400390625,25704.609375,9800,16.3700008392334,16.969999313354492,15.989999771118164,16.450000762939453,0,-0.002677157048361578,55.09130941120382,25546.26277813268,129.40526549012066,317.2244276426862,0.012341149519712793,-0.011861245095268091,0,243.599609375,0.004886983482268459,0.00843635494296846,0.004203217629249689
25713.83984375,25714.560546875,25351.990234375,25399.720703125,14400,16.450000762939453,17.420000076293945,15.420000076293945,17.059999465942383,0,-0.011861245095268091,48.575379204511236,25532.30639003671,102.77306099468478,320.4634194182086,0.012616808789506929,-0.003851235753468907,1,362.5703125,0.037081986304657644,-0.009882177058901709,-0.015141398148356355
25428.419921875,25506.060546875,25251.900390625,25301.900390625,13600,17.059999465942383,17.059999465942383,14.979999542236328,16.43000030517578,0,-0.003851235753468907,46.66821975502562,25510.362961521307,72.9328409655609,315.72747204905085,0.012478409414892644,-0.002827495742237174,1,254.16015625,-0.036928439653488576,-0.01830201496079742,-0.0073626161435513815
25447.720703125,25519.259765625,25207.779296875,25230.359375,11300,16.43000030517578,16.549999237060547,15.180000305175781,16.15999984741211,0,-0.002827495742237174,45.26838571256169,25483.69595328118,43.01563210695167,315.4241146705472,0.012501768602752898,0.002977021730393048,1,311.48046875,-0.016433381177638595,-0.018449998328364026,-0.01648412640525443
25256.970703125,25340.470703125,25181.470703125,25305.470703125,10700,16.15999984741211,16.889999389648438,15.6899995803833,16.219999313354492,0,0.002977021730393048,47.06371373727054,25466.722119932972,25.077803682321246,304.250963622651,0.012023129986081576,0.02274999052591853,2,159.0,0.0037128382740665433,-0.00371067072357234,-0.018163489058272475
25432.099609375,25897.869140625,25430.58984375,25881.169921875,9500,16.219999313354492,16.219999313354492,14.550000190734863,15.520000457763672,0,0.02274999052591853,58.342730347511576,25506.193339165548,56.662886569774855,324.8329260424616,0.012550936724383155,0.01875918929053677,2,467.279296875,-0.04315652806560155,0.022894309214205766,0.006868828243961511
26008.25,26398.939453125,25941.509765625,26366.6796875,13900,15.520000457763672,15.520000457763672,14.470000267028809,15.329999923706055,0,0.01875918929053677,65.09685850524338,25588.144419959306,119.49342698365581,338.61411212871434,0.012842501071124461,0.010881913281292732,2,457.4296875,-0.01224230209107835,0.045037817163474214,0.03806966996515171
26415.9296875,26677.4296875,26405.279296875,26653.599609375,20800,15.329999923706055,15.859999656677246,14.9399995803833,15.260000228881836,0,0.010881913281292732,68.36154294034259,25689.6163427608,190.24608430097942,336.6238184052348,0.0126295818703164,0.002701323688177437,1,272.150390625,-0.004566190161291006,0.053274207860655176,0.053422833774606104
26694.75,26794.9609375,26623.330078125,26725.599609375,14800,15.260000228881836,16.440000534057617,14.770000457763672,15.979999542236328,0,0.002701323688177437,69.14156531264742,25788.28141577168,249.2546211245135,324.8386070459323,0.012154586306530726,-0.00215668395536317,1,171.630859375,0.04718212991843762,0.03262718378067908,0.059263532958495624
26817.75,26837.19921875,26561.580078125,26667.9609375,26500,15.979999542236328,16.360000610351562,14.300000190734863,16.049999237060547,0,-0.00215668395536317,67.70255802438112,25872.060417841043,288.04791551047674,321.3229308730086,0.012049025106421623,0.0017237444627931087,1,275.619140625,0.004380456622617768,0.011426590438038176,0.053841726572062765
26684.4609375,26857.25,26671.859375,26713.9296875,13400,16.049999237060547,16.100000381469727,14.720000267028809,15.84000015258789,0,0.0017237444627931087,68.26975078864565,25952.23844352285,318.8259476873973,311.8919402749366,0.011675254967107189,0.004836837523026771,1,185.390625,-0.013084055729283395,0.0022634870715090294,0.03217627982578741
26694.279296875,26885.16015625,26641.01953125,26843.140625,11100,15.84000015258789,15.9399995803833,14.960000038146973,15.09000015258789,0,0.004836837523026771,69.87138378358195,26037.086270330194,349.61387164154075,307.0525606124411,0.011438771822641042,-4.147358409145596e-06,1,244.140625,-0.04734848439237338,0.00439806841915602,0.018070570248019502
26919.23046875,27008.140625,26792.0703125,26843.029296875,13000,15.09000015258789,15.390000343322754,14.050000190734863,15.0,0,-4.147358409145596e-06,69.86811144050999,26113.84274904875,369.7423799416065,300.5538286044096,0.011196717973980655,-0.0024430952780964965,1,216.0703125,-0.005964224763275183,0.006564744855645177,0.0071070958623304925
26897.83984375,26901.419921875,26729.5390625,26777.44921875,8700,15.0,15.539999961853027,14.119999885559082,15.359999656677246,0,-0.0024430952780964965,67.85218338066667,26177.043365210775,376.06753115314496,291.36290223088037,0.010880905789445523,0.008672248847451769,2,171.880859375,0.02399997711181645,0.002377768152909354,0.0019400728190515082
26833.5390625,27082.630859375,26829.529296875,27009.669921875,14800,15.359999656677246,15.359999656677246,14.399999618530273,14.869999885559082,0,0.008672248847451769,71.03877654019483,26256.341132512127,395.26219253793533,292.3499549733175,0.010823899581851043,0.00040689998829268603,1,253.1015625,-0.03190102747854895,0.006203793334074614,0.01281346501053604
27085.240234375,27105.41015625,26973.7109375,27020.66015625,12500,14.869999885559082,15.289999961853027,13.319999694824219,15.140000343322754,0,0.00040689998829268603,71.18435402074606,26329.13342048716,406.6730463076383,280.8749023859377,0.0103948201399132,-0.009518613433673218,0,131.69921875,0.018157394743888444,0.006617392448909687,0.011482042228086131
26994.48046875,26994.91015625,26692.349609375,26763.4609375,10100,15.140000343322754,15.829999923706055,13.979999542236328,15.670000076293945,0,-0.009518613433673218,63.18035984808796,26370.497945916955,390.4614066393733,284.263162706585,0.010621315508125694,-0.004771839404411837,1,302.560546875,0.03500658658868128,-0.0005223903567410648,-0.002968344450194116
26742.259765625,26972.060546875,26620.5,26635.75,10100,15.670000076293945,16.270000457763672,14.550000190734863,15.970000267028809,0,-0.004771839404411837,59.597005273557556,26395.76004630582,363.1225098150644,289.07011871861465,0.010852711814708227,-0.008972169687356257,0,351.560546875,0.019144874873913587,-0.013843927858302463,-0.007721904058687223
26468.26953125,26468.26953125,26262.26953125,26396.76953125,9100,15.970000267028809,17.079999923706055,15.65999984741211,16.579999923706055,0,-0.008972169687356257,53.48405308523695,26395.856187729074,318.50102892918585,295.09942943514216,0.011179376669019542,-4.0103155378390376e-05,1,206.0,0.038196596523334625,-0.023089392390573837,-0.014216428323331143
26482.5,26485.44921875,26264.810546875,26395.7109375,7800,16.579999923706055,17.540000915527344,14.90999984741211,17.190000534057617,0,-4.0103155378390376e-05,53.457895959286226,26395.842354373926,279.82709165188135,289.780803895132,0.010978329190726386,0.012525857213426361,2,220.638671875,0.03679135181896975,-0.013740749033123834,-0.02273108061486373
26500.7890625,26752.58984375,26446.58984375,26726.33984375,12300,17.190000534057617,17.6299991607666,15.420000076293945,17.059999465942383,0,0.012525857213426361,60.03249053526883,26427.318305743076,272.71304110240817,294.5735254919083,0.011021843141038814,-0.007516139786607368,0,306.0,-0.007562598259242104,0.003401062247167852,-0.010892417535251164
26686.029296875,26686.029296875,26314.91015625,26525.4609375,12600,17.059999465942383,18.459999084472656,15.779999732971191,17.700000762939453,0,-0.007516139786607368,54.953295342772115,26436.66522305326,248.0069857163253,302.92039420677196,0.011419986062467344,0.0037868981423803127,1,371.119140625,0.03751473136178762,0.004875271047756424,-0.008892721332110054
26653.849609375,26730.55078125,26538.509765625,26625.91015625,9300,17.700000762939453,17.899999618530273,16.040000915527344,17.350000381469727,0,0.0037868981423803127,56.91628753585033,26454.688550024377,233.83714227176824,295.9324977455739,0.01111445565649926,0.009051700550729347,2,192.041015625,-0.019774031999058583,0.008721084243385802,-0.00036942243976612055
26497.109375,26885.490234375,26447.880859375,26866.919921875,9500,17.350000381469727,18.450000762939453,16.290000915527344,17.520000457763672,0,0.009051700550729347,61.27645721391673,26493.94868067682,239.29645258846358,306.0522746923186,0.011391416492187157,-0.0020151407439867874,1,437.609375,0.009798275075285412,0.005259982434814292,0.01781090637126681
26907.419921875,26925.640625,26754.599609375,26812.779296875,7000,17.520000457763672,17.700000762939453,16.389999389648438,17.260000228881836,0,-0.0020151407439867874,59.81208157150983,26524.313501267123,236.52775465894229,296.40861333036725,0.011054751543974157,-0.001757703135813804,1,171.041015625,-0.014840195324687944,0.010831795159073287,0.015800610953898397
26791.6796875,26887.2890625,26617.44921875,26765.650390625,7700,17.260000228881836,18.309999465942383,16.219999313354492,18.18000030517578,0,-0.001757703135813804,58.50146879355856,26547.297966920254,227.9035030228879,294.51084407462673,0.011003313567070383,0.008838578889263982,2,269.83984375,0.053302437085398946,0.005248280098406166,0.001470854112640252
26753.19921875,27060.98046875,26736.51953125,27002.220703125,9300,18.18000030517578,18.829999923706055,16.989999771118164,18.020000457763672,0,0.008838578889263982,62.89646346992496,26590.623941796897,237.42112563825503,296.65013646215345,0.01098613850037237,-0.02238740925315963,0,324.4609375,-0.008800871547100964,0.0050359617568160875,0.017973665631988656
26367.48046875,26435.849609375,25911.330078125,26397.7109375,24400,18.020000457763672,21.049999237060547,16.149999618530273,18.6299991607666,0,-0.02238740925315963,48.70247569251168,26572.251274721002,193.9492973737906,353.3815999291425,0.013386827394459285,0.00019888088071073895,1,524.51953125,0.03385120352425508,-0.01548024375911583,-0.008570569697368025
26347.810546875,26493.509765625,26262.720703125,26402.9609375,18300,18.6299991607666,19.729999542236328,18.3799991607666,18.530000686645508,0,0.00019888088071073895,48.81051942739923,26556.12838546186,158.09872768084824,344.6249901127752,0.013052512971123097,0.004605159400031811,1,230.7890625,-0.005367604864507047,-0.013550556322443619,-0.017268782045881115
26410.66015625,26583.330078125,26378.4609375,26524.55078125,8100,18.530000686645508,18.809999465942383,17.450000762939453,17.729999542236328,0,0.004605159400031811,51.36540339480075,26553.12099458454,137.9084543153731,334.64242943507696,0.01261632787657362,0.00813736095023998,2,204.869140625,-0.043173292755770754,-0.017690023614232553,-0.010749669492807534
26627.150390625,26776.169921875,26606.310546875,26740.390625,7700,17.729999542236328,17.729999542236328,15.90999984741211,16.15999984741211,0,0.00813736095023998,55.60160597454579,26570.95619748125,137.73625098839693,328.7121945200715,0.012292722239171534,0.009698066186159204,2,169.859375,-0.0885504644872761,0.012981416771754795,-0.0009437381590341465
26926.169921875,27069.23046875,26872.58984375,26999.720703125,8600,16.15999984741211,16.40999984741211,14.65999984741211,16.290000915527344,0,0.009698066186159204,60.09862961056976,26611.790912304463,156.71898964545835,328.7213123222092,0.012174989361433,0.005377442778813357,1,196.640625,0.008044620627645216,0.022602001610259714,-9.258497763886542e-05
27064.330078125,27243.359375,27061.400390625,27144.91015625,10000,16.290000915527344,16.360000610351562,15.649999618530273,15.739999771118164,0,0.005377442778813357,62.39514165769747,26662.56417363261,181.387598932095,322.6439808616943,0.011885984481234574,0.004930928435737725,1,181.958984375,-0.03376311316747249,0.02338811993900114,0.028305454988847067
27314.439453125,27385.66015625,27251.060546875,27278.759765625,8300,15.739999771118164,15.970000267028809,15.149999618530273,15.579999923706055,0,0.004930928435737725,64.42777333479711,26721.249468108075,209.3252234922038,316.7944108001447,0.011613226316811857,-0.004101748978375341,1,134.599609375,-0.01016517469750533,0.02013318160437305,0.0331704777429378
27340.720703125,27348.66015625,27127.30078125,27166.869140625,10400,15.579999923706055,15.699999809265137,14.829999923706055,15.359999656677246,0,-0.004101748978375341,61.43816534267389,26763.689436919212,219.902455287247,309.9776225287058,0.011410134194122836,0.0012743865909166097,1,221.359375,-0.014120684730817179,0.006190746909491285,0.024215993879491027
27209.970703125,27288.220703125,27146.94921875,27201.490234375,8800,15.359999656677246,15.579999923706055,14.289999961853027,15.3100004196167,0,0.0012743865909166097,62.025339311008366,26805.38475096262,228.44524602083402,297.92718408915545,0.010952605225748244,-0.002742123431742738,1,141.271484375,-0.0032551587355544864,0.002084371537769636,0.017243562962162118
27292.19921875,27294.8203125,27034.140625,27126.900390625,13900,15.3100004196167,15.8100004196167,13.90999984741211,15.079999923706055,0,-0.002742123431742738,59.90881419954437,26836.005288073324,226.58476409106515,295.2666486185015,0.010884643817269482,0.018424112423575112,2,260.6796875,-0.015022892854786973,-0.005566945722780381,0.00471040752230012
27358.23046875,27647.48046875,27358.23046875,27626.689453125,23900,15.079999923706055,15.079999923706055,13.760000228881836,14.850000381469727,0,0.018424112423575112,67.83010056163954,26911.30854188777,262.41417196271505,311.3604650118228,0.011270277806543454,0.006567966537679881,2,289.25,-0.015251959111403202,0.016925774925325987,0.017748421125795222
27667.810546875,27828.740234375,27667.810546875,27808.140625,12200,14.850000381469727,15.029999732971191,13.819999694824219,14.779999732971191,0,0.006567966537679881,70.13704583789327,26996.721121231792,301.96990782982175,303.55263045740685,0.010915962866805549,0.00025312956356637883,1,160.9296875,-0.004713848262649423,0.02230210129658139,0.019406338995004102
27912.140625,27928.759765625,27752.140625,27815.1796875,17600,14.779999732971191,15.40999984741211,13.869999885559082,15.329999923706055,0,0.00025312956356637883,70.22624503115408,27074.66955611448,330.0811371236523,294.48595261223494,0.010587238907702452,0.004563324376331224,1,176.619140625,0.03721246283299484,0.02537257434368967,0.023864014050317017
27857.80078125,27967.76953125,27763.150390625,27942.109375,10500,15.329999923706055,15.920000076293945,14.15999984741211,15.609999656677246,0,0.004563324376331224,71.85857273582957,27157.282872198815,358.46944127552706,288.0668946131467,0.010309418331562403,-0.003779577754229546,1,204.619140625,0.018264822854839213,0.011417217484931852,0.02722715315387636
27966.140625,28048.69921875,27735.869140625,27836.5,16300,15.609999656677246,16.31999969482422,13.920000076293945,15.640000343322754,0,-0.003779577754229546,68.49385012962827,27221.97021770369,368.2011887873887,289.83569343542194,0.010412073839578321,-0.003227411626820942,1,312.830078125,0.0019218890009824463,0.0010198227699735884,0.026158521583993233
27920.66015625,28013.5,27697.689453125,27746.66015625,20500,15.640000343322754,16.200000762939453,14.109999656677246,15.989999771118164,0,-0.003227411626820942,65.67655563670237,27271.94068804143,364.46304116805186,291.69104010967754,0.010512654080421764,0.0014761771018330094,1,315.810546875,0.0223784795468267,-0.0024633862523919525,0.004342565305501367
27790.05078125,27826.689453125,27637.98046875,27787.619140625,16800,15.989999771118164,16.229999542236328,13.920000076293945,15.800000190734863,0,0.0014761771018330094,66.35599887460319,27321.05292162082,360.6482514316158,284.335178985772,0.010232441201487431,0.004616137990299141,1,188.708984375,-0.01188240044421307,-0.005528939576524006,-0.0007379667936715517
27775.69921875,27935.1796875,27759.7109375,27915.890625,12500,15.800000190734863,16.209999084472656,14.140000343322754,15.989999771118164,0,0.004616137990299141,68.4615613476866,27377.704131466457,363.7819875548448,276.5590054867883,0.009906866637423942,-0.007356781000068868,0,175.46875,0.01202528975251016,0.002852033301600443,0.0036207185655989793
27980.0703125,27988.759765625,27687.5390625,27710.51953125,12200,15.989999771118164,16.110000610351562,14.029999732971191,15.710000038146973,0,-0.007356781000068868,61.79353354450266,27409.400836207747,345.7086509698529,278.32055531808913,0.01004385915623915,0.0033460470858526214,1,301.220703125,-0.017510927891127293,-0.0013025216295035058,-0.008288201890627622
27721.720703125,27832.44921875,27646.2109375,27803.240234375,9500,15.710000038146973,15.960000038146973,14.4399995803833,15.5,0,0.0033460470858526214,63.521022740494516,27446.909350318914,335.00545302896717,271.74325002751135,0.00977379786444952,0.010505955669650957,2,186.23828125,-0.013367284381734623,0.000562160207786988,-0.0011948257009681829
27753.9609375,28110.369140625,27736.509765625,28095.33984375,15300,15.5,16.110000610351562,13.520000457763672,15.720000267028809,0,0.010505955669650957,68.37258013555524,27508.66463540759,346.10342401654634,279.0372589541177,0.009931798672162758,-0.004229182247333929,1,373.859375,0.014193565614761816,0.006428210411072888,0.01256654622705855
28121.369140625,28149.529296875,27927.130859375,27976.51953125,11100,15.720000267028809,16.149999618530273,13.949999809265137,15.619999885559082,0,-0.004229182247333929,64.60838767560963,27553.22224453544,341.3756735194438,274.99162885025214,0.009829372397202028,0.0017089526387152887,1,222.3984375,-0.006361347313680876,0.009599242616148862,0.006798005603467772
27976.140625,28210.880859375,27899.9296875,28024.330078125,10400,15.619999885559082,15.670000076293945,14.470000267028809,15.430000305175781,0,0.0017089526387152887,65.43303602309274,27598.089657258253,337.5952211881631,277.56016763773414,0.009904257010389331,0.006576038106397064,2,310.951171875,-0.012163865670636653,0.007951945236823521,0.003884506304373092
28108.779296875,28240.19921875,28064.900390625,28208.619140625,14600,15.430000305175781,15.539999961853027,12.59000015258789,15.149999618530273,0,0.006576038106397064,68.48158609186109,27656.2353223408,345.4872111429868,273.15366570825313,0.00968334055440762,-0.005557158428901587,0,175.298828125,-0.018146512061414932,0.004031960371541743,0.017975109012780432
28232.869140625,28233.470703125,28037.869140625,28051.859375,11500,15.149999618530273,15.229999542236328,14.149999618530273,14.920000076293945,0,-0.005557158428901587,63.362590584928945,27693.91380354644,335.22816543217414,267.6142297648065,0.009539981866703141,-0.0017375045883211149,1,195.6015625,-0.015181488318653846,0.002692966995620827,0.00894209230755827
28083.080078125,28284.849609375,27873.529296875,28003.119140625,13700,14.920000076293945,15.479999542236328,14.359999656677246,15.180000305175781,0,-0.0017375045883211149,61.8153947902611,27723.361930887255,319.4820776979832,277.87894996017747,0.009923142795798407,-0.0007644935200786795,1,411.3203125,0.017426288709940785,-0.0007568758090155114,-0.003282419918672619
28069.119140625,28175.220703125,27943.91015625,27981.7109375,10100,15.180000305175781,15.789999961853027,13.960000038146973,15.6899995803833,0,-0.0007644935200786795,61.10956685388151,27747.966598183706,301.7968009880278,274.5526354540934,0.00981186018493775,-0.010156675998468812,0,231.310546875,0.03359678952270051,-0.008043931608060051,0.00018556297698868462
28008.51953125,28015.4296875,27647.140625,27697.509765625,11800,15.6899995803833,16.450000762939453,14.300000190734863,16.239999771118164,0,-0.010156675998468812,52.53382753188626,27743.161185559067,261.8302166242356,281.248094528801,0.010154273684122106,0.0006086964186551302,1,368.2890625,0.03505418772748148,-0.012631947302958468,-0.011662020522485439
27899.880859375,27921.91015625,27627.970703125,27714.369140625,14600,16.239999771118164,16.239999771118164,14.100000381469727,15.140000343322754,0,0.0006086964186551302,52.95559264859239,27740.419086041537,228.87845290190307,282.1546201428152,0.010180806162721559,0.013133276348566092,2,293.939453125,-0.06773395586813313,-0.010311351337326635,-0.017521240495186108
27810.55078125,28110.369140625,27795.740234375,28078.349609375,13700,15.140000343322754,15.140000343322754,13.619999885559082,14.350000381469727,0,0.013133276348566092,61.010420889728366,27772.60294540663,229.4887215336712,290.286432989757,0.010338443570516484,0.003711781660066027,1,314.62890625,-0.05217965283610071,0.0034536369877757878,0.000944330784668379
28181.919921875,28226.380859375,28128.060546875,28182.5703125,20300,14.350000381469727,14.819999694824219,13.109999656677246,14.59000015258789,0,0.003711781660066027,62.96571823632045,27811.64745655838,235.66549838580977,280.1253484904886,0.009939666445762144,-0.003456397169238845,1,98.3203125,0.016724722281406867,0.017512785480700677,0.006408256557915548
28289.220703125,28289.9609375,27956.76953125,28085.16015625,14200,14.59000015258789,14.960000038146973,12.350000381469727,14.539999961853027,0,-0.003456397169238845,59.940083271151046,27837.69628510044,230.04859600916097,283.91578118759656,0.010109103156544211,-0.011047802296614284,0,333.19140625,-0.0034270178349514735,0.013379016990918258,0.003697029784242467
28133.359375,28143.279296875,27736.619140625,27774.880859375,15400,14.539999961853027,15.25,12.710000038146973,14.920000076293945,0,-0.011047802296614284,51.458067375258956,27831.713863602778,198.27462777521214,292.6832365491968,0.010537695482153829,0.0030501931017790085,1,406.66015625,0.026134808489537864,-0.010807926898191877,0.0027934314097082247
27805.939453125,27902.390625,27697.330078125,27859.599609375,9900,14.920000076293945,14.920000076293945,13.170000076293945,14.210000038146973,0,0.0030501931017790085,53.397189976877755,27834.36964891442,177.87914408451616,286.42447300103987,0.010280997466476708,0.010509870398549115,2,205.060546875,-0.047587133680721316,-0.011459944907216357,0.005240258871240799
27919.94921875,28203.26953125,27900.91015625,28152.400390625,21000,14.210000038146973,14.210000038146973,12.369999885559082,13.770000457763672,0,0.010509870398549115,59.42940673656737,27864.658290982094,183.22999104667542,290.51343363489417,0.010319313081794537,-0.00311842025571063,1,302.359375,-0.03096408016904395,0.002394155276342236,0.002637291090117122
28190.0390625,28199.099609375,27942.650390625,28064.609375,14600,13.770000457763672,14.640000343322754,13.140000343322754,14.180000305175781,0,-0.00311842025571063,57.04518652822668,27883.701251364753,178.33088709484218,288.0802754288303,0.01026489524865622,-0.0021108519125789815,1,256.44921875,0.029774860841122797,0.010431314434502958,-0.004185598978091787
28061.7890625,28174.30078125,27960.140625,28005.369140625,11600,14.180000305175781,14.90999984741211,12.710000038146973,14.779999732971191,0,-0.0021108519125789815,55.4292100417456,27895.28866938954,167.7345802639793,282.8002669160567,0.010098073176468955,0.00421598843804305,1,214.16015625,0.04231307580271393,0.005232290962320585,-0.002841038298556531
28077.640625,28214.169921875,28077.0,28123.439453125,12500,14.779999732971191,14.779999732971191,12.90999984741211,14.550000190734863,0,0.00421598843804305,57.98391218737972,27917.017315459583,166.93983966698943,277.51458936848127,0.009867732921893541,-0.0016512721782271367,1,137.169921875,-0.015561538998085767,-0.0010287200060441481,0.012549418142052904
28167.66015625,28212.30078125,28026.119140625,28077.0,15600,14.550000190734863,14.90999984741211,12.109999656677246,14.539999961853027,0,-0.0016512721782271367,56.60952060726131,27932.25376160629,160.71015958055068,270.9908073153755,0.009651700940819016,-0.003257503917797444,1,186.181640625,-0.0006873009450683032,0.0004415035618146046,0.0078034283935597415
28088.0703125,28143.279296875,27918.05078125,27985.5390625,12600,14.539999961853027,15.010000228881836,13.270000457763672,14.239999771118164,0,-0.003257503917797444,53.89980685090287,27937.328552167597,146.70187208171046,267.7220721946344,0.009566443283323279,0.00016693889617647173,1,225.228515625,-0.020632750448551618,-0.0007080812977477979,-0.005927072853814885
28012.560546875,28028.98046875,27854.4296875,27990.2109375,12400,14.239999771118164,14.619999885559082,13.0600004196167,13.899999618530273,0,0.00016693889617647173,54.020876386666885,27942.364969818304,134.42758703753134,261.0669799843034,0.009327081548875998,0.002491175067622642,1,174.55078125,-0.023876415593593325,-0.004737276741952567,-0.00265096999947112
28065.25,28108.390625,27959.869140625,28059.939453125,8100,13.899999618530273,14.039999961853027,12.390000343322754,13.489999771118164,0,0.002491175067622642,55.883137768751496,27953.562539657036,128.84143234294243,253.02801601221026,0.009017411332440736,-0.007983955106148688,0,148.521484375,-0.029496392709646768,-0.0006076342513444688,0.0019485660848097552
28103.599609375,28154.2109375,27803.240234375,27835.91015625,6700,13.489999771118164,13.609999656677246,10.930000305175781,13.289999961853027,0,-0.007983955106148688,49.01431979777585,27942.357550761128,105.125254044131,260.02392223455234,0.009341312023748185,-0.0019277313351275804,1,350.970703125,-0.01482578299914672,-0.005346650851206891,-0.010223831169521191
27882.75,27935.880859375,27696.990234375,27782.25,9100,13.289999961853027,14.210000038146973,12.350000381469727,13.569999694824219,0,-0.0019277313351275804,47.50805853414345,27927.1092125934,81.06561181236611,258.5144010035129,0.009305020327853679,0.004334067840077838,1,238.890625,0.021068452503753887,-0.007429773857880573,-0.010497916444064503
27827.259765625,27952.849609375,27698.7109375,27902.66015625,11800,13.569999694824219,14.010000228881836,12.9399995803833,13.170000076293945,0,0.004334067840077838,51.13679280923629,27924.780731036884,70.89700871839159,258.20184892290484,0.00925366425555914,0.01578163540354649,2,254.138671875,-0.02947675958186191,-0.005605118896914951,-0.0029614904349316573
28012.4609375,28478.01953125,28010.66015625,28343.009765625,10600,13.170000076293945,13.170000076293945,12.289999961853027,13.020000457763672,0,0.01578163540354649,61.59333903155378,27964.612067664326,97.2498154898567,280.8559579284116,0.00990917902688795,0.003851396063885737,1,467.359375,-0.011389492609060303,0.018217461061216245,0.012604364751404473
28372.25,28532.25,28363.099609375,28452.169921875,10400,13.020000457763672,13.539999961853027,12.25,13.239999771118164,0,0.003851396063885737,63.66890253778978,28011.046149017722,125.49627410863832,274.3119776745965,0.009641161936956383,-0.0010083397225510993,1,169.150390625,0.016897028081386045,0.024113234956671947,0.013978307736737472
28459.08984375,28548.849609375,28386.609375,28423.48046875,16800,13.239999771118164,13.680000305175781,12.539999961853027,13.34000015258789,0,-0.0010083397225510993,62.70970721580772,28050.325608039842,143.90791609220105,266.30685315319676,0.00936925558592256,0.003821801709661621,1,162.240234375,0.007552899033115512,0.01866561501962538,0.021108356407310458
28498.720703125,28581.580078125,28427.630859375,28532.109375,12000,13.34000015258789,13.449999809265137,12.640000343322754,12.9399995803833,0,0.003821801709661621,64.86790647235271,28096.20977632176,165.358569243519,258.577764311897,0.00906269357492595,0.015628362782063032,2,153.94921875,-0.029985050047169004,0.006671825290916811,0.026990592014685566
28631.26953125,29013.400390625,28631.26953125,28978.01953125,18200,12.9399995803833,13.180000305175781,12.350000381469727,12.75,0,0.015628362782063032,72.02520719118635,28180.1916577435,215.8513889433416,274.4858536914044,0.009472208871810507,-0.0017827359179701796,1,382.130859375,-0.014683121062178062,0.018481880672683193,0.0385396721666742
29035.669921875,29067.83984375,28911.310546875,28926.359375,19800,12.75,13.359999656677246,11.949999809265137,13.149999618530273,0,-0.0017827359179701796,70.23986311982709,28251.255249863167,248.83040742390222,266.0603853473755,0.009197852446558545,0.0041111264757975885,1,156.529296875,0.0313725191004135,0.017692376090355566,0.02058178062946925
28929.4609375,29077.279296875,28854.560546875,29045.279296875,15000,13.149999618530273,13.229999542236328,12.050000190734863,13.119999885559082,0,0.0041111264757975885,71.96274866544547,28326.876587673818,281.31948510184884,262.96455425113436,0.009053607354343013,-0.008539401337472663,0,222.71875,-0.002281348581099407,0.017985698678298245,0.020845839759448204
29062.900390625,29062.900390625,28755.080078125,28797.25,11700,13.119999885559082,13.449999809265137,12.640000343322754,13.229999542236328,0,-0.008539401337472663,63.681972252954104,28371.674055514406,283.78215777571313,266.1685369831962,0.009242845653081325,-0.015408101033952848,0,307.8203125,0.008384120246702098,-0.006238160308196905,0.013150026847026597
28481.08984375,28481.109375,28251.310546875,28353.5390625,13700,13.229999542236328,15.34000015258789,12.699999809265137,15.239999771118164,0,-0.015408101033952848,52.12615115021199,28369.946913322558,247.0818731723266,286.1521738504679,0.010092291238130791,0.0006592265681120146,1,229.798828125,0.15192746019869308,-0.019802710222672104,-0.006258573810756007
28345.490234375,28416.41015625,28259.380859375,28372.23046875,11500,15.239999771118164,15.520000457763672,14.199999809265137,14.760000228881836,0,0.0006592265681120146,52.517035833410404,28370.16439479184,217.00339344691383,276.92911120936304,0.009760568930750117,0.0014330969253468773,1,157.029296875,-0.03149603342816265,-0.023172399936171817,-0.020905122996646264
28398.330078125,28454.01953125,28311.109375,28412.890625,9600,14.760000228881836,15.079999923706055,13.4399995803833,14.680000305175781,0,0.0014330969253468773,53.40822785108288,28374.233559573568,194.2082050615063,267.3563287122657,0.009409684225406605,0.006551205026327667,2,142.91015625,-0.005420048947527345,-0.013347086093290161,-0.017750894377803084
28520.30078125,28778.640625,28494.58984375,28599.029296875,13400,14.680000305175781,14.949999809265137,13.430000305175781,14.579999923706055,0,0.006551205026327667,57.35426625531384,28395.6426774118,188.98419704517437,274.384448089961,0.009594187454465206,0.0012402764708128178,1,284.05078125,-0.006812014944881817,0.008658186684697977,-0.015363942465101754
28626.599609375,28714.76953125,28552.55078125,28634.5,12600,14.579999923706055,15.199999809265137,13.640000343322754,14.9399995803833,0,0.0012402764708128178,58.082820677686975,28418.39099384877,185.56721896776435,266.3726125121066,0.009302506155585278,-0.0038869469084495956,1,162.21875,0.024691334606381732,0.00924388132046472,-0.00565158131418797
28690.66015625,28698.810546875,28480.529296875,28523.19921875,8000,14.9399995803833,15.149999618530273,13.770000457763672,14.779999732971191,0,-0.0038869469084495956,54.91272408840676,28428.372729553652,171.89667844879295,262.9375151898133,0.009218373898849636,-0.0005532092229201258,1,218.28125,-0.010709494772824124,0.0038823432365922006,0.005983738251370108
28554.380859375,28689.359375,28462.330078125,28507.419921875,12300,14.779999732971191,14.949999809265137,13.170000076293945,14.8100004196167,0,-0.0005532092229201258,54.45892048294702,28435.901033584258,157.9684571695543,260.37264245304095,0.009133504300515304,0.00932076414590255,2,227.029296875,0.0020298164538246066,-0.003203233719894505,0.0047648510847217995
28766.939453125,28871.919921875,28693.0703125,28773.130859375,10700,14.8100004196167,14.8100004196167,12.59000015258789,13.34000015258789,0,0.00932076414590255,60.39442624080978,28468.018159850042,166.45213685483031,267.8103108492523,0.009307652759727156,-0.003646115424933649,1,178.849609375,-0.09925727382706273,0.004841392703731406,0.012678760465787642
28810.3203125,28825.08984375,28627.380859375,28668.220703125,13300,13.34000015258789,13.59000015258789,12.029999732971191,13.25,0,-0.003646115424933649,57.223254593220894,28487.085068733373,162.83310264124157,262.8030732439485,0.009167052115491126,-0.013043760550135564,0,197.708984375,-0.0067466380478586885,0.005084334448699268,0.0024193620535770677
28630.919921875,28630.919921875,28272.029296875,28294.279296875,16600,13.25,14.789999961853027,12.8100004196167,14.569999694824219,0,-0.013043760550135564,47.6243319215732,28468.722614270668,128.311945392521,272.33081131580934,0.00962494250015717,-0.002494499944121098,1,358.890625,0.09962261847729947,-0.00747667188346457,-0.011881496206499143
28373.01953125,28432.740234375,28179.33984375,28223.69921875,8800,14.569999694824219,14.569999694824219,13.770000457763672,14.25,0,-0.002494499944121098,46.054038123097975,28445.38705279251,94.17289065614386,270.97863840932297,0.009601102828834793,0.00244869843564266,1,253.400390625,-0.02196291705743092,-0.01909530260402581,-0.010500224666352365
28198.880859375,28378.560546875,28198.30078125,28292.810546875,10800,14.25,14.350000381469727,13.489999771118164,13.850000381469727,0,0.00244869843564266,47.86670896298595,28430.855956990843,71.8657270446638,264.49871892472845,0.009348619448269797,-0.016445211380789804,0,180.259765625,-0.028070148668791095,-0.013094993237898422,-0.0075281935576120285
28423.140625,28475.5703125,27719.919921875,27827.529296875,13600,13.850000381469727,19.1299991607666,13.149999618530273,18.450000762939453,0,-0.016445211380789804,38.48985281255831,28373.39627507505,16.45316892120536,299.5809811890336,0.01076563348448891,0.0013810654986647908,1,755.650390625,0.33212998229402113,-0.016496267499966022,-0.03286404830678691
27807.8203125,27955.2109375,27716.779296875,27865.9609375,10500,18.450000762939453,18.850000381469727,16.829999923706055,17.18000030517578,0,0.0013810654986647908,39.543331973353574,28325.069100067903,-24.082957067785173,295.21317114874546,0.010594042380626065,0.013540825878795237,2,238.431640625,-0.06883471031148813,-0.012675102525622983,-0.027984288733257534
27997.2890625,28273.01953125,27919.890625,28243.2890625,10900,17.18000030517578,17.18000030517578,15.510000228881836,15.619999885559082,0,0.013540825878795237,48.812812326928324,28317.280525061436,-25.467331195141014,303.2021299059779,0.010735369001642032,0.003231270924149321,1,353.12890625,-0.0908032824159335,-0.0017503204318621846,-0.0018021393596914237
28377.640625,28404.69921875,28242.25,28334.55078125,18300,15.619999885559082,15.720000267028809,14.8100004196167,14.989999771118164,0,0.003231270924149321,50.77852463468826,28318.925311365107,-18.981591694406234,293.1483505376938,0.010345967818613898,-0.004008191743599232,1,162.44921875,-0.040332914152154564,0.018220140170041477,0.0039276057203145864
28425.740234375,28477.650390625,28188.900390625,28220.98046875,11300,14.989999771118164,15.149999618530273,13.90999984741211,14.930000305175781,0,-0.004008191743599232,48.29307804460421,28309.597231116048,-22.743597450873494,292.8341826421442,0.010376470901371017,-0.0040668158704509905,1,288.75,-0.004002632879153589,0.012740257981638026,-0.002538810274998804
28298.349609375,28328.560546875,28031.220703125,28106.2109375,9100,14.930000305175781,15.119999885559082,14.329999923706055,14.84000015258789,0,-0.0040668158704509905,45.85067912176141,28290.227107914518,-34.58725576490542,293.1560155784196,0.010430293013537574,-0.0016035712746987896,1,297.33984375,-0.006028141376305918,-0.004853475977838806,0.010014602361996028
28129.220703125,28155.6796875,27964.91015625,28061.140625,12700,14.84000015258789,14.970000267028809,13.779999732971191,14.489999771118164,0,-0.0016035712746987896,44.89053778862636,28268.40934763694,-47.06767104496248,285.8426952692468,0.010186424674932358,0.00075546532599291,1,190.76953125,-0.02358493112337945,-0.009649355599839815,0.007004233155202044
28144.279296875,28216.640625,28068.3203125,28082.33984375,6900,14.489999771118164,14.569999694824219,13.270000457763672,14.289999961853027,0,0.00075546532599291,45.46896287661288,28250.688442504852,-54.618284699761716,276.5325027500149,0.009847203056748133,-0.015640807396886336,0,148.3203125,-0.013802609553091982,-0.004912679244207019,-0.005698671227484575
28042.619140625,28042.619140625,27563.83984375,27643.109375,11900,14.289999961853027,16.010000228881836,14.289999961853027,15.430000305175781,0,-0.015640807396886336,36.84097784232578,28192.82376940915,-94.94990504526504,293.8158954107281,0.010628901815092143,0.0011029958302222198,1,478.779296875,0.07977609141819242,-0.01647684077835332,-0.024402765781893154
27712.220703125,27763.5390625,27548.1796875,27673.599609375,14000,15.430000305175781,15.430000305175781,14.329999923706055,14.890000343322754,0,0.0011029958302222198,37.72439389210972,28143.3738494059,-123.03443328552748,288.21185823853324,0.010414686282477527,-0.005190105670291767,1,215.359375,-0.03499675639487132,-0.013810593831661055,-0.019396238198780225
27776.140625,27803.2109375,27488.30078125,27529.970703125,17100,14.890000343322754,16.049999237060547,14.350000381469727,15.65999984741211,0,-0.005190105670291767,35.224935733434435,28084.954502141052,-155.0934558152403,290.1188795250666,0.01053829234522703,0.018921565949609587,2,314.91015625,0.05171252426697581,-0.01966962666566885,-0.02050223830086484
27656.890625,28064.390625,27652.759765625,28050.880859375,16200,15.65999984741211,15.65999984741211,14.300000190734863,14.539999961853027,0,0.018921565949609587,48.54135843704927,28081.709393306188,-136.88939028079403,307.56895397863326,0.010964680771364775,-0.0023711098087592086,1,411.630859375,-0.07151978904675194,0.014751288606620339,-0.0003656218313470294
28112.359375,28131.0703125,27926.169921875,27984.369140625,15200,14.539999961853027,14.949999809265137,13.149999618530273,14.609999656677246,0,-0.0023711098087592086,47.20689946452587,28072.438893050836,-126.37273085601919,300.2354851676595,0.010728685133437818,0.005198284170494949,1,204.900390625,0.004814284388436674,0.011229819598340907,-0.003488694448899543
28031.5703125,28212.5,28031.5703125,28129.83984375,11300,14.609999656677246,14.609999656677246,12.75,14.170000076293945,0,0.005198284170494949,50.417482625155,28077.90565026028,-105.08853725848167,295.0851547538981,0.010490111440128277,-0.0018720389644060198,1,180.9296875,-0.030116330644963885,0.02178967595330228,0.017607659910725992
28163.41015625,28163.41015625,27957.919921875,28077.1796875,8500,14.170000076293945,14.350000381469727,12.430000305175781,13.829999923706055,0,-0.0018720389644060198,49.24985857664503,28077.836510949775,-91.41610702099933,288.68551758397683,0.010281855969761096,0.003629295811016453,1,205.490234375,-0.023994364908769605,0.0009375401883755519,0.014583577265758985
28156.58984375,28256.650390625,28075.94921875,28179.080078125,15100,13.829999923706055,14.449999809265137,13.100000381469727,14.329999923706055,0,0.003629295811016453,51.58637000422656,28087.478755442655,-71.53350394153313,280.9723500333356,0.009970955377335056,-0.0031108239164290286,1,180.701171875,0.036153290148827066,0.0069578462362882565,0.023578280630945914
28159.08984375,28211.41015625,28013.689453125,28091.419921875,11000,14.329999923706055,14.8100004196167,12.84000015258789,14.479999542236328,0,-0.0031108239164290286,49.47610391284136,28087.85410462669,-62.13360226740406,275.02580382559734,0.009790384558362345,-0.009074306566166146,0,197.720703125,0.010467524028533237,-0.0013658066341083464,0.0014451974860694161
28050.55078125,28050.55078125,27759.560546875,27836.509765625,14100,14.479999542236328,14.9399995803833,13.600000381469727,14.449999809265137,0,-0.009074306566166146,43.85764577378089,28063.916548531295,-74.39564501824134,279.08534462376895,0.010025874183709926,0.002852032301047913,1,290.990234375,-0.0020718048287008406,-0.008571727094874415,-0.005283641530634098
27808.630859375,27958.130859375,27665.599609375,27915.900390625,13600,14.449999809265137,14.819999694824219,12.75,14.09000015258789,0,0.002852032301047913,45.91753972145512,28049.819771587838,-76.82168968037513,280.04576643635687,0.010031765499865614,0.0009173759270397763,1,292.53125,-0.024913471379177432,-0.00933954148859184,-0.007605427343822413
27983.140625,28000.140625,27789.83984375,27941.509765625,11300,14.09000015258789,14.880000114440918,13.479999542236328,14.649999618530273,0,0.0009173759270397763,46.59819098151913,28039.50453292471,-75.80406296631554,275.0639817801885,0.009844277710382907,-0.0023227231158726713,1,210.30078125,0.03974446131141662,-0.005336510460023591,-0.004832035246595701
27966.1796875,28029.80078125,27845.630859375,27876.609375,10100,15.489999771118164,15.890000343322754,14.3100004196167,15.739999771118164,0,-0.0023227231158726713,45.050787345919964,28023.990708360452,-79.32015225197756,268.5715489298179,0.009634297532994645,-0.012533399136709034,0,184.169921875,0.07440274272834713,0.0014405401292270081,-0.010733874288529455
27679.3203125,27679.3203125,27500.810546875,27527.220703125,13000,15.739999771118164,17.260000228881836,15.119999885559082,16.799999237060547,0,-0.012533399136709034,37.77773568935817,27976.67927929041,-109.04245070511388,276.23064030090234,0.010034817654858398,-0.0035216561561187687,1,178.509765625,0.06734431266558283,-0.013923236652274684,-0.020084396599356458
27518.060546875,27600.740234375,27399.259765625,27430.279296875,10800,16.799999237060547,16.799999237060547,15.489999771118164,16.469999313354492,0,-0.0035216561561187687,36.03923438130219,27924.641185727036,-138.81972035409126,270.89134233298074,0.009875631939476536,-0.00569184529841027,0,201.48046875,-0.01964285349359296,-0.018296451159519722,-0.014593441209775904
27465.55078125,27498.91015625,27193.609375,27274.150390625,24300,16.469999313354492,17.43000030517578,14.600000381469727,16.850000381469727,0,-0.00569184529841027,33.375303189834796,27862.689681431606,-173.02222647104645,273.34915939848213,0.010022279538813463,0.006777107301334517,2,305.30078125,0.02307231839451962,-0.02161163060652893,-0.022988690711030046
27552.26953125,27591.150390625,27274.150390625,27458.990234375,11300,16.850000381469727,16.850000381469727,14.9399995803833,16.510000228881836,0,0.006777107301334517,39.11337895915503,27824.24211504526,-183.10223972255335,276.46707658430483,0.010068362828513805,0.004812645676226079,1,317.0,-0.020178050141873904,-0.00247865447390605,-0.017268914074343167
27537.259765625,27646.83984375,27406.759765625,27591.140625,10200,16.510000228881836,17.3799991607666,15.069999694824219,16.770000457763672,0,0.004812645676226079,42.89977791918173,27802.041973136187,-178.37113928886174,273.8680052657831,0.009925939959786752,-0.012272465742796723,0,240.080078125,0.015748045140968836,0.00586437077012647,-0.010240440153959751
26251.380859375,27397.380859375,25902.44921875,27252.529296875,21100,16.770000457763672,22.790000915527344,15.84000015258789,16.6200008392334,0,-0.012272465742796723,36.616342249144715,27749.707432539886,-199.64344701273149,374.9268196217986,0.013757505424085199,0.00972938649974786,2,1494.931640625,-0.008944520836958625,-0.0007927320719559594,-0.00997890085644626
27605.05078125,27743.4609375,27252.529296875,27517.6796875,16600,16.6200008392334,16.6200008392334,14.239999771118164,15.460000038146973,0,0.00972938649974786,43.584472411554714,27727.609552059897,-192.88304786319713,383.21287826488435,0.013926060722298477,-0.025396740674958118,0,490.931640625,-0.06979547187194557,0.0021373492842984287,0.003186274178220261
27344.849609375,27344.849609375,26777.1796875,26818.8203125,17100,15.460000038146973,17.709999084472656,14.170000076293945,17.360000610351562,0,-0.025396740674958118,33.21866129895446,27641.058195911333,-241.137807243329,408.7333869602498,0.01524054310359591,-0.0191727095798222,0,567.669921875,0.12289783748489058,-0.027991605095159078,-0.01669456505899125
26809.609375,26809.609375,26253.630859375,26304.630859375,16400,17.360000610351562,20.84000015258789,16.450000762939453,20.149999618530273,0,-0.0191727095798222,27.95131579040563,27513.779401955493,-317.2141955284096,419.9088202577319,0.015963304047206424,-0.00022586921222211842,1,555.978515625,0.16071422293125193,-0.0347820353543733,-0.04203939639247534
26508.939453125,26621.400390625,26239.2109375,26298.689453125,14200,20.149999618530273,20.190000534057617,16.899999618530273,19.5,0,-0.00022586921222211842,27.896272217023153,27398.056549685924,-373.6771851901831,417.2145797482511,0.01586446277073608,-0.0027024279147702668,1,382.189453125,-0.03225804619532213,-0.04429843824836477,-0.0468429772237805
26304.900390625,26449.869140625,26155.400390625,26227.619140625,11000,19.5,19.5,17.440000534057617,18.709999084472656,0,-0.0027024279147702668,27.20610489701791,27286.58632025155,-419.3255674301472,408.44702048051886,0.015573164239214496,-0.00295028328096103,1,294.46875,-0.040512867462940694,-0.02204426462410225,-0.03760789118269192
26270.19921875,26349.01953125,26106.779296875,26150.240234375,9600,18.709999084472656,18.709999084472656,15.859999656677246,17.809999465942383,0,-0.00295028328096103,26.439141542678797,27178.362883501402,-456.48400680698614,396.57510718726746,0.015165256748424122,-0.014726427211509074,0,242.240234375,-0.048102600885597036,-0.00586933250747268,-0.04969312342661525
26246.69921875,26270.279296875,25717.9296875,25765.140625,9900,17.809999465942383,19.770000457763672,15.720000267028809,19.100000381469727,0,-0.014726427211509074,22.968733999983925,27043.77028745365,-511.1148440260804,407.7018573435341,0.015823777687746815,0.0075931536614697315,1,552.349609375,0.07243127199381338,-0.020288038652116147,-0.03928881566087716
25928.16015625,26039.69921875,25765.509765625,25960.779296875,8100,19.100000381469727,20.1299991607666,17.950000762939453,18.469999313354492,0,0.0075931536614697315,28.12989846306877,26940.628288350927,-532.4856076917386,398.1916242297102,0.015338199969892356,0.0035064914253539747,1,274.189453125,-0.032984348457209656,-0.010174001777259356,-0.013071902218975695
26101.330078125,26130.490234375,25877.16015625,26051.810546875,8900,18.469999313354492,23.09000015258789,16.34000015258789,18.040000915527344,0,0.0035064914253539747,30.464473794028436,26855.978979638934,-535.8991193079491,387.8443709365166,0.014887424819809302,-0.007356134601669284,1,253.330078125,-0.02328091033096269,-0.003764007007882597,-0.00938749844132114
26049.140625,26049.140625,25810.970703125,25860.169921875,8600,18.040000915527344,18.579999923706055,16.639999389648438,17.15999984741211,0,-0.007356134601669284,28.37481926188528,26761.140021756655,-547.7539817501856,377.3440475660512,0.014591707970443674,0.01763986560231867,2,238.169921875,-0.04878054453743419,0.0036882894705723146,-0.014010010469491796
25953.240234375,26343.94921875,25874.44921875,26316.33984375,11500,17.15999984741211,18.8700008392334,16.8700008392334,17.610000610351562,0,0.01763986560231867,39.08567141863953,26718.778100041734,-514.4101453744443,384.94656537383327,0.014627663560335733,0.001285516083386229,1,469.5,0.026223820917301355,0.013696066008226593,0.006351743153650169
26303.51953125,26413.990234375,26183.220703125,26350.169921875,10900,17.610000610351562,18.610000610351562,16.81999969482422,18.059999465942383,0,0.001285516083386229,39.80459490752976,26683.67255926395,-479.7251374760817,373.9339200792738,0.014190949097783493,0.0016637404570816194,1,230.76953125,0.025553596819656077,0.0114525389497655,0.02270623341008826
26408.619140625,26587.0703125,26354.66015625,26394.009765625,9600,18.059999465942383,18.219999313354492,16.520000457763672,17.709999084472656,0,0.0016637404570816194,40.779993981768925,26656.08562653643,-443.586125091595,364.14581083253995,0.013796532397544073,0.009805284742565146,2,232.41015625,-0.019379866656682787,0.020643323124432733,0.01668788381873232
26441.01953125,26680.55078125,26395.5,26652.810546875,7800,17.709999084472656,17.989999771118164,16.040000915527344,16.850000381469727,0,0.009805284742565146,46.31078582689481,26655.773714187722,-389.57189494601334,358.6026111748585,0.013454588983933783,-0.003485209367943831,1,285.05078125,-0.04856006479169939,0.01278561931950839,0.023069413886555923
26756.66015625,26769.3203125,26540.8203125,26559.919921875,11300,16.850000381469727,16.889999389648438,14.34000015258789,16.690000534057617,0,-0.003485209367943831,44.69720681487293,26646.64478158651,-350.22356625706743,349.30956751951146,0.013151755296965967,-0.012396865901459941,0,228.5,-0.009495539690792199,0.00796010047077056,0.0270589869329545
26437.369140625,26463.060546875,26182.9296875,26230.66015625,9600,16.690000534057617,18.190000534057617,15.829999923706055,17.93000030517578,0,-0.012396865901459941,39.45023060329377,26607.027198221127,-341.6696881459902,351.2867580091892,0.0133922194834844,0.0045153058451248285,1,280.130859375,0.07429596952904949,-0.006188889480057025,-0.003255760033831212
26253.48046875,26390.80078125,26125.349609375,26349.099609375,12800,17.93000030517578,18.299999237060547,16.920000076293945,17.290000915527344,0,0.0045153058451248285,42.083953219918065,26582.46266595007,-321.6260986285233,345.15564471389,0.013099333557154407,0.0016569885459944977,1,265.451171875,-0.03569433233437769,-0.011395081091574055,-4.061880827233022e-05
26403.619140625,26502.4296875,26356.01953125,26392.759765625,7600,17.290000915527344,17.360000610351562,14.960000038146973,17.110000610351562,0,0.0016569885459944977,43.067046726916196,26564.395723061967,-298.77431547520246,331.4538185289693,0.01255851307223537,-0.005906567800576856,1,146.41015625,-0.010410659088752938,-0.006293699557140764,-4.735923079135507e-05
26456.2109375,26540.830078125,26164.8203125,26236.869140625,10500,17.110000610351562,17.110000610351562,15.510000228881836,16.850000381469727,0,-0.005906567800576856,40.42828240060476,26533.202715210828,-289.90138063456106,334.63638617868577,0.012754432870213807,0.01743386963583049,2,376.009765625,-0.015195804769553067,0.00023670713348478145,-0.01560591163616587
26366.51953125,26733.869140625,26357.349609375,26694.279296875,8200,16.850000381469727,16.850000381469727,14.15999984741211,15.529999732971191,0,0.01743386963583049,50.09110405554246,26548.543342035988,-243.15737214819455,346.2337871659225,0.012970336577187712,0.001981712637253885,1,376.51953125,-0.07833831564479754,0.013100246028034501,0.005058726660140955
26787.140625,26803.759765625,26707.810546875,26747.1796875,9800,15.529999732971191,15.640000343322754,14.529999732971191,15.069999694824219,0,0.001981712637253885,51.079414192146935,26567.461089223038,-199.54357511160197,329.3228358504994,0.012312432177827138,-0.008671548022440412,0,95.94921875,-0.029620093113740587,0.013428679873660254,0.01969144231114317
26725.310546875,26725.310546875,26468.58984375,26515.240234375,8500,15.069999694824219,16.309999465942383,14.220000267028809,16.190000534057617,0,-0.008671548022440412,46.7118178926157,26562.487674475607,-181.6015130090127,325.6990507004638,0.012283465954731182,0.006885854192197671,2,256.720703125,0.07431989793722837,0.010609920423735764,0.006305362515722779
26607.650390625,26724.970703125,26494.23046875,26697.8203125,7000,16.190000534057617,16.479999542236328,13.760000228881836,15.920000076293945,0,0.006885854192197671,50.31344627098548,26575.376497144596,-150.91001637724912,318.91627810578774,0.01194540506950937,-0.003557611356966417,1,230.740234375,-0.016676988811439086,0.0001326507296046664,0.011558493677206183
26707.91015625,26736.33984375,26547.05078125,26602.83984375,9900,15.920000076293945,16.670000076293945,14.430000305175781,16.59000015258789,0,-0.003557611356966417,48.47785088780192,26577.99205396416,-132.72098927114348,309.65719127680285,0.011640005093274014,-0.0031488943188777707,1,189.2890625,0.042085431726324174,-0.005396450969275657,0.013948718544253946
26497.7109375,26737.859375,26407.580078125,26519.0703125,12700,16.59000015258789,16.59000015258789,15.260000228881836,15.65999984741211,0,-0.0031488943188777707,46.85425339171587,26572.380459539003,-123.6403068316431,311.13019881953124,0.011732319238690553,-0.001112775269919264,1,330.279296875,-0.05605788406401613,0.00014444817739334148,-0.006563540540894475
26548.669921875,26594.55078125,26455.2109375,26489.560546875,7600,15.65999984741211,15.65999984741211,13.449999809265137,15.25,0,-0.001112775269919264,46.26640527597133,26564.4928488091,-117.47086107469659,298.85945917170756,0.011282159952893757,-0.004336097910033088,1,139.33984375,-0.026181344278867535,-0.0078006280358210445,-0.0096316375645914
26505.66015625,26505.66015625,26340.380859375,26374.69921875,7400,15.25,15.59000015258789,13.25,14.84000015258789,0,-0.004336097910033088,43.95479243189468,26546.417264993946,-120.46127748506842,289.318019007657,0.010969528661088137,-0.0025296497012776697,1,165.279296875,-0.026885235895875992,-0.008575799664245154,-0.005300386282859337
26374.58984375,26435.560546875,26241.4296875,26307.98046875,7300,14.84000015258789,14.930000305175781,13.399999618530273,14.539999961853027,0,-0.0025296497012776697,42.622656312094385,26523.708998685,-126.75371168140191,282.51893617675296,0.010738906261251934,-0.002493525090339843,1,194.130859375,-0.0202156460680728,-0.007959926244115012,-0.014601935258642618
26368.880859375,26396.0,26213.509765625,26242.380859375,6100,14.539999961853027,14.859999656677246,13.34000015258789,14.710000038146973,0,-0.002493525090339843,41.29739043548974,26496.915842560236,-135.4722120226179,275.37402890519917,0.010493484961629263,-0.010013620768944964,0,182.490234375,0.011691889734522398,-0.009331211329935085,-0.01354964306412898
26224.0703125,26248.44921875,25940.140625,25979.599609375,7600,14.710000038146973,15.699999809265137,12.760000228881836,15.550000190734863,0,-0.010013620768944964,36.41313489474996,26447.647629875926,-161.7217098737383,277.72649782268496,0.010690176215127833,0.002351830293525925,1,308.30859375,0.05710402110194046,-0.014980250811509555,-0.02034274568330985
25959.990234375,26143.189453125,25872.380859375,26040.69921875,7500,15.550000190734863,15.779999732971191,12.609999656677246,15.130000114440918,0,0.002351830293525925,38.24206568905788,26408.890638340123,-175.5705304066796,277.2323618174932,0.010646118197082761,-0.00897055825623927,0,270.80859375,-0.027009650877315994,-0.010159702312288466,-0.016944838602766188
25992.41015625,26008.5703125,25753.740234375,25807.099609375,5400,15.130000114440918,16.90999984741211,13.4399995803833,16.600000381469727,0,-0.00897055825623927,34.19274487598419,26351.577207010112,-203.05466883241388,277.9271205716008,0.01076940550384971,0.015745273583645414,2,254.830078125,0.09715798122339447,-0.016586957270856684,-0.02152060975813852
25815.4296875,26249.029296875,25803.189453125,26213.439453125,8700,16.600000381469727,16.760000228881836,14.949999809265137,15.079999923706055,0,0.015745273583645414,45.08533499258693,26338.421230449625,-189.85923796844145,289.92088651291505,0.011060009390654477,-0.00010528056152014909,1,445.83984375,-0.09156629053216292,0.009000902526058008,-0.003593624973885823
26243.189453125,26415.05078125,26191.720703125,26210.6796875,8500,15.079999923706055,15.630000114440918,14.260000228881836,15.539999961853027,0,-0.00010528056152014909,45.03081764815518,26326.255369216327,-177.5774516380552,285.16440019949255,0.010879702609752956,0.005931578462619713,2,223.330078125,0.03050398146380906,0.006527492496346321,-0.0012080143202278792
26429.41015625,26429.630859375,26166.669921875,26366.150390625,6700,15.539999961853027,16.079999923706055,14.65999984741211,15.279999732971191,0,0.005931578462619713,48.787757406650904,26330.05489506477,-153.5290734759219,283.57843857810025,0.01075539790135355,0.00987290685285469,2,262.9609375,-0.016731031500648252,0.02166267382665943,0.014879012265859082
26441.509765625,26678.599609375,26406.529296875,26626.4609375,8600,15.279999732971191,15.579999923706055,14.529999732971191,15.470000267028809,0,0.00987290685285469,54.40657642582895,26358.284041963365,-112.17261877224519,285.6406371618074,0.010727698203388295,-0.0011646954817913224,1,272.0703125,0.012434590142540003,0.01575609660508559,0.022494085655281992
26711.150390625,26720.98046875,26447.060546875,26595.44921875,8000,15.470000267028809,16.3799991607666,14.640000343322754,15.829999923706055,0,-0.0011646954817913224,53.651361177669884,26380.87120165733,-80.96638688164967,284.8034432127497,0.010708728432079314,0.0017969621506264133,1,273.919921875,0.023270824205770202,0.01467987613589039,0.030547780312694117
26616.919921875,26724.400390625,26488.369140625,26643.240234375,9800,15.829999923706055,16.420000076293945,14.899999618530273,15.960000038146973,0,0.0017969621506264133,54.695047842118456,26405.858728582825,-51.78197732341505,281.3197151261247,0.010558765099568001,-0.000379434892718411,1,236.03125,0.008212262480572496,0.01050930225477753,0.016396199438786896
26677.220703125,26723.369140625,26606.060546875,26633.130859375,8100,15.960000038146973,16.100000381469727,14.899999618530273,15.890000343322754,0,-0.000379434892718411,54.41590804344842,26427.503693420174,-29.13303704475402,269.6046350278301,0.0101229043048436,0.009203175409387532,2,117.30859375,-0.004385945780507994,0.0002504997525076824,0.01611752067904093
26738.419921875,26917.2109375,26738.419921875,26878.240234375,9800,15.890000343322754,15.890000343322754,14.449999809265137,15.050000190734863,0,0.009203175409387532,59.776076989939334,26470.43098303492,8.496744222509733,270.63859524905655,0.010069059316723148,-0.0044277365105471755,1,178.791015625,-0.05286344458393122,0.010633060314154452,0.019422245423134754
26929.689453125,27009.609375,26733.330078125,26759.23046875,7800,15.050000190734863,15.09000015258789,13.920000076293945,14.90999984741211,0,-0.0044277365105471755,56.31360806044311,26497.935695960165,28.38828107181689,271.04150250805253,0.010128897496681773,-0.0012212491513223789,1,276.279296875,-0.00930234827564591,0.0043534582638844466,0.004986375454163694
26860.810546875,26860.880859375,26701.1796875,26726.55078125,6400,14.90999984741211,15.640000343322754,13.819999694824219,15.479999542236328,0,-0.0012212491513223789,55.3652427449794,26519.708561225863,41.04237867658594,263.08862174854875,0.00984371772855622,0.00647332935106526,2,159.701171875,0.0382293561809226,0.003507658276012071,0.004929473513369809
26811.630859375,26914.94921875,26804.169921875,26899.560546875,8600,15.479999542236328,15.479999542236328,14.029999732971191,15.199999809265137,0,0.00647332935106526,59.27541904246183,26555.884940811495,64.29018712132529,257.7536085879381,0.009582075072891185,0.008953663349083207,2,110.779296875,-0.01808783858211538,0.0007932183176462271,0.009620463211126085
26978.439453125,27174.869140625,26978.439453125,27140.41015625,12000,15.199999809265137,15.199999809265137,13.539999961853027,14.8100004196167,0,0.008953663349083207,64.00310109746621,26611.554008948497,100.98470460371391,259.00753609951397,0.009543243252713655,0.0039332493276789116,1,196.4296875,-0.025657854904097666,0.014244792575225595,0.01904692691045118
27171.66015625,27278.9296875,27166.689453125,27247.16015625,11700,14.8100004196167,14.869999885559082,13.460000038146973,14.609999656677246,0,0.0039332493276789116,65.89301322179669,26672.087927739118,137.09881710867558,250.4012500388344,0.009189994428883515,-0.00033396542328878454,1,112.240234375,-0.013504440058930811,0.019479108219427665,0.013725598054711297
27378.009765625,27459.75,27143.0703125,27238.060546875,10200,14.609999656677246,14.649999618530273,13.380000114440918,14.380000114440918,0,-0.00033396542328878454,65.57695483603722,26725.990081942535,163.10507525092908,255.13542414320338,0.00936687190720247,0.0018396821944706154,1,316.6796875,-0.01574261106373198,0.01258384869931728,0.01789401525145462
27238.349609375,27335.080078125,27172.6796875,27288.169921875,12600,14.380000114440918,15.25,13.430000305175781,15.069999694824219,0,0.0018396821944706154,66.52904264468916,26779.53101907896,185.61893048772254,248.51149317761744,0.009106931461109209,-0.0019242684934656085,1,162.400390625,0.047983280590545796,0.005444271651545929,0.02101352865252637
27331.8203125,27381.4296875,27179.189453125,27235.66015625,8100,15.069999694824219,15.619999885559082,13.979999542236328,15.390000343322754,0,-0.0019242684934656085,64.51533485322317,26822.971889285724,196.95386219902866,245.20640326314475,0.009003137866180018,0.0008070474012342732,1,202.240234375,0.021234283674766097,-0.00042206233361763434,0.012494613389290032
27261.759765625,27422.669921875,27217.650390625,27257.640625,9500,15.390000343322754,15.390000343322754,13.609999656677246,15.180000305175781,0,0.0008070474012342732,64.99299790650872,26864.368911734702,205.34344595062794,242.335912405063,0.008890568180094018,0.0018695302750546539,1,205.01953125,-0.013645226345825545,0.0007188499376196145,0.004319406673483961
27253.33984375,27348.189453125,27219.890625,27308.599609375,10800,15.180000305175781,15.279999732971191,14.039999961853027,15.020000457763672,0,0.0018695302750546539,66.13127573006966,26906.676597224257,213.64148956996723,234.19040638505848,0.008575701783868158,-0.01003711699961729,0,128.298828125,-0.010540174189427098,0.0007486646249450502,0.0022548938227937576
27232.689453125,27264.41015625,27009.810546875,27034.5,8800,15.020000457763672,15.869999885559082,13.850000381469727,15.789999961853027,0,-0.01003711699961729,55.64966057081663,26918.85025463147,195.84264904159136,238.8045961075543,0.008833327640886804,0.0030642269599956418,1,254.599609375,0.051264945447544896,-0.007385910791071426,-0.007473386239254642
26990.9296875,27167.7890625,26963.580078125,27117.33984375,6600,15.789999961853027,16.3700008392334,15.5,15.90999984741211,0,0.0030642269599956418,57.8253091865457,26937.754025023714,186.27417007728945,236.3334809838004,0.0087152162544539,0.009523066637914246,2,204.208984375,0.007599739445787845,-0.005147209297393096,-0.006260224801226344
27170.880859375,27393.349609375,27140.849609375,27375.580078125,6800,15.90999984741211,15.960000038146973,14.390000343322754,15.289999961853027,0,0.009523066637914246,63.78884113214119,26979.451744366695,197.25507653599925,239.16750131531467,0.008736527249204346,0.01214807306095178,2,252.5,-0.03896919494062279,0.002452724405795026,0.005137379489694283
27462.830078125,27736.830078125,27439.6796875,27708.140625,12200,15.289999961853027,15.430000305175781,14.40999984741211,15.170000076293945,0,0.01214807306095178,69.72570605439998,27048.85068537939,230.139476201246,247.88767979279217,0.00894638449933131,0.00629130315380011,2,297.150390625,-0.007848259375962674,0.024917813349608853,0.016527475954276616
27761.029296875,27980.390625,27759.48046875,27882.4609375,14300,15.170000076293945,16.1299991607666,14.930000305175781,16.010000228881836,0,0.00629130315380011,72.29024545775916,27128.24213796231,267.1868287742909,249.62784552187844,0.00895286273623524,-0.0011799672453141063,1,220.91015625,0.05537245539639479,0.028215197292899008,0.02101394199386175
27866.80078125,27947.369140625,27813.3203125,27849.560546875,8600,16.010000228881836,16.860000610351562,15.390000343322754,16.670000076293945,0,-0.0011799672453141063,71.06664700179863,27196.939129287326,290.54313562611424,241.3722014221014,0.008667002160261584,-0.00695162169791308,0,134.048828125,0.041224224733081405,0.01731398813823648,0.03014890406240167
27867.919921875,27867.919921875,27624.5390625,27655.9609375,10700,16.670000076293945,17.09000015258789,15.710000038146973,16.829999923706055,0,-0.00695162169791308,64.18230214429974,27240.65549197425,290.08736006841355,241.51567699016556,0.008732861517123538,0.017561482987251464,2,243.380859375,0.00959807118655287,-0.0018831897891019578,0.019862608089640466
27669.080078125,28159.5390625,27590.099609375,28141.640625,18200,16.829999923706055,17.43000030517578,13.800000190734863,13.970000267028809,0,0.017561482987251464,71.61187231529382,27326.463599881463,325.16811087000315,264.93880385693944,0.009414476127648988,0.003019324677343782,1,569.439453125,-0.16993462089377476,0.009295438020372915,0.027983353948621392
28167.830078125,28299.919921875,28070.810546875,28226.609375,17200,13.970000267028809,13.970000267028809,12.640000343322754,13.520000457763672,0,0.003019324677343782,72.67956815932916,27412.191768940374,355.72554399523506,262.3795589385866,0.009295468522371423,0.0004928029458020067,1,229.109375,-0.03221186833669576,0.013538771194984145,0.018711784273687693
28270.669921875,28280.580078125,28127.1796875,28240.51953125,10800,13.520000457763672,13.600000381469727,11.779999732971191,13.130000114440918,0,0.0004928029458020067,72.85953214159017,27491.080127255576,376.72234259482866,254.59533263047328,0.009015249607881566,0.007038105846638443,2,153.400390625,-0.028846178263167266,0.02113680284228958,0.01284171417123492
28340.390625,28487.279296875,28340.390625,28439.279296875,10000,13.130000114440918,13.609999656677246,11.0600004196167,13.399999618530273,0,0.007038105846638443,75.35738043679717,27581.384810076474,404.7351735977063,254.03564927293948,0.008932562833997475,-0.003661103347173844,1,146.888671875,0.020563556872509103,0.010576450600061627,0.021175154595614254
28443.23046875,28483.41015625,28239.119140625,28335.16015625,10800,13.399999618530273,13.720000267028809,12.239999771118164,13.510000228881836,0,-0.003661103347173844,71.63793192926849,27653.172938283475,413.7643812726383,253.33960401237238,0.008940821319356201,-0.001596611211142962,1,244.291015625,0.008209001006197703,0.0038456897110052957,0.024558872507989493
28386.080078125,28391.640625,28149.080078125,28289.919921875,10900,13.510000228881836,13.760000228881836,11.4399995803833,13.350000381469727,0,-0.001596611211142962,70.020751489976,27713.815508149335,412.51437564019943,252.5696713597029,0.008927903368309113,0.0014061297092693437,1,242.560546875,-0.011843067705510468,0.001749273435651011,0.005269035265245803
28349.220703125,28469.48046875,28152.1796875,28329.69921875,10200,13.350000381469727,13.779999732971191,11.399999618530273,13.239999771118164,0,0.0014061297092693437,70.64818447793272,27772.471099635113,410.00728521575365,257.1933220661527,0.00907857581120838,0.0001606364125104065,1,317.30078125,-0.008239745858303338,-0.0038531242997089654,0.0036522220001848904
28367.169921875,28456.1796875,28286.80078125,28334.25,13700,13.239999771118164,13.329999923706055,11.369999885559082,13.180000305175781,0,0.0001606364125104065,70.72367227424841,27825.973852050818,403.73361817135446,250.92086379357036,0.008855743977467918,0.0006130086600140139,1,169.37890625,-0.004531681796042464,-3.212109072192604e-05,0.003319006530537738
28450.419921875,28458.80078125,28197.380859375,28351.619140625,9400,13.180000305175781,13.760000228881836,11.569999694824219,13.6899995803833,0,0.0006130086600140139,71.02991696821212,27876.0353081055,395.60297152635394,251.67079651367249,0.008876769798062564,-0.00043414076949011005,1,261.419921875,0.038694936524944046,0.0021809612370904397,-0.0030823620857238776
28386.119140625,28393.419921875,28263.44921875,28339.310546875,11700,13.6899995803833,14.010000228881836,12.100000381469727,13.800000190734863,0,-0.00043414076949011005,70.46737509251757,27920.15675941688,383.7426286816735,242.97793270019588,0.00857388299190607,-0.006483926265463125,0,129.970703125,0.008035106919154655,0.00033926686092877745,0.0001464749308672797
28270.109375,28382.3203125,28102.23046875,28155.560546875,17800,13.800000190734863,14.460000038146973,11.729999542236328,14.210000038146973,0,-0.006483926265463125,62.508426331816565,27942.576167746225,355.4190822514356,245.62878348946762,0.008723988395845669,0.005175140595493177,2,280.08984375,0.029710133459807997,-0.006306482547623449,-0.004749372757895554
28223.849609375,28327.83984375,28146.189453125,28301.26953125,9700,14.210000038146973,14.210000038146973,11.4399995803833,13.729999542236328,0,0.005175140595493177,65.8064618086574,27976.73744046087,340.8014183345658,241.0588982848628,0.008517600174037698,0.005917772295163992,2,181.650390625,-0.033779063660948294,-0.0017758989045832951,-0.0010035294508592418
28670.4296875,28726.259765625,28410.91015625,28468.75,15000,13.729999542236328,13.770000457763672,12.470000267028809,13.430000305175781,0,0.005917772295163992,69.1641481474757,28023.5957794646,338.8253211109841,254.19685086272975,0.0089289782959466,0.006773394621295337,2,315.349609375,-0.02184990874454784,0.0045674877273707,0.004746905247183131
28481.91015625,28696.529296875,28419.26953125,28661.580078125,8900,13.430000305175781,13.850000381469727,12.40999984741211,13.609999656677246,0,0.006773394621295337,72.51109499255983,28084.356188860827,348.79829594452167,255.8442019171776,0.008926381630733686,0.003489331898394843,1,277.259765625,0.013402780894360422,0.017972276929367093,0.010932742005406615
28716.69921875,28801.0,28597.330078125,28761.58984375,8400,13.609999656677246,14.279999732971191,11.890000343322754,13.529999732971191,0,0.003489331898394843,74.08232996394544,28148.854632183607,360.6149578617442,252.11746762845064,0.008765769521020992,0.003585375297757043,1,203.669921875,-0.0058780254022127165,0.01626500577974843,0.014900831697246986
28822.400390625,28963.51953125,28789.30078125,28864.7109375,16300,13.529999732971191,14.039999961853027,12.720000267028809,13.699999809265137,0,0.003585375297757043,75.62916463098448,28217.03142316612,373.989638262854,248.53262619070418,0.008610258620945324,0.0009790420450144222,1,174.21875,0.012564676988106038,0.013908616904500626,0.025186868130164353
28927.669921875,29065.310546875,28860.4609375,28892.970703125,18400,13.699999809265137,13.960000038146973,12.920000076293945,13.399999618530273,0,0.0009790420450144222,76.05099815021117,28281.406592686013,382.46072656699835,245.41241070386815,0.00849384486024225,-0.0027719490866108254,1,204.849609375,-0.02189782444609789,0.008073198489730204,0.020907230724107606
28910.5,28961.830078125,28791.189453125,28812.880859375,12000,13.399999618530273,14.270000457763672,13.399999618530273,13.680000305175781,0,-0.0027719490866108254,72.23496857024075,28332.023189513533,378.350158909936,240.07156886787757,0.008332091818224564,-0.002414217002961294,1,170.640625,0.020895574225114677,0.0017833164266525259,0.012088021405049387
28825.189453125,28876.5390625,28721.119140625,28743.3203125,10700,13.680000305175781,14.029999732971191,13.170000076293945,13.789999961853027,0,-0.002414217002961294,68.99675346066994,28371.19434408367,365.2689564773682,234.0250226541006,0.008141892450480989,0.008390468437639687,2,155.419921875,0.008040910396444056,-0.00420550288076138,0.002851909565076083
28849.0390625,29029.169921875,28824.169921875,28984.490234375,14600,13.789999961853027,13.800000190734863,13.210000038146973,13.579999923706055,0,0.008390468437639687,73.44202243837867,28429.603476492364,370.0961682085144,237.72677884845055,0.00820186164828635,-0.004992365596390158,0,205.0,-0.015228429204343086,0.003167536221538425,0.007749932873527765
29117.380859375,29145.619140625,28784.310546875,28839.7890625,10800,13.579999923706055,13.619999885559082,13.029999732971191,13.359999656677246,0,-0.004992365596390158,67.21486572667851,28468.668770397853,358.1174381251294,246.5540513414184,0.008549093435014385,-0.0002545040719297287,1,361.30859375,-0.01620031430521318,0.0009338949220776271,-0.0008634028954581652
28827.5,28860.130859375,28716.2109375,28832.44921875,9300,13.359999656677246,13.600000381469727,12.569999694824219,13.350000381469727,0,-0.0002545040719297287,66.90497894223375,28503.314527383773,344.0657681808807,239.2230420938171,0.008297007315571658,0.007482549704265207,2,143.919921875,-0.0007484487623112823,0.0031008563130836553,-0.002094678494532709
28859.2109375,29070.19921875,28856.119140625,29048.189453125,12100,13.350000381469727,13.729999542236328,12.8100004196167,13.640000343322754,0,0.007482549704265207,71.11969659646614,28555.207377454368,346.34569483360974,239.1178248014016,0.008231763469708345,-0.0016740770135940108,1,214.080078125,0.0217228429637768,0.0021977001573916244,0.008166784671704841
29092.16015625,29098.169921875,28957.6796875,28999.560546875,9700,13.640000343322754,14.010000228881836,13.09000015258789,13.880000114440918,0,-0.0016740770135940108,68.98703788362127,28597.526726923,340.3057736802366,232.0729969138015,0.008002638403388142,-0.0033662956234182806,1,140.490234375,0.01759529069481669,0.005539967162337733,0.008914775036047873
29021.060546875,29022.3203125,28815.48046875,28901.939453125,16300,13.880000114440918,14.289999961853027,12.6899995803833,14.079999923706055,0,-0.0033662956234182806,64.7870001861276,28626.518415132716,323.9080755694122,230.27062883067282,0.007967307149201538,0.0009408159716790543,1,206.83984375,0.014409208041508137,0.0024101398340383717,-0.0028481018842310135
28909.69921875,28986.720703125,28815.01953125,28929.130859375,401500,14.079999923706055,14.779999732971191,12.600000381469727,14.390000343322754,0,0.0009408159716790543,65.41854137557686,28655.338647917695,309.53873110287896,226.0870961909819,0.007815205278374768,0.0005910861773941178,1,171.701171875,0.022017075376169704,-0.004098657988379051,0.0030978658228526523
29006.0,29076.630859375,28851.0390625,28946.23046875,15900,14.390000343322754,14.390000343322754,13.579999923706055,13.960000038146973,0,0.0005910861773941178,65.83353167990734,28683.042630854106,296.11726218490367,226.05171766841175,0.00780936633225713,0.017149051278400718,2,225.591796875,-0.029881882899002843,-0.0018389960785369919,0.003946291525105838
29437.23046875,29561.9296875,29356.05078125,29442.630859375,29200,13.960000038146973,13.960000038146973,11.09000015258789,12.399999618530273,0,0.017149051278400718,75.1546866664974,28755.384366903712,321.8262021744122,253.88368203138234,0.008622995792868888,-0.001512143550881917,1,205.87890625,-0.11174788075600683,0.01870778973594245,0.013578863732161661
29452.859375,29500.080078125,29358.91015625,29398.109375,392500,12.399999618530273,12.529999732971191,11.199999809265137,12.420000076293945,0,-0.001512143550881917,73.22515398977109,28816.59627243669,334.74942760437625,245.8326991630693,0.008362194181511691,0.006386132930529698,2,141.169921875,0.0016129401918516528,0.016211289509688864,0.013743271298224835
29482.830078125,29614.7890625,29482.830078125,29585.849609375,18400,12.420000076293945,12.420000076293945,11.34000015258789,11.90999984741211,0,0.006386132930529698,76.02092097310953,28889.858495002245,356.0360824343552,243.75034118713577,0.00823874738786942,0.002134149461098911,1,131.958984375,-0.041062820108614395,0.022096802598028376,0.023663123277910536
29755.740234375,29824.619140625,29601.859375,29648.990234375,14500,11.90999984741211,12.109999656677246,10.390000343322754,11.850000381469727,0,0.002134149461098911,76.89473914131871,28962.15675589489,373.69312872639784,243.39456904876894,0.008209202644836707,-0.004393066980371896,0,222.759765625,-0.005037738598747343,0.007008863303881396,0.02488354657107572
29653.5390625,29699.48046875,29482.400390625,29518.740234375,400800,11.850000381469727,12.3100004196167,11.4399995803833,12.020000457763672,0,-0.004393066980371896,71.13594915608343,29015.16470622633,372.8780723600321,241.514962554214,0.00818175032662696,-0.0011277925602743988,1,217.080078125,0.014345997537669408,0.00410335432922726,0.019778387594995284
29525.880859375,29585.05078125,29380.140625,29485.44921875,11500,12.020000457763672,12.15999984741211,11.029999732971191,11.9399995803833,0,-0.0011277925602743988,69.69914991474144,29059.95370741906,365.3344791187483,238.90033353248444,0.008102312830986684,-0.010777164318999999,0,204.91015625,-0.006655646783166214,-0.0033935273771278363,0.0014542980068428246
29341.41015625,29341.41015625,29137.48046875,29167.6796875,14700,11.9399995803833,12.359999656677246,11.579999923706055,12.270000457763672,0,-0.010777164318999999,57.71595239119642,29070.213324569628,329.91176421040655,246.69093470873554,0.008457681150909531,0.005639134497917864,2,203.9296875,0.027638265408530094,-0.016233623576055844,-0.007838248526823799
29201.009765625,29373.7890625,29198.080078125,29332.16015625,26000,12.270000457763672,12.270000457763672,11.239999771118164,11.84000015258789,0,0.005639134497917864,61.413916576502324,29095.16064187252,311.52019574420774,243.79225187239732,0.008311431908653712,0.0030424023972195346,1,175.708984375,-0.03504484834014043,-0.00632073308832215,-0.008574688794626084
29350.599609375,29539.849609375,29350.169921875,29421.400390625,21000,11.84000015258789,12.100000381469727,10.710000038146973,11.979999542236328,0,0.0030424023972195346,63.28979220458899,29126.231094134662,300.6796386254573,241.2134805332975,0.008198572376934143,-0.006262448338751114,0,189.6796875,0.011824272621976162,-0.002172218155803818,-0.007676141479048826
29395.6796875,29420.69921875,29163.5390625,29237.150390625,15100,11.979999542236328,12.569999694824219,11.34000015258789,12.4399995803833,0,-0.006262448338751114,57.11586405523808,29136.79483665755,274.0617703572025,242.4026125041334,0.008290911024689351,0.0058955520056520605,2,257.16015625,0.038397333532877775,0.002381769954597157,-0.00953935843854492
29301.220703125,29442.1796875,29301.220703125,29409.51953125,33500,12.4399995803833,12.4399995803833,11.460000038146973,12.119999885559082,0,0.0058955520056520605,60.953362761431535,29162.768617094927,263.8343489392537,239.7330899591953,0.008151547314618977,0.004145261744941564,2,140.958984375,-0.025723449004679044,0.0026373569006821196,-0.0025751579003149283
29463.009765625,29554.390625,29439.419921875,29531.4296875,41600,12.119999885559082,12.239999771118164,11.449999809265137,12.09000015258789,0,0.004145261744941564,63.44488510456564,29197.879195228743,262.53977939312244,232.95723308710993,0.007888450899677085,0.003927687741582586,1,114.970703125,-0.0024752255160443992,0.0037397708951358855,0.012470995427033893
29538.029296875,29684.5390625,29521.650390625,29647.419921875,15700,12.09000015258789,12.449999809265137,11.75,12.149999618530273,0,0.003927687741582586,65.688203062669,29240.69259776648,267.7863914151785,227.9523358576735,0.007688774822846609,-0.0009080021784674264,1,162.888671875,0.004962734920192613,0.014032473266668122,0.010747921869566968
29633.91015625,29687.640625,29552.609375,29620.5,11800,12.149999618530273,12.510000228881836,11.489999771118164,12.420000076293945,0,-0.0009080021784674264,64.69587263701227,29276.86473131253,266.69782995621426,221.31511543926825,0.007471687359743025,0.009781087528063281,2,135.03125,0.022222260595949894,0.007173883562627159,0.006767169704078535
29737.73046875,29926.939453125,29705.720703125,29910.220703125,10100,12.420000076293945,12.760000228881836,11.40999984741211,11.489999771118164,0,0.009781087528063281,69.95621478605817,29337.184347675622,285.9172999461298,227.39542527396338,0.0076025993766808036,0.002140389798036768,1,221.21875,-0.07487925116448857,0.012826707668180948,0.02302106407455562
29996.029296875,30007.48046875,29817.689453125,29974.240234375,11200,11.489999771118164,11.890000343322754,10.890000343322754,11.550000190734863,0,0.002140389798036768,70.98500918676199,29397.85633688509,302.8239435998112,224.70939601332313,0.007496750351510906,-0.001564689888993831,1,189.791015625,0.005221968739069993,0.01102356675087468,0.01920196970660948
29946.890625,29954.25,29817.58984375,29927.33984375,11300,11.550000190734863,11.770000457763672,11.029999732971191,11.289999961853027,0,-0.001564689888993831,69.11771824997194,29448.28333753889,308.87756266779616,219.84803848558576,0.007346060145452541,-0.0073755459022561976,0,136.66015625,-0.022510841955691197,0.010359036604716376,0.013406399908148625
29850.7109375,29886.119140625,29668.44921875,29706.609375,14700,11.289999961853027,11.8100004196167,10.3100004196167,11.6899995803833,0,-0.0073755459022561976,60.986599990159945,29472.88581729709,292.49232582456534,222.63679466518676,0.007494520557857732,-0.004405388005510158,0,217.669921875,0.03542955003381776,-0.006807416439549296,0.001996445332544061
29752.619140625,29831.3203125,29553.0390625,29575.740234375,10700,11.6899995803833,11.920000076293945,11.239999771118164,11.619999885559082,0,-0.004405388005510158,56.72570861101581,29482.681476066417,265.881940147392,226.61139861767342,0.00766207022451089,0.007188640869684404,2,278.28125,-0.00598799806132444,-0.013294748987265126,-0.001511107699903813
29630.060546875,29804.509765625,29570.580078125,29788.349609375,10800,11.619999885559082,11.829999923706055,10.239999771118164,11.399999618530273,0,0.007188640869684404,61.439192282716405,29511.792726857708,258.96364578325665,227.13413353783957,0.007624931777568363,-0.004863281871091196,0,233.9296875,-0.018932897521127923,-0.00464425622526643,-0.004074563506556328
29838.8203125,29838.8203125,29549.740234375,29643.48046875,8500,11.399999618530273,12.069999694824219,10.789999961853027,11.630000114440918,0,-0.004863281871091196,56.892018610511016,29524.334416561735,239.03566438505368,231.55884386549388,0.0078114593901887465,-0.006140684127557083,0,289.080078125,0.02017548277254222,-0.0021250794883083124,-0.011034800650115528
29637.119140625,29660.48046875,29442.259765625,29461.44921875,10700,11.630000114440918,11.779999732971191,10.59000015258789,11.579999923706055,0,-0.006140684127557083,51.71296686957961,29518.345350103475,206.1775089946059,230.60611952688717,0.007827385469555371,-0.001622087974870734,1,218.220703125,-0.0042992424972359,-0.0038643501301841576,-0.015567391804029551
29470.26953125,29494.080078125,29363.279296875,29413.66015625,6700,11.579999923706055,12.210000038146973,10.6899995803833,11.890000343322754,0,-0.001622087974870734,50.41540111205096,29508.37533164124,174.2721058084171,223.4771667928238,0.007597734032611985,-0.0032148514116461246,1,130.80078125,0.026770330022375832,-0.012578389136640111,-0.00986141552043085
29487.779296875,29701.189453125,29286.380859375,29319.099609375,12100,11.890000343322754,12.59000015258789,10.760000228881836,12.380000114440918,0,-0.0032148514116461246,47.85659228790784,29490.349072377787,139.74569665760646,237.14369728976496,0.008088369030743921,0.0005958812977808758,1,414.80859375,0.041211081326279375,-0.010942738647607864,-0.00867740326924138
29369.900390625,29388.25,29241.48046875,29336.5703125,11600,12.380000114440918,12.520000457763672,10.75,12.220000267028809,0,0.0005958812977808758,48.37790145327301,29475.70347619895,112.49622196927521,230.68839971549602,0.00786350951246684,0.0029253696524789152,1,146.76953125,-0.012924058637566072,-0.004238722451254118,-0.015166308399066741
29358.58984375,29453.060546875,29341.6796875,29422.390625,14600,12.220000267028809,12.220000267028809,10.859999656677246,11.5600004196167,0,0.0029253696524789152,50.97096798876335,29470.62606179905,96.71097502577686,222.5313879054606,0.007563334697771881,-0.0019403536740991711,1,111.380859375,-0.05400980630032204,0.0002968168090480283,-0.007458295728231756
29575.66015625,29584.33984375,29259.419921875,29365.30078125,11300,11.5600004196167,11.739999771118164,10.5600004196167,11.420000076293945,0,-0.0019403536740991711,49.20044928222228,29460.59508269914,78.68732136605104,229.84485461757055,0.007827090086008194,0.00989395833757345,2,324.919921875,-0.012110755903190218,0.0015758045946345778,-0.003263533873914426
29407.6796875,29681.330078125,29392.990234375,29655.83984375,8900,11.420000076293945,11.859999656677246,10.970000267028809,11.630000114440918,0,0.00989395833757345,57.32471985641082,29479.18982184684,86.84640885354383,236.00088620738694,0.007957990313234187,0.009691190407665085,2,288.33984375,0.01838879481121003,0.010882987610653316,0.00823357875944386
29825.140625,29961.8203125,29780.83984375,29943.240234375,8600,11.630000114440918,11.630000114440918,10.970000267028809,11.15999984741211,0,0.009691190407665085,63.53691908576485,29523.385099230476,115.17568053771902,240.9994278175736,0.008048542039244804,0.0063489914088106225,2,180.98046875,-0.04041274827204955,0.0177024911406225,0.02128785103620401
30030.19921875,30167.08984375,29968.5703125,30133.349609375,10900,11.15999984741211,11.869999885559082,9.920000076293945,11.739999771118164,0,0.0063489914088106225,66.96280591750813,29581.47695733948,151.22385572574785,239.7744407859612,0.007957112099856408,-0.0034383623574248956,1,198.51953125,0.05197132003909033,0.026154979097486653,0.027159933434192318
30141.390625,30184.220703125,29973.400390625,30029.740234375,10700,11.739999771118164,11.739999771118164,10.359999656677246,11.069999694824219,0,-0.0034383623574248956,63.46317953847923,29624.168698009533,169.47824391322501,237.7062887655354,0.00791569580390287,-0.003707652576446563,1,210.8203125,-0.05706985428928435,0.012607985226349872,0.02064242899619928
30064.599609375,30067.640625,29848.2109375,29918.400390625,11300,11.069999694824219,11.069999694824219,10.529999732971191,10.859999656677246,0,-0.003707652576446563,59.84372682816844,29652.19076397291,172.96692810383684,236.40081724656858,0.007901519271085273,9.289590481809107e-05,1,219.4296875,-0.01897019367084163,-0.0008295643208807713,0.01883514197573488
30021.490234375,30069.240234375,29804.119140625,29921.1796875,11700,10.859999656677246,11.8100004196167,10.350000381469727,11.449999809265137,0,9.289590481809107e-05,59.90519894349779,29677.808756689778,173.95080489159227,238.45226556824224,0.007969347066481442,-0.0008816131758675461,1,265.12109375,0.054327824239398526,-0.0070410334272625885,0.008947304987753313
29984.94921875,30020.58984375,29846.5703125,29894.80078125,11300,11.449999809265137,11.65999984741211,9.949999809265137,11.529999732971191,0,-0.0008816131758675461,58.98230242369446,29698.474663790752,170.63500296015627,233.84992740265352,0.00782242802398349,0.00774081613533073,2,174.01953125,0.006986893016480256,-0.004493527152477195,-0.0016177091305366043
30069.720703125,30169.94921875,30007.400390625,30126.2109375,22300,11.529999732971191,11.779999732971191,10.609999656677246,11.329999923706055,0,0.00774081613533073,64.19374239738482,29739.21145176306,184.5526634502312,236.79982098103542,0.007860259010743224,-0.008876328882008067,0,162.548828125,-0.01734603763200593,0.006945911016690509,-0.00023690269975096268
30142.140625,30176.55078125,29823.599609375,29858.80078125,15900,11.329999923706055,12.15999984741211,10.449999809265137,11.989999771118164,0,-0.008876328882008067,55.42961836537223,29750.6009117142,172.02178483476018,245.09634604489003,0.008208512720939538,0.0022556032932605774,1,352.951171875,0.058252414109127626,-0.0020847742937107894,-0.005692338721242973
29915.119140625,30016.0390625,29877.41015625,29926.150390625,10000,11.989999771118164,11.989999771118164,10.609999656677246,11.670000076293945,0,0.0022556032932605774,57.02114011295304,29767.319909705704,165.61640108520078,238.82076998811218,0.007980337158999503,0.00023723764274152792,1,138.62890625,-0.02668888247980139,0.001048664267890409,0.0002590379130840148
29977.5,30017.8203125,29911.439453125,29933.25,8400,11.670000076293945,11.670000076293945,10.539999961853027,11.109999656677246,0,0.00023723764274152792,57.194659592442484,29783.122775448017,159.27692224482962,229.3607763728899,0.007662408070386272,0.010520739374274335,2,106.380859375,-0.047986325274690045,-0.00640508485784419,0.0004034036300060162
29988.779296875,30271.599609375,29987.439453125,30248.169921875,11000,11.109999656677246,11.109999656677246,9.960000038146973,10.949999809265137,0,0.010520739374274335,64.11539011312135,29827.412979869634,177.61678960215067,237.14569301589773,0.007840001349780759,9.291626178575818e-05,1,284.16015625,-0.014401426854765753,0.013040347583868961,0.011820421323785357
30309.7109375,30366.4296875,30207.109375,30250.98046875,10700,10.949999809265137,11.260000228881836,9.899999618530273,10.84000015258789,0,9.291626178575818e-05,64.17106550188585,29867.752740715383,190.18571175985562,231.58673726476218,0.007655511777675997,-0.002076960057208921,1,159.3203125,-0.01004563092176236,0.01085438901713065,0.00414156069971261
30285.609375,30299.740234375,30111.44921875,30188.150390625,11100,10.84000015258789,10.84000015258789,9.470000267028809,10.630000114440918,0,-0.002076960057208921,61.860440401894515,29898.26680261154,192.85371335196396,228.4941857190649,0.007569002498080316,0.004437792586378775,2,188.291015625,-0.019372696973333325,0.008515626957480427,0.011030235667797372
30287.369140625,30357.9609375,30273.619140625,30322.119140625,8000,10.630000114440918,11.140000343322754,8.84000015258789,10.680000305175781,0,0.004437792586378775,64.77307224876589,29938.633691946154,203.43323068649624,224.3024972302031,0.007397322601034401,0.00859044407621945,2,84.341796875,0.004703686754145675,0.002444750176324506,0.013231529776848383
30391.48046875,30591.55078125,30363.369140625,30582.599609375,13600,10.680000305175781,11.020000457763672,9.069999694824219,10.5600004196167,0,0.00859044407621945,69.62951226888245,29999.96377932033,230.18276763593167,227.5260074726886,0.007439720964824103,0.002490629405214051,1,228.181640625,-0.011235944019676425,0.01096226090812391,0.021693254470363188
30616.529296875,30692.44921875,30519.140625,30658.76953125,14900,10.5600004196167,10.8100004196167,9.239999771118164,10.640000343322754,0,0.002490629405214051,70.89317485231524,30062.70718426601,254.59344969590165,223.65333506392514,0.007294922088636298,-0.0073055922391699335,0,173.30859375,0.00757575004991895,0.015589532135468431,0.013574362033653475
30466.8203125,30575.830078125,30393.720703125,30434.7890625,16200,10.640000343322754,12.75,9.819999694824219,11.789999961853027,0,-0.0073055922391699335,62.63964090823401,30098.14355362163,252.94989027341944,226.61015599685905,0.00744576068956808,0.0009900137409568632,1,182.109375,0.10808266742697681,0.00371576674283447,0.006076120208397207
30539.650390625,30712.349609375,30338.51953125,30464.919921875,13800,11.789999961853027,11.899999618530273,10.399999618530273,11.300000190734863,0,0.0009900137409568632,63.25932268751149,30133.074636312427,251.18318275268757,237.12586472029767,0.007783570917907848,0.0034810786150745177,1,373.830078125,-0.041560625335333,-0.003847929509037784,0.009168151333178498
30638.880859375,30712.150390625,30516.869140625,30570.970703125,11400,11.300000190734863,11.850000381469727,10.199999809265137,11.199999809265137,0,0.0034810786150745177,65.43258253601417,30174.77902362791,255.39641516234042,237.8476221509907,0.007780178930552495,-0.006729282662390923,0,195.28125,-0.008849591131132817,-0.0028637427224699197,0.008206931756514102
30553.890625,30610.640625,30316.919921875,30365.25,18700,11.199999809265137,12.770000457763672,9.869999885559082,12.199999809265137,0,-0.006729282662390923,58.23631654816194,30192.91911661573,239.37611192731856,241.83855650627706,0.007964319625436216,-0.002094808210042709,1,293.720703125,0.089285715806241,-0.0022848544262027426,-0.00710696971974778
30446.76953125,30534.150390625,30247.599609375,30301.640625,11300,12.199999809265137,12.789999961853027,10.449999809265137,11.829999923706055,0,-0.002094808210042709,56.17893674191986,30203.27354598566,219.0224072625242,245.0322868451144,0.008086436304803692,0.01479750477619568,2,286.55078125,-0.030327859946201796,-0.005359583983602034,-0.011648507481227699
30374.810546875,30793.4296875,30352.259765625,30750.029296875,10000,11.829999923706055,11.920000076293945,10.1899995803833,10.449999809265137,0,0.01479750477619568,65.44591525108953,30255.345522260835,236.3486876062052,262.6577708204634,0.008541707986182511,0.009046548799654941,2,441.169921875,-0.11665258861714323,0.0058571445273636336,0.010357891218750748
30765.76953125,31074.0703125,30745.5703125,31028.2109375,14600,10.449999809265137,11.1899995803833,9.890000343322754,10.859999656677246,0,0.009046548799654941,69.72367956745042,30328.95175228361,269.42110436286384,267.36078719043024,0.008616700064627445,0.002612730702981736,1,328.5,0.03923443587516595,0.02183288257136029,0.01848982426572987
30944.380859375,31214.390625,30869.900390625,31109.279296875,14900,10.859999656677246,11.880000114440918,10.260000228881836,11.789999961853027,0,0.002612730702981736,70.85601223938417,30403.268661292313,298.72920764813534,272.8700334178995,0.00877133895690441,0.0016111300191719025,1,344.490234375,0.0856353899241582,0.02665329847548481,0.017608488751551965
31111.73046875,31220.380859375,31064.0390625,31159.400390625,9600,11.789999961853027,12.270000457763672,10.859999656677246,11.770000457763672,0,0.0016111300191719025,71.564107437339,30475.281206943047,322.2853392659599,264.5465879505495,0.008490105221349005,-0.0004364528586722205,1,156.341796875,-0.0016963107849079506,0.013312868413806855,0.026153263701929053
31222.509765625,31255.279296875,31107.48046875,31145.80078125,13000,11.770000457763672,12.25,11.020000457763672,11.760000228881836,0,-0.0004364528586722205,71.05961333774684,30539.1402140199,335.9833614179224,256.20746224872454,0.008226067586066475,-0.00026362903807386484,1,147.798828125,-0.0008496370852083546,0.003789771959036292,0.027858562732525405
31117.08984375,31213.119140625,31062.01953125,31137.58984375,8300,11.760000228881836,11.90999984741211,10.609999656677246,11.3100004196167,0,-0.00026362903807386484,70.73538679870293,30596.135416851335,342.2315562786571,248.69975847202994,0.007987122950749171,0.004358051455843004,2,151.099609375,-0.038265289158750604,0.0009100354464928184,0.012603583012338326
31205.369140625,31332.560546875,31190.400390625,31273.2890625,8500,11.3100004196167,11.3100004196167,10.3100004196167,10.8100004196167,0,0.004358051455843004,72.93339257191599,30660.62624024645,354.0517998301875,244.86196880438496,0.007829747882131161,0.001157574817367335,1,142.16015625,-0.04420866325811734,0.0036550341292596045,0.00789855804105688
31274.740234375,31355.419921875,31198.220703125,31309.490234375,9000,10.8100004196167,11.140000343322754,10.050000190734863,11.020000457763672,0,0.001157574817367335,73.50510574158545,30722.422811115834,362.16573883260935,238.6003438005003,0.007620703563500968,-0.003798518807228146,1,157.19921875,0.019426459759047665,0.005255586596558004,0.006435730496659575
31420.849609375,31430.3203125,31172.55078125,31190.560546875,13600,11.020000457763672,11.319999694824219,9.489999771118164,11.130000114440918,0,-0.003798518807228146,68.39400172746292,30767.007357378614,354.90830014410676,239.96957147546456,0.007693660109597077,0.002587922390131281,1,257.76953125,0.009981819610520137,0.0017011818638119625,0.0010000242578280805
31252.7109375,31346.990234375,31172.98046875,31271.279296875,9500,11.130000114440918,11.1899995803833,10.220000267028809,10.890000343322754,0,0.002587922390131281,69.92264345399961,30815.033256378272,351.61683621272823,235.25815677185997,0.007523138229761191,-0.001852176283711815,1,174.009765625,-0.021563321531935076,-6.426460680175605e-05,0.004028745849441684
31316.91015625,31354.509765625,31193.76953125,31213.359375,14000,10.890000343322754,11.130000114440918,9.529999732971191,11.069999694824219,0,-0.001852176283711815,67.40347780142409,30852.96907719939,340.4106318295926,229.9354480292271,0.00736657164218573,0.0015602669129555213,1,160.740234375,0.016528865548827376,-0.003070342527310088,0.0024333781654333198
31196.859375,31289.990234375,31087.279296875,31262.060546875,9800,11.069999694824219,11.229999542236328,10.279999732971191,10.859999656677246,0,0.0015602669129555213,68.43330447557031,30891.930169549447,331.6365123988762,227.9908401342823,0.0072928922836813,-0.005321508730224411,0,202.7109375,-0.01897019367084163,0.002292360212396538,-0.00035904492177207814
31225.4296875,31225.4296875,31044.279296875,31095.69921875,6800,10.859999656677246,11.5,10.350000381469727,11.420000076293945,0,-0.005321508730224411,61.30793764736906,30911.336745663786,307.71187969078164,227.2615836961193,0.007308457098758073,0.0002505496200677637,1,181.150390625,0.051565417801130886,-0.005614739213516851,-0.006828313524896545
31091.099609375,31260.76953125,31062.33984375,31103.490234375,13300,11.420000076293945,11.460000038146973,9.899999618530273,11.34000015258789,0,0.0002505496200677637,61.510059530281566,30929.637077921998,286.08232676773696,225.2021625392536,0.007240414527189118,0.0016853388954101156,1,198.4296875,-0.0070052472129243926,-0.003519939629215263,-0.0027915597210619314
31147.689453125,31190.359375,31054.939453125,31155.91015625,12700,11.34000015258789,11.529999732971191,10.4399995803833,11.180000305175781,0,0.0016853388954101156,62.913812298843816,30951.18689490562,270.05754457853254,218.7891453489498,0.00702239620835021,-0.002573498482242753,1,135.419921875,-0.014109333797107215,-0.0033955020484282006,-0.0036893003170653804
31222.890625,31229.439453125,31026.48046875,31075.73046875,12700,11.180000305175781,11.430000305175781,9.890000343322754,11.329999923706055,0,-0.002573498482242753,59.34843627033748,30963.048187652705,248.02883651487355,217.65841956509624,0.007004128825997357,-0.0006220313354963203,1,202.958984375,0.013416781255437993,-0.0006421707985894143,-0.004409294898268246
31160.470703125,31182.73046875,31017.1796875,31056.400390625,13300,11.329999923706055,11.329999923706055,9.710000038146973,10.920000076293945,0,-0.0006220313354963203,58.487880238663756,30971.938873650066,226.4013372240879,213.93644539973224,0.006888642685850781,0.008216339262293593,2,165.55078125,-0.03618710063309494,-0.0015139729784394707,-0.006578586076935955
31168.98046875,31362.150390625,31163.349609375,31311.5703125,7500,10.920000076293945,10.920000076293945,9.739999771118164,10.630000114440918,0,0.008216339262293593,65.58250845129108,31004.284724969108,227.2320784167896,220.49455644260848,0.007041951401414834,-0.0004484289827966226,1,198.80078125,-0.026556772877921797,0.004996167836835763,0.0069421527469570865
31392.529296875,31392.529296875,31261.490234375,31297.529296875,8100,10.630000114440918,10.869999885559082,9.819999694824219,10.65999984741211,0,-0.0004484289827966226,64.92497140961743,31032.212779436333,224.17332364991307,214.10487830385074,0.0068409514461331205,-0.0004437625648739951,1,131.0390625,0.002822176166342283,0.007137364907577659,0.006238498028287243
31302.1796875,31336.439453125,31193.609375,31283.640625,35700,10.65999984741211,11.0600004196167,9.779999732971191,10.920000076293945,0,-0.0004437625648739951,64.23888772681396,31056.158288537634,218.11425337073524,209.01382114821854,0.006681249911213572,0.00022694319564986465,1,142.830078125,0.024390265722654236,0.007317017797194403,0.004099718740663283
31351.529296875,31522.869140625,31255.630859375,31290.740234375,10200,10.920000076293945,11.420000076293945,10.069999694824219,11.210000038146973,0,0.00022694319564986465,64.44571873418903,31078.49942623643,211.44783662498594,213.17271115548866,0.006812645196590907,-0.004874582567638841,0,267.23828125,0.026556772877921908,-0.0006652517876652997,0.006918896591705748
31352.5703125,31365.390625,31110.390625,31138.2109375,89700,11.210000038146973,11.779999732971191,8.760000228881836,11.5600004196167,0,-0.004874582567638841,56.83966118651733,31084.18623683296,191.647619348405,216.16037464438233,0.006941965133393667,-0.005779424446099801,0,255.0,0.0312221570275375,-0.005090445250926168,0.002634257217384972
31194.6796875,31294.9609375,30847.080078125,30958.25,15300,11.5600004196167,12.869999885559082,10.930000305175781,12.510000228881836,0,-0.005779424446099801,49.427515030879476,31072.192309515536,159.59475188842043,232.71183783942644,0.007516957122557846,-0.004003123157801269,0,447.880859375,0.08217991131324176,-0.010401302997323336,-0.011284017664197066
30988.869140625,31000.48046875,30798.69921875,30834.3203125,9900,12.510000228881836,12.760000228881836,11.09000015258789,11.989999771118164,0,-0.004003123157801269,45.06887500849638,31049.537833609294,122.77723391392283,230.50251013661025,0.007475517793176919,0.0007523830107127871,1,201.78125,-0.041566782434036,-0.014586421364796931,-0.01480017735525374
30910.970703125,31097.919921875,30794.609375,30857.51953125,12300,11.989999771118164,11.989999771118164,10.600000381469727,11.380000114440918,0,0.0007523830107127871,46.02834337983355,31031.250376241744,94.38307934514523,235.70308418935238,0.007638432633920927,0.002076960323563748,1,303.310546875,-0.050875702111907395,-0.009014371661024367,-0.013621211765534436
30824.970703125,30965.44921875,30680.66015625,30921.609375,9200,11.380000114440918,12.100000381469727,11.079999923706055,11.729999542236328,0,0.002076960323563748,48.694447315363504,31020.80837612348,76.17393632863241,239.2092254972558,0.007735988854792776,0.009702268791596413,2,284.7890625,0.030755661184156846,-0.0011835496192452721,-0.011796808148676674
31156.0390625,31258.330078125,31017.109375,31221.619140625,8100,11.729999542236328,11.75,10.460000038146973,11.199999809265137,0,0.009702268791596413,58.92350388084678,31039.933210837913,84.9718376467099,246.17433104209468,0.007884739415124603,-0.0003789066182543488,1,241.220703125,-0.04518326970626174,0.012560641006508222,0.0026786446816875475
31331.2109375,31353.4609375,31166.369140625,31209.7890625,8700,11.199999809265137,11.649999618530273,10.420000076293945,11.279999732971191,0,-0.0003789066182543488,58.42881156196315,31056.109958615252,89.9527303087707,241.95415003015935,0.007752508341072975,0.0011461623243709251,1,187.091796875,0.007142850452539706,0.011416002860931584,0.008125105989518211
31272.720703125,31284.640625,31177.779296875,31245.560546875,6500,11.279999732971191,11.420000076293945,10.449999809265137,11.149999618530273,0,0.0011461623243709251,59.53507702365131,31074.152871782848,95.68360245501754,232.3046627512194,0.007434805415083301,0.00396150028063369,2,106.861328125,-0.011524833113331634,0.010476530116731775,0.013337094192677368
31298.419921875,31460.69921875,31264.859375,31369.33984375,10100,11.149999618530273,11.180000305175781,10.289999961853027,10.979999542236328,0,0.00396150028063369,63.18579337944075,31102.2659167321,108.95732252025118,231.07852054577515,0.007366381367818775,-0.00027762727613589444,1,195.83984375,-0.015246644135433085,0.004731359461521034,0.016586566913833423
31373.51953125,31426.2890625,31286.619140625,31360.630859375,6200,10.979999542236328,11.130000114440918,9.619999885559082,10.869999885559082,0,-0.00027762727613589444,62.75678650240671,31126.87210174571,117.42054806258602,224.54933492643406,0.007160230160335148,0.011320236739398082,2,139.669921875,-0.01001818408590227,0.004833156564209018,0.014197885984871927
31510.619140625,31768.390625,31471.41015625,31715.640625,37900,10.869999885559082,11.09000015258789,9.569999694824219,10.90999984741211,0,0.011320236739398082,71.30853631877858,31182.9452944366,151.03302176455327,237.63579426204592,0.0074927004335749855,0.0009915996691300943,1,296.98046875,0.003679849335248564,0.015044699787663651,0.015823057803308727
31789.5,31885.109375,31718.48046875,31747.08984375,9100,10.90999984741211,11.079999923706055,9.899999618530273,10.890000343322754,0,0.0009915996691300943,71.9235770269422,31236.67334675216,178.15517648245077,232.7667196718998,0.007331907296621842,0.001818449156572477,1,166.62890625,-0.0018331351392364414,0.012042013057385503,0.01721577740157154
31813.240234375,31865.689453125,31731.4296875,31804.8203125,8300,10.890000343322754,11.300000190734863,9.670000076293945,11.050000190734863,0,0.001818449156572477,73.06500361592532,31290.78258158529,201.9797490365636,225.73050866854982,0.00709736783451761,0.007312116358148435,2,134.259765625,0.01469236385380035,0.01416391956899088,0.01789885525612478
31896.23046875,32091.51953125,31892.630859375,32037.380859375,10500,11.050000190734863,11.399999618530273,9.859999656677246,11.25,0,0.007312116358148435,77.10327274507966,31361.887179470024,236.89579965973826,230.08541653151056,0.007181779857144014,-0.0005191079585438185,1,198.888671875,0.018099529937821268,0.010144528946433695,0.021295985792257666
32099.9296875,32109.75,31897.869140625,32020.75,7200,11.25,11.479999542236328,10.069999694824219,11.170000076293945,0,-0.0005191079585438185,76.22317940996825,31424.636019520498,260.22533430427575,228.78509102033124,0.007144901072596089,0.0016873214048702678,1,211.880859375,-0.007111104329427076,0.008620007616347625,0.02104929405231215
32053.98046875,32131.919921875,32037.2109375,32074.779296875,10300,11.170000076293945,11.569999694824219,10.479999542236328,11.460000038146973,0,0.0016873214048702678,77.13624663525707,31486.554426887596,279.8479582431137,220.38400750995044,0.0068709438487522855,-0.011341903840798806,0,94.708984375,0.025962395691338847,0.008487989610458602,0.011323708580299297
31775.5390625,31911.609375,31626.439453125,31710.990234375,21600,11.460000038146973,11.789999961853027,10.289999961853027,11.489999771118164,0,-0.011341903840798806,60.33555107585677,31507.92926569592,263.0124482721949,236.66656724138255,0.0074632348435727455,0.007705826062003984,2,285.169921875,0.0026177777374634115,-0.01018780612662007,-0.0011370997956874351
31882.80078125,31978.890625,31793.720703125,31955.349609375,11300,11.489999771118164,11.6899995803833,9.079999923706055,11.260000228881836,0,0.007705826062003984,65.73429235979961,31550.54072699869,266.3179966052703,238.89755462592666,0.007475980001665804,-0.0015943877745919766,1,185.169921875,-0.020017366998950403,-0.002042437813761344,0.004732908263463509
32033.8203125,32057.119140625,31859.5,31904.400390625,11200,11.260000228881836,11.569999694824219,10.369999885559082,11.319999694824219,0,-0.0015943877745919766,63.7848872942755,31584.241647344053,261.8085256086124,235.94909648300333,0.007395503240748451,0.0039019769326735787,2,197.619140625,0.005328549264900007,-0.005311927626158286,-0.004150790894352552
32035.880859375,32062.23046875,31808.9296875,32028.890625,18000,11.319999694824219,11.720000267028809,9.010000228881836,11.09000015258789,0,0.0039019769326735787,66.40638385710339,31626.589169025574,265.22273625244634,237.1885025377888,0.007405454822486185,0.006774462411621496,2,253.30078125,-0.020317981310678745,0.010024927896461477,0.0002542296791923082
32100.220703125,32320.859375,32058.330078125,32245.869140625,11500,11.09000015258789,11.800000190734863,10.359999656677246,11.3100004196167,0,0.006774462411621496,70.42478667729667,31685.568213939805,282.18403374402624,241.10137735651819,0.007476969415991529,-0.0005457942317587117,1,262.529296875,0.019837715419460222,0.00909142083567649,0.005334092626684717
32350.7109375,32374.30078125,32196.859375,32228.26953125,14100,11.3100004196167,11.510000228881836,10.239999771118164,10.90999984741211,0,-0.0005457942317587117,69.69653933686672,31737.254053683635,290.8530696776688,236.55423656319545,0.0073399608481560475,0.004784352634896738,2,177.44140625,-0.035366981199293934,0.010151237342174602,0.01631230349641566
32255.990234375,32413.630859375,32226.080078125,32382.4609375,12400,10.90999984741211,11.779999732971191,10.90999984741211,11.170000076293945,0,0.004784352634896738,72.39028797498621,31798.702328332813,306.6306536606862,233.05398975511005,0.007196920277458763,2.5935142842214987e-05,1,187.55078125,0.023831368700111266,0.011039105807305827,0.013365878744749926
32519.439453125,32672.66015625,32325.330078125,32383.30078125,10900,11.170000076293945,11.920000076293945,10.8100004196167,11.220000267028809,0,2.5935142842214987e-05,72.4046767338589,31854.378371467785,315.56463829227505,241.21656749581646,0.007448794955314789,-0.0022672155124319193,1,347.330078125,0.004476292783648139,0.004261992133803405,0.015010480835293327
32381.359375,32381.359375,32104.66015625,32309.880859375,11300,11.220000267028809,12.020000457763672,10.979999542236328,11.140000343322754,0,-0.0022672155124319193,69.01837023178972,31897.75956079228,313.11116082224544,243.889714460401,0.007548456013251879,0.00634662178553036,2,276.69921875,-0.007130117807674474,0.0025322901077846627,0.008773024256908624
32412.19921875,32546.5,32324.44921875,32514.939453125,13100,11.140000343322754,12.029999732971191,11.140000343322754,11.899999618530273,0,0.00634662178553036,72.83914797419612,31956.5385981573,323.9786527808028,243.37038775787235,0.007484879007962664,0.0018523936923466877,1,222.05078125,0.06822255402021216,0.004091057683376587,0.00834433431850079
32579.80078125,32632.01953125,32462.25,32575.169921875,9000,11.899999618530273,12.390000343322754,11.59000015258789,11.90999984741211,0,0.0018523936923466877,73.85889943239562,32015.455867082797,333.60571489612994,238.11318372159576,0.007309652851931775,-0.0030216170087850047,1,169.76953125,0.0008403553951601417,0.005924940818142099,0.010763854084335112
32641.580078125,32686.48046875,32394.890625,32476.740234375,10500,11.90999984741211,12.170000076293945,10.920000076293945,11.9399995803833,0,-0.0030216170087850047,69.28106533836646,32059.387711586816,329.4945695175811,241.93294515219606,0.007449422060411167,-0.007354782939304361,0,291.58984375,0.002518869299373616,0.005164345103166212,0.0029114308840505476
32502.55078125,32502.55078125,32194.580078125,32237.880859375,12600,11.9399995803833,12.229999542236328,11.210000038146973,11.640000343322754,0,-0.007354782939304361,59.623348865598764,32076.387058995213,303.46435368518723,246.6499278645392,0.007650934902962509,0.002715107027562169,1,307.970703125,-0.025125565125934113,-0.008520962929960851,-0.004490583676361903
32191.119140625,32352.189453125,32107.990234375,32325.41015625,11300,11.640000343322754,11.75,10.75,11.390000343322754,0,0.002715107027562169,61.72872022571934,32100.103544448048,286.5944207616849,246.47487721350066,0.0076248027796747275,-0.001600605657435028,1,244.19921875,-0.021477662596755098,-0.007667182280982732,0.00048063615407900606
32377.80078125,32396.140625,32235.8203125,32273.669921875,10400,11.390000343322754,12.0,10.640000343322754,11.899999618530273,0,-0.001600605657435028,59.745533998015624,32116.63367563157,265.98377745823745,240.3209797339649,0.007446348069981221,-0.00804000503748492,0,160.3203125,0.04477605441921706,-0.0062527923379779304,-0.0074202669698285595
32341.05078125,32354.76953125,31915.19921875,32014.189453125,9400,11.899999618530273,13.050000190734863,10.489999771118164,12.770000457763672,0,-0.00804000503748492,50.911603712119366,32106.877083011896,226.10538673663905,254.55307493153882,0.007951257841597208,-0.00675792868945746,0,439.5703125,0.0731093165649066,-0.006938775139276876,-0.017221106446885792
31926.140625,31967.279296875,31731.91015625,31797.83984375,9300,12.770000457763672,13.680000305175781,10.520000457763672,13.449999809265137,0,-0.00675792868945746,44.94452895802161,32077.444964986953,175.02627546061194,256.53351935607174,0.008067639833920809,-0.00838137958221663,0,235.369140625,0.05324975153685685,-0.016320606914186242,-0.0209042036154361
31750.73046875,31756.26953125,31422.80078125,31531.330078125,13000,13.449999809265137,14.170000076293945,12.229999542236328,13.800000190734863,0,-0.00838137958221663,38.896704174808285,32025.434023381054,111.75238902115234,264.9982010092095,0.008404282355125043,-0.01007696895715271,0,333.46875,0.026022333563798794,-0.023001407820894992,-0.021916787407089466
31355.919921875,31379.19921875,31128.01953125,31213.58984375,15200,13.800000190734863,15.539999961853027,11.670000076293945,15.199999809265137,0,-0.01007696895715271,33.1665485832944,31948.115530082858,35.558500447259576,274.87765428533737,0.008806345430350334,0.007542850864113104,2,251.1796875,0.1014492463174177,-0.025007648891040457,-0.03439462352142908
31299.51953125,31526.400390625,31298.900390625,31449.029296875,9700,15.199999809265137,15.199999809265137,11.859999656677246,14.380000114440918,0,0.007542850864113104,40.19678391315872,31900.583507872583,-5.761296339376713,277.58714661317043,0.008826572801111971,0.010234380371065388,2,227.5,-0.05394734902064857,-0.010969630282717469,-0.02555149838850712
31566.240234375,31805.990234375,31399.349609375,31770.890625,12500,14.380000114440918,14.699999809265137,12.619999885559082,14.239999771118164,0,0.010234380371065388,48.21622213883516,31888.23180474186,-12.393153158373025,286.8052522122297,0.009027296577784548,0.0007733592611554041,1,406.640625,-0.009735767886549618,0.00759754016977543,-0.007599718508608078
31919.169921875,31937.509765625,31714.099609375,31795.4609375,8500,14.239999771118164,14.619999885559082,10.789999961853027,14.34000015258789,0,0.0007733592611554041,48.780870618191194,31879.39648405216,-15.48779493213442,282.27703107207043,0.008877903409764664,-0.008516349252878364,0,223.41015625,0.007022498811590561,0.018641594788127547,-7.48134546777468e-05
31729.880859375,31729.880859375,31349.130859375,31524.6796875,16400,14.34000015258789,14.890000343322754,11.170000076293945,14.569999694824219,0,-0.008516349252878364,43.19135866010524,31845.613931999575,-39.336656208644854,293.9951058615654,0.009325871310221076,-0.008432443430357983,0,380.75,0.01603901951108555,0.0024054920713407757,-0.00021091373591031193
31609.9296875,31641.810546875,31220.529296875,31258.849609375,23600,14.569999694824219,14.970000267028809,13.149999618530273,14.819999694824219,0,-0.008432443430357983,38.524433685036584,31789.73161555914,-78.77919869784091,303.086973300025,0.009696037349024024,0.001055701038662038,1,421.28125,0.017158545314782003,-0.01611667175682141,0.0014500019335028647
31393.9296875,31484.279296875,31241.5,31291.849609375,10800,14.819999694824219,14.819999694824219,11.15999984741211,14.109999656677246,0,0.001055701038662038,39.39982520395071,31742.31428163684,-106.1512282982294,298.77928212680894,0.009548150264575445,0.008825306260172638,2,242.779296875,-0.04790823567931213,-0.015839095055578678,-0.00499791856900389
31407.470703125,31593.390625,31379.25,31568.009765625,10000,14.109999656677246,14.109999656677246,12.260000228881836,13.180000305175781,0,0.008825306260172638,46.29220052254313,31725.713851540477,-104.35698001308629,298.9765488052512,0.009470871018635212,0.0008885825067295183,1,214.140625,-0.06591065727357148,0.0013744811542741875,-0.0063857466814404296
31673.439453125,31678.189453125,31546.05078125,31596.060546875,8900,13.180000305175781,13.199999809265137,11.9399995803833,12.569999694824219,0,0.0008885825067295183,46.95218116621854,31713.36591776281,-99.52430743910372,287.0595575959475,0.009085295844716916,0.004898071561655781,2,132.138671875,-0.04628229106428894,0.010787695059605307,-0.006271347693840967
31756.869140625,31809.69921875,31701.669921875,31750.8203125,10100,12.569999694824219,13.680000305175781,11.369999885559082,12.640000343322754,0,0.004898071561655781,50.561745245444456,31716.933002975875,-82.25833699721989,281.81520861587984,0.008875840241045105,-0.011414813347588204,0,108.029296875,0.005568866364201952,0.014667420074379045,0.007173447192539317
31724.83984375,31739.80078125,31360.810546875,31388.390625,6800,12.640000343322754,13.850000381469727,12.279999732971191,13.539999961853027,0,-0.011414813347588204,43.15585408811149,31685.64325269246,-96.70522027498009,289.54339125938844,0.009224537655293961,0.008221839583404833,2,378.990234375,0.07120249953202817,-0.005689910195751047,0.004144138931656327
31534.5703125,31727.98046875,31533.01953125,31646.4609375,5400,13.539999961853027,14.130000114440918,11.75,12.890000343322754,0,0.008221839583404833,48.89583599699855,31681.91160362651,-86.33514412193836,293.11813786586066,0.009262272278873543,0.00265525099444619,1,194.9609375,-0.04800588038120768,0.0015951479315032824,0.011332386309908626
31685.439453125,31757.1796875,31551.849609375,31730.490234375,17900,12.890000343322754,13.699999809265137,11.789999961853027,11.949999809265137,0,0.00265525099444619,50.64345552829463,31686.538139888275,-70.52337252343932,286.84756217008487,0.009040123869858481,0.005097312811126464,2,205.330078125,-0.07292478735615815,-0.0006403008780531128,0.005146997544549947
31769.33984375,31944.099609375,31707.26953125,31892.23046875,6600,11.949999809265137,12.15999984741211,10.529999732971191,11.680000305175781,0,0.005097312811126464,53.91056725478243,31706.127885494152,-44.429192346280615,283.2748847382931,0.008882253783280024,-0.005956951456755455,0,236.830078125,-0.022594101121241716,0.01605178964953713,0.009373634457865654
31932.19921875,31932.19921875,31560.3203125,31702.25,7600,11.680000305175781,13.960000038146973,11.489999771118164,13.170000076293945,0,-0.005956951456755455,49.745264668325866,31705.758563066138,-38.633855613796186,289.60374341770074,0.009135116385042094,0.0033846424543999554,1,371.87890625,0.1275684702215203,0.0017628847222499466,-0.0015297340988975616
31755.16015625,31863.470703125,31674.23046875,31809.55078125,8000,13.170000076293945,13.4399995803833,12.479999542236328,12.890000343322754,0,0.0033846424543999554,52.00097675576611,31715.643536226504,-25.093471286480053,282.43492134322213,0.00887893460946648,-0.004639489540103514,0,189.240234375,-0.021260419996138924,0.002491627021550036,0.013417704694759225
31713.5,31727.849609375,31586.529296875,31661.970703125,7400,12.890000343322754,13.5,12.039999961853027,13.119999885559082,0,-0.004639489540103514,48.75927223437574,31710.531837835886,-25.971712347283756,278.19110441692055,0.008786285194479805,2.430459105706717e-05,1,141.3203125,0.017843253383268642,-0.007219932950460195,0.0004900947899240116
31738.740234375,31814.9609375,31620.439453125,31662.740234375,10200,13.119999885559082,13.130000114440918,11.180000305175781,13.010000228881836,0,2.430459105706717e-05,48.777203395776226,31705.9802565539,-26.302431912328757,272.2147029853548,0.00859731978250644,0.000782601148592299,1,194.521484375,-0.008384120246702209,-0.001246276388111256,-0.002135170288878885
31694.150390625,31763.69921875,31619.0,31687.51953125,7800,13.010000228881836,13.100000381469727,11.770000457763672,12.960000038146973,0,0.000782601148592299,49.3913405404557,31704.222092239244,-24.285103821843222,263.10645411140086,0.008303157142102183,0.006142501144908108,2,144.69921875,-0.003843212133376017,-0.0038363084986390295,-0.006418834132676521
31798.310546875,31952.869140625,31797.890625,31882.16015625,8700,12.960000038146973,12.960000038146973,11.550000190734863,12.359999656677246,0,0.006142501144908108,54.051517880815844,31721.168574525982,-6.900935331323126,263.26667948737224,0.008257491907610373,0.00867256166598862,2,154.978515625,-0.04629632559441832,0.006954382441623164,0.005674996451356051
32029.150390625,32172.4609375,31950.240234375,32158.66015625,7000,12.359999656677246,12.359999656677246,11.520000457763672,11.760000228881836,0,0.00867256166598862,59.72511218630096,31762.83443945208,28.854762891518476,265.19768675613136,0.00824654029327122,0.0008629090846810072,1,222.220703125,-0.048543644373911676,0.015662571154741567,0.010974986016016874
32188.94921875,32348.30078125,32126.76953125,32186.41015625,8900,11.760000228881836,11.869999885559082,10.680000305175781,11.760000228881836,0,0.0008629090846810072,60.2555278941566,31803.174983909023,58.75333257731836,262.07865555926486,0.008142525192682108,0.0017249370458052304,1,221.53125,0.0,0.01574407313604964,0.01656370217894354
32289.259765625,32328.609375,32186.83984375,32241.9296875,9100,11.760000228881836,11.880000114440918,10.359999656677246,11.470000267028809,0,0.0017249370458052304,61.35219387105764,31844.961146155783,85.93749271488196,253.51583864431737,0.007862923872779362,0.0009515462566092037,1,141.76953125,-0.024659860221839525,0.011284352424265398,0.018292461386402614
32207.630859375,32356.109375,32138.380859375,32272.609375,8900,11.470000267028809,12.020000457763672,10.020000457763672,11.680000305175781,0,0.0009515462566092037,61.97655933721085,31885.68954890285,108.70366170909983,250.9596012857947,0.007776241405512153,0.004683550340434772,2,217.728515625,0.01830863411142447,0.0035433447225834414,0.018464362386364508
32361.369140625,32508.060546875,32361.25,32423.759765625,9500,11.680000305175781,11.680000305175781,10.84000015258789,11.4399995803833,0,0.004683550340434772,64.97843438459009,31936.934331447817,137.3591966494787,249.8518563278808,0.007705826163712469,-0.0006597206849120463,1,146.810546875,-0.02054800672275059,0.007374218131900312,0.01698754434206129
32522.439453125,32524.109375,32358.630859375,32402.369140625,57400,11.4399995803833,11.640000343322754,10.399999618530273,11.470000267028809,0,-0.0006597206849120463,64.20590491914491,31981.26145613136,156.53839272357072,243.8251891348179,0.007524918566189596,-5.7383921278408856e-05,1,165.478515625,0.0026224377400285714,0.00497611199701864,0.007578331410291517
32467.099609375,32499.880859375,32383.8203125,32400.509765625,10500,11.470000267028809,11.880000114440918,10.119999885559082,11.630000114440918,0,-5.7383921278408856e-05,64.13452666841383,32021.189866559325,169.63258887593838,234.69914325911662,0.007243686749278197,-0.0009404390037507371,1,116.060546875,0.013949419676304586,0.003963125173388704,0.006651863576448758
32406.419921875,32462.609375,32164.419921875,32370.0390625,8700,11.630000114440918,12.180000305175781,9.260000228881836,11.630000114440918,0,-0.0009404390037507371,62.90044244218261,32054.413599506053,175.52772818904123,239.234165392394,0.0073906047790205385,-0.013827589411022245,0,298.189453125,0.0,-0.0016568313950423574,0.003973378027980257
32339.5,32342.810546875,31886.08984375,31922.439453125,9600,11.630000114440918,12.989999771118164,11.010000228881836,12.8100004196167,0,-0.013827589411022245,48.2217393763802,32041.844633184046,142.4401593452967,256.7138120607944,0.008041798072410903,-0.009266478339926554,0,456.720703125,0.10146176212935543,-0.01481156163048214,-0.010850375245649024
31986.400390625,32016.51953125,31474.560546875,31626.630859375,12200,12.8100004196167,13.84000015258789,11.510000228881836,13.34000015258789,0,-0.009266478339926554,41.35341041119184,32002.30046424985,91.29633400509556,277.0884672260948,0.008761238857788678,-0.000849635039200991,1,541.958984375,0.04137390441920452,-0.02388477563618585,-0.02458471540660434
31685.810546875,31693.58984375,31455.650390625,31599.759765625,10000,13.34000015258789,13.630000114440918,12.630000114440918,12.930000305175781,0,-0.000849635039200991,40.785121454023134,31963.963254857004,48.04240827981266,274.2921090760166,0.00868019602397099,-0.013922549475473778,0,237.939453125,-0.030734620893731468,-0.023796057069555787,-0.024770083061417703
31785.240234375,31797.4609375,31100.80078125,31159.810546875,9800,12.930000305175781,14.170000076293945,11.770000457763672,13.859999656677246,0,-0.013922549475473778,32.830238215237,31887.377282668243,-21.489151072248205,304.4612553027296,0.00977095977026933,0.003936799348971176,1,696.66015625,0.07192570220815786,-0.023890057254861263,-0.038292583287263815
31216.359375,31340.91015625,31081.830078125,31282.48046875,8300,13.859999656677246,13.970000267028809,12.819999694824219,13.170000076293945,0,0.003936799348971176,36.54651255774469,31829.76806229508,-65.93491860793802,301.21974264717755,0.00962902359830719,3.964629263464303e-05,1,259.080078125,-0.049783520741350396,-0.010881664637476973,-0.03359769173123772
31367.25,31523.869140625,31243.7109375,31283.720703125,7700,13.170000076293945,13.170000076293945,11.90999984741211,12.489999771118164,0,3.964629263464303e-05,36.58471386934602,31777.76355189793,-99.90676999079369,299.715346967022,0.009580553087378854,0.006829755267206972,2,280.158203125,-0.05163252097467974,-0.010001312188575362,-0.020008456776553607
31537.810546875,31615.279296875,31440.48046875,31497.380859375,7100,12.489999771118164,12.869999885559082,11.4399995803833,12.460000038146973,0,0.006829755267206972,42.95613329286832,31751.060438324315,-108.34023915125726,301.9898645943776,0.009587777026371137,0.005534748393948075,2,174.798828125,-0.0024019002018368374,0.01083351620486206,-0.004086745773670852
31522.169921875,31752.16015625,31457.779296875,31671.7109375,5900,12.460000038146973,12.579999923706055,11.579999923706055,11.800000190734863,0,0.005534748393948075,47.58359600933081,31743.503343007713,-99.80633851029415,301.4463642215649,0.00951784274668426,-0.0025158615769840242,1,294.380859375,-0.0529694899993165,0.012442442636185103,0.002276953129032089
31725.849609375,31772.41015625,31562.25,31592.029296875,5900,11.800000190734863,11.899999618530273,10.59000015258789,11.710000038146973,0,-0.0025158615769840242,45.75651607659182,31729.07724337603,-98.33921004076547,294.9259207950246,0.009335453510237086,0.00703314763866647,2,210.16015625,-0.007627131451960256,0.009855240579462299,0.01387103266721712
31633.33984375,31844.279296875,31632.810546875,31814.220703125,8300,11.710000038146973,11.710000038146973,10.75,11.119999885559082,0,0.00703314763866647,51.36450679120732,31737.1861443045,-78.34440507129693,291.8776407382371,0.009174439426377872,0.0010268968138449353,1,211.46875,-0.05038429980067316,0.01005924413730086,0.016998020182772633
31862.19921875,31935.630859375,31781.75,31846.890625,5800,11.119999885559082,11.569999694824219,10.40999984741211,11.390000343322754,0,0.0010268968138449353,52.147875919254524,31747.634190085024,-59.179998235427774,282.0207277837202,0.008855518458757547,0.002434131864325506,1,153.880859375,0.024280616955248968,0.00553110906593246,0.01800201220370634
31910.8203125,31994.76953125,31896.900390625,31924.41015625,7200,11.390000343322754,11.449999809265137,10.75,11.109999656677246,0,0.002434131864325506,54.03954503111845,31764.469996386448,-37.30683940977178,272.4391691027402,0.008533882623651338,-0.0028323129991266738,1,97.869140625,-0.02458302705931481,0.010521035424839953,0.013557612894276483
31975.58984375,32098.4609375,31769.400390625,31833.990234375,8600,11.109999656677246,12.180000305175781,10.1899995803833,11.729999542236328,0,-0.0028323129991266738,51.48304472792571,31771.090971432975,-26.957585215488507,276.4835532293302,0.008685167997908649,0.010938951296591615,2,329.060546875,0.05580557198185465,0.0006214054851281237,0.005123793191824655
31887.470703125,32209.029296875,31813.669921875,32182.220703125,7800,11.729999542236328,11.729999542236328,10.460000038146973,11.039999961853027,0,0.010938951296591615,59.44111079567726,31810.246183975072,9.237082503288548,284.97468335580663,0.00885503477167238,0.007782829914396716,2,395.359375,-0.05882349593440417,0.01052944483885554,0.01868165544871725
32247.740234375,32508.58984375,32247.740234375,32432.689453125,15500,11.039999961853027,11.350000381469727,10.09000015258789,11.260000228881836,0,0.007782829914396716,64.01333078544008,31869.526495322683,57.46987535984226,287.93143030360613,0.008877815412741324,0.006195945364488864,2,260.849609375,0.0199275604881326,0.015921337133162128,0.01944000941501134
32488.23046875,32687.3203125,32445.4296875,32633.640625,9200,11.260000228881836,11.579999923706055,10.029999732971191,11.3100004196167,0,0.006195945364488864,67.20736161556198,31942.299269577667,110.63446609093444,285.55281809442,0.008750259322144509,-0.0007501605178321658,1,241.890625,0.004440514184592459,0.02511938920435819,0.02470413860065812
32654.41015625,32699.859375,32556.740234375,32609.16015625,5500,11.3100004196167,11.729999542236328,10.109999656677246,11.609999656677246,0,-0.0007501605178321658,66.4337903083246,32005.809830213126,149.07398592479512,275.37898398946146,0.008444835214091867,-0.0007608459327415051,1,143.119140625,0.026525130497803584,0.013266314250450106,0.021449104201098024
32518.560546875,32670.3203125,32462.849609375,32584.349609375,14100,11.609999656677246,11.75,10.130000114440918,11.539999961853027,0,-0.0007608459327415051,65.60955373512915,32060.908856799968,175.5123810761179,270.5283924991428,0.008302402709959501,-0.005965706672232396,0,207.470703125,-0.006029258991748554,0.004676151093457648,0.02357101228829772
32656.75,32663.060546875,32319.369140625,32389.9609375,2500,11.539999961853027,12.8100004196167,10.829999923706055,12.399999618530273,0,-0.005965706672232396,59.392122448659194,32092.24715019997,178.71929369665304,275.7543220527754,0.00851357377629673,0.0036048134127206755,1,343.69140625,0.07452336737609078,-0.0074671315499295066,0.0064551242840376055
32411.859375,32614.890625,32312.740234375,32506.720703125,8400,12.399999618530273,12.9399995803833,10.880000114440918,12.329999923706055,0,0.0036048134127206755,61.737558185146945,32131.720821907118,188.50931430451965,277.63975552222,0.008540995508523547,0.0030953334710051017,1,302.150390625,-0.005645136853037691,-0.003141431813458273,0.002282612119078209
32619.259765625,32670.369140625,32502.080078125,32607.33984375,8400,12.329999923706055,12.470000267028809,11.359999656677246,11.59000015258789,0,0.0030953334710051017,63.68417824989368,32177.01787160644,202.05790218897528,269.8289917349186,0.008275099809671777,0.013345466337800982,2,168.2890625,-0.06001620240851879,0.0007055606341881404,-0.0008059407637728278
32995.28125,33117.328125,32804.6015625,33042.5,29900,11.59000015258789,12.489999771118164,11.1899995803833,11.760000228881836,0,0.013345466337800982,70.64089769611068,32259.44474097726,245.0838692387515,286.98322670028153,0.008685275832648302,0.0031664948551108907,1,312.7265625,0.01466782347332285,0.020146336815877852,0.0132888992440654
33025.171875,33196.171875,32835.05859375,33147.12890625,15500,11.760000228881836,12.649999618530273,11.289999961853027,11.619999885559082,0,0.0031664948551108907,72.02833746363635,32343.98609005085,284.3471593718932,292.27823059669,0.00881760322057878,0.000304395707348748,1,361.11328125,-0.011904790867173776,0.019700793844253717,0.01727146018323711
33228.3203125,33286.51171875,33109.41015625,33157.21875,18300,11.619999885559082,12.149999618530273,11.1899995803833,11.479999542236328,0,0.000304395707348748,72.16494694993355,32421.43681956982,312.673460722679,284.0513257326407,0.00856680193457543,0.003285601457450271,1,177.1015625,-0.012048222435590672,0.01686365428412584,0.023688136394499182
33260.1015625,33340.171875,33206.9296875,33266.16015625,14000,11.479999542236328,12.260000228881836,11.479999542236328,12.109999656677246,0,0.003285601457450271,73.66070042175402,32501.88666115841,339.99368409469025,276.83002568030923,0.008321670561917823,-0.0015941500236550388,1,133.2421875,0.05487806093746528,0.006768863017326154,0.02336253662929444
33254.9296875,33294.30078125,33164.28125,33213.12890625,11500,12.109999656677246,12.529999732971191,11.529999732971191,12.4399995803833,0,-0.0015941500236550388,71.642509146332,32569.6240178338,353.2934325018796,266.34356179243,0.008019225245059939,0.01165625274549642,2,130.01953125,0.027250200913432554,0.0019911226757125533,0.018578303701033638
33344.23046875,33651.51953125,33340.62109375,33600.26953125,14200,12.4399995803833,12.4399995803833,11.789999961853027,12.140000343322754,0,0.01165625274549642,76.66820496296675,32667.780733397245,390.5703401428218,278.63263773582787,0.008292571506805475,-0.0008050763171658648,1,310.8984375,-0.02411569511092404,0.013362121370629199,0.016880367140803543
33615.83984375,33657.5703125,33527.0,33573.21875,12400,12.140000343322754,12.369999885559082,11.40999984741211,12.010000228881836,0,-0.0008050763171658648,75.65921698943053,32754.012925454652,413.1670534353798,268.05675736184014,0.007984243612681317,0.0033461147882938302,1,130.5703125,-0.010708411100862958,0.009230358788262727,0.012854502269415535
33667.33984375,33733.7109375,33531.94140625,33685.55859375,199700,12.010000228881836,12.300000190734863,11.069999694824219,11.90999984741211,0,0.0033461147882938302,77.01224250883435,32842.7315605304,435.12415761404554,263.3219554967087,0.007817057709280954,0.0013546699061854905,1,201.76953125,-0.008326426275100607,0.014224184924989114,0.01593438363252342
33710.1484375,33848.421875,33582.37890625,33731.19140625,13100,11.90999984741211,13.260000228881836,11.369999885559082,13.020000457763672,0,0.0013546699061854905,77.55795264678429,32927.34678393227,451.0085615134085,263.5163135862295,0.007812244471667342,-0.010685353006333997,0,266.04296875,0.09319904488435005,0.003896453118575005,0.013979108133182816
33781.01171875,33865.94921875,33341.8203125,33370.76171875,16300,13.020000457763672,13.680000305175781,11.680000305175781,13.239999771118164,0,-0.010685353006333997,64.5280303437049,32969.57677772443,429.56168281332793,282.13149877649886,0.008454451868803997,-0.004553480866893778,0,524.12890625,0.016897028081386045,-0.006030313410149257,0.004746099439921769
33417.3515625,33484.69921875,33157.6796875,33218.80859375,283000,13.239999771118164,13.859999656677246,11.239999771118164,13.609999656677246,0,-0.004553480866893778,59.95489650672403,32993.31314115544,395.741666078924,285.3377868103204,0.00858964541142531,0.0009669550206579114,1,327.01953125,0.027945611174873486,-0.01385608609401534,-0.011352913021879796
33376.62109375,33463.80078125,33111.5390625,33250.9296875,14100,13.609999656677246,13.720000267028809,11.079999923706055,13.270000457763672,0,0.0009669550206579114,60.59070963314126,33017.848050331115,367.2969918872477,290.11806766315465,0.008725111459732163,0.0019135978105875306,1,352.26171875,-0.024981572923608808,-0.01423791152129339,-0.009599587841127133
33235.75,33380.421875,33108.08984375,33314.55859375,21200,13.270000457763672,13.819999694824219,11.170000076293945,13.479999542236328,0,0.0019135978105875306,61.88181331159933,33046.10619732339,345.901367969127,288.84763649078644,0.008670312580547769,-0.008434750807495783,0,272.33203125,0.015825100017219373,-0.001684202640433674,-0.011013621726576828
33397.41015625,33417.30078125,32999.98046875,33033.55859375,18200,13.479999542236328,14.380000114440918,11.170000076293945,14.050000190734863,0,-0.008434750807495783,53.539718317280595,33044.911187459256,302.78056440970977,298.02425620573024,0.009021863489515686,-0.0027755865218029863,1,417.3203125,0.042284916012984786,-0.005576659965910169,-0.02068212782934009
32990.03125,33126.55078125,32907.109375,32941.87109375,12000,14.050000190734863,14.739999771118164,12.460000038146973,14.170000076293945,0,-0.0027755865218029863,51.11826181309909,33035.097845201235,258.23186573028215,292.41119549460666,0.008876581256189946,-0.0055076300951047985,0,219.44140625,0.008540917005696258,-0.009294735415057653,-0.012852287538855256
32944.94140625,32944.94140625,32683.58984375,32760.439453125,11300,14.170000076293945,14.579999923706055,11.579999923706055,14.270000457763672,0,-0.0055076300951047985,46.624572589615,33008.93990309873,205.91304653579573,290.1926502807062,0.00885802068363356,0.010573144474164131,2,261.3515625,0.007057189903409089,-0.016632942593721056,-0.013798482246327182
32829.8203125,33165.1484375,32829.8203125,33106.8203125,9600,14.270000457763672,14.270000457763672,11.069999694824219,13.460000038146973,0,0.010573144474164131,54.794907502696894,33018.26184685124,190.20745279754192,298.3723884302986,0.009012414530115519,0.007127850591586382,2,335.328125,-0.056762466267197165,0.0022177967457572834,-0.004333995360562004
33388.46875,33520.8203125,33278.91015625,33342.80078125,11300,13.460000038146973,13.859999656677246,11.630000114440918,13.710000038146973,0,0.007127850591586382,59.35914455050522,33049.17031679398,194.55954691660008,306.63150354242015,0.009196333132124023,0.0005127840448129195,1,241.91015625,0.018573551210362194,0.01217082315570317,0.0008477431096836074
33365.83984375,33449.53125,33288.2109375,33359.8984375,7900,13.710000038146973,15.609999656677246,11.119999885559082,13.430000305175781,0,0.0005127840448129195,59.67681793607637,33078.76347114693,197.116020050722,296.2521327536759,0.008880486651022224,0.003550763957567815,1,161.3203125,-0.020423029335675746,0.01829825833785681,0.009879039910999587
33438.28125,33625.05078125,33437.609375,33478.3515625,14800,13.430000305175781,13.930000305175781,11.010000228881836,13.720000267028809,0,0.003550763957567815,61.89885182728621,33116.819479847225,206.3218705683248,294.03071925341334,0.008782711977454859,0.0024851647368202556,1,187.44140625,0.021593444174477394,0.011222196710317212,0.016285670817641762
33569.0703125,33654.53125,33465.23046875,33561.55078125,13100,13.720000267028809,14.34000015258789,12.1899995803833,14.039999961853027,0,0.0024851647368202556,63.42345214072064,33159.174841885586,217.82015984202735,286.55000939602667,0.00853804436105244,0.0007904087603967103,1,189.30078125,0.023323592463275977,0.00656063662543338,0.024453619716281905
33575.91015625,33670.19140625,33468.30078125,33588.078125,7100,14.039999961853027,14.460000038146973,12.819999694824219,13.869999885559082,0,0.0007904087603967103,63.91919150142652,33200.02277361077,226.46265139729076,280.5029105105962,0.008351264084437586,0.0027140628859663174,1,201.890625,-0.012108267575202225,0.006839939513829663,0.014536515677354034
33670.0,33738.53125,33639.98046875,33679.23828125,7800,13.869999885559082,13.989999771118164,12.489999771118164,13.510000228881836,0,0.0027140628859663174,65.64251962239257,33245.66234576688,237.92509854005039,271.2136401169822,0.008052843649613449,0.0013421658952770255,1,98.55078125,-0.025955274668175266,0.006000496122844368,0.010090259129916568
33640.51171875,33745.171875,33540.4609375,33724.44140625,8900,13.510000228881836,13.899999618530273,11.529999732971191,13.029999732971191,0,0.0013421658952770255,66.49704105795021,33291.26035152718,247.80019845486095,266.46344707291206,0.007901196757065621,-0.003138719518728128,1,204.7109375,-0.03552927370678305,0.0048534892222860115,0.010927580293236705
33726.6484375,33770.1484375,33576.6484375,33618.58984375,8100,13.029999732971191,13.359999656677246,12.039999961853027,13.149999618530273,0,-0.003138719518728128,62.57241682766747,33322.43458888173,244.2691669242413,261.25177228198976,0.007771050882747208,-0.0004708146615776121,1,193.5,0.009209507906238423,0.0009084091872255673,0.004188924325864596
33664.26953125,33728.80859375,33553.12109375,33602.76171875,6600,13.149999618530273,13.289999961853027,12.260000228881836,13.0600004196167,0,-0.0004708146615776121,61.983318935563766,33349.13241077395,237.45635256921378,255.14003854756191,0.00759282944309891,-0.013493240824815955,0,175.6875,-0.0068440457432981106,-0.002270733140142811,0.0012279211341754692
33542.5,33576.19921875,33108.71875,33149.3515625,7400,13.0600004196167,13.90999984741211,11.970000267028809,13.550000190734863,0,-0.013493240824815955,48.03283644244753,33330.105663319286,193.24315105094865,272.20453356202177,0.008211458768621931,-0.009544987800242155,0,467.48046875,0.03751912368870691,-0.017052612875699702,-0.013061972788894094
33247.66015625,33300.80859375,32797.78125,32832.94140625,9200,13.550000190734863,15.020000457763672,12.619999885559082,14.800000190734863,0,-0.009544987800242155,41.083741519082,33282.75668645555,131.1602809748074,288.69187714687735,0.008792750962358879,0.001120135515576992,1,503.02734375,0.09225092121066658,-0.023369464369311088,-0.025128147731035666
32968.01953125,33008.46875,32785.76171875,32869.71875,9600,14.800000190734863,15.260000228881836,14.140000343322754,14.859999656677246,0,0.001120135515576992,42.13170304673755,33243.419740126454,83.95895684420975,283.978673868529,0.008639522474421202,-0.0020467879345635875,1,222.70703125,0.004054017916833796,-0.021814961963110613,-0.025344308774573165
32814.03125,32893.05078125,32682.51953125,32802.44140625,8600,14.859999656677246,15.34000015258789,13.550000190734863,15.010000228881836,0,-0.0020467879345635875,40.70532524877956,33201.42180356679,40.65421157842502,278.73242930649116,0.008497307436798987,-0.006257513463948761,0,210.53125,0.010094251390994291,-0.010465066129451528,-0.024276700518767624
32798.5,32804.75,32565.16015625,32597.1796875,9600,15.010000228881836,15.260000228881836,13.550000190734863,15.09000015258789,0,-0.006257513463948761,36.630641658905496,33143.87493536995,-10.111457707629597,275.93653033817037,0.008465043079907413,0.010799438889340207,2,239.58984375,0.005329774982422819,-0.007180645676330477,-0.02992557694116238
32615.05078125,32992.44921875,32598.119140625,32949.2109375,9500,15.09000015258789,15.09000015258789,13.920000076293945,14.270000457763672,0,0.010799438889340207,46.51853736557565,33125.335507001386,-21.68763498066255,284.4603161175868,0.00863329676261953,0.009137998610076803,2,394.330078125,-0.05434060215589798,0.0024184018155006815,-0.006037542683833608
33034.19921875,33285.6796875,33034.19921875,33250.30078125,14200,14.270000457763672,14.270000457763672,12.90999984741211,13.670000076293945,0,0.009137998610076803,53.23911850528036,33137.23696169173,-6.491573969731689,288.17520425204486,0.008666845035415385,0.006180042779218242,2,251.48046875,-0.042046276259458226,0.013653232985111563,0.012711604782401631
33317.71875,33535.96875,33313.171875,33455.7890625,12000,13.670000076293945,14.489999771118164,12.15999984741211,14.149999618530273,0,0.006180042779218242,57.192752757290236,33167.5752570068,21.88037745159818,287.99611600189877,0.008608259559022283,-0.0068090093712761535,0,222.796875,0.03511335329607834,0.02633998963196338,0.01783009818117165
33426.58984375,33458.41015625,33179.75,33227.98828125,8200,14.149999618530273,15.369999885559082,12.15999984741211,15.260000228881836,0,-0.0068090093712761535,51.94898223986432,33173.328878363296,25.687623195357446,287.329261733906,0.008647206063210306,-0.005265116180648288,0,278.66015625,0.07844527493117037,0.008460820026276128,0.012973024468810435
33229.73046875,33404.26171875,32988.8203125,33053.0390625,24500,15.260000228881836,16.309999465942383,12.699999809265137,15.949999809265137,0,-0.005265116180648288,48.2873279963259,33161.872705423935,14.421708556474186,296.48012919934126,0.008969829631663429,0.005859072622151462,2,415.44140625,0.04521622346226262,-0.005932629603797035,0.013984626258166877
33114.69140625,33321.51953125,32886.9296875,33246.69921875,11200,15.949999809265137,17.389999389648438,12.800000190734863,16.40999984741211,0,0.005859072622151462,52.295723420921504,33169.9514209788,20.879460736192414,306.34510881010254,0.009214301449731118,0.006504992565638856,2,434.58984375,0.0288401281283881,-0.006249735833741443,0.009028692122985627
33456.01953125,33621.9609375,33405.8203125,33462.96875,24200,16.40999984741211,16.40999984741211,13.399999618530273,14.9399995803833,0,0.006504992565638856,56.36355261996992,33197.857833266535,42.953280911344336,311.2677238058095,0.009301856213992057,0.004145207155297648,1,216.140625,-0.0895795417853481,0.007071763320760427,0.006395971277045609
33364.51953125,33801.8984375,32595.630859375,33601.6796875,21100,14.9399995803833,18.260000228881836,12.819999694824219,13.119999885559082,0,0.004145207155297648,58.790723939552905,33236.317057479246,70.8233483601216,375.19628482860884,0.011165997900044973,0.006995441773627764,2,1206.267578125,-0.12182059879131035,0.016598795165629898,0.004360698972828203
33732.078125,33862.0703125,33666.62109375,33836.73828125,20600,13.119999885559082,13.119999885559082,12.079999923706055,12.1899995803833,0,0.006995441773627764,62.588316815016654,33293.500031171694,110.60288049680094,366.9958805551368,0.010846077346601127,-0.001754287736205784,1,195.44921875,-0.07088417022010907,0.0177472975171995,0.018320398901293222
33928.58984375,33956.30859375,33754.94140625,33777.37890625,7100,12.1899995803833,12.420000076293945,11.199999809265137,12.1899995803833,0,-0.001754287736205784,61.05809448668786,33339.5837335601,135.7735281195928,355.16525962262705,0.010514885142757746,-0.0006246090411147209,1,201.3671875,0.0,0.009395763974169302,0.021914470326929614
33826.25,33860.98828125,33707.80078125,33756.28125,9900,12.1899995803833,12.239999771118164,10.15999984741211,12.09000015258789,0,-0.0006246090411147209,60.49200018532108,33379.269211316285,152.26384039534605,340.7382767924394,0.010094070323354692,0.005451415986469144,2,153.1875,-0.008203398788982241,0.004601006971610255,0.01532729694148438
33768.46875,33964.28125,33767.73046875,33940.30078125,7800,12.09000015258789,12.130000114440918,10.729999542236328,11.59000015258789,0,0.005451415986469144,63.65704701509515,33432.70078940521,178.12802099150576,331.2569713072652,0.00975998926592498,0.002071537144091584,1,196.55078125,-0.04135649244743589,0.003060652570563649,0.01426448546200798
33980.76171875,34061.87890625,33889.75,34010.609375,12900,11.59000015258789,12.260000228881836,10.319999694824219,12.050000190734863,0,0.002071537144091584,64.816784773671,33487.739702319,201.97069394015853,319.8906809460319,0.00940561450748872,-0.0029049988537583893,1,172.12890625,0.0396893901717732,0.006904930942017051,0.012169918030976445
34087.3203125,34137.96875,33839.51171875,33911.80859375,10900,12.050000190734863,12.739999771118164,11.510000228881836,12.489999771118164,0,-0.0029049988537583893,61.8308425521024,33528.12721578862,210.4676466755409,318.35970596774393,0.009387871634378655,-0.0018806824641536268,1,298.45703125,0.03651448742064023,0.0046073601116829455,0.002218603692708765
33928.859375,34023.6484375,33752.03125,33848.03125,9500,12.489999771118164,12.6899995803833,11.329999923706055,12.300000190734863,0,-0.0018806824641536268,59.91217498737237,33558.594266665896,209.63866032376245,315.02095464861935,0.009306921053159313,0.006168656411885021,2,271.6171875,-0.015212136418341293,-0.0027185831924322335,0.0020917059297613783
33889.390625,34086.05078125,33889.390625,34056.828125,12100,12.300000190734863,12.760000228881836,11.479999542236328,12.670000076293945,0,0.006168656411885021,63.865470043617364,33606.04511031676,223.25628599888296,309.5208529772894,0.009088364067294932,-0.007166789699385778,0,196.66015625,0.03008129104240087,0.0013589509523452836,0.00890343556430695
34059.98828125,34101.12890625,33766.1484375,33812.75,7500,12.670000076293945,13.609999656677246,12.550000190734863,13.350000381469727,0,-0.007166789699385778,56.81238234573571,33625.73129028659,211.91051510618126,311.3393969610544,0.009207751423976292,-1.4440743506538567e-05,1,334.98046875,0.05367011058256321,-0.002921064899153003,-0.0037580922476816436
33913.55078125,33964.140625,33703.37109375,33812.26171875,10600,13.350000381469727,13.84000015258789,12.609999656677246,13.6899995803833,0,-1.4440743506538567e-05,56.79886850713128,33643.49609299739,200.5674925109779,307.72726369597905,0.009101055299277253,-0.0005584604974688823,1,260.76953125,0.02546810405979505,-0.0010567684420346168,-0.005831934796081573
33929.609375,33998.37109375,33765.4296875,33793.37890625,9000,13.6899995803833,13.720000267028809,12.770000457763672,13.619999885559082,0,-0.0005584604974688823,56.241714072930336,33657.77064664049,187.88851834082016,302.385416735552,0.008948066944546541,0.005215865487703697,2,232.94140625,-0.005113199194287987,-0.007735577070860922,-0.003492284617395147
33912.48828125,33995.3984375,33802.12890625,33969.640625,10500,13.619999885559082,13.789999961853027,12.180000305175781,13.420000076293945,0,0.005215865487703697,60.16933419574336,33687.4725493414,189.87443331188115,295.21642491515547,0.008690596058231201,0.005422810901462016,2,193.26953125,-0.014684273931396374,0.00463998417756617,0.003592804972962771
34021.26953125,34188.8515625,34020.83984375,34153.8515625,14700,13.420000076293945,13.420000076293945,12.420000076293945,13.109999656677246,0,0.005422810901462016,63.82387882544491,33731.889598213646,203.9614279950547,289.7874615283587,0.00848476667406195,0.005824745699206213,2,168.01171875,-0.023099882105388825,0.01010254346755457,0.002848868871284438
34216.328125,34385.671875,34216.328125,34352.7890625,13500,13.109999656677246,13.859999656677246,11.8100004196167,13.739999771118164,0,0.005824745699206213,67.31198850505707,33791.02288052663,228.54355855315953,285.6469508834759,0.008315102170126041,0.0026315867275150673,1,169.34375,0.04805492989620652,0.016553839076048682,0.01597146231820834
34431.609375,34488.03125,34343.41015625,34443.19140625,11200,13.739999771118164,14.130000114440918,12.25,13.850000381469727,0,0.0026315867275150673,68.7849127253433,33853.13416869076,252.41016053112253,275.5736753739419,0.008000817117194803,-0.000293848895435489,1,144.62109375,0.008005866971176223,0.013940411865926317,0.018659789538720162
34538.78125,34565.62890625,34311.62890625,34433.0703125,8500,13.850000381469727,14.229999542236328,12.520000457763672,14.039999961853027,0,-0.000293848895435489,68.413236757662,33908.366182386875,267.42521545082855,274.0326985615175,0.007958416024900264,0.0020450679567902696,1,254.0,0.0137183808772674,0.008175322466605017,0.018929489354250206
34471.48046875,34558.87890625,34400.609375,34503.48828125,8100,14.039999961853027,14.279999732971191,12.989999771118164,14.010000228881836,0,0.0020450679567902696,69.64231809792032,33965.0444775167,281.7589543856302,265.76390089640915,0.0077025226762602855,0.0025766190080644957,1,158.26953125,-0.0021367331234117826,0.004386811751320163,0.01571543432393896
34578.98828125,34638.421875,34342.16015625,34592.390625,7800,14.010000228881836,14.550000190734863,11.920000076293945,13.729999542236328,0,0.0025766190080644957,71.16766864134881,34024.79172965796,296.87008833015716,267.94231645737995,0.007745701052061358,0.0072594316036809214,2,296.26171875,-0.019985773167104037,0.004331747804384056,0.012840105652432543
34687.2109375,34963.69140625,34687.2109375,34843.51171875,14600,13.729999542236328,14.479999542236328,11.8100004196167,14.3100004196167,0,0.0072594316036809214,74.99031363851304,34102.76506195244,325.35861284987914,275.32506394256706,0.00790175990769636,-0.002079610634108553,1,276.48046875,0.04224332823873511,0.011919977002486482,0.014284798109323926
34877.7109375,34936.03125,34735.55078125,34771.05078125,53600,14.3100004196167,14.59000015258789,12.350000381469727,14.09000015258789,0,-0.002079610634108553,72.02301706513143,34166.41132093316,338.19053177160094,269.97902142881225,0.007764476924418867,0.00893759389686255,2,200.48046875,-0.015373882639948988,0.007754650712965772,0.009518844265415716
34753.80078125,35118.609375,34700.8203125,35081.8203125,35000,14.09000015258789,14.449999809265137,10.350000381469727,13.859999656677246,0,0.00893759389686255,76.34596653707499,34253.59312965382,369.1807381858089,280.53688150532565,0.007996645527694229,0.005087214643090032,2,417.7890625,-0.016323668801976554,0.014148478282570265,0.01884089899948571
35366.44921875,35507.359375,35166.44140625,35260.2890625,15700,13.859999656677246,14.220000267028809,11.65999984741211,13.960000038146973,0,0.005087214643090032,78.40923501889411,34349.46893278202,403.490449898527,290.8941801478024,0.008249909115384252,0.007126687533802745,2,340.91796875,0.007215034916797425,0.011961404668798803,0.021934036787267797
35339.109375,35542.171875,35221.16015625,35511.578125,35200,13.960000038146973,14.199999809265137,10.75,13.979999542236328,0,0.007126687533802745,80.93135867014135,34460.14599870754,445.8189475378531,293.04543290510225,0.00825210954786601,0.008065921281835475,2,321.01171875,0.0014326292288471265,0.0212972379928571,0.026571956531263874
35613.96875,35827.69921875,35544.6796875,35798.01171875,13700,13.979999542236328,15.59000015258789,12.069999694824219,15.390000343322754,0,0.008065921281835475,83.32278459054722,34587.56178156873,496.75114607250725,294.6936943940235,0.0082321246417066,0.009552730265767417,2,283.01953125,0.10085842970355863,0.020414887251298364,0.02739390930812413
35868.19140625,36170.828125,35863.98046875,36139.98046875,27000,15.390000343322754,16.299999237060547,14.109999656677246,16.229999542236328,0,0.009552730265767417,85.63849518574567,34735.4111803479,558.273866906522,300.2738880980218,0.008308634487438826,0.0005993405632505056,1,306.84765625,0.05458084341616165,0.024948502398568495,0.03936981071156431
36161.62109375,36268.19140625,36036.51171875,36161.640625,25200,16.229999542236328,18.5,14.640000343322754,18.040000915527344,0,0.0005993405632505056,85.77324446807685,34871.24255602906,601.8412091764039,295.37430234102027,0.008168166522201875,-0.0030750601142007783,1,231.6796875,0.11152196083436339,0.018305649433877358,0.030780053682540887
36208.390625,36247.01953125,35823.3515625,36050.44140625,15100,18.040000915527344,18.239999771118164,17.040000915527344,17.510000228881836,0,-0.0030750601142007783,81.54325403454291,34983.54720843105,620.2459845681733,304.53813565594737,0.008447556362046377,0.0064578569545514775,2,423.66796875,-0.02937919399933775,0.007051500219711571,0.022409128363906294
36106.359375,36443.98046875,36093.359375,36283.25,16900,17.510000228881836,18.489999771118164,16.360000610351562,17.889999389648438,0,0.0064578569545514775,83.39012236808694,35107.32842667572,646.1689757917193,310.8953447162368,0.008568563861182139,-0.006876989554408741,0,350.62109375,0.021701836424868448,0.003964294650736777,0.021730148749901534
36277.12109375,36291.8203125,35993.41015625,36033.73046875,18100,17.889999389648438,18.010000228881836,16.149999618530273,16.420000076293945,0,-0.006876989554408741,74.75601999998797,35195.557192587556,639.2105706871807,310.003545540077,0.00860314881382946,-0.0019068505149526516,1,298.41015625,-0.08216877381253951,-0.0035371779056276864,0.006584688329953625
35951.640625,36050.69140625,35818.41015625,35965.01953125,11000,16.420000076293945,16.420000076293945,14.289999961853027,15.930000305175781,0,-0.0019068505149526516,72.52901907303911,35268.83932007922,620.993163460691,304.45195300150004,0.0084652241808728,-0.0016226704659312308,1,232.28125,-0.029841642438576566,-0.002369509822012672,-0.0048412017724051015
36048.98828125,36256.828125,35501.73828125,35906.66015625,25200,15.930000305175781,16.770000457763672,13.899999618530273,14.109999656677246,0,-0.0016226704659312308,70.60513044576922,35329.58416161929,594.9879721754332,336.64037376925,0.009375429859094082,-0.023391486498468006,0,755.08984375,-0.11424988158394467,-0.010379165145073865,-0.007051131097567609
35707.6015625,35738.12890625,35006.41015625,35066.75,18000,14.109999656677246,15.489999771118164,11.5,15.25,0,-0.023391486498468006,50.03460171540817,35304.55233670317,500.8316648616237,376.8982042143036,0.01074802210681924,-0.00882858673102016,0,731.71875,0.08079378958618721,-0.026835424924671836,-0.027286528760212647
34718.8515625,34874.171875,34520.80078125,34757.16015625,23500,15.25,18.34000015258789,15.079999923706055,16.049999237060547,0,-0.00882858673102016,44.84791509540569,35252.419748088585,396.65836914724787,388.973276681139,0.011191169673601604,-0.016146852834841963,0,353.37109375,0.05245896636462599,-0.033584282470651594,-0.04206045058670327
33753.78125,34521.01171875,33482.80859375,34195.94140625,22900,16.049999237060547,23.15999984741211,16.049999237060547,20.020000457763672,0,-0.016146852834841963,37.29954412121805,35151.80276315158,265.75120448046073,452.2145828110576,0.013224217968989918,-0.003311225370426718,1,1038.203125,0.24735211273631208,-0.047643494063655756,-0.05100190956064932
34563.30078125,34666.328125,34008.421875,34082.7109375,13100,20.020000457763672,20.020000457763672,16.799999237060547,19.469999313354492,0,-0.003311225370426718,35.98361766654408,35049.984494041906,151.1274773400437,466.9068447531249,0.013699228491810017,0.009695508651174078,2,657.90625,-0.027472584007653733,-0.02806188376453478,-0.05233720482521809
34208.109375,34634.3515625,34108.76171875,34413.16015625,35700,19.469999313354492,24.040000915527344,15.260000228881836,17.770000457763672,0,0.009695508651174078,42.373282576596296,34989.334557109345,85.96093389851012,472.95925762790165,0.013743557856368632,-0.011838448885549635,0,525.58984375,-0.08731376042857841,-0.009897241272116442,-0.041593954812308986
34002.44921875,34070.73046875,33849.6484375,34005.76171875,15200,17.770000457763672,20.420000076293945,15.149999618530273,19.229999542236328,0,-0.011838448885549635,37.41499249983466,34895.66095345607,1.4258927816626965,479.42729056519437,0.014098413513873713,0.00866638523457941,2,221.08203125,0.08216089177616115,-0.00556146956858572,-0.030256247905779743
34203.33984375,34351.33984375,34115.12109375,34300.46875,15500,19.229999542236328,19.229999542236328,16.56999969482422,17.8799991607666,0,0.00866638523457941,42.64350607059922,34838.97598169835,-41.31212147264159,469.86663588196615,0.013698548533158637,-0.004213339832272678,1,236.21875,-0.07020282962069846,0.006389098945190019,-0.0131394913795303
34436.98046875,34473.4296875,34028.6796875,34155.94921875,21100,17.8799991607666,17.8799991607666,15.520000457763672,17.18000030517578,0,-0.004213339832272678,40.841602939846354,34773.92581379851,-85.8541508431299,468.0725904618257,0.01370398425949398,0.004143334748030192,1,444.75,-0.03914982597576411,-0.007474202785566764,-0.0011695009950125623
34207.5703125,34535.078125,34186.01171875,34297.46875,13000,17.18000030517578,17.18000030517578,14.09000015258789,16.31999969482422,0,0.004143334748030192,43.36529131337272,34728.5489505796,-108.48404998418846,461.719470160981,0.01346220251781645,-0.00835942247924637,0,349.06640625,-0.05005824185535501,0.008578164890485684,0.006301077777933095
34411.23828125,34508.23828125,33957.328125,34010.76171875,18000,16.31999969482422,16.969999313354492,12.569999694824219,16.3799991607666,0,-0.00835942247924637,39.67280509214777,34660.18826183392,-147.84895864189457,468.09023345305377,0.01376300352588097,-0.006941966323848581,0,550.91015625,0.003676437932864207,-0.008446153705989778,-0.011693155632117036
34053.94921875,34122.9609375,33554.37109375,33774.66015625,18000,16.3799991607666,18.040000915527344,13.960000038146973,16.670000076293945,0,-0.006941966323848581,36.88733144504322,34575.85225177831,-195.8398355544341,475.2687770456928,0.01407175601018577,-0.002104249522310808,1,568.58984375,0.017704574504616266,-0.011163181560496338,-0.0067959531214552005
33913.94140625,33960.94921875,33657.890625,33703.58984375,19200,16.670000076293945,17.540000915527344,16.329999923706055,16.8700008392334,0,-0.002104249522310808,36.06644417747362,34492.7796414899,-236.87715908358223,462.968049667429,0.013736461065831594,0.004191527724640709,1,303.05859375,0.011997646192207778,-0.01731553166733335,-0.01740147957161664
33813.828125,33911.359375,33702.5,33844.859375,17700,16.8700008392334,16.8700008392334,15.729999542236328,15.920000076293945,0,0.004191527724640709,38.97360437590748,34431.07294944324,-255.06008916672,444.8174300483269,0.013142835817982385,-0.0007492829182422778,1,208.859375,-0.05631302404740268,-0.004877936728436727,-0.009107925584431631
33817.08984375,33868.73828125,33691.421875,33819.5,11800,15.920000076293945,16.459999084472656,14.5,14.829999923706055,0,-0.0007492829182422778,38.633991296761494,34372.82790663912,-268.4222769621483,425.7102140627321,0.012587714604377123,0.009540307736660703,2,177.31640625,-0.06846734593996529,0.0013276179106631592,-0.013935977418158552
33832.0,34167.6015625,33832.0,34142.1484375,21600,14.829999923706055,14.829999923706055,13.539999961853027,14.199999809265137,0,0.009540307736660703,45.17935360122088,34350.85843338777,-250.09394729233463,420.1667389511084,0.012306394242303119,0.008892280550410137,2,335.6015625,-0.04248146444248124,0.013012222015018615,0.00386309250690986
34225.71875,34483.390625,34225.71875,34445.75,8400,14.199999809265137,14.329999923706055,13.529999732971191,13.699999809265137,0,0.008892280550410137,50.526672160888886,34359.895725446084,-208.66514330838254,414.52927099031496,0.012034264633236756,-0.002884517683603982,1,257.671875,-0.03521126807859265,0.01775426567273186,0.01986962535360437
34558.55859375,34610.7890625,34314.87109375,34346.390625,12700,13.699999809265137,14.420000076293945,12.449999809265137,13.920000076293945,0,-0.002884517683603982,48.847393265409785,34358.6095254036,-181.75483228610392,406.0570351160068,0.011822407761834706,-0.004726888605926072,1,295.91796875,0.016058413875307043,0.015579491861204442,0.01907217552284579
34155.62890625,34302.73828125,34076.44921875,34184.0390625,12000,13.920000076293945,14.399999618530273,12.529999732971191,13.8100004196167,0,-0.004726888605926072,46.14846289699711,34341.98376703182,-171.55109692920087,396.3344901970063,0.01159413869941971,-0.004010575110780179,1,226.2890625,-0.00790227414327227,0.0012269475389541373,0.010021601323317642
34141.21875,34278.62890625,34015.7890625,34046.94140625,11300,13.8100004196167,14.25,12.40999984741211,14.069999694824219,0,-0.004010575110780179,43.94058833393419,34313.88449457641,-172.5382842914114,386.7991583079344,0.01136076082995607,-0.008816068165080404,0,262.83984375,0.018826883946954753,-0.011577875173279684,0.0067251557902985315
34034.28125,34034.28125,33653.41015625,33746.78125,16900,14.069999694824219,15.989999771118164,12.229999542236328,15.399999618530273,0,-0.008816068165080404,39.48636482908664,34259.874661759604,-195.28987335819693,387.28002200022485,0.011476058090731982,-0.012729570505335186,0,380.87109375,0.09452735981190585,-0.017457711395256648,-0.011580032469946988
34047.4296875,34060.12890625,33209.76171875,33317.19921875,11800,15.399999618530273,16.450000762939453,13.15999984741211,16.25,0,-0.012729570505335186,34.15075360641573,34170.09604813965,-245.15831887083186,420.3576766787802,0.012616837145248827,-0.008527408715679585,0,850.3671875,0.05519483133278458,-0.025358028703545643,-0.03276313569163103
33279.390625,33331.2109375,32991.140625,33033.08984375,10700,16.25,16.459999084472656,13.449999809265137,15.699999809265137,0,-0.008527408715679585,31.152590027025184,34061.80974295968,-304.09920702037925,414.62286495172447,0.01255174332503966,0.00964125579097952,2,340.0703125,-0.03384616558368392,-0.029778051144232487,-0.03823693719636656
33244.51953125,33439.96875,33037.48046875,33351.5703125,15500,15.699999809265137,15.699999809265137,12.489999771118164,14.59000015258789,0,0.00964125579097952,37.750038981566,33994.16789243971,-321.4065981544045,414.0697250444584,0.012415299224734468,-0.0013321617867974034,1,402.48828125,-0.07070061593390564,-0.011711070592843598,-0.024352556714493767
33465.05078125,33519.48828125,33256.421875,33307.140625,8200,14.59000015258789,14.760000228881836,12.90999984741211,14.529999732971191,0,-0.0013321617867974034,37.21427546306923,33928.73672411212,-334.848015303236,403.28377370199706,0.012108027472021912,0.01833843343464725,2,263.06640625,-0.004112434474927484,-0.00030190394108331464,-0.021728847018081754
33468.16015625,33962.48046875,33468.16015625,33917.94140625,12200,14.529999732971191,14.65999984741211,12.010000228881836,14.489999771118164,0,0.01833843343464725,48.11610348566013,33927.708598601435,-292.8382596898955,421.28777870542586,0.012420794459766238,-0.0018031800785742735,1,494.3203125,-0.0027529224079928527,0.026786823960018413,0.005071895745612842
33818.21875,34077.3203125,33722.9609375,33856.78125,14300,14.489999771118164,14.619999885559082,12.390000343322754,14.460000038146973,0,-0.0018031800785742735,47.231749505648054,33920.95361302035,-261.466318215731,416.5071784407526,0.01230203117553452,-0.0006215289219201336,1,354.359375,-0.002070374978955347,0.015148040490035042,0.016195299842201027
33733.55078125,33875.1484375,33580.69140625,33835.73828125,9300,14.460000038146973,14.949999809265137,11.739999771118164,14.359999656677246,0,-0.0006215289219201336,46.91226836611471,33912.83786713746,-235.58613002981292,407.7893107842703,0.01205202934821865,-0.004439070236963993,1,294.45703125,-0.0069156556850563655,0.01587040035052545,0.0242983154557026
33843.46875,33866.28125,33637.28125,33685.5390625,17300,14.359999656677246,14.65999984741211,11.300000190734863,14.329999923706055,0,-0.004439070236963993,44.59364853637459,33891.19036193389,-224.60659115161252,395.018645728251,0.011726653535077326,-0.01512634432106319,0,229.0,-0.0020891179448769837,-0.006851900030323654,0.010013583974330276
33685.859375,33691.3203125,33119.921875,33176.0,12700,14.329999923706055,15.619999885559082,11.630000114440918,15.220000267028809,0,-0.01512634432106319,37.773087619301336,33823.076994130664,-254.09175979517022,407.6172022833759,0.012286508388093077,-0.007622344654268143,0,571.3984375,0.06210749114174319,-0.020107677837803872,-0.003937312616429378
33268.96875,33275.7890625,32856.5390625,32923.12109375,9800,15.220000267028809,16.010000228881836,13.140000343322754,15.819999694824219,0,-0.007622344654268143,34.918627044123426,33737.36690838012,-294.4697190908919,408.4481164059919,0.012406117732365603,0.0022367449547175955,1,419.25,0.03942177511620626,-0.02697198979121207,-0.02933020906500783
32876.48046875,33102.73828125,32810.859375,32996.76171875,14600,15.819999694824219,16.1299991607666,15.170000076293945,15.609999656677246,0,0.0022367449547175955,36.42528791601773,33666.8330807963,-316.8746262987552,400.1217442519925,0.01212609127109065,0.004225201549725943,1,291.87890625,-0.013274338950567621,-0.020447270933442563,-0.02540169205393672
33090.8203125,33354.9296875,33070.53125,33136.1796875,10100,15.609999656677246,15.609999656677246,12.390000343322754,15.109999656677246,0,0.004225201549725943,39.29078133639406,33616.294662387125,-319.69556034994457,397.12504600185014,0.01198463581942906,-0.003920492871391734,1,284.3984375,-0.03203075022401569,-0.0012002746714492307,-0.02067513904780549
33206.98828125,33281.76953125,32963.30859375,33006.26953125,12900,15.109999656677246,15.359999656677246,11.989999771118164,15.25,0,-0.003920492871391734,37.590569795406445,33558.19703085026,-328.6256429644127,391.50618110886086,0.011861570140127068,-0.01241371638082489,0,318.4609375,0.009265410092903936,0.00252553326469962,-0.02016501888212885
32650.890625,32720.029296875,32483.83984375,32596.5390625,11400,15.25,16.3799991607666,15.25,15.550000190734863,0,-0.01241371638082489,32.77357718676127,33466.610557674045,-364.56217650321923,400.8578601367994,0.012297558933118695,0.014414754058677204,2,236.189453125,0.019672143654745122,-0.012129149510528459,-0.017466268914275385
32536.439453125,33115.41015625,32515.169921875,33066.41015625,16400,15.550000190734863,16.3799991607666,14.859999656677246,15.199999809265137,0,0.014414754058677204,41.9589626854546,33428.496233728896,-351.08043118173373,415.0994582966709,0.012553508419425792,0.0032655637016463235,1,600.240234375,-0.022508062840942422,-0.0021055393804590983,0.0043522320405764425
33172.98046875,33371.0390625,33077.12890625,33174.390625,15100,15.199999809265137,16.110000610351562,14.5,15.550000190734863,0,0.0032655637016463235,43.8574203317935,33404.29569956424,-327.9030670417487,407.2087045790516,0.012274790792153446,-0.006200895739889689,0,293.91015625,0.023026341175108822,0.0050936108847692285,0.005383222382972841
33098.08984375,33104.109375,32917.66015625,32968.6796875,12300,15.550000190734863,15.970000267028809,14.819999694824219,15.760000228881836,0,-0.006200895739889689,41.09939628757636,33362.808460320026,-322.41736574071547,396.46025916269076,0.012025360521580358,0.008695516175271534,2,186.44921875,0.013504825438658052,0.01141656862056628,-0.0050548977455957544
33030.87109375,33289.33984375,32997.87890625,33255.359375,7600,15.760000228881836,16.450000762939453,15.199999809265137,15.350000381469727,0,0.008695516175271534,46.179011948713125,33352.57521409907,-291.5761447414334,391.04596609749854,0.01175888558857285,0.00346619412378546,1,291.4609375,-0.026015218366605253,0.0057142344106042575,0.007546743309302606
33197.421875,33402.94140625,33153.828125,33370.62890625,11100,15.350000381469727,15.779999732971191,14.880000114440918,15.1899995803833,0,0.00346619412378546,48.116515602496996,33354.29461335154,-254.89469964522868,380.9079171798201,0.011414466243651755,-0.01053497057959718,0,249.11328125,-0.010423504697731234,0.005915354511504267,0.023747608366206485
33437.51953125,33505.53125,32972.55859375,33019.0703125,9700,15.1899995803833,16.489999771118164,13.680000305175781,16.34000015258789,0,-0.01053497057959718,43.02885084579336,33322.36848946092,-251.29545299270103,391.76968425626154,0.011864951997390115,0.017496872664258145,2,532.97265625,0.0757077421970258,0.001528439278661864,-0.0014316596064194442
33289.9609375,33637.4609375,33267.859375,33596.80078125,11000,16.34000015258789,16.34000015258789,13.859999656677246,14.800000190734863,0,0.017496872664258145,52.0092230069418,33348.50489820274,-199.52500351572962,407.95689430938575,0.01214273040357646,0.000897941710177319,1,369.6015625,-0.09424724280734631,0.010267259553558894,0.012733019304706605
33608.58984375,33697.51171875,33501.37109375,33626.96875,10800,14.800000190734863,15.15999984741211,13.010000228881836,14.75,0,0.000897941710177319,52.43089024538291,33375.025265040575,-154.28375922732812,392.82716078728674,0.011681908164478451,0.004804783734781326,1,196.140625,-0.0033783912223301904,0.007681600621616935,0.019967104195245833
33653.609375,33846.5,33578.91015625,33788.5390625,37400,14.75,15.140000343322754,14.460000038146973,14.869999885559082,0,0.004804783734781326,54.725284201101985,33414.40753146528,-104.19132057712704,383.8816381417663,0.011361297315391034,0.002714261700701437,1,267.58984375,0.008135585461632733,0.02330376787467281,0.016032895073773368
33880.109375,33949.98046875,33813.30078125,33880.25,13600,14.869999885559082,14.869999885559082,14.010000228881836,14.5,0,0.002714261700701437,56.021935876938166,33458.77348084954,-56.441770260564226,367.99305014949726,0.010861580128526126,0.0017765927420843042,1,136.6796875,-0.02488230587805218,0.008436791961102141,0.015271545980799717
33970.3515625,33981.5390625,33750.73828125,33940.44140625,9300,14.5,14.90999984741211,12.739999771118164,14.720000267028809,0,0.0017765927420843042,56.894501906026775,33504.64661660196,-13.586349197612435,358.19360237096174,0.010553592927197517,0.004734396293691434,1,230.80078125,0.015172432208883313,0.009322061068915088,0.027904210658565853
33987.55078125,34177.44140625,33924.87890625,34101.12890625,6600,14.720000267028809,14.989999771118164,11.8100004196167,14.5600004196167,0,0.004734396293691434,59.22063692068648,33561.454453711296,32.9630416545333,350.6485236301788,0.010282607493557566,0.002683768373229034,1,252.5625,-0.010869554654186486,0.009251357188654774,0.015011194913578274
34167.53125,34313.140625,34103.53125,34192.6484375,8300,14.5600004196167,14.5600004196167,13.449999809265137,14.140000343322754,0,0.002683768373229034,60.527159754497944,33621.56816645308,76.35841827197146,340.745894710166,0.00996547241238151,0.0032984063871550617,1,209.609375,-0.028846158254781318,0.009220665062979139,0.016822202789241958
33944.73046875,34341.4609375,33899.33984375,34305.4296875,7100,14.140000343322754,14.859999656677246,13.40999984741211,14.260000228881836,0,0.0032984063871550617,62.137059048863826,33686.697835124214,118.48425843352743,347.98698035586847,0.010143787252507896,0.002612674059659481,1,442.12109375,0.00848655464253567,0.010753787108460866,0.015297809237738491
34381.80078125,34434.140625,34229.828125,34395.05859375,10400,14.260000228881836,14.399999618530273,13.350000381469727,14.039999961853027,0,0.002612674059659481,63.414114571324305,33754.160764517146,157.2884703585878,337.72451747330643,0.009818983635477077,-0.0018426747574000757,1,204.3125,-0.015427788464072112,0.008619353579409683,0.015194946724123914
34443.421875,34591.80859375,34270.0390625,34331.6796875,8200,14.039999961853027,14.369999885559082,13.170000076293945,14.109999656677246,0,-0.0018426747574000757,61.826120922651825,33809.162566705985,180.84230233282142,336.58487560021314,0.009803915178748509,0.002784873209533467,1,321.76953125,0.004985733263134673,0.0040661152719461136,0.01152720073870217
34403.671875,34478.8203125,34358.91015625,34427.2890625,7600,14.109999656677246,14.109999656677246,12.5,13.75,0,0.002784873209533467,63.31840485809109,33868.03175678161,204.86223704388976,323.05314341448366,0.009383635836908518,-0.0003401643817710909,1,119.91015625,-0.025513796274749367,0.0035521891464429523,0.009564497326369104
34434.140625,34487.328125,34311.2890625,34415.578125,10200,13.75,13.770000457763672,9.739999771118164,12.9399995803833,0,-0.0003401643817710909,62.99357399444475,33920.17902994526,220.41245598225214,312.5521376348776,0.009081705281825121,0.0010225429345449566,1,176.0390625,-0.05890912142666904,0.0005965836980352801,0.006519813401044017
34493.69140625,34663.94921875,34259.26953125,34450.76953125,9500,12.9399995803833,13.489999771118164,11.529999732971191,13.149999618530273,0,0.0010225429345449566,63.597916587470074,33970.71145864095,232.89114475467795,319.1326769109578,0.009263441172815466,0.004814728263168089,2,404.6796875,0.01622875154225878,0.003468803298702472,0.004236642568653082
34491.37890625,34706.7109375,34465.48828125,34616.640625,8400,13.149999618530273,13.390000343322754,11.489999771118164,11.899999618530273,0,0.004814728263168089,66.38445471793932,34032.22852210372,253.24574720025703,314.6190147208894,0.009088663978955625,-0.0033328217778209046,1,241.22265625,-0.0950570369780519,0.005500042775841152,0.006442263520093583
34593.171875,34631.26953125,34400.55859375,34501.26953125,7800,11.899999618530273,13.319999694824219,11.899999618530273,12.399999618530273,0,-0.0033328217778209046,62.784459730601924,34076.899094403365,257.1037017835479,308.62558063368306,0.008945339833194867,0.006154325163532759,2,230.7109375,0.042016808069591516,0.0024899016933193074,0.004939747932337424
34532.94921875,34747.96875,34505.62109375,34713.6015625,10000,12.399999618530273,13.579999923706055,11.739999771118164,12.039999961853027,0,0.006154325163532759,66.39627938461041,34137.53742469828,274.13452679286274,304.20226907056286,0.008763201032968671,0.007377444134942568,2,242.34765625,-0.029032231270335718,0.007629206395856736,0.008316440469077424
34747.0390625,35065.37109375,34744.73046875,34969.69921875,16200,12.039999961853027,12.630000114440918,11.4399995803833,12.020000457763672,0,0.007377444134942568,70.15813761709141,34216.790928893686,304.783168232716,307.59993065480836,0.008796184626314426,0.005452153164296369,2,320.640625,-0.0016610883847775204,0.010199100414585605,0.016100880006646667
35021.19921875,35213.30078125,35004.0,35160.359375,6900,12.020000457763672,12.550000190734863,12.020000457763672,12.359999656677246,0,0.005452153164296369,72.61596576059634,34306.65459042762,340.53168133251893,303.02861864375063,0.008618473304320447,0.00045683548989616796,1,209.30078125,0.0282861219605004,0.019103350476799674,0.020597213165480577
35328.91015625,35357.1484375,35072.421875,35176.421875,8700,12.359999656677246,13.199999809265137,12.359999656677246,12.84000015258789,0,0.00045683548989616796,72.81907408151764,34389.48956991071,365.9404117516533,301.721328919197,0.008577374071512127,-0.0020832491223924388,1,284.7265625,0.03883499265724777,0.01333253513516075,0.01617087157774999
35257.30859375,35257.30859375,35020.078125,35103.140625,7700,12.84000015258789,13.210000038146973,12.470000267028809,12.989999771118164,0,-0.0020832491223924388,70.25874899916349,34457.45633706207,375.83147790052317,297.11483890711145,0.008464052891481458,-0.0053488581194435225,0,237.23046875,0.011682213142344855,0.0038159151846079986,0.01744489701182861
35144.9609375,35206.55078125,34847.609375,34915.37890625,7800,12.989999771118164,13.460000038146973,10.989999771118164,13.25,0,-0.0053488581194435225,64.04525629063502,34501.068010318064,364.3197660895239,301.5310222887464,0.00863605184117796,0.008384893073510202,2,358.94140625,0.020015414431331813,-0.006967518907789905,0.005812630630869897
34983.58984375,35259.80859375,34977.73828125,35208.140625,12600,13.25,13.960000038146973,12.829999923706055,13.760000228881836,0,0.008384893073510202,68.69417966785073,34568.408259335396,374.5030376354407,304.5952126609788,0.008651272326624854,0.0002323237568016001,1,282.0703125,0.038490583311836746,0.0009017048440205233,0.0068185146448773715
35349.8515625,35388.87109375,35136.01171875,35216.3203125,14200,13.760000228881836,14.4399995803833,11.09000015258789,14.0600004196167,0,0.0002323237568016001,68.81550236324634,34630.114169160595,378.86605408725154,300.8997956851946,0.008544328113076325,0.002925667675831134,1,252.859375,0.021802339080283728,0.0032242040308894104,0.0015915917383879652
35198.078125,35404.828125,35134.19921875,35319.3515625,9400,14.0600004196167,14.5600004196167,12.119999885559082,14.270000457763672,0,0.002925667675831134,70.372980181376,34695.75582566911,386.1858270442244,298.7375892969664,0.008458184425281134,-0.0020691781705186596,1,270.62890625,0.014935990887594786,0.01157004932796779,0.0040632241678220105
35353.9609375,35500.76171875,35203.8515625,35246.26953125,8400,14.270000457763672,14.649999618530273,12.5600004196167,14.430000305175781,0,-0.0020691781705186596,67.78682411692144,34748.1857023911,381.6898081838008,298.60705836504025,0.008472018807558901,0.008214189334088351,2,296.91015625,0.011212322514331907,0.0010829571108599279,0.004077381786975032
35287.98828125,35596.1484375,35262.05859375,35535.7890625,8900,14.430000305175781,14.819999694824219,13.0,13.979999542236328,0,0.008214189334088351,72.15280806850049,34823.195546211,396.9131200232514,302.269333213966,0.008506053789387865,0.0005887550425067722,1,334.08984375,-0.031185083397264113,0.00907161075220575,0.017768965300815953
35555.828125,35642.71875,35456.55859375,35556.7109375,9000,13.979999542236328,14.5,12.109999656677246,14.25,0,0.0005887550425067722,72.44346495635888,34893.05415490519,405.9859712362304,293.97582057368265,0.008267801290463008,-0.0003591313963894338,1,186.16015625,0.019313338097612043,0.006720377484280116,0.009900276081392656
35537.8515625,35993.53125,35497.921875,35543.94140625,12000,14.25,14.25,11.489999771118164,13.170000076293945,0,-0.0003591313963894338,71.94985019270392,34955.04341693803,407.44905762832786,308.37821731841956,0.008675971350329615,-0.004390692023044984,0,495.609375,-0.07578946833024947,0.008445485975078215,0.00930310409613444
35452.3515625,35543.890625,35241.62890625,35387.87890625,10900,13.170000076293945,13.649999618530273,10.859999656677246,13.4399995803833,0,-0.004390692023044984,66.02840116325368,34996.26584449155,391.5026260822124,307.94495179567537,0.00870198953182492,-0.0067468811321673705,0,302.26171875,0.02050110117883408,-0.004162287095689887,0.0019402208907697283
35483.62109375,35510.01171875,35087.8203125,35149.12109375,11000,13.4399995803833,13.680000305175781,11.09000015258789,13.40999984741211,0,-0.0067468811321673705,58.14435156476197,35010.823487278074,355.50120747961773,316.10541282812716,0.008993266488371314,-0.00855840212043002,0,422.19140625,-0.002232123058618085,-0.011463091860955399,-0.0027562757361844215
35143.58984375,35163.109375,34821.62109375,34848.30078125,9500,13.40999984741211,14.350000381469727,11.609999656677246,14.149999618530273,0,-0.00855840212043002,50.03756106516737,34995.34513432302,299.2466100561651,317.91847485826094,0.009122926160845002,-0.006662358559672454,0,341.48828125,0.055182683037910074,-0.019571285498396596,-0.01934636318447447
34873.16015625,34973.94921875,34593.8203125,34616.12890625,6500,14.149999618530273,14.539999961853027,11.760000228881836,14.40999984741211,0,-0.006662358559672454,44.8411307479841,34959.22930307797,233.24144415395858,322.36207710052804,0.009312481992818238,0.0010142490252185166,1,380.12890625,0.01837457497464179,-0.02180831470697997,-0.02645301003524514
34601.48828125,34754.6015625,34550.21875,34651.23828125,12000,14.40999984741211,14.40999984741211,11.75,13.600000381469727,0,0.0010142490252185166,45.75848890652782,34929.89682480864,181.67072079292848,313.9349867719189,0.009059849008102866,-0.008840322603009376,0,204.3828125,-0.056210928141532945,-0.01416487232133179,-0.02511547931043545
34656.62890625,34668.46875,34302.890625,34344.91015625,11300,13.600000381469727,14.9399995803833,11.880000114440918,14.15999984741211,0,-0.008840322603009376,39.574268904131,34874.183808755435,114.75955467481981,317.62378235963894,0.009248059782792547,0.009264814416528377,2,365.578125,0.04117643016432515,-0.014445198581127028,-0.02947248555820614
34404.140625,34741.4609375,34367.828125,34663.109375,15800,14.15999984741211,14.220000267028809,10.899999618530273,13.149999618530273,0,0.009264814416528377,47.50999692380398,34854.08148173111,86.41188864582364,323.2614251375218,0.009325805761980112,0.0075515937107129005,2,373.6328125,-0.07132770054841664,0.0013571843598467748,-0.013827137169481585
34753.46875,35017.9296875,34700.51953125,34924.87109375,10300,13.149999618530273,13.170000076293945,11.0,12.649999618530273,0,0.0075515937107129005,52.98058247350154,34860.823349542436,84.09870463568222,325.5156313776988,0.009320453338364695,0.00688934182045009,2,317.41015625,-0.038022814791220716,0.00789676866030109,0.002197246660049501
35074.3203125,35240.9609375,35006.5,35165.48046875,11200,12.649999618530273,13.149999618530273,11.350000381469727,13.0600004196167,0,0.00688934182045009,57.37785711388736,34889.83831327649,100.52190144101041,324.84236083286316,0.009237535119747222,-0.006149274362742263,0,234.4609375,0.03241113149804664,0.02389205005244932,0.01586981502142537
35213.140625,35234.140625,34922.1796875,34949.23828125,8400,13.0600004196167,13.869999885559082,11.979999542236328,13.069999694824219,0,-0.006149274362742263,52.61539286739978,34895.49545308349,94.99344065952755,323.9222591662301,0.009268363921396591,-0.0012340442416205466,1,311.9609375,0.0007656412623464615,0.008254565485009913,0.008599981264197698
34876.12890625,35017.44921875,34735.109375,34906.109375,10900,13.069999694824219,13.850000381469727,12.180000305175781,13.40999984741211,0,-0.0012340442416205466,51.69380112815114,34896.50630278982,86.13899663518532,320.95208663649936,0.00919472528973302,0.011925406145324668,2,282.33984375,0.026013784279010466,-0.000537202233320655,0.016340098611318465
35083.80859375,35416.03125,34926.078125,35322.37890625,22900,13.40999984741211,14.229999542236328,12.130000114440918,13.220000267028809,0,0.011925406145324668,59.13391601407346,34937.06559835746,111.4267994322363,334.44992866246366,0.009468499546707641,-0.002692830733525997,1,489.953125,-0.014168499816945679,0.004461717440187751,0.019019341978751658
35373.98046875,35438.21875,35177.3515625,35227.26171875,11900,13.220000267028809,14.59000015258789,12.15999984741211,13.569999694824219,0,-0.002692830733525997,56.974547708760255,34964.703324109134,122.3816635959447,329.1940185794305,0.009344865383170396,-0.006113761991195732,0,260.8671875,0.026474994003466312,0.007955064292464398,0.00865831756939861
35503.23828125,35555.58984375,34982.25,35011.890625,29400,13.569999694824219,15.470000267028809,12.180000305175781,13.880000114440918,0,-0.006113761991195732,52.31612644023017,34969.197352765405,112.38927147525101,346.63300609161405,0.009900436677478454,-0.003104079373034474,1,573.33984375,0.022844541384546835,0.0030304508836427324,-0.004367631031985675
35029.44921875,35073.12109375,34784.6796875,34903.2109375,8300,13.880000114440918,14.489999771118164,13.130000114440918,13.319999694824219,0,-0.003104079373034474,50.090467521530506,34962.912932263935,94.61008011030935,342.4764632457845,0.009812176417208305,0.00789806901272283,2,288.44140625,-0.040345851224746654,-0.01186692351221652,-0.0013169770219195742
34932.48828125,35230.5390625,34896.37109375,35178.87890625,10100,13.319999694824219,13.510000228881836,12.149999618530273,12.550000190734863,0,0.00789806901272283,55.28663341270343,34983.48112026261,101.59294386871625,341.88299935322846,0.009718416560809968,0.008078688906129727,2,334.16796875,-0.05780777190171826,-0.001373448009847622,0.007814377945121631
35278.37890625,35628.48828125,35278.37890625,35463.078125,8800,12.550000190734863,13.649999618530273,11.609999656677246,12.779999732971191,0,0.008078688906129727,59.919539202555875,35029.157025475695,128.5772569259425,349.577740470855,0.009857512628730815,-0.0005472240715145293,1,350.109375,0.018326656473370173,0.012886693404606797,0.0039832883035266775
35406.46875,35484.94140625,35260.0,35443.671875,9900,12.779999732971191,13.170000076293945,10.800000190734863,12.699999809265137,0,-0.0005472240715145293,59.46644189869968,35068.6346301923,146.70546793173708,340.67514516936535,0.009611733975272993,0.0011228203200941422,1,224.94140625,-0.006259775068669371,0.015484562107130673,0.006143257968155291
35472.58984375,35704.83984375,35444.48828125,35483.46875,11100,12.699999809265137,13.819999694824219,11.319999694824219,13.180000305175781,0,0.0011228203200941422,60.132231448036585,35108.14264160256,162.41130455528764,334.9960611394107,0.009440905101461105,0.005891497889422004,2,260.3515625,0.037795315206262003,0.0086583158196063,0.013469084833233058
35525.30078125,35743.078125,35479.0703125,35692.51953125,11100,13.180000305175781,13.899999618530273,10.449999809265137,12.729999542236328,0,0.005891497889422004,63.521790938989206,35163.797583473744,189.5420217298015,329.92547195088133,0.00924354672306113,0.001306733893054579,1,264.0078125,-0.034142697459782156,0.006469867207839819,0.022614211487974156
35835.44140625,35877.41015625,35715.9609375,35739.16015625,11900,12.729999542236328,13.140000343322754,11.220000267028809,12.640000343322754,0,0.001306733893054579,64.25203808595205,35218.59401897625,212.3588782428269,319.5658400258184,0.00894161582501354,-0.0038988001715992704,1,161.44921875,-0.0070698509151527755,0.008336841687625052,0.01592663744325451
35743.1015625,35749.87890625,35488.55078125,35599.8203125,9800,12.640000343322754,12.640000343322754,10.430000305175781,12.100000381469727,0,-0.0038988001715992704,60.36417240164598,35254.90128502613,216.69985944827204,315.4060032382599,0.00885976391087325,0.0006269782348358177,1,261.328125,-0.042721514808999994,0.003279035748160908,0.003855902948356915
35656.26171875,35675.19921875,35419.6796875,35622.140625,9000,12.100000381469727,12.510000228881836,10.5,12.069999694824219,0,0.0006269782348358177,60.773632953406526,35289.87646026174,219.41193678075797,311.12839809624137,0.008734129747325969,-0.0020739603222539316,1,255.51953125,-0.0024793955123713074,-0.001971811101437626,0.005035278247395247
35698.4296875,35721.55078125,35518.73046875,35548.26171875,8100,12.069999694824219,12.550000190734863,9.819999694824219,12.380000114440918,0,-0.0020739603222539316,58.61519666956763,35314.484580117765,213.14288875886268,303.3921062679384,0.008534653780494523,-0.007356855858919764,0,202.8203125,0.02568354825639574,-0.005341436023269752,0.00182600436294722
35552.46875,35552.46875,35249.05859375,35286.73828125,9000,12.380000114440918,13.0,11.479999542236328,12.920000076293945,0,-0.007356855858919764,51.625431699614026,35311.84207546369,184.93999414046266,303.3933955523714,0.008597943882888797,0.007384922960943285,2,303.41015625,0.043618736418518544,-0.008794483469346859,-0.011368803752974777
35329.609375,35571.37109375,35329.51171875,35547.328125,10200,12.920000076293945,12.920000076293945,10.609999656677246,12.170000076293945,0,0.007384922960943285,57.113331912411674,35334.269318276674,181.5239247056452,302.0533539057734,0.008497216804695456,-0.0032333653768809034,1,241.859375,-0.0580495352609266,-0.0021001685661612424,-0.0053675584544046195
35644.05078125,35678.69140625,35396.96875,35432.390625,62300,12.170000076293945,12.59000015258789,10.90999984741211,12.449999809265137,0,-0.0032333653768809034,54.19307001239914,35343.614204631274,167.61006489539432,300.60116121607524,0.0084837956432999,0.007259203597696828,2,281.72265625,0.023007373148386856,-0.003259543171667434,-0.0047031048480099535
35428.421875,35741.26171875,35344.48828125,35689.6015625,14700,12.449999809265137,12.539999961853027,10.390000343322754,12.020000457763672,0,0.007259203597696828,59.218362400067925,35376.565381571156,175.3170578942445,307.4706095220699,0.008615131468577035,-0.006143245942828668,0,396.7734375,-0.03453810105133215,0.011416846692913651,0.0018937923526318734
35783.75,35806.96875,35430.109375,35470.3515625,11800,12.020000457763672,12.779999732971191,9.739999771118164,12.579999923706055,0,-0.006143245942828668,53.800235425010754,35385.49739880247,161.86735659256374,312.4269499133506,0.008808115402037766,0.0005550410168704278,1,376.859375,0.04658897209780721,-0.002165466901740576,-0.002191672742436923
35355.71875,35616.640625,35338.08984375,35490.0390625,11500,12.579999923706055,12.970000267028809,12.329999923706055,12.800000190734863,0,0.0005550410168704278,54.20541039537634,35395.453747726046,151.05571190785122,310.0072235802541,0.00873504881283206,-0.007690318035980637,0,278.55078125,0.01748809764412118,0.0016269982488656964,0.005761393405919524
35543.890625,35618.8515625,35154.2109375,35217.109375,11300,12.800000190734863,13.8100004196167,12.09000015258789,13.510000228881836,0,-0.007690318035980637,47.92983347890736,35378.46856937119,119.09144870008458,321.0524665388074,0.009116377585683304,-0.005096067030629148,0,464.640625,0.05546875215368341,-0.013238931420194389,-0.009289551913404193
35207.19140625,35282.3984375,34937.1484375,35037.640625,13000,13.510000228881836,14.079999923706055,12.520000457763672,13.949999809265137,0,-0.005096067030629148,44.29806218284871,35346.008765145365,78.37445959199977,322.7808617860354,0.009212402890956229,0.011012152555577526,2,345.25,0.032568436190153705,-0.012199228889444469,-0.011140936104985122
35128.16015625,35459.05078125,35099.6484375,35423.48046875,37800,13.949999809265137,13.949999809265137,12.630000114440918,12.9399995803833,0,0.011012152555577526,52.61162701951971,35353.38702263152,76.35977520998131,329.8258113906043,0.00931093746368517,-0.004490533126476071,1,359.40234375,-0.07240145108898333,-0.0018754161874205977,-0.007456544262170239
35545.21875,35578.23828125,35106.5703125,35264.41015625,14800,12.9399995803833,13.9399995803833,12.470000267028809,13.369999885559082,0,-0.004490533126476071,49.3419840149594,35344.91303535709,61.2217522587016,339.9573940591326,0.00964024047340775,0.0032381487665336106,1,471.66796875,0.033230318324557695,0.001343119355604383,-0.005806015367147532
35344.2109375,35445.2109375,35195.62890625,35378.6015625,7700,13.369999885559082,13.75,12.1899995803833,13.0,0,0.0032381487665336106,51.664270792949026,35348.121466513556,57.77308004891529,333.5020110013374,0.009426658948409003,0.007541193354651865,2,249.58203125,-0.02767388846118979,0.009731275605832757,-0.0031399655493123957
35385.51953125,35667.30859375,35309.671875,35645.3984375,11900,13.0,13.34000015258789,12.579999923706055,12.65999984741211,0,0.007541193354651865,56.66298871742958,35376.43355898846,75.69568780421832,335.2259186976704,0.009404465467974766,-0.0019875680832751597,1,357.63671875,-0.026153857891376253,0.006264713851191761,0.012161391724104353
35703.171875,35748.26171875,35517.7890625,35574.55078125,19300,12.65999984741211,12.949999809265137,11.229999542236328,12.579999923706055,0,-0.0019875680832751597,55.03533722723891,35395.30186587051,83.22332315035601,327.74354280855107,0.009212865253699628,0.0023418031126314354,1,230.47265625,-0.006319109373639331,0.008794720332080619,0.01532381024157492
35543.66015625,35799.7109375,35532.2109375,35657.859375,14600,12.579999923706055,12.680000305175781,11.670000076293945,12.4399995803833,0,0.0023418031126314354,56.61354826124922,35420.307342930464,94.81832899818255,323.4404326079403,0.009070663193952323,0.007764329655585156,2,267.5,-0.011128803193308001,0.007893410145300983,0.006616484409451617
35835.1015625,35977.37109375,35779.71875,35934.71875,8400,12.4399995803833,12.579999923706055,11.220000267028809,12.390000343322754,0,0.007764329655585156,61.45539905809792,35469.29890550851,124.90783267954976,323.159810189516,0.008992968956784057,0.008484895787586932,2,197.65234375,-0.004019231410537283,0.008116624450342114,0.01900807615326583
36068.26953125,36274.328125,36019.62890625,36239.62109375,8800,12.390000343322754,12.520000457763672,11.020000457763672,12.399999618530273,0,0.008484895787586932,65.96070270296543,35542.66292343628,171.38147315435344,324.3347791045506,0.008949728758628947,0.0007259621639514879,1,254.69921875,0.0008070439814724661,0.018695114847396388,0.024337296931562502
36299.26171875,36362.30078125,36169.69921875,36265.9296875,9400,12.399999618530273,12.859999656677246,10.020000457763672,12.779999732971191,0,0.0007259621639514879,66.32644154129764,35611.545472394726,207.93807105450833,314.925263632797,0.00868377748334256,0.007789141797386989,2,192.6015625,0.03064517146218737,0.017052911284021866,0.01740845318612516
36424.23046875,36699.53125,36422.078125,36548.41015625,12300,12.779999732971191,12.869999885559082,10.649999618530273,12.510000228881836,0,0.007789141797386989,70.0477481010769,35700.77068038094,256.7436700953185,323.40214212331153,0.00884859671708614,-0.00018554158637840157,1,277.453125,-0.021126722201157966,0.01707795211977281,0.027375169991276094
36635.140625,36740.0703125,36501.609375,36541.62890625,11900,12.510000228881836,12.510000228881836,11.319999694824219,12.300000190734863,0,-0.00018554158637840157,69.84819080499148,35780.85241617799,291.51486683560506,317.3349132216464,0.008684202722210068,-0.005961950288503326,0,238.4609375,-0.016786573485597978,0.008333636042129777,0.02478470516010889
36658.7109375,36658.7109375,36298.94140625,36323.76953125,9600,12.300000190734863,13.050000190734863,11.170000076293945,12.949999809265137,0,-0.005961950288503326,63.581275177949095,35832.55880808961,298.0560552579336,320.3659573665288,0.008819733235310618,0.005401185195859526,2,359.76953125,0.052845496622015764,0.0015948810425763238,0.010826598754164474
36390.98828125,36549.55078125,36261.78125,36519.9609375,9200,12.949999809265137,12.949999809265137,11.239999771118164,12.829999923706055,0,0.005401185195859526,66.49653224597802,35898.02567755727,315.4348642895857,318.0376412153482,0.008708597519028992,-0.004012039648693788,1,287.76953125,-0.009266400565753452,-0.0007783982566785808,0.007735727783267254
36722.41015625,36747.87109375,36320.921875,36373.44140625,18400,12.829999923706055,13.899999618530273,10.649999618530273,13.680000305175781,0,-0.004012039648693788,62.474416587750355,35943.3033660042,313.7678732683489,325.8170396106804,0.008957553286522283,-0.0006106361301349006,1,426.94921875,0.06625100440563347,-0.004602627333102682,0.0029645377817808516
36509.078125,36515.578125,36279.328125,36351.23046875,9400,13.680000305175781,13.800000190734863,10.989999771118164,13.59000015258789,0,-0.0006106361301349006,61.86354989325039,35982.153566265704,307.1143112343998,319.41939392420323,0.008787031134992747,0.003992729355469127,1,236.25,-0.006578958375742072,0.0007560046177579327,-0.005395027763369975
36377.03125,36567.33984375,36335.609375,36496.37109375,16300,13.59000015258789,13.899999618530273,11.319999694824219,13.539999961853027,0,0.003992729355469127,64.31877214328087,36031.12666412135,309.97969783191365,313.155899268903,0.008580466766530959,0.0060891113853249745,2,231.73046875,-0.003679189858238674,-0.0006459438385043592,-0.001238527505604936
36501.05078125,36749.69140625,36491.828125,36718.6015625,8100,13.539999961853027,13.619999885559082,12.069999694824219,13.010000228881836,0,0.0060891113853249745,67.74307955858654,36096.60046396694,326.4199133532529,309.2064265532671,0.0084209750207114,0.0029004372570868853,1,257.86328125,-0.0391432595616239,0.009489345602329724,0.010869797830600048
36859.390625,36902.05859375,36709.71875,36825.1015625,11600,13.010000228881836,13.079999923706055,12.149999618530273,12.470000267028809,0,0.0029004372570868853,69.26535033912765,36165.98152097009,344.0762655326107,300.8588134958909,0.008169938458561201,0.0008996283742428446,1,192.33984375,-0.04150652977347702,0.013035902434096913,0.008355447737806054
36928.05859375,36947.1796875,36803.1484375,36858.23046875,11000,12.470000267028809,13.260000228881836,11.220000267028809,12.210000038146973,0,0.0008996283742428446,69.74367997237255,36231.909992187226,356.63125459868024,289.65684467475586,0.007858674738070767,0.003429631717051018,1,144.03125,-0.020850058004352023,0.009914941243623243,0.01332810544609897
36928.37890625,37061.62109375,36852.53125,36984.640625,17800,12.210000038146973,13.050000190734863,11.609999656677246,12.029999732971191,0,0.003429631717051018,71.56234357950811,36303.59862388368,372.48761172054947,283.90205889441614,0.007676215155718202,0.009523167767700791,2,209.08984375,-0.014742039689878528,0.0072453484386425515,0.01742472395245387
37253.859375,37368.62109375,37134.87890625,37336.8515625,14700,12.029999732971191,12.5,11.25,12.3100004196167,0,0.009523167767700791,75.90765492671848,36402.00366565666,408.7624094744824,291.05051674124354,0.00779526137210685,0.004219607931758018,2,233.7421875,0.02327520306406128,0.013896770905884814,0.023029151763911404
37491.390625,37533.5,37292.44921875,37494.3984375,14100,12.3100004196167,13.0600004196167,12.3100004196167,12.59000015258789,0,0.004219607931758018,77.55943606174992,36506.04126297508,445.09241586888675,287.4791070632976,0.007667254817876356,0.002991905249180027,1,241.05078125,0.022745712707287646,0.01725986192661555,0.02112817051813609
37534.94921875,37644.58984375,37298.75,37606.578125,14000,12.59000015258789,12.800000190734863,12.289999961853027,12.479999542236328,0,0.002991905249180027,78.68027728343056,36610.85429745364,477.43262482895807,291.64773111234774,0.007755231814576263,-0.002259100282073323,1,345.83984375,-0.008737141304081097,0.016816102292463553,0.02122130094261032
37643.87109375,37711.87109375,37432.91015625,37521.62109375,16100,12.479999542236328,12.770000457763672,12.0,12.529999732971191,0,-0.002259100282073323,75.60059900303882,36697.593992339,490.5523686742672,290.7415315686086,0.007748639933284695,-0.009500147571166018,0,278.9609375,0.004006425686607251,0.004948717514134948,0.0179984393326329
37529.69140625,37529.69140625,37128.98828125,37165.16015625,11700,12.529999732971191,12.800000190734863,10.890000343322754,12.5600004196167,0,-0.009500147571166018,64.23908706638029,36742.12410318767,466.8053995368391,298.5959310994223,0.00803429690183127,0.01052060581351344,2,400.703125,0.0023943086420477044,-0.008780999161749792,0.004880932414089045
37327.16015625,37582.26953125,37319.609375,37556.16015625,17800,12.5600004196167,12.5600004196167,10.90999984741211,12.079999923706055,0,0.01052060581351344,69.63045186280104,36819.65134633646,474.0713878247625,307.0611770923207,0.008176053563911016,0.003614066725280196,1,262.66015625,-0.038216598716108385,-0.0013406688740043027,0.0058737837972997475
37714.69921875,37805.25,37643.2890625,37691.890625,12400,12.079999923706055,12.739999771118164,11.850000381469727,12.5600004196167,0,0.003614066725280196,71.25077466258972,36902.72175382823,485.189092533823,302.9203675678692,0.008036751740093145,-0.000692187187147808,1,161.9609375,0.039735140640910105,0.004537904447800223,0.005267245128074416
37849.2109375,37876.87109375,37586.87890625,37665.80078125,15900,12.5600004196167,12.819999694824219,10.579999923706055,12.579999923706055,0,-0.000692187187147808,70.4724489301241,36975.39594691602,486.2890834166028,301.99692613445,0.00801780182209172,0.005887510895836057,2,289.9921875,0.0015923171513687606,0.013470697365360662,0.001574795134328566
37756.23828125,37931.421875,37641.3984375,37887.55859375,9400,12.579999923706055,12.779999732971191,10.479999542236328,12.539999961853027,0,0.005887510895836057,73.15656909974845,37062.26857994782,499.2992256077632,301.14167694627497,0.007948299867385803,0.003611013881020364,1,290.0234375,-0.0031796472254066455,0.008824076692644844,0.009752710286308863
37994.51171875,38076.23046875,37939.28125,38024.37109375,15300,12.539999961853027,12.760000228881836,10.880000114440918,12.680000305175781,0,0.003611013881020364,74.6854586848465,37153.89739078612,514.7161549528901,293.10811966439815,0.007708427811777163,-0.0040800313203733785,0,136.94921875,0.011164301734341242,0.008821008000311714,0.023118720163930462
38050.0703125,38051.44921875,37815.75,37869.23046875,15600,12.680000305175781,12.989999771118164,10.0600004196167,12.850000381469727,0,-0.0040800313203733785,69.82859573394637,37222.024350592204,508.55334426939953,289.00748388479826,0.0076317231775620475,-0.005923860307515905,0,235.69921875,0.01340694575729251,0.005400912320474793,0.00833605755214295
37693.19140625,37799.5390625,37559.26171875,37644.8984375,11400,12.850000381469727,13.5,11.289999961853027,13.399999618530273,0,-0.005923860307515905,63.40747694687173,37262.29807315485,480.0340189416602,290.50471717874126,0.007716974390595107,0.005501450956066245,2,240.27734375,0.04280149577689274,-0.006404745126280864,-0.0012467453004023632
37749.58984375,37932.3984375,37689.7109375,37852.0,11300,13.399999618530273,13.420000076293945,10.760000228881836,13.279999732971191,0,0.005501450956066245,66.47263962239458,37318.46016142582,468.74026740065165,290.29009452311686,0.007669082070250366,-0.004978373830973215,0,242.6875,-0.0089552155951661,-0.00453317408787679,0.0049434557314043115
37796.01171875,37891.921875,37634.12890625,37663.55859375,13000,13.279999732971191,13.869999885559082,11.470000267028809,13.649999618530273,0,-0.004978373830973215,61.430414160746885,37351.32667879003,439.5177542428719,287.9688712536085,0.007645822168842932,0.007548949783708903,2,257.79296875,0.02786143772581995,-0.005431107853372419,-0.005912231041378058
37898.6015625,38022.3203125,37840.16015625,37947.87890625,10000,13.649999618530273,13.649999618530273,10.300000190734863,13.15999984741211,0,0.007548949783708903,65.66258480713753,37408.14117664336,434.29469616492133,293.02550321763647,0.007721788718193029,0.00871909322171649,2,182.16015625,-0.03589742013274311,0.008048380559533719,-0.0020116621340404706
38075.0703125,38340.69140625,38050.69140625,38278.75,11800,13.15999984741211,13.550000190734863,11.350000381469727,13.029999732971191,0,0.00871909322171649,69.81369089651315,37491.05630267732,451.6476046233438,300.15314584494814,0.007841247319856269,0.00018286908532805235,1,290.0,-0.00987842826354457,0.011274173095212836,0.010814044177315463
38360.3203125,38402.9609375,38213.87109375,38285.75,8900,13.029999732971191,13.640000343322754,9.930000305175781,12.899999618530273,0,0.00018286908532805235,69.89660637030087,37566.74141670806,460.65461148252507,292.22005283816617,0.007632606200431392,0.001332394396087233,1,189.08984375,-0.009976985196090582,0.01651971904623073,0.017023596532315555
38416.6484375,38487.62890625,38227.359375,38336.76171875,11100,12.899999618530273,13.119999885559082,9.529999732971191,12.760000228881836,0,0.001332394396087233,70.53184244714586,37640.07668356919,466.5310689336402,289.9378727247257,0.007562920281368495,-0.0022161740765508364,1,260.26953125,-0.010852666185147353,0.010247814204865868,0.01280676632014166
38366.7890625,38429.5,38172.76953125,38251.80078125,10700,12.760000228881836,12.84000015258789,9.430000305175781,12.40999984741211,0,-0.0022161740765508364,67.95964203828152,37698.33612144356,459.0410269772983,287.5659152979596,0.007517709216945327,0.011563078984945685,2,256.73046875,-0.027429496488370897,-0.0007040255690167196,0.015618337976104346
38472.03125,38736.87890625,38416.73046875,38694.109375,10800,12.40999984741211,12.529999732971191,9.520000457763672,12.239999771118164,0,0.011563078984945685,73.398590960274,37793.171669401316,483.2254001371184,301.6739302766768,0.00779637870335856,0.005233859482002945,2,320.1484375,-0.013698636453198354,0.010666093128644416,0.019664616053865824
38814.76171875,38938.91015625,38760.578125,38896.62890625,9900,12.239999771118164,12.600000381469727,10.380000114440918,12.430000305175781,0,0.005233859482002945,75.45324160273597,37898.262834815476,512.8218328818475,297.61156248905706,0.007651345909856886,-0.004465662542855742,0,178.33203125,0.015522919739422436,0.014603924859573514,0.01614156434705949
38989.6484375,38989.6484375,38679.5703125,38722.9296875,11400,12.430000305175781,12.670000076293945,10.729999542236328,12.4399995803833,0,-0.004465662542855742,70.42867615951938,37976.80253507115,516.309449828499,298.5020312398387,0.007708663410769691,-0.0008477696616688846,1,310.078125,0.0008044468995995757,0.012316515735931954,0.011418861782778178
38796.98046875,38819.05859375,38581.828125,38690.1015625,10800,12.4399995803833,12.630000114440918,10.619999885559082,12.40999984741211,0,-0.0008477696616688846,69.48688128766366,38044.73577577866,510.5392770678591,294.12549106199305,0.007602086300726367,-0.0011638958850302972,1,237.23046875,-0.00241155417870742,-0.00010357681220052317,0.009216736831926697
38704.83984375,38838.44921875,38562.2109375,38645.0703125,18000,12.40999984741211,12.800000190734863,11.600000381469727,12.600000381469727,0,-0.0011638958850302972,68.1408141492335,38101.91049356165,496.608138556614,292.8478332182793,0.0075778833069830315,-0.008605257502725672,0,276.23828125,0.015310276905220022,-0.0064673623607925945,0.010281072347390507
38915.91015625,38934.3515625,38270.01171875,38312.51953125,12300,12.600000381469727,13.720000267028809,11.170000076293945,13.390000343322754,0,-0.008605257502725672,59.0443810551993,38121.968497151014,453.50580944032845,319.38297682768786,0.008336256156872687,-0.0040351733099646125,1,664.33984375,0.06269840777265734,-0.010598633924707501,-0.009861703755779994
38460.9609375,38518.55859375,38098.6015625,38157.921875,12500,13.390000343322754,13.880000114440918,12.199999809265137,13.779999732971191,0,-0.0040351733099646125,55.34545707148414,38125.39262837473,402.23544442681305,326.566837857853,0.008558297250244396,-0.003658828216781651,1,419.95703125,0.02912616726279027,-0.01375493126169025,-0.01899154379240564
38192.94921875,38250.609375,37774.421875,38018.30859375,14800,13.779999732971191,14.149999618530273,11.949999809265137,13.649999618530273,0,-0.003658828216781651,52.16710446818704,38115.19414888666,346.3452335110778,337.25402801086346,0.008870831988204392,0.00590504965381089,2,476.1875,-0.009433970751818621,-0.016218413207214954,-0.018196482018184024
38161.8515625,38320.9609375,37912.5,38242.80859375,9300,13.649999618530273,14.199999809265137,12.0600004196167,13.720000267028809,0,0.00590504965381089,56.49370221664703,38127.34790554031,316.518484406035,342.34023583151605,0.008951754549938169,0.003844166371557378,1,408.4609375,0.005128252780572051,-0.0018195341458329128,-0.011560914825396451
38314.55078125,38421.55859375,38067.21875,38389.8203125,18700,13.720000267028809,14.140000343322754,11.09000015258789,13.890000343322754,0,0.003844166371557378,59.10248015691853,38152.345277631706,301.27033108263277,343.1973506828363,0.008939800913084472,-0.012181574013456098,0,354.33984375,0.012390675873562573,0.00607733403982702,-0.006604982160362094
38348.390625,38354.51953125,37882.828125,37922.171875,20500,13.890000343322754,15.319999694824219,12.609999656677246,15.199999809265137,0,-0.012181574013456098,49.030718136519155,38130.424001190586,248.58520362318814,354.8969818840623,0.009358561610181044,-0.013423360097304604,0,471.69140625,0.09431241422338266,-0.002528695313020912,-0.010188514381874847
38017.48828125,38043.26953125,37361.19921875,37413.12890625,11900,15.199999809265137,15.449999809265137,13.4399995803833,15.329999923706055,0,-0.013423360097304604,40.866935062940215,38062.11018262482,163.867385985468,378.2665054994864,0.010110528484461924,0.00814772888987303,2,682.0703125,0.008552639215276603,-0.02169505112225445,-0.01951869840264986
37546.421875,37752.578125,37342.0,37717.9609375,13600,15.329999923706055,15.329999923706055,12.979999542236328,14.25,0,0.00814772888987303,46.60081590695162,38029.334064041504,119.94267795322958,380.57447832095164,0.01009000669340469,0.009880695515792626,2,410.578125,-0.07045009322119833,-0.017500977330212608,-0.00790007939225823
37939.2890625,38125.62109375,37859.51953125,38090.640625,12200,14.25,14.25,12.319999694824219,13.84000015258789,0,0.009880695515792626,52.64631130353623,38035.17278413279,113.89129854959174,382.50916960159793,0.010042077616057368,-0.013261234202463612,0,266.1015625,-0.028771919116639233,0.004442486853213801,-0.0039789956424609585
38027.80859375,38027.80859375,37548.9296875,37585.51171875,8800,13.84000015258789,14.640000343322754,11.729999542236328,14.5,0,-0.013261234202463612,45.18016835108325,37992.347920763,67.55709938947984,393.8807244514838,0.01047958924701806,-0.007844507903903675,0,478.87890625,0.04768784972077467,0.004607548674476325,-0.02095109034641951
37660.19140625,37745.44140625,37242.8515625,37290.671875,10900,14.5,14.619999885559082,11.869999885559082,14.420000076293945,0,-0.007844507903903675,41.48223456742888,37925.52163069033,6.965507390654238,401.64566154423494,0.010770673773070357,-0.00454411563213486,1,502.58984375,-0.005517236117658975,-0.011328530277870397,-0.01665252723608679
37432.9296875,37530.62890625,37062.69140625,37121.21875,13000,14.420000076293945,14.479999542236328,11.75,14.010000228881836,0,-0.00454411563213486,39.482098214591474,37848.92135633887,-54.10354482939874,406.3807928625039,0.01094739899568906,-0.007532543297760097,0,467.9375,-0.02843272158410992,-0.025450395663961123,-0.007802345454224646
37278.890625,37489.23828125,35993.640625,36841.6015625,41100,14.010000228881836,16.920000076293945,10.979999542236328,15.539999961853027,0,-0.007532543297760097,36.3661267454646,37752.986137878026,-123.63874833708542,484.1819973901822,0.013142262465674593,-0.014564568544603418,0,1495.59765625,0.10920768793544156,-0.019792471147303536,-0.02323453742507864
36924.71875,36945.5,36216.94921875,36305.01953125,23300,15.539999961853027,17.860000610351562,13.800000190734863,17.43000030517578,0,-0.014564568544603418,31.266590134612855,37615.0845562944,-219.51317240051867,501.6369105230263,0.013817287994880047,0.009558982944528616,2,728.55078125,0.1216216440130149,-0.026431605926917845,-0.046878211141926696
36350.25,36705.7890625,36064.1015625,36652.05859375,20500,17.43000030517578,18.309999465942383,16.219999313354492,16.68000030517578,0,0.009558982944528616,37.38243885353702,37523.36779795684,-264.44285951687925,511.64052405709583,0.013959393924584144,-0.002995440548562267,1,641.6875,-0.043029259143345544,-0.012638597870658574,-0.024835450744557397
36936.640625,36938.73828125,36357.9296875,36542.26953125,21800,16.68000030517578,17.579999923706055,15.100000381469727,17.09000015258789,0,-0.002995440548562267,36.28254202475321,37429.929867794286,-305.3886893428935,516.5811004637319,0.014136535773235571,-0.005968366471148956,1,580.80859375,0.024580326133740282,-0.008124837644264638,-0.02006942503633824
36691.9296875,36711.62109375,36238.23046875,36324.171875,17800,17.09000015258789,17.3700008392334,15.600000381469727,16.920000076293945,0,-0.005968366471148956,34.13398019625167,37324.61958276626,-351.38664609441184,513.4960665020368,0.014136483779151174,-0.002671258420808842,1,473.390625,-0.009947341999771875,0.0005275398277506671,-0.021471463002544877
36452.73828125,36551.859375,35985.62890625,36227.140625,22800,16.920000076293945,17.690000534057617,15.930000305175781,17.0,0,-0.002671258420808842,33.192238072541215,37220.09777726471,-391.1609096906759,517.2628095197484,0.01427832284292375,0.008253480535354907,2,566.23046875,0.004728127857288822,-0.011593290665055767,-0.016678453472159682
36274.25,36616.640625,35960.6484375,36526.140625,21300,17.0,18.860000610351562,16.270000457763672,16.84000015258789,0,0.008253480535354907,38.79587517550576,37154.00661990616,-394.013555987578,527.1720508040521,0.014432733428267912,-0.015071718756216157,0,655.9921875,-0.009411755730124094,-0.0004413766976406608,0.00609064797664316
36602.8515625,36602.8515625,35911.8203125,35975.62890625,25100,16.84000015258789,18.649999618530273,15.579999923706055,18.1200008392334,0,-0.015071718756216157,33.2637243112588,37041.78017098653,-435.6738170493918,538.8762793180484,0.014978925892367934,-0.02241708552480348,0,691.03125,0.07600954127359683,-0.009595345213909257,-0.018455435068396087
35820.53125,35820.53125,35022.12109375,35169.16015625,21300,18.1200008392334,19.68000030517578,17.489999771118164,18.920000076293945,0,-0.02241708552480348,27.154846110279536,36863.43540767829,-527.6823683992552,568.4928174024735,0.016164526388368853,-0.02252461734885136,0,798.41015625,0.04415006622562556,-0.02920408429971144,-0.03757591941096472
35097.98828125,35118.5390625,34202.21875,34376.98828125,22100,18.920000076293945,20.479999542236328,18.450000762939453,19.729999542236328,0,-0.02252461734885136,22.737598484487506,36626.63091944702,-656.9485639765117,596.9534308915826,0.017364913587185143,0.0028330179538478273,1,916.3203125,0.04281181092368391,-0.05883874690771551,-0.05360572569832334
34412.359375,34636.4296875,33974.66015625,34474.37890625,20400,19.729999542236328,21.770000457763672,18.479999542236328,20.149999618530273,0,0.0028330179538478273,24.366522719516936,36421.65453723778,-742.9698518051009,601.5831523457553,0.01745015200945917,-0.0050736274821847616,1,661.76953125,0.021287383985734154,-0.04172963880387337,-0.048382557621465594
34651.8203125,34711.6796875,34233.5,34299.46875,30300,20.149999618530273,20.360000610351562,17.469999313354492,19.760000228881836,0,-0.0050736274821847616,23.41185747589016,36219.5416051199,-815.8515017214668,592.7686191424871,0.017282151611823057,0.013452741159438508,2,478.1796875,-0.019354808785692845,-0.024728807921091223,-0.06096104972765648
34493.2109375,34858.3515625,34346.5,34760.890625,24400,19.760000228881836,19.760000228881836,17.729999542236328,17.90999984741211,0,0.013452741159438508,31.08286811939817,36080.6224641561,-826.8464738585462,590.3482043823094,0.016983115040146053,-0.021856234804110364,0,511.8515625,-0.09362350000207531,0.011167422247963188,-0.03376558848812694
34063.8203125,34325.1796875,33723.53125,34001.1484375,30700,17.90999984741211,20.850000381469727,17.6299991607666,20.549999237060547,0,-0.021856234804110364,26.39509096487828,35882.57731876028,-886.644230816557,622.2775737121444,0.018301663393987953,0.021541322018764575,2,601.6484375,0.14740365226914842,-0.013727019420332609,-0.03321124853595425
34291.921875,34808.421875,34279.78125,34733.578125,31300,20.549999237060547,20.549999237060547,16.670000076293945,18.6299991607666,0,0.021541322018764575,36.35974377662361,35773.14882411645,-864.9626780820472,635.4915639827055,0.018296173279230946,0.003786636580506375,1,528.640625,-0.09343066411561485,0.012656446027316415,0.010372922747990954
34971.828125,35008.6484375,34559.98046875,34865.1015625,10600,18.6299991607666,19.81999969482422,15.979999542236328,18.889999389648438,0,0.003786636580506375,37.983367786332245,35686.66813253393,-827.6266838817028,622.1470214660837,0.017844405826577283,0.008529414598632767,1,448.66796875,0.013955997884818938,0.0029979363481857924,0.011333711255902212
35004.328125,35215.7890625,34913.05859375,35162.48046875,12900,18.889999389648438,18.889999389648438,14.279999732971191,17.3700008392334,0,0.008529414598632767,41.61063059122156,35636.74549788784,-765.2206596206815,602.7570556470777,0.017142051630366827,-0.010889514580471604,0,302.73046875,-0.08046578081140576,0.0341556707528492,0.025161081212081493
35543.37890625,35605.4296875,34727.16015625,34779.578125,17700,17.3700008392334,18.200000762939453,14.84000015258789,17.979999542236328,0,-0.010889514580471604,38.4890763782286,35555.110509993756,-738.1515038222133,622.4365181901436,0.017896609209952674,-0.013339702312734736,0,878.26953125,0.035117943208450075,0.0013243668658164953,0.0005376013003119962
34563.2890625,34563.2890625,34140.3203125,34315.62890625,16000,17.979999542236328,20.049999237060547,17.450000762939453,19.790000915527344,0,-0.013339702312734736,35.05734911876928,35437.06464297054,-745.5416869137553,623.6380392122762,0.018173586178940503,-0.00528184986774316,1,422.96875,0.10066748717313323,-0.015759961440668713,0.009249113138871445
34689.390625,34748.69140625,34082.76171875,34134.37890625,17100,19.790000915527344,21.670000076293945,17.079999923706055,21.360000610351562,0,-0.00528184986774316,33.78983277391649,35312.999334711436,-757.2942042998475,626.6588712328279,0.018358584257646672,-0.008412294194326875,1,665.9296875,0.07933297737204192,-0.029238596048811405,-0.01725129546381854
33935.87890625,34073.921875,33742.75,33847.23046875,12700,21.360000610351562,22.350000381469727,18.760000228881836,19.040000915527344,0,-0.008412294194326875,31.826574151410483,35173.40229985797,-780.7783117470753,609.8710165911973,0.018018343248327823,0.005516861089193137,1,331.171875,-0.108614214818884,-0.026807330810600494,-0.029194554099472247
34203.69921875,34300.96875,33726.0703125,34033.9609375,18900,19.040000915527344,19.809999465942383,17.709999084472656,18.8799991607666,0,0.005516861089193137,34.4920744245708,35064.884074871494,-775.3839048410882,607.3729752275403,0.017846085453965252,-0.010103763543170441,0,574.8984375,-0.008403453102266312,-0.008208154060632689,-0.032094423266098904
33778.6015625,33838.76171875,33553.1796875,33690.08984375,17400,18.8799991607666,20.329999923706055,18.5,18.959999084472656,0,-0.010103763543170441,32.01000183960585,34933.95129095516,-789.7525461701152,598.3307091398589,0.017759843084860692,-0.010115177833615041,0,285.58203125,0.004237284282951448,-0.013015882425171377,-0.03132551744401013
33776.80078125,33776.80078125,33291.578125,33349.30859375,21300,18.959999084472656,21.040000915527344,18.65999984741211,19.229999542236328,0,-0.010115177833615041,29.72697710453518,34783.032938840384,-819.1948287365085,590.251562504869,0.017699064460229563,0.021532375753198663,2,485.22265625,0.014240531160404357,-0.014710860182776675,-0.028159772771175984
33549.87890625,34154.6015625,33341.80078125,34067.3984375,28000,19.229999542236328,20.809999465942383,19.229999542236328,19.829999923706055,0,0.021532375753198663,39.516268779524886,34714.87727204606,-775.643070234546,606.1479352723783,0.017792610034030522,-0.005174141241614971,1,812.80078125,0.031201268629877044,0.0009824745365785148,-0.001962258312476206
34068.921875,34176.359375,33799.7890625,33891.12890625,15800,19.829999923706055,20.770000457763672,19.549999237060547,20.5,0,-0.005174141241614971,38.11275673371018,34636.425046732154,-746.7434719611047,589.7495336457798,0.01740129504913074,0.016255636586316236,2,376.5703125,0.03378719510195172,0.005967305621100705,0.0012969580344404097
33963.08984375,34463.37890625,33587.23828125,34442.05078125,25900,20.5,22.81999969482422,19.579999923706055,19.799999237060547,0,0.016255636586316236,44.721160653970315,34617.91321192433,-671.6432556846339,610.2060401710813,0.017716890438570315,-0.0002927244754975522,1,876.140625,-0.03414637867997328,0.03276656199417549,0.011990665573702097
34650.62890625,34679.9296875,34303.37890625,34431.96875,22400,19.799999237060547,20.1299991607666,18.899999618530273,19.190000534057617,0,-0.0002927244754975522,44.62724494858277,34600.204215550584,-605.9542653035242,593.5163788195756,0.01723736400694705,0.0168355080625473,2,376.55078125,-0.030808016490281864,0.010701442705372433,0.02202068648943145
34743.94921875,35190.19921875,34649.80078125,35011.6484375,38700,19.190000534057617,19.190000534057617,17.489999771118164,18.229999542236328,0,0.0168355080625473,50.99894490352961,34639.38937954577,-501.3408161125917,605.281670957463,0.017288008362073084,-0.0017344673904288177,1,540.3984375,-0.0500261055291541,0.033062325375752266,0.04984630608088647
35118.62109375,35123.41015625,34811.6015625,34950.921875,22200,18.229999542236328,19.81999969482422,17.739999771118164,19.479999542236328,0,-0.0017344673904288177,50.34537200160905,34669.0591410176,-418.5097105799505,584.319308299787,0.016718280289989836,0.0011727382012007848,1,311.80859375,0.06856829574262613,0.014774703660416888,0.025934573170326214
35076.23828125,35196.03125,34889.71875,34991.91015625,16200,19.479999542236328,19.479999542236328,16.18000030517578,18.510000228881836,0,0.0011727382012007848,50.80365252384743,34699.80685675402,-345.5744834038851,564.4616791355165,0.01613120508754783,0.007023610033078054,1,306.3125,-0.049794627112354384,0.01626225355615185,0.03247992278584144
35301.87890625,35302.25,35183.171875,35237.6796875,2500,18.510000228881836,18.510000228881836,16.809999465942383,17.719999313354492,0,0.007023610033078054,53.57070125675394,34751.03284063459,-264.8877817456814,546.3101194651225,0.015503578110420172,-0.0022455765235323,1,119.078125,-0.042679681564491645,0.0064558871143554075,0.023100509063854524
35258.12890625,35287.2890625,35011.23046875,35158.55078125,17100,17.8799991607666,18.760000228881836,16.760000228881836,17.770000457763672,0,-0.0022455765235323,52.54595800497794,34789.84407307415,-204.96531819015217,527.0064390568995,0.014989424403065874,-0.009828690100170068,0,276.05859375,0.0028217351211461406,0.005940584542879046,0.021101960115190943
35287.48828125,35333.21875,34756.80078125,34812.98828125,15700,17.770000457763672,19.459999084472656,16.479999542236328,19.3700008392334,0,-0.009828690100170068,48.20893797670761,34792.04828337661,-183.24797132254025,530.535834034978,0.015239594767011727,0.009522308091504561,2,576.41796875,0.09003941138170823,-0.0051132354364497035,-0.0056741160475386465
34846.19140625,35187.75,34672.19921875,35144.48828125,12000,19.3700008392334,19.68000030517578,17.1200008392334,18.700000762939453,0,0.009522308091504561,52.27815582273726,34825.61399745979,-137.70021555649873,529.4654731217653,0.01506539144586838,-7.11349096903513e-05,1,515.55078125,-0.034589573942448104,-0.0026446521756384733,0.005538234640627859
35330.140625,35351.87890625,34986.859375,35141.98828125,23300,18.700000762939453,19.510000228881836,14.770000457763672,18.829999923706055,0,-7.11349096903513e-05,52.24481774909512,34855.744881630286,-100.64484889584855,517.7193344166392,0.014732215214267435,0.0033734796193434224,1,365.01953125,0.006951826495335878,-0.00047108028152376136,0.004288937766753875
35145.75,35402.0,35118.421875,35260.5390625,20000,18.829999923706055,18.920000076293945,15.5,18.450000762939453,0,0.0033734796193434224,53.750980381912335,34894.296708379785,-61.008874245526385,500.99496231545066,0.014208375017393445,0.005576236182931904,1,283.578125,-0.020180518444304463,0.012855856487650197,0.0006487196433682119
35398.69921875,35545.8515625,35324.37109375,35457.16015625,21100,18.450000762939453,18.8700008392334,16.899999618530273,18.350000381469727,0,0.005576236182931904,56.21738018714658,34947.90275103409,-13.574916550882335,485.5890721500613,0.013695092049397166,0.008960637247876102,2,221.48046875,-0.00542007465227845,0.008896754236333848,0.008493221943586038
35647.62109375,35818.828125,35511.1015625,35774.87890625,15600,18.350000381469727,19.649999618530273,13.520000457763672,19.260000228881836,0,0.008960637247876102,59.935458589471956,35026.662384864176,49.0882259910868,476.73756476434266,0.013326042724383754,-0.008396036455836198,0,307.7265625,0.04959127130760432,0.01800952808744971,0.02763022287052741
35730.76953125,35731.671875,35416.1796875,35474.51171875,15700,19.260000228881836,19.649999618530273,18.25,19.329999923706055,0,-0.008396036455836198,55.16586315942725,35069.31470237711,73.66295546423498,468.30625433474677,0.013201203671176233,-0.007743896228310954,0,315.4921875,0.003634459708845128,0.006068331963692497,0.00939047496890355
35492.62109375,35494.25,35112.48828125,35199.80078125,13900,19.329999923706055,20.100000381469727,15.539999961853027,19.559999465942383,0,-0.007743896228310954,51.156232168816224,35081.741947984054,70.16293419147405,462.1245017929791,0.013128611285753088,-0.006215411597344622,1,381.76171875,0.01189857957289786,-0.00725831888018913,0.001645111811469313
35282.328125,35364.5,34937.98046875,34981.01953125,13800,19.559999465942383,20.0,17.09000015258789,19.15999984741211,0,-0.006215411597344622,48.15438445961418,35072.149336866525,49.168539357357076,459.5812896113378,0.013138018724719407,0.01066460036754302,2,426.51953125,-0.02044987880632343,-0.02219041403551225,-0.007927261995471668
35118.08984375,35397.23828125,34896.0703125,35354.078125,19200,19.15999984741211,20.530000686645508,15.020000457763672,20.399999618530273,0,0.01066460036754302,53.19762445772406,35098.99969764114,61.919274081541516,462.5517666926708,0.01308340624969049,0.004499127354915311,1,501.16796875,0.06471815140883974,-0.0033949330918160436,-0.002907227504846621
35394.76953125,35555.16015625,35262.96875,35513.140625,19100,20.399999618530273,20.399999618530273,16.610000610351562,18.31999969482422,0,0.004499127354915311,55.198700756934095,35138.44169072294,83.8922796451443,450.38316951819434,0.012682155438574207,0.005738962822300353,1,292.19140625,-0.10196078248044149,0.008901750487090965,-0.007316259041320605
35635.51953125,35822.16015625,35605.33984375,35716.94921875,27500,18.31999969482422,19.360000610351562,16.670000076293945,17.959999084472656,0,0.005738962822300353,57.69462105231045,35193.53764577313,116.40979541839624,440.2857667847519,0.012327082139300383,0.012695959409152247,2,216.8203125,-0.019650688665309834,0.021037971373091713,0.006834132120608238
35997.2890625,36253.8515625,35946.23828125,36170.41015625,40500,17.959999084472656,18.850000381469727,14.930000305175781,18.700000762939453,0,0.012695959409152247,62.67681746833351,35286.5731229614,176.73339629010297,447.1869508536982,0.012363336465412664,0.0006605019101746379,1,307.61328125,0.04120276816197421,0.023090180102101066,0.027574286031670336
36304.4296875,36389.21875,36082.96875,36194.30078125,23300,18.700000762939453,19.920000076293945,16.809999465942383,19.15999984741211,0,0.0006605019101746379,62.92455054324233,35373.02337613174,223.88722579026944,437.1200257927198,0.01207704020681522,0.0012902367981146856,1,306.25,0.024598880518994726,0.019180510207269297,0.03468398766697245
36396.69140625,36446.16015625,36099.6796875,36241.0,30100,19.15999984741211,19.610000610351562,16.309999465942383,18.219999313354492,0,0.0012902367981146856,63.43544640762378,35455.68781650015,262.00498172869266,430.6457717182398,0.01188283357849507,-0.0029439421166634894,1,346.48046875,-0.04906057106177797,0.01467232764031512,0.025086833599907266
36290.48046875,36295.83984375,36036.390625,36134.30859375,18500,18.219999313354492,19.6200008392334,16.90999984741211,18.110000610351562,0,-0.0029439421166634894,61.35525992240428,35520.31836671442,280.37251329892024,418.4174465062227,0.011579506092406445,-0.006915821755704599,0,259.44921875,-0.006037250666760752,-0.0009980965751852366,0.017491214739614458
36035.6484375,36048.6484375,35777.80859375,35884.41015625,20800,18.110000610351562,18.829999923706055,16.6200008392334,18.389999389648438,0,-0.006915821755704599,56.667921221527386,35554.993775241615,271.6329830385657,413.99477175577823,0.011536897776865718,-0.01594790739232277,0,270.83984375,0.015461003305368815,-0.00856186245654822,0.0046885565862408995
35694.25,35707.23046875,35266.76171875,35312.12890625,22600,18.389999389648438,19.549999237060547,15.90999984741211,19.309999465942383,0,-0.01594790739232277,47.68379216210922,35531.863787718605,216.03817462332518,428.5414621660798,0.012135814957625819,0.010226545522325825,2,440.46875,0.05002719449853843,-0.02563039358047514,-0.023728822711502895
35494.859375,35730.05078125,35378.26953125,35673.25,19000,19.309999465942383,19.6299991607666,15.979999542236328,18.59000015258789,0,0.010226545522325825,52.77201518703074,35545.32914126921,198.82639574103086,427.78292022564557,0.01199170022988221,-0.020001857133846834,0,351.78125,-0.03728634558609778,-0.012759579792533948,-0.014395934442803848
35204.66015625,35246.96875,34915.76953125,34959.71875,18500,18.59000015258789,20.649999618530273,16.889999389648438,20.440000534057617,0,-0.020001857133846834,43.72328755378712,35489.5567230531,126.15568412964785,451.3327451202423,0.012910079407324818,0.0054432065117799855,1,331.19921875,0.09951588844996273,-0.025768610999140185,-0.03535446731602332
34584.12890625,35207.328125,34426.2890625,35150.01171875,22300,20.440000534057617,20.440000534057617,17.200000762939453,17.950000762939453,0,0.0054432065117799855,46.364658022623466,35457.219103595664,82.96233568336174,474.8831963616536,0.013510186003959071,0.017896397838594202,2,781.0390625,-0.12181994648039596,-0.004590977449431155,-0.02723995319977557
35277.83984375,35826.578125,35167.46875,35779.0703125,21600,17.950000762939453,17.950000762939453,15.420000076293945,15.8100004196167,0,0.017896397838594202,54.0435735681928,35487.87159968179,98.35726576751767,489.2891399251069,0.013675289370337993,0.004208334961889548,1,659.109375,-0.11922006976964117,0.00296637711730785,-0.0029355322629331937
36024.87890625,36095.55859375,35794.51171875,35929.640625,22600,15.8100004196167,15.90999984741211,11.90999984741211,15.550000190734863,0,0.004208334961889548,55.67921904425952,35529.944840188284,121.30924713524291,476.94622144831357,0.01327445009612627,0.0009265069708723761,1,301.046875,-0.016445301833087456,0.02774398392435584,0.017487241292911904
35960.19140625,36019.01953125,35813.8515625,35962.9296875,19000,15.550000190734863,15.600000381469727,12.670000076293945,15.15999984741211,0,0.0009265069708723761,56.05163862706488,35571.18149231321,140.5646649061382,457.5334891127198,0.01272236419803555,0.008540478422333742,2,205.16796875,-0.025080407623089718,0.02312710377608118,0.008120361545415733
36129.12890625,36312.30859375,36123.62109375,36270.0703125,17130800,15.15999984741211,15.90999984741211,13.869999885559082,14.539999961853027,0,0.008540478422333742,59.43822703390683,35637.742332331,178.55018834593648,449.80816176538264,0.01240163467812088,0.0021231779215344915,1,188.6875,-0.040897090488092536,0.013723106713269262,0.03748175355386696
36226.37890625,36375.37890625,36046.51953125,36347.078125,20793100,14.539999961853027,15.3100004196167,11.979999542236328,14.579999923706055,0,0.0021231779215344915,60.26497927510258,35705.298122109,212.4192394643469,441.16896271071244,0.012137673383084694,0.003776094450508083,1,328.859375,0.0027510290204930676,0.011618193022213008,0.03405593192480927
36441.4609375,36554.98828125,36381.87109375,36484.328125,16700,14.579999923706055,14.869999885559082,11.869999885559082,14.65999984741211,0,0.003776094450508083,61.760965580469666,35779.49145571767,247.4828066999762,424.5076193920901,0.011635341561935096,-0.0014432566722784035,1,173.1171875,0.005486963245862508,0.01449821919489569,0.0197114627725139
36321.1796875,36475.51953125,36202.8984375,36431.671875,19766300,14.65999984741211,14.920000076293945,13.720000267028809,14.329999923706055,0,-0.0014432566722784035,60.814974674615044,35841.6038766017,267.93344705039635,414.28776711408364,0.011371637528344521,-0.018928627949496235,0,272.62109375,-0.022510226953672774,0.004455507284867544,0.01397262096884666
36449.26953125,36483.48828125,35694.73828125,35742.0703125,18528300,14.329999923706055,16.229999542236328,12.9399995803833,15.989999771118164,0,-0.018928627949496235,50.01124838075774,35832.124489544396,225.89170505086076,441.0350694630776,0.012339382291149356,-0.007607893796373055,0,788.75,0.11584088319958608,-0.016645294304519886,-0.006141306532008284
35859.66015625,35910.671875,35423.23828125,35470.1484375,13245200,15.989999771118164,17.1299991607666,14.899999618530273,15.75,0,-0.007607893796373055,46.50311812863631,35797.65057982589,168.68698034979752,444.34924976928636,0.012527414441251909,0.005068853012182961,1,487.43359375,-0.015009366763823362,-0.027797680253978885,-0.0220545995116066
35443.16015625,35711.26171875,35010.8203125,35649.94140625,16200,15.75,17.479999542236328,14.8100004196167,15.920000076293945,0,0.005068853012182961,49.04808295147332,35783.583039485326,136.28856414127222,462.6415466607659,0.01297734381632553,0.004413467106636482,1,700.44140625,0.010793655637710842,-0.02145744152044904,-0.019179993405590956
36002.109375,36041.23828125,35781.94921875,35807.28125,13054200,15.920000076293945,16.3799991607666,12.5600004196167,16.06999969482422,0,0.004413467106636482,51.234421390023,35785.840011915294,121.90337015577825,457.5454986849969,0.012778001644148756,0.007524656734445578,2,259.2890625,0.009422086545943786,0.0018244868562411476,-0.018557197289761018
35911.98828125,36194.78125,35911.98828125,36076.71875,10426300,16.06999969482422,16.06999969482422,15.020000457763672,15.270000457763672,0,0.007524656734445578,54.81043399467657,35813.54274887574,130.73729657562217,452.5422487789257,0.012543886042267235,-0.00023257727672365558,1,282.79296875,-0.04978215633185157,0.017100867608964343,-0.009742982046442195
36239.19140625,36285.4609375,36033.94921875,36068.328125,8645400,15.270000457763672,16.149999618530273,14.649999618530273,16.0,0,-0.00023257727672365558,54.67597089517869,35837.80802279234,135.4992426700701,438.182925205431,0.012148689667201784,-0.004902045726578819,1,251.51171875,0.04780612445006027,0.011735972129161665,0.009128117359947563
36198.12890625,36236.69921875,35734.01171875,35891.51953125,14705400,15.329999923706055,16.950000762939453,14.84000015258789,16.389999389648438,0,-0.004902045726578819,51.792594833012416,35842.923404550216,123.58157195865351,442.79039483361447,0.012336908568278534,-0.010526402857395034,0,502.6875,0.024374961853027344,0.00235254613892244,0.011879597698680966
35934.5,35999.66015625,35475.5703125,35513.7109375,17400,16.389999389648438,17.149999618530273,15.4399995803833,16.790000915527344,0,-0.010526402857395034,46.1875066580666,35811.56983625972,82.69745127925125,448.597498327642,0.012631670599479772,0.00510762238616036,1,524.08984375,0.02440521908326243,-0.015605848647197162,-0.003821337802426661
35590.7890625,35744.19921875,35382.078125,35695.1015625,15855600,16.790000915527344,16.969999313354492,15.489999771118164,16.15999984741211,0,0.00510762238616036,49.03905003562683,35800.47761971117,64.19321910844883,442.42061228638187,0.012394434892186248,0.004343974017793517,1,362.12109375,-0.03752239629317777,-0.01034776442108798,-0.00313287363865411
35971.1796875,36076.94921875,35809.23046875,35850.16015625,14831200,16.15999984741211,16.450000762939453,15.300000190734863,16.299999237060547,0,0.004343974017793517,51.40941220479776,35805.209289857725,61.3334011642728,438.09397256949745,0.012220139900633654,0.0036476693738620725,1,267.71875,0.008663328649155755,-0.0011523439391856183,-0.006279911300137275
35964.62109375,36037.3515625,35753.94921875,35980.9296875,16218000,16.299999237060547,16.56999969482422,14.739999771118164,15.699999809265137,0,0.0036476693738620725,53.37890793601691,35821.94456582366,68.82560439986264,427.04457051096193,0.011868636364316064,0.0064473172529111444,2,283.40234375,-0.03680978256926659,0.013156010387713302,-0.0024231352558706787
36181.37109375,36250.5390625,35863.2890625,36212.91015625,20300,15.699999809265137,16.31999969482422,13.899999618530273,15.270000457763672,0,0.0064473172529111444,56.72951995824538,35859.179383959505,92.41679128643591,424.20210118875036,0.011714112435549099,-0.002938459123855708,1,387.25,-0.027388494058943058,0.014506432846068451,0.008954500372160945
36258.0,36269.30859375,36070.76171875,36106.5,17331500,15.270000457763672,15.609999656677246,14.149999618530273,15.350000381469727,0,-0.002938459123855708,54.78453597086835,35882.73372834431,101.35817263590434,408.0838707466968,0.011302227320474064,-0.00267708463157601,1,198.546875,0.0052390256259213785,0.007150312373299439,0.01669183666959606
36191.87109375,36214.26171875,35840.6015625,36009.83984375,18100,15.350000381469727,15.829999923706055,14.359999656677246,15.350000381469727,0,-0.00267708463157601,53.00671942581859,35894.83907266866,99.4976678084422,405.62503399693276,0.011264283200285727,-0.004339959596546872,1,373.66015625,0.0,0.0008034855269469787,0.008817408200924026
36113.26953125,36124.94140625,35691.75,35853.55859375,24100,15.350000381469727,16.549999237060547,15.350000381469727,16.15999984741211,0,-0.004339959596546872,50.17184951824673,35890.90759848593,84.43925043298805,407.59406058643754,0.011368301406418537,0.01296299584976257,2,433.19140625,0.05276869353828828,-0.00992329975551498,9.47956016148499e-05
35950.078125,36349.30859375,35950.078125,36318.328125,24000,16.15999984741211,16.15999984741211,12.989999771118164,15.579999923706055,0,0.01296299584976257,57.4585361614685,35931.61431529679,108.75470654414676,413.89091340169205,0.011396199516045096,8.152736243283165e-05,1,399.23046875,-0.03589108472664604,0.0058667587553487,0.009377146183557672
36370.73828125,36462.03125,36278.609375,36321.2890625,16400,15.579999923706055,16.309999465942383,12.800000190734863,16.079999923706055,0,8.152736243283165e-05,57.50117530966619,35968.72619598281,126.80210783871007,397.4288392301426,0.010942035634976099,0.0014533917672681085,1,183.421875,0.032092426344573655,0.008649003164174163,0.002992825094210172
36413.6015625,36468.421875,36170.80078125,36374.078125,20500,16.079999923706055,16.43000030517578,12.989999771118164,16.239999771118164,0,0.0014533917672681085,58.30358143706783,36007.33114160349,143.70786474654597,390.29971455298954,0.010730161001241582,0.00034451044936267827,1,297.62109375,0.009950239314132636,0.014517932156969726,0.007410802071649236
36417.578125,36469.98046875,36218.328125,36386.609375,20800,16.239999771118164,16.90999984741211,12.3100004196167,16.6200008392334,0,0.00034451044936267827,58.50387178543718,36043.452878117445,156.31506329546391,380.39633092420456,0.010454294518179589,0.005286328289553666,2,251.65234375,0.023399080878747425,0.0018800769067615075,0.010462960482046979
36467.12109375,36701.03125,36351.76953125,36578.9609375,18700,16.6200008392334,18.34000015258789,14.359999656677246,18.149999618530273,0,0.005286328289553666,61.55647578913388,36094.453645677684,179.7554140013599,378.17243005461853,0.010338523029693934,-0.0036720647349579583,1,349.26171875,0.09205768363652189,0.007094238163095179,0.02023236666600936
36649.921875,36650.46875,36282.9296875,36444.640625,17300,18.149999618530273,18.469999313354492,15.510000228881836,17.989999771118164,0,-0.0036720647349579583,58.32959788314525,36127.804786565524,185.35685570538772,377.41290380071723,0.01035578612735236,-0.00922417862365732,0,367.5390625,-0.008815418775477979,0.0019399117073843897,0.0034779271657345845
36494.12109375,36521.46875,36037.8984375,36108.46875,14300,17.989999771118164,18.290000915527344,12.020000457763672,18.09000015258789,0,-0.00922417862365732,51.10845549353821,36125.963259273565,160.81599116347206,384.99557585066606,0.010662196132331589,0.002399238059631159,1,483.5703125,0.005558664966203608,-0.00764403800677016,-0.005859382141800928
36146.55078125,36258.28125,35996.6796875,36195.1015625,23100,18.09000015258789,18.3799991607666,14.539999961853027,17.43000030517578,0,0.002399238059631159,52.73245427837911,36132.547859580845,146.66703685098764,376.1817177541899,0.01039316652018829,-0.004684680873383029,1,261.6015625,-0.0364842366967969,-0.0104939934093774,-0.0049204425713538225
36245.76953125,36474.48046875,35953.1484375,36025.5390625,23000,17.43000030517578,18.139999389648438,14.369999885559082,17.690000534057617,0,-0.004684680873383029,49.282029173479174,36122.356545573144,120.38390128592437,386.54959728960495,0.010729876841509231,-0.010238287985367966,0,521.33203125,0.014916822967847576,-0.011499676092635358,-0.009923164557016362
36099.62109375,36124.26171875,35565.1484375,35656.69921875,15000,17.690000534057617,19.280000686645508,14.59000015258789,18.899999618530273,0,-0.010238287985367966,42.73203521369837,36078.00822873285,68.9966833071885,398.87557471534745,0.01118655353565648,-0.0018004812603698017,1,559.11328125,0.06840017229751405,-0.012511456367143792,-0.02521290094395534
35716.71875,35734.140625,35375.51171875,35592.5,16670300,18.899999618530273,19.799999237060547,18.040000915527344,18.43000030517578,0,-0.0018004812603698017,41.69332256352739,36031.76934980591,22.828450251974573,396.00081268210835,0.011125962286495985,-3.511975837611203e-05,1,358.62890625,-0.024867689039193785,-0.016648704838124417,-0.023381781529091428
35819.671875,35850.41015625,35490.96875,35591.25,18974200,18.43000030517578,18.43000030517578,15.979999542236328,17.850000381469727,0,-3.511975837611203e-05,41.67208268627301,35989.81512601487,-13.703110691589245,393.38942650838635,0.011052981463376148,0.018696769746777697,2,359.44140625,-0.03147042398817379,-0.012055033007183025,-0.014324028902499508
35805.51171875,36278.12890625,35740.0703125,36256.69140625,18611400,17.850000381469727,17.850000381469727,16.450000762939453,17.1200008392334,0,0.018696769746777697,54.85660043121504,36015.231914608696,10.915101725171553,414.3529607756445,0.011428316945219593,0.005867559145601664,2,538.05859375,-0.040896332024404236,0.01682691333314712,0.0017016071537649946
36311.73828125,36778.140625,36221.3203125,36469.4296875,31815100,17.1200008392334,17.18000030517578,15.550000190734863,15.720000267028809,0,0.005867559145601664,58.11613115668803,36058.48884536025,47.04906150497118,424.529200184527,0.011640686564671878,0.0031069472355591543,1,556.8203125,-0.08177573034904595,0.02463804699023675,0.012321554001729185
36456.21875,36622.76953125,36225.48046875,36582.73828125,15600,15.720000267028809,16.450000762939453,14.970000267028809,15.720000267028809,0,0.0031069472355591543,59.78178774478725,36108.41736306403,83.86183449193777,422.58347606420364,0.011551444640785493,0.0009313220961773006,1,397.2890625,0.0,0.027857641449794635,0.02597096990999792
36573.0390625,36727.828125,36495.828125,36616.80859375,14104800,15.720000267028809,15.979999542236328,14.609999656677246,15.779999732971191,0,0.0009313220961773006,60.29311907106986,36156.83557551031,114.46591991486639,408.9703706310462,0.011168924500450648,0.009788452046068707,2,232.0,0.003816759855165275,0.009932433808285124,0.0287787762520193
36714.5390625,37005.25,36680.87890625,36975.23046875,13931600,15.779999732971191,15.970000267028809,12.829999923706055,15.630000114440918,0,0.009788452046068707,65.29239752151729,36234.77794629504,165.7310831959112,407.50401603240005,0.01102100002802704,-0.00011198375094645385,1,324.37109375,-0.00950567940865421,0.013869171675677805,0.038885413374073696
37026.55859375,37172.1796875,36898.80078125,36971.08984375,14600,15.630000114440918,16.219999313354492,13.600000381469727,15.4399995803833,0,-0.00011198375094645385,65.19028464591415,36304.9028889098,203.67711758196674,397.9236510479429,0.010763103082156293,-0.011484902846914058,0,273.37890625,-0.012156144124533363,0.010615705131593378,0.019703905949257416
36873.58984375,36885.578125,36480.62109375,36546.48046875,21600,15.4399995803833,15.819999694824219,12.970000267028809,15.569999694824219,0,-0.011484902846914058,55.58926827766475,36327.910277466006,197.2138369148306,404.5340152588041,0.01106902799038915,-0.004144016518348503,1,404.95703125,0.008419696759971673,-0.0019206514084901816,0.002112749826642002
36585.5,36588.41015625,36300.48046875,36395.03125,19200,15.569999694824219,16.360000610351562,13.460000038146973,15.84000015258789,0,-0.004144016518348503,52.61288671485176,36334.302751040676,177.82114273784828,396.20513470460384,0.010886242464886023,-0.006633052588737698,0,287.9296875,0.017341070202681275,-0.015691564633798838,-0.0051310273661555605
36405.71875,36465.3984375,36113.91015625,36153.62109375,12200,15.84000015258789,15.979999542236328,13.229999542236328,15.75,0,-0.006633052588737698,48.18419509939793,36317.09497415585,141.34319446256995,393.0110737435607,0.010870586731117285,-0.007672878548753648,0,351.48828125,-0.005681827760158575,-0.022111026573867543,-0.012649586836987803
36065.078125,36109.1015625,35799.421875,35876.21875,32500,15.729999542236328,16.579999923706055,12.09000015258789,15.770000457763672,0,-0.007672878548753648,43.6385749517849,36275.10676233148,89.02389480858255,390.2387983868778,0.010877367013124197,-0.001875045185747215,1,309.6796875,0.0012698703342013395,-0.018339979942066487,-0.029722917337292598
35985.6796875,36022.5703125,35510.96875,35808.94921875,23000,15.770000457763672,17.540000915527344,12.449999809265137,16.459999084472656,0,-0.001875045185747215,42.58931724142986,36230.710805799914,41.65224278840469,398.9075672521008,0.011139884748230144,-0.0086712349642869,0,511.6015625,0.04375387486874138,-0.01610335287869824,-0.03143376703017209
35831.1796875,35912.44140625,35470.76171875,35498.44140625,15900,16.459999084472656,18.190000534057617,11.850000381469727,18.0,0,-0.0086712349642869,38.04238802082924,36160.97086298564,-20.706822814740008,401.9627186983793,0.01132339062716168,-0.004108124905571886,1,441.6796875,0.09356020663330922,-0.018122104167686337,-0.02867688075726338
35543.23828125,35776.0390625,35287.16015625,35352.609375,10100,18.0,18.610000610351562,15.260000228881836,18.469999313354492,0,-0.004108124905571886,36.093394816430155,36083.98405460606,-80.96098983640695,408.1710178092094,0.01154571119431575,0.011417893923141298,2,488.87890625,0.026111072964138504,-0.014594887455913974,-0.028641873332640677
35564.9296875,35797.109375,35469.48828125,35756.26171875,12500,18.469999313354492,18.469999313354492,15.239999771118164,17.059999465942383,0,0.011417893923141298,44.559927349608884,36052.77240357215,-95.0458512227633,410.76594510855153,0.01148794435893595,0.003973845053144576,1,327.62109375,-0.07634000540501518,-0.0014713500716857508,-0.01099085964223634
35837.0,35983.0703125,35707.2890625,35898.3515625,11400,17.059999465942383,17.170000076293945,12.130000114440918,16.049999237060547,0,0.003973845053144576,47.211127184595384,36038.065656803374,-93.66305307848961,401.12418117222643,0.011173888596913938,-0.000748532803886981,1,275.78125,-0.059202828868672785,0.01126556942805923,0.0006169215505744674
35906.01171875,35941.69140625,35795.7890625,35871.48046875,18400,16.049999237060547,16.049999237060547,12.319999694824219,15.449999809265137,0,-0.000748532803886981,46.75576098203675,36022.20040079829,-93.65584203293838,382.89404992778174,0.010674052058189956,0.009531205097538464,2,145.90234375,-0.03738314369573115,0.014677023929015043,0.001746246437392296
35983.80078125,36242.1796875,35901.05859375,36213.37890625,11800,15.449999809265137,16.040000915527344,11.699999809265137,15.359999656677246,0,0.009531205097538464,52.971262791251554,36040.407877507976,-65.30893988005846,382.0229905579402,0.010549222472361107,-0.006618216139688493,0,341.12109375,-0.005825252666599945,0.012784255554889157,0.020139968733222435
35975.75,36172.51953125,35714.16015625,35973.7109375,17900,15.359999656677246,18.100000381469727,13.119999885559082,17.110000610351562,0,-0.006618216139688493,48.68121124173774,36034.05578798341,-61.474379405524815,390.39411623237305,0.010852205848616394,-0.0018980874705595285,1,458.359375,0.11393235630142495,0.0020992433278947953,0.017568761499659358
36138.828125,36371.109375,35735.328125,35905.4296875,19300,17.110000610351562,19.979999542236328,14.130000114440918,18.899999618530273,0,-0.0018980874705595285,47.500890372545356,36021.805683175466,-63.21646872712881,407.9217686443464,0.01136100506788696,-0.0010580093757581732,1,635.78125,0.1046171212346867,0.0009464125345921559,0.004171799891256045
36025.71875,36085.8515625,35829.1484375,35867.44140625,11900,18.899999618530273,18.899999618530273,17.06999969482422,18.280000686645508,0,-0.0010580093757581732,46.820732422445325,36007.10432346828,-66.89134212749923,397.12043695546447,0.011071891982968853,0.00547480332583139,1,256.703125,-0.032804176952305086,-0.009552753994471752,-0.0008610466749756629
36018.48828125,36140.671875,35952.41015625,36063.80859375,16700,18.280000686645508,18.280000686645508,15.899999618530273,16.270000457763672,0,0.00547480332583139,50.746705125490564,36012.504730161774,-53.34360300098342,388.27115351221704,0.01076622710279984,0.010501676986374608,2,188.26171875,-0.10995624471448984,0.0025045416194768855,0.005361588718579613
36141.0703125,36457.44140625,35926.94140625,36442.5390625,21200,16.270000457763672,16.860000610351562,15.449999809265137,15.65999984741211,0,0.010501676986374608,57.29501871191487,36053.460380860655,-11.909256001563335,398.43035683277293,0.01093311188195349,0.005311443850496644,1,530.5,-0.0374923536071865,0.014959001456734677,0.006328052315782484
36544.859375,36666.46875,36456.8203125,36636.1015625,15900,15.65999984741211,15.739999771118164,14.289999961853027,15.609999656677246,0,0.005311443850496644,60.206924669212505,36108.95001720726,36.13015268460731,385.96602330900345,0.010535128107191153,0.0024380408583490887,1,209.6484375,-0.003192860231293393,0.02143058233632633,0.018413185844263547
36744.01953125,36830.25,36590.87890625,36725.421875,16800,15.609999656677246,15.6899995803833,14.3100004196167,15.289999961853027,0,0.0024380408583490887,61.51113491839426,36167.661622711326,80.48139350499696,375.49495691193175,0.010224387842023442,-0.0014701584010053947,1,239.37109375,-0.02049966059335162,0.018345629789213724,0.0228375539475989
36753.58984375,36753.58984375,36592.9296875,36671.4296875,14600,15.289999961853027,15.40999984741211,12.920000076293945,14.9399995803833,0,-0.0014701584010053947,60.2261715863614,36215.63953364358,110.00528068901622,360.1496140075081,0.009820986448485001,0.01043515014988472,2,160.66015625,-0.02289080329254034,0.006280863817075044,0.02241554595834372
36741.5703125,37106.19140625,36726.390625,37054.1015625,14400,14.9399995803833,15.380000114440918,13.670000076293945,14.899999618530273,0,0.01043515014988472,65.69587355732237,36295.493060201334,162.40944123843656,365.4790500605432,0.009863389871808964,0.012996094182387452,2,379.80078125,-0.0026773736932059755,0.011409510896974284,0.027459467187878284
37249.6484375,37586.62890625,37230.8515625,37535.66015625,19500,14.899999618530273,15.199999809265137,13.84000015258789,15.100000381469727,0,0.012996094182387452,71.08477373871722,36413.60421220597,240.03094269466965,377.41107103836157,0.010054733804262651,0.00576816067304331,2,355.77734375,0.013422870339588666,0.022062055107433753,0.029995744585064932
37608.2890625,37797.2890625,37478.87109375,37752.171875,21000,15.100000381469727,15.600000381469727,12.300000190734863,15.279999732971191,0,0.00576816067304331,73.1286745546332,36541.08684675779,315.3817041040311,373.1972780177643,0.009885451868926793,7.201572426085434e-05,1,318.41796875,0.011920486553255616,0.02947095863754634,0.030463675579565086
37840.640625,37907.78125,37693.69140625,37754.890625,15600,15.279999732971191,15.520000457763672,13.760000228881836,15.149999618530273,0,7.201572426085434e-05,73.15433592964729,36656.68720659038,371.03998778254027,361.8324612843526,0.00958372426179827,0.007136285737816328,2,214.08984375,-0.008507861041411102,0.01891259085901642,0.028031502361060445
37760.23046875,38254.76953125,37760.23046875,38024.3203125,16300,15.149999618530273,16.389999389648438,11.850000381469727,15.869999885559082,0,0.007136285737816328,75.63733462451722,36786.93797858178,431.9114957895508,371.6929216390417,0.009775136506959534,0.0018606512731469405,1,494.5390625,0.047524771297562385,0.013018557665320118,0.03689222472450138
38132.9609375,38369.58984375,37952.1015625,38095.0703125,15900,15.869999885559082,17.190000534057617,14.270000457763672,16.899999618530273,0,0.0018606512731469405,76.25831734511853,36911.522010383516,480.32465453248733,374.9640187541101,0.00984284884312379,0.007045490014804701,2,417.48828125,0.06490231508498256,0.009082879751537432,0.02809321252180874
38218.58984375,38396.05859375,38078.23046875,38363.46875,15100,16.899999618530273,17.18000030517578,14.550000190734863,16.489999771118164,0,0.007045490014804701,78.49746438474307,37049.802652251754,534.192108339259,370.8828834859593,0.0096676055521168,0.000606859878905075,1,317.828125,-0.024260346548325318,0.016119186545782815,0.022053923930046127
38433.859375,38489.80859375,38316.2109375,38386.75,15600,16.489999771118164,16.489999771118164,14.489999771118164,16.030000686645508,0,0.000606859878905075,78.68525001471525,37177.130971084924,572.1654882922594,356.79108154053364,0.009294641550548917,-0.0057869088943450775,0,173.59765625,-0.027895639227256575,0.009531523102093598,0.016809049479355354
38452.46875,38564.7109375,38089.359375,38164.609375,18200,16.030000686645508,16.809999465942383,12.680000305175781,16.270000457763672,0,-0.0057869088943450775,72.20562203838446,37271.17653336255,577.6756878190645,365.2596873233527,0.009570638696556886,-0.009320132567189443,0,475.3515625,0.014971912716017943,0.0018254084302655738,0.010852070903065947
38016.76171875,38016.76171875,37667.3984375,37808.91015625,17000,16.270000457763672,17.030000686645508,14.260000228881836,16.670000076293945,0,-0.009320132567189443,63.22719490033337,37322.38925935183,547.0347305358591,374.68477662168465,0.009909959717782222,0.011227512198730416,2,349.36328125,0.02458510186085472,-0.014455381951091195,-0.005665062635693885
37886.2890625,38297.69921875,37800.078125,38233.41015625,14600,16.670000076293945,16.670000076293945,15.520000457763672,16.489999771118164,0,0.011227512198730416,68.29416066643803,37409.15315429451,550.657516362,383.46594213085007,0.010029603442740904,-0.0026294084045643817,1,497.62109375,-0.010797858689380324,-0.003994603443896683,0.00363143689236356
38372.03125,38475.9296875,38001.33984375,38132.87890625,18800,16.489999771118164,17.420000076293945,14.550000190734863,17.049999237060547,0,-0.0026294084045643817,65.97563008791806,37478.07941638551,539.2009950991487,389.9747922465036,0.010226733554664464,0.010826348694127352,2,474.58984375,0.03395994382748313,-0.0008314108088522953,-0.006010661998597344
38208.30078125,38593.6484375,38148.44140625,38545.71875,16000,17.049999237060547,17.329999923706055,15.75,16.649999618530273,0,0.010826348694127352,70.4171754302551,37579.75935292023,557.0134403906559,395.0315593181819,0.010248390019142708,0.008461441486286914,2,445.20703125,-0.023460389233380008,0.019487697230759826,0.004141240141455116
38858.87890625,39115.5703125,38808.73828125,38871.87109375,19800,17.18000030517578,18.219999313354492,17.18000030517578,18.010000228881836,0,0.008461441486286914,73.37429390497329,37702.817613951636,590.6391791900896,407.5187024025975,0.010483639993036514,0.004753497543361407,1,306.83203125,0.08168172021085085,0.016699031943286702,0.018531873647665176
38988.5703125,39121.69140625,38846.9609375,39056.6484375,19700,18.010000228881836,18.549999237060547,17.440000534057617,18.079999923706055,0,0.004753497543361407,74.90479197350247,37831.753882861005,624.9932734296453,398.0338285702691,0.010191192652058168,-0.004596588568967608,1,274.73046875,0.003886712600478681,0.02422501415434941,0.033001170255729795
39167.05078125,39270.140625,38826.55859375,38877.12109375,17000,18.079999923706055,18.8799991607666,17.290000915527344,18.780000686645508,0,-0.004596588568967608,70.65524506033657,37931.31266485043,630.465174276258,401.2872716188213,0.01032193897925568,-0.004948986404781142,1,443.58203125,0.038716856520647935,0.008597643382898479,0.01683634640146714
38935.75,38939.3515625,38581.0390625,38684.71875,13000,18.780000686645508,19.329999923706055,18.25,18.649999618530273,0,-0.004948986404781142,66.31317070809854,38003.06562534087,612.2191526543611,398.2176450746198,0.0102939263342743,0.004588678022894976,1,358.3125,-0.006922314343027591,-0.0048145957085171665,0.014471497027714664
38839.51953125,38958.6015625,38701.0390625,38862.23046875,15900,18.649999618530273,19.079999923706055,16.760000228881836,18.389999389648438,0,0.004588678022894976,68.25170972139975,38084.890848522686,605.1074591169163,389.3365856050041,0.010018379823002656,-0.004160832170454709,1,257.5625,-0.013941031324392394,-0.004977845681283011,0.008211332646378633
38993.6015625,39041.25,38520.9609375,38700.53125,10500,18.389999389648438,20.459999084472656,18.389999389648438,20.149999618530273,0,-0.004160832170454709,64.60464293512979,38143.523267711,579.7407249737153,398.69033395464663,0.01030193439410852,0.006167550994535809,2,520.2890625,0.09570420268053548,-0.004542256185178006,-0.004407810556295799
38730.9296875,38978.98828125,38598.71875,38939.21875,15100,20.149999618530273,20.65999984741211,16.549999237060547,20.280000686645508,0,0.006167550994535809,67.37589026696142,38219.30378983377,572.3003694487197,397.3745623328861,0.010204995762347855,-0.009087680720353486,0,380.26953125,0.006451666033565839,0.006578825133632282,-0.0030066503962293822
38898.6015625,38950.44921875,38542.28125,38585.3515625,16200,20.280000686645508,21.280000686645508,18.700000762939453,21.1299991607666,0,-0.009087680720353486,59.88946144420457,38254.165482468656,531.7203680322782,398.1455199341085,0.010318566601348651,0.0005613569754552294,1,408.16796875,0.04191313833045496,-0.007124627251455462,-0.007504916080241952
38621.578125,38649.98046875,38460.25,38607.01171875,14500,21.1299991607666,21.34000015258789,19.40999984741211,20.959999084472656,0,0.0005613569754552294,60.18111365100061,38287.769885924026,495.5953039677479,383.25873056381505,0.009927179377565772,0.0041468543956808546,1,189.73046875,-0.008045436963840302,-0.0024164921831660857,-0.002008726798614746
38692.05859375,38818.87109375,38554.7890625,38767.109375,17000,20.959999084472656,21.299999237060547,18.68000030517578,21.0,0,0.0041468543956808546,62.35966749028978,38333.42126583602,474.41570437055634,374.74610918425685,0.009666599218406565,0.0035785610788785505,1,264.08203125,0.0019084407096647826,-0.004419949360180753,-0.002447648850893658
38805.5390625,38976.578125,38780.078125,38905.83984375,20900,21.0,22.239999771118164,18.760000228881836,21.389999389648438,0,0.0035785610788785505,64.18809671257297,38387.93732087545,463.48237222892203,362.9405835282385,0.009328691656210137,0.00950501988223773,2,196.5,0.01857139950706843,0.008305957268029074,0.0053050587968350715
39040.30078125,39364.33984375,39038.80859375,39275.640625,14400,21.389999389648438,21.889999389648438,19.670000076293945,21.690000534057617,0,0.00950501988223773,68.57077000676938,38472.480492696835,479.13429828914377,369.7662561333644,0.009414646082131585,-0.0034463950898317997,1,325.53125,0.014025299344064601,0.01731884640854675,0.008639666788384126
39420.0390625,39487.44921875,39083.16015625,39140.28125,14600,21.690000534057617,23.049999237060547,18.5,22.739999771118164,0,-0.0034463950898317997,65.41507697608691,38536.08056482095,475.1390845381611,372.23217087383836,0.009510206850489568,-0.012649412489850187,0,404.2890625,0.04840936888921865,0.009625991749610652,0.01438187459821716
39158.21875,39158.21875,38585.6484375,38645.1796875,14900,22.739999771118164,24.559999465942383,20.40999984741211,24.049999237060547,0,-0.012649412489850187,55.37650559690275,38546.47095745705,427.0989595533247,386.5420381328499,0.010002335123256758,-0.0020778990264592734,1,572.5703125,0.057607716760234906,-0.0066997694252800555,0.0009886278955764105
38771.26953125,38832.609375,38518.26171875,38564.87890625,11600,24.049999237060547,26.31999969482422,22.780000686645508,24.649999618530273,0,-0.0020778990264592734,53.93092574407758,38548.224095437334,378.1877000546374,381.3852965697892,0.009889446236741073,0.012700695429141318,2,314.34765625,0.024948041600980186,-0.018096756855891516,-0.005216547532440274
38672.62890625,39095.3515625,38571.0,39054.6796875,15200,24.649999618530273,25.1299991607666,23.450000762939453,23.709999084472656,0,0.012700695429141318,60.67430164594582,38596.45796134806,374.6295083527584,392.0343936898043,0.01003809010409783,-0.00829145995028202,0,524.3515625,-0.03813389649511334,-0.002187045155686018,0.0038256427402096893
39101.78125,39262.21875,38663.98046875,38730.859375,14400,23.709999084472656,25.540000915527344,22.729999542236328,23.229999542236328,0,-0.00829145995028202,54.947822680582576,38609.25809598158,341.7406493743256,406.7632428012468,0.010502303573047088,0.00868735564946399,2,598.23828125,-0.020244603997082056,0.002217086016751413,-0.013870715826166058
38865.828125,39103.16015625,38765.328125,39067.328125,17300,23.229999542236328,23.959999084472656,21.43000030517578,21.719999313354492,0,0.00868735564946399,59.25132199063127,38652.88381303095,338.91935644963814,404.30163840472915,0.010348842826187749,-0.000915786808750485,1,337.83203125,-0.06500216352292143,0.013028673575546268,-0.0018638886249700004
39056.921875,39105.87890625,38753.4609375,39031.55078125,30900,21.719999313354492,22.780000686645508,20.760000228881836,21.829999923706055,0,-0.000915786808750485,58.61021967666425,38688.94733381372,329.99257979696995,400.59566200081997,0.01026338062368914,-0.0012841174062209193,1,352.41796875,0.005064484982922224,-0.0005922185621561882,0.009997911689746175
39036.51171875,39189.94921875,38882.98828125,38981.4296875,26200,21.829999923706055,23.270000457763672,21.770000457763672,22.979999542236328,0,-0.0012841174062209193,57.668833971123085,38716.802796069554,315.23980337625835,393.9074673936185,0.010105003088686894,-0.0004660672760246065,1,306.9609375,0.05267978115205785,0.0064695262781011564,0.010801298825872774
39009.55078125,39172.76171875,38920.171875,38963.26171875,14800,22.979999542236328,24.149999618530273,21.100000381469727,24.030000686645508,0,-0.0004660672760246065,57.30950566462147,38740.275074420075,298.6395872674184,383.81335141907437,0.009850647365961529,-0.009314463394253125,0,252.58984375,0.04569195671563531,-0.002663770757934336,-0.002340768621878153
38719.328125,38719.328125,38509.7890625,38600.33984375,13400,24.030000686645508,27.84000015258789,19.739999771118164,26.43000030517578,0,-0.009314463394253125,50.535600034082314,38726.94790959435,253.2793870423411,388.78901604985475,0.010072165624023794,-0.008386219883305346,0,209.5390625,0.09987513732631959,-0.011047753134808658,-0.003369910540488741
38815.4609375,38835.5390625,38236.1796875,38276.62890625,15600,26.43000030517578,26.809999465942383,23.09000015258789,26.479999542236328,0,-0.008386219883305346,45.382913060850164,38684.06038546632,189.03129912193253,403.8297559748651,0.010550295768312182,-0.012736231322617808,0,599.359375,0.0018917607447304086,-0.018080424112202453,-0.02023939841035649
38244.1796875,38248.5703125,37743.0703125,37789.12890625,13100,26.479999542236328,27.030000686645508,23.25,26.3700008392334,0,-0.012736231322617808,38.94315697466883,38598.82881601714,97.65138637377822,413.0961015302319,0.010931612172248547,-0.0060921952070168706,0,505.5,-0.004154029641408319,-0.030134356332262136,-0.03183121987550741
37747.91015625,37780.4609375,37405.3984375,37558.91015625,15300,26.3700008392334,26.5,23.489999771118164,25.489999771118164,0,-0.0060921952070168706,36.321974513807795,38499.788943658365,6.579572837494197,410.99855633164395,0.010942771092713712,-0.00255390464209293,1,375.0625,-0.03337129465714561,-0.026979806180867705,-0.03649223598656648
37632.359375,37721.98046875,37370.390625,37462.98828125,19700,25.489999771118164,26.530000686645508,24.540000915527344,26.34000015258789,0,-0.00255390464209293,35.25715734940826,38401.046023429,-72.49985597682826,406.7550768615265,0.01085751819389979,-0.00993428409810726,0,351.58984375,0.0333464256218956,-0.021256851719957615,-0.03850482149901824
37491.30078125,37583.5703125,36999.83984375,37090.8203125,17800,26.34000015258789,28.059999465942383,23.709999084472656,27.3799991607666,0,-0.00993428409810726,31.409687497668088,38276.262622388145,-163.3190771307709,419.39617628213176,0.011307276915112897,0.006139280166399086,2,583.73046875,0.03948363713568659,-0.018479086815745727,-0.03910637930547689
37146.578125,37572.69921875,36956.1015625,37318.53125,17700,27.3799991607666,27.760000228881836,22.389999389648438,27.1299991607666,0,0.006139280166399086,36.0108132676357,38185.05011073213,-214.44757644362107,433.4819962798366,0.011615730355943111,-0.005457137162920955,1,616.59765625,-0.009130752653865315,-0.0064000500879816125,-0.025030878727503536
37539.05078125,37559.671875,37047.87109375,37114.87890625,19400,27.1299991607666,29.079999923706055,23.18000030517578,28.65999984741211,0,-0.005457137162920955,33.82539577692448,38083.1290436386,-268.30744148709346,439.07619520627685,0.011830193392664907,0.007506465619993907,2,511.80078125,0.05639516159138269,-0.009292087763704271,-0.017842432983113388
37179.12890625,37518.94140625,37052.30078125,37393.48046875,15700,28.65999984741211,29.329999923706055,23.780000686645508,28.3700008392334,0,0.007506465619993907,39.25640792178767,38017.44822698254,-285.22308072073065,441.0450830486856,0.011794705320818428,0.014368522420613372,2,466.640625,-0.010118597687462927,0.008159974724204266,-0.004404539077725866
37494.421875,38001.12890625,37415.359375,37930.76953125,18800,28.3700008392334,29.229999542236328,25.5,28.079999923706055,0,0.014368522420613372,48.10238755896691,38009.19311310325,-252.36500298958708,452.94532265235097,0.011941369190498052,0.037486778183567715,2,585.76953125,-0.010222097530793728,0.016405744297613545,0.01248649057272666
38701.1796875,39412.55859375,38570.0390625,39352.671875,26400,28.079999923706055,28.079999923706055,19.760000228881836,23.68000030517578,0,0.037486778183567715,63.32432751204784,38137.14347137913,-110.31743315191125,526.4341612128973,0.013377342277674691,-0.009729227407128893,0,842.51953125,-0.1566951435357965,0.06029368907285226,0.0609814380874647
39449.44921875,39571.73046875,38884.8515625,38969.80078125,22700,23.68000030517578,28.100000381469727,20.239999771118164,25.649999618530273,0,-0.009729227407128893,58.36057963020166,38216.4441675573,-28.31184679017315,537.8945001441189,0.013802854758316404,0.0036030503989017415,1,686.87890625,0.08319253749857025,0.04215495034802497,0.044247977504473734
39086.2109375,39249.078125,38903.87109375,39110.2109375,15600,25.649999618530273,30.18000030517578,19.040000915527344,27.6299991607666,0,0.0036030503989017415,59.61093525494131,38301.56481231375,47.460996547823015,524.1311095088247,0.013401387948185997,-0.00764046793246731,0,345.20703125,0.07719296575762602,0.031094581544893085,0.05376097376715383
39591.76953125,40124.9609375,38651.609375,38811.390625,28100,27.6299991607666,27.6299991607666,18.959999084472656,19.40999984741211,0,-0.00764046793246731,55.77257404438666,38350.1196516172,82.44880048445339,591.9325704367658,0.01525151665283227,0.016060442951469245,2,1473.3515625,-0.29750269862572176,-0.013754625142590737,0.037918646204515793
39076.28125,39476.96875,38824.26171875,39434.71875,17100,19.40999984741211,19.40999984741211,14.489999771118164,16.469999313354492,0,0.016060442951469245,61.36153484270696,38453.414803844134,158.64549102757155,597.1929671912825,0.015143837362635748,0.006303336764637235,1,652.70703125,-0.15146834400668996,0.011930211585112538,0.03964984727006238
39536.23046875,39821.94140625,39353.16015625,39683.2890625,16000,16.469999313354492,17.34000015258789,13.479999542236328,16.190000534057617,0,0.006303336764637235,63.350489126301746,38570.545685620884,236.3647978231529,588.0207016776195,0.0148178418565937,0.0016742918195453704,1,468.78125,-0.017000533756540093,0.014652902944343849,0.008401391106305889
39765.640625,39828.6484375,39498.6484375,39749.73046875,15300,16.190000534057617,16.540000915527344,15.380000114440918,15.920000076293945,0,0.0016742918195453704,63.88561918764943,38682.84899829984,299.8625458359529,569.5906515577896,0.014329421730433719,-0.006230977784735359,1,330.0,-0.016676988811439086,0.024176918905492117,0.02001369449841417
39714.26953125,39767.9296875,39420.5,39502.05078125,12800,15.920000076293945,16.510000228881836,14.479999542236328,16.40999984741211,0,-0.006230977784735359,60.3481598517864,38760.86821572367,326.4363329304688,553.7220112679474,0.014017550995878333,0.008351920019975312,2,347.4296875,0.03077887994785944,0.0017074302387409812,0.010018862960779806
39580.28125,39911.921875,39500.55859375,39831.96875,17500,16.40999984741211,16.40999984741211,14.850000381469727,15.609999656677246,0,0.008351920019975312,63.26597096960284,38862.877790416656,369.8544219454852,543.5535305523798,0.013646162808670606,-0.0029566585570792725,1,411.36328125,-0.048750773807046954,0.003746657371717088,0.02629584017900677
39998.91015625,40122.33984375,39374.23828125,39714.19921875,17100,15.609999656677246,16.790000915527344,14.1899995803833,16.06999969482422,0,-0.0029566585570792725,61.52552394457126,38943.9560216865,390.26185760460066,558.1641042629241,0.014054522443937427,0.013935113533366073,2,748.1015625,0.02946829264984685,-0.0008938739855842703,0.007087167795510219
39806.859375,40308.8984375,39711.01953125,40267.62109375,34600,16.06999969482422,16.229999542236328,14.079999923706055,15.970000267028809,0,0.013935113533366073,66.22732406079396,39070.01936188302,445.95077462977497,561.0008758334295,0.013931810735164172,-0.004571465267874331,1,597.87890625,-0.006222739868975702,0.01938052069092544,0.014724889117172069
40196.0,40312.0703125,40031.05078125,40083.5390625,11900,15.970000267028809,15.970000267028809,14.670000076293945,15.630000114440918,0,-0.004571465267874331,63.44977772356476,39166.545047656065,469.8150259357717,541.0022083631845,0.01349686731801876,-0.013816652058503576,0,281.01953125,-0.02128992779604677,0.006315789060765464,0.008397757414039031
40136.4296875,40159.26171875,39481.1484375,39529.71875,18700,15.630000114440918,15.930000305175781,13.979999542236328,15.529999732971191,0,-0.013816652058503576,55.8594130902753,39201.13301930787,438.9786733870642,550.7958564265285,0.013933715539691983,0.002180123973181569,1,678.11328125,-0.0063979770145576875,-0.00464520177616734,0.0007004185403745034
39581.76953125,39703.1015625,39279.46875,39615.8984375,14800,15.529999732971191,15.729999542236328,13.630000114440918,14.859999656677246,0,0.002180123973181569,56.72691631330716,39240.634487707124,416.6912648558937,541.712781860348,0.01367412587436281,0.0042563995870501525,1,423.6328125,-0.04314231087019871,-0.016184781681854887,-0.005424545140014003
39787.328125,39979.48046875,39619.96875,39784.51953125,16200,14.859999656677246,15.449999809265137,13.449999809265137,14.979999542236328,0,0.0042563995870501525,58.447675085652804,39292.43306328263,407.93225693425484,528.9891568167517,0.013296356548964744,0.004171004405863377,1,359.51171875,0.00807536260642916,-0.007459908437320251,0.0017706592071180527
39900.44921875,40066.30859375,39760.01953125,39950.4609375,14200,14.979999542236328,14.979999542236328,13.479999542236328,14.489999771118164,0,0.004171004405863377,60.12801651774009,39355.102384636666,409.6584767884124,513.082007222698,0.012842955880418571,-0.004847311875899374,1,306.2890625,-0.032710266094241325,0.010643692917749359,-0.007876307257178028
39974.1796875,39982.1015625,39623.53125,39756.80859375,11700,14.489999771118164,14.710000038146973,13.3100004196167,14.119999885559082,0,-0.004847311875899374,57.21996261511002,39393.36011883793,390.89440535748145,502.0454575996482,0.012627911428448326,-0.0003885930308910046,1,358.5703125,-0.02553484412722873,0.003556909266422492,-0.008151238049128984
39679.3515625,39800.80859375,39461.26953125,39741.359375,21800,14.119999885559082,14.289999961853027,13.279999732971191,13.65999984741211,0,-0.0003885930308910046,56.98318494528407,39426.50290513908,370.5061563833078,490.43785794967334,0.012340741878552646,-0.007279294595090802,0,339.5390625,-0.032577906648386556,-0.0010848479951127699,0.005353962327394601
39797.0,39799.8984375,39363.44921875,39452.0703125,20600,13.65999984741211,14.119999885559082,12.640000343322754,13.899999618530273,0,-0.007279294595090802,52.59441350614128,39428.93789631632,327.2329744931849,486.5815265782681,0.0123334852321831,-0.01245261011928045,0,436.44921875,0.017569529560692576,-0.012475215887488789,-0.00413541359559122
39514.359375,39540.421875,38911.48828125,38960.7890625,12700,13.899999618530273,14.960000038146973,13.520000457763672,14.649999618530273,0,-0.01245261011928045,46.10078520530398,39384.35229309572,250.40980663632217,496.7495313762489,0.012749986417866814,0.002195817469527128,1,628.93359375,0.05395683601315815,-0.020022219071556435,-0.020704798712046113
39056.98046875,39167.828125,38870.9609375,39046.33984375,17800,14.649999618530273,14.970000267028809,11.739999771118164,14.600000381469727,0,0.002195817469527128,47.32052644952469,39352.16063125327,194.1916057469134,482.472221099374,0.012356400703114853,0.0017005034982973122,1,296.8671875,-0.0034129172943666575,-0.01748856964583889,-0.022631055375417097
39176.55859375,39435.80078125,38881.05078125,39112.73828125,18500,14.600000381469727,15.300000190734863,10.789999961853027,14.729999542236328,0,0.0017005034982973122,48.29845550782605,39329.35850268153,153.22973846038076,487.6349195922758,0.012467419593223417,0.012499524361718306,2,554.75,0.008904051874655927,-0.008601121020066826,-0.016200251863306092
39042.9609375,39638.640625,38933.78125,39601.62890625,20100,14.729999542236328,15.1899995803833,12.84000015258789,14.0,0,0.012499524361718306,54.932360794147485,39355.2890173071,158.390721487056,503.150952121399,0.012705309504124735,-0.010280906019392133,0,704.859375,-0.04955869415631353,0.01644832815685482,-0.003515996205149974
39608.25,39617.94921875,39121.30078125,39194.48828125,15600,14.0,14.829999923706055,10.600000381469727,14.609999656677246,0,-0.010280906019392133,49.2633521053609,39339.97466149213,128.15074982433725,502.68648679129905,0.01282543818876125,-0.0018249337314149017,1,496.6484375,0.043571404048374784,0.003794169647983292,-0.00652898641844879
39160.23046875,39300.01953125,39021.69921875,39122.9609375,11600,14.609999656677246,15.670000076293945,11.859999656677246,15.220000267028809,0,-0.0018249337314149017,48.319905605285605,39319.30668777859,97.2921719566948,486.66033148477766,0.012439251013291935,0.007974357289786793,2,278.3203125,0.04175226726119541,0.0002613638599398005,0.0041624381564717705
39131.94140625,39490.640625,38946.0390625,39434.94140625,11300,15.220000267028809,15.59000015258789,14.930000305175781,15.010000228881836,0,0.007974357289786793,52.585183971556866,39330.3195181092,96.89381162498466,490.7989908430078,0.012445789782895978,0.003984707803448062,1,544.6015625,-0.013797636955493187,-0.004209107165632053,0.009952317273656197
39379.12890625,39674.21875,39319.640625,39592.078125,15000,15.010000228881836,15.199999809265137,14.390000343322754,14.75,0,0.003984707803448062,54.61685607496452,39355.24890924166,108.01262583375501,481.0689289970787,0.012150635980214253,-0.00014315916260077,1,354.578125,-0.017321800460838754,0.010144024356103065,0.012255338409271843
39633.96875,39817.21875,39510.44140625,39586.41015625,13200,14.75,14.890000343322754,13.649999618530273,14.649999618530273,0,-0.00014315916260077,54.526099430771644,39377.26426609959,115.04088873711589,468.61953005085877,0.011837889018003618,-0.004844327396525072,1,306.77734375,-0.006779686879303526,0.01184596481565836,-0.0003842960610541679
39630.51953125,39675.25,39361.921875,39394.640625,11200,14.649999618530273,15.069999694824219,14.0,14.949999809265137,0,-0.004844327396525072,51.41321270316039,39378.919157423436,103.9385008980098,457.52728683294026,0.01161394747037219,0.007408606104018833,2,313.328125,0.020477829252323332,-0.0010219561590020243,0.005106645156680134
39543.73046875,39764.8203125,39541.08984375,39686.5,10800,14.949999809265137,15.020000457763672,14.470000267028809,14.600000381469727,0,0.007408606104018833,55.57049123738484,39408.21257100216,117.33779389132542,451.2881725948731,0.011371327090947125,0.0032751809494413475,1,223.73046875,-0.02341133326158984,0.002384867869322127,0.014404305016695096
39811.6796875,39838.48828125,39499.19140625,39816.48046875,14800,14.600000381469727,14.829999923706055,14.029999732971191,14.25,0,0.0032751809494413475,57.32189082776246,39447.09522793053,136.8674449528553,443.28879419523935,0.011133299301608411,0.0005718619773003031,1,339.296875,-0.023972628241431093,0.005811850874881008,0.009675152260769648
39907.5703125,39934.98828125,39732.37890625,39839.25,13800,14.25,14.319999694824219,13.520000457763672,13.699999809265137,0,0.0005718619773003031,57.63692803754808,39484.44330146095,152.42508352011646,426.09740710986506,0.010695417386368092,0.0017271558513274332,1,202.609375,-0.038596504612972815,0.011286037083883205,0.006242962903326932
39917.6484375,39979.1015625,39858.328125,39908.05859375,14500,13.699999809265137,13.699999809265137,13.010000228881836,13.529999732971191,0,0.0017271558513274332,58.63074779971937,39524.78761501229,168.3660832264286,405.65127535201754,0.010164645679245007,-0.009889430422250878,0,120.7734375,-0.012408764865746713,0.005582719407103198,0.008125223687382555
39990.3984375,40032.41015625,39441.37890625,39513.390625,26000,13.529999732971191,13.970000267028809,12.670000076293945,13.069999694824219,0,-0.009889430422250878,51.20998256111204,39523.702187392075,147.45328397095727,418.8927021125877,0.010601284665445935,-0.020064598354118113,0,591.03125,-0.03399852529383285,-0.007612170643457095,0.0030143694196982374
39476.37890625,39476.37890625,38605.48046875,38720.5703125,22000,13.069999694824219,14.039999961853027,12.109999656677246,13.850000381469727,0,-0.020064598354118113,40.20218392060499,39447.21343740235,66.14330767142383,453.82252026526004,0.011720450308521268,0.00026471717532250416,1,870.8984375,0.059678707334200665,-0.028079838036609628,-0.0243389990928905
38754.46875,38814.23046875,38435.87109375,38730.8203125,18800,13.850000381469727,14.220000267028809,13.350000381469727,13.6899995803833,0,0.00026471717532250416,40.3806136146793,39378.98552074499,2.502804215415381,448.43229560345577,0.011578177068940845,-0.004486898253066807,1,378.359375,-0.011552404092385116,-0.029498760970406268,-0.027266602760183223
38701.98828125,38854.8515625,38474.66015625,38557.0390625,14900,13.6899995803833,13.960000038146973,12.399999618530273,13.640000343322754,0,-0.004486898253066807,38.29429960992087,39300.704905674036,-61.24940281382442,443.55794636392324,0.01150394213738578,0.006900693594980245,2,380.19140625,-0.0036522453318545978,-0.024203226991482696,-0.032184615360479896
38751.62109375,38892.5,38631.30859375,38823.109375,14600,13.640000343322754,13.640000343322754,12.180000305175781,12.470000267028809,0,0.006900693594980245,43.13830632939976,39255.21961703841,-89.2747320781782,435.83673144507156,0.011226219086040724,-0.0022378142206699314,1,261.19140625,-0.08577712953406924,0.002648180583923354,-0.02718621894876927
38941.1015625,39021.83984375,38684.8515625,38736.23046875,12900,12.470000267028809,12.550000190734863,11.550000190734863,12.0,0,-0.0022378142206699314,41.979478027151245,39205.792079106184,-117.14503405647702,428.77612785970933,0.011069123729156338,0.004142903602338599,1,336.98828125,-0.03769047770363798,0.0001396860744582451,-0.019668273057748986
39009.94921875,39023.96875,38696.6015625,38896.7109375,18000,12.0,12.520000457763672,10.640000343322754,12.020000457763672,0,0.004142903602338599,44.92268810649738,39176.35577990559,-124.84389383654343,421.53263211973007,0.010837230757044137,0.006024368625319632,2,327.3671875,0.001666704813639397,0.008809594389481035,0.004549019386296038
38961.859375,39173.890625,38845.26953125,39131.0390625,25100,12.020000457763672,12.020000457763672,11.0600004196167,11.5600004196167,0,0.006024368625319632,48.99151290548063,39172.03990205744,-110.76019971737696,414.89609366474934,0.01060273643646616,0.002162006543318995,1,328.62109375,-0.03826955246493857,0.007931608066876983,0.010333340393279267
39171.1015625,39284.73046875,39081.140625,39215.640625,23400,11.5600004196167,11.90999984741211,9.15999984741211,11.800000190734863,0,0.002162006543318995,50.41573839488947,39176.19235186149,-91.7148993423325,399.8027900994101,0.010194983015132374,-0.008113591475977566,0,203.58984375,0.020761225121661564,0.012376272818718448,0.017081227669801802
39204.46875,39204.46875,38861.25,38897.4609375,24100,11.800000190734863,11.979999542236328,9.220000267028809,11.75,0,-0.008113591475977566,45.29359370951565,39149.64650287469,-101.13003908449173,396.5590640208808,0.01019498585416841,-0.014408375386005923,0,343.21875,-0.004237304231073047,1.9281835968110173e-05,0.0019151367238987582
39058.73046875,39058.73046875,38271.3515625,38337.01171875,19200,11.75,12.680000305175781,10.59000015258789,12.520000457763672,0,-0.014408375386005923,37.97493847543721,39072.25271391043,-152.06229377894488,424.4747670372464,0.011072192328168416,-0.007978786003041471,0,787.37890625,0.06553195385222743,-0.020291496540170595,-0.010306081546113899
38333.51953125,38333.51953125,37890.3203125,38031.12890625,23000,12.520000457763672,13.399999618530273,11.5600004196167,13.010000228881836,0,-0.007978786003041471,34.68117920760845,38973.09806556182,-214.63448641671857,426.06166983815734,0.011202971936185118,-0.0012723951771005382,1,443.19921875,0.03913736047943317,-0.030205083988730563,-0.022253347658130584
38138.55859375,38217.80859375,37898.8984375,37982.73828125,19300,13.010000228881836,13.779999732971191,11.59000015258789,13.430000305175781,0,-0.0012723951771005382,34.17615887273415,38878.77808610355,-265.0725278119353,418.4079902961461,0.011015740550298641,-0.0035566114994054487,1,318.91015625,0.032282864635279296,-0.02351625618237052,-0.0293450112432726
37990.23046875,38102.83984375,37708.41015625,37847.6484375,16600,13.430000305175781,14.479999542236328,11.850000381469727,12.760000228881836,0,-0.0035566114994054487,32.742730315744026,38780.575262427024,-312.3451400553531,416.6952543821357,0.011009805670496241,-0.0004403964166367347,1,394.4296875,-0.049888314301507086,-0.01276477376067009,-0.03488384138822165
37935.01953125,38169.87109375,37775.51171875,37830.98046875,18000,12.760000228881836,13.550000190734863,12.0,12.640000343322754,0,-0.0004403964166367347,32.56126287912538,38690.137663029214,-347.15223672690627,415.0998344262689,0.010972484172572768,0.0013694753111883617,1,394.359375,-0.009404379577318989,-0.005262752993564379,-0.027417739951294262
37831.1796875,37978.0703125,37690.46875,37882.7890625,24100,12.640000343322754,13.3100004196167,11.920000076293945,12.130000114440918,0,0.0013694753111883617,33.789589610688495,38613.24732012167,-366.3337239427783,405.992815002964,0.01071707825770554,-0.005184886688937906,1,287.6015625,-0.040348118277643064,-0.0026314379445185887,-0.011848149761444438
38043.21875,38043.21875,37519.16015625,37686.37109375,21100,12.130000114440918,13.529999732971191,12.039999961853027,13.0600004196167,0,-0.005184886688937906,31.450754336441378,38524.97339380056,-392.85588124646165,414.4260849134666,0.010996709762330924,-0.007672078900373358,0,524.05859375,0.07666943910978241,-0.004261224948131859,-0.009065148009407165
37735.5390625,37950.2109375,37359.03125,37397.23828125,22800,13.0600004196167,13.869999885559082,12.5,13.609999656677246,0,-0.007672078900373358,28.34095706016207,38417.57004974812,-432.22308490323485,427.05134224107616,0.01141932832123565,0.002243021580073723,1,591.1796875,0.04211326335291865,-0.01146526423914096,-0.015414897042560716
37257.55078125,37576.37109375,37128.26171875,37481.12109375,27200,13.609999656677246,14.550000190734863,13.420000076293945,13.59000015258789,0,0.002243021580073723,30.48838537440541,38328.38443489116,-451.4492100200441,428.55548743814217,0.011433902587017443,-0.012347570396638252,0,448.109375,-0.001469471314758164,-0.010602914375900885,-0.009684283142591177
37387.1796875,37387.1796875,36694.1796875,37018.3203125,21000,13.59000015258789,15.279999732971191,13.270000457763672,14.5600004196167,0,-0.012347570396638252,25.88027978476849,38203.61642323486,-498.2862739574848,454.1544816389892,0.01226837084462837,0.0026986215651245704,1,693.0,0.07137603062087505,-0.017726588203149984,-0.021481340059935627
36920.109375,37375.16015625,36607.41015625,37118.21875,28100,14.5600004196167,16.15999984741211,14.4399995803833,15.1899995803833,0,0.0026986215651245704,28.396068476458197,38100.24521626011,-521.3343971397262,476.5541615219185,0.012838820869385563,-0.011271524344093176,0,767.75,0.043269171882564184,-0.007460966212306963,-0.02018252434472534
36842.171875,36844.05078125,36416.7890625,36699.83984375,25900,15.1899995803833,17.81999969482422,15.1899995803833,16.59000015258789,0,-0.011271524344093176,24.626144586363708,37966.873276021055,-566.8258662609733,492.61669909178147,0.013422856916790451,0.0075480361748001545,2,427.26171875,0.09216593883337443,-0.020844660650512936,-0.02617740104362576
36568.03125,37241.76953125,36536.58984375,36976.8515625,25400,16.59000015258789,16.790000915527344,15.59000015258789,16.1200008392334,0,0.0075480361748001545,31.144335637758218,37872.58549378095,-573.9099757148142,507.7997696923685,0.013732909867517023,-0.00774407637210528,0,705.1796875,-0.02833027781986952,-0.0011202223561179725,-0.011241116672531692
37025.26953125,37104.7890625,36610.5703125,36690.5,25300,16.1200008392334,16.90999984741211,15.739999771118164,16.739999771118164,0,-0.00774407637210528,28.409357460160052,37760.00592294467,-595.7627789824764,506.82969685719934,0.013813649224109764,0.01735760959921495,2,494.21875,0.03846147019892143,-0.011523148588588938,-0.021093848601071774
36808.01171875,37405.48046875,36655.41015625,37327.359375,24100,16.739999771118164,16.739999771118164,15.520000457763672,16.09000015258789,0,0.01735760959921495,40.850364587812585,37718.80148980708,-555.2910048590493,524.2040265459708,0.014043426465817898,0.0068194157184471305,1,750.0703125,-0.03882912947536177,0.01709869944723663,0.008348273500557779
37521.30078125,37807.55078125,37406.26171875,37581.91015625,27400,16.09000015258789,16.15999984741211,15.029999732971191,15.850000381469727,0,0.0068194157184471305,44.96696148106713,37705.7642199445,-496.94820207163866,521.0602679534014,0.013864656314355734,-0.016597080813793297,0,401.2890625,-0.014916082588076529,0.016363172314097785,0.01249228604888275
37755.16015625,37755.16015625,36888.48828125,36958.16015625,28600,15.850000381469727,18.010000228881836,15.119999885559082,17.780000686645508,0,-0.016597080813793297,37.9898636519986,37634.56383292598,-495.3326363313972,545.7468113138727,0.014766612001425115,0.009561382175304,2,866.671875,0.12176657783757205,0.007295080640765228,0.007038731329613412
37233.5,37473.609375,37000.76953125,37311.53125,22500,17.780000686645508,17.780000686645508,16.110000610351562,16.360000610351562,0,0.009561382175304,43.35237384726824,37603.798825028265,-460.232916249086,543.5826975593104,0.014568758754957568,0.0010398092412784443,1,472.83984375,-0.07986501807958324,-0.00042403548670522095,0.009051059605069689
37383.0,37444.44921875,36974.41015625,37350.328125,26100,16.360000610351562,17.43000030517578,15.989999771118164,16.649999618530273,0,0.0010398092412784443,43.925723471006066,37579.658758358906,-424.39340859201184,538.3295807693596,0.014412981298791726,0.0013965113258291861,1,470.0390625,0.017726100083102603,-0.00616206122273133,0.017983623144955718
37485.921875,37718.87890625,37358.48828125,37402.48828125,17700,16.649999618530273,17.020000457763672,14.710000038146973,16.75,0,0.0013965113258291861,44.73558398213659,37562.78537958663,-387.31670598500205,526.2025236608339,0.014068650184555264,-0.0019912194595175237,1,360.390625,0.006006029054705486,0.012022463323972055,0.002012703483663003
37441.75,37511.55078125,37219.8984375,37328.01171875,20900,16.75,17.100000381469727,15.109999656677246,16.6299991607666,0,-0.0019912194595175237,43.7636746591449,37540.425983316476,-359.7952920509051,509.44893938148863,0.013647899149302681,-0.007169967342931405,0,291.65234375,-0.007164229207964112,0.0004416990725890635,-0.006755868353800931
37298.73046875,37406.55078125,37022.51953125,37060.37109375,28500,16.6299991607666,17.329999923706055,14.0,17.020000457763672,0,-0.007169967342931405,40.369435720491666,37494.70647002444,-355.4829487458337,500.4905329970966,0.013504736143386896,-0.01585093157227091,0,384.03125,0.023451672680607105,-0.007763172261287865,0.0027655851121342057
37087.578125,37087.578125,36391.3515625,36472.9296875,33100,17.020000457763672,18.1200008392334,14.489999771118164,17.850000381469727,0,-0.01585093157227091,34.115205970530866,37397.3943954983,-394.9146671820781,514.4716779615898,0.014105575898881232,0.006257530467266514,1,696.2265625,0.04876615166760767,-0.02485285435450535,-0.022475667291194323
36387.6796875,36807.33984375,36102.3515625,36701.16015625,38400,17.850000381469727,18.260000228881836,13.699999809265137,17.350000381469727,0,0.006257530467266514,38.1259370007826,37331.08637271275,-403.10159247050615,528.0800067679048,0.01438864614959524,0.0216058820517957,2,704.98828125,-0.028011203883169355,-0.016793060590075015,-0.017380515817088327
37363.94921875,37544.48046875,36492.6484375,37494.12109375,35600,17.350000381469727,19.149999618530273,13.699999809265137,16.65999984741211,0,0.0216058820517957,49.60461703746019,37346.61348900201,-341.6659566711751,565.4908656594831,0.01508212085424097,0.003924573592005931,1,1051.83203125,-0.03976948235658584,0.011703876329321128,0.0024499122039947085
37658.48046875,37731.51171875,37449.69140625,37641.26953125,36500,16.65999984741211,16.829999923706055,14.420000076293945,16.010000228881836,0,0.003924573592005931,51.40619382144799,37374.67596921611,-277.9006577495238,545.2286832909487,0.014484864354489868,-0.005032499962381309,1,281.8203125,-0.03901558370249569,0.03203306818948559,0.008392030490674385
37655.76953125,37687.8203125,37249.19140625,37451.83984375,28600,16.010000228881836,17.3799991607666,14.119999885559082,16.84000015258789,0,-0.005032499962381309,48.97876274088319,37382.02490964791,-239.8863312980975,537.6144135023095,0.014354819836495352,-0.010224067972294804,0,438.62890625,0.051842592869470794,0.020453840813317248,0.010563001352839052
37381.80078125,37381.80078125,36987.3515625,37068.9296875,31700,16.84000015258789,17.450000762939453,13.869999885559082,16.43000030517578,0,-0.010224067972294804,44.41336457548407,37352.206317062395,-237.9148192629509,532.3911183414302,0.014362192888481418,0.007118073740580044,1,394.44921875,-0.024346784067522886,-0.011340215315005064,0.01634088638084541
37222.26171875,37397.96875,36829.80859375,37332.7890625,33400,16.43000030517578,17.3799991607666,15.1899995803833,16.280000686645508,0,0.007118073740580044,48.00964818133897,37350.357054723114,-212.6102962238656,534.9460496206137,0.014329120943121706,-0.0206220570598441,0,568.16015625,-0.009129617513337518,-0.008195272704442091,0.01721005285830013
37181.76171875,37188.37890625,36466.01171875,36562.91015625,23600,16.280000686645508,18.270000457763672,16.280000686645508,18.059999465942383,0,-0.0206220570598441,39.89861868708143,37275.36211201139,-251.77674737588677,558.6482849155699,0.015279097930887088,0.004426018725217196,1,722.3671875,0.10933652974333152,-0.023735274187026256,-0.024836185256126075
36575.23828125,36776.30859375,36409.5390625,36724.73828125,25600,18.059999465942383,18.309999465942383,17.1299991607666,17.239999771118164,0,0.004426018725217196,42.11247143318037,37222.92174717697,-266.6840965989686,544.9426596537435,0.014838571632026216,-0.002186983761052641,1,366.76953125,-0.04540419263968298,-0.009285172492208837,-0.02434910568675397
36821.7109375,36898.98828125,36541.87890625,36644.421875,27400,17.239999771118164,17.700000762939453,16.059999465942383,17.270000457763672,0,-0.002186983761052641,41.29937380789623,37167.82652125536,-281.73151547347516,531.5259964641904,0.014504963355058808,0.009205975670751432,2,357.109375,0.001740179062865721,-0.018438675619643186,-0.021558833214030848
36785.58984375,37012.98046875,36727.66015625,36981.76953125,23000,17.270000457763672,17.270000457763672,15.890000343322754,16.270000457763672,0,0.009205975670751432,46.01423923898897,37150.10680792151,-263.3992640592114,519.885467698891,0.014057885122548885,0.004425956074429749,1,285.3203125,-0.05790387802511343,0.011455854394795795,-0.002351299511067162
36969.48046875,37244.078125,36784.46875,37145.44921875,25300,16.270000457763672,16.639999389648438,13.670000076293945,15.850000381469727,0,0.004425956074429749,48.188706032388396,37149.66322800042,-232.97761891630944,515.5800325061131,0.013880032234092957,0.003375140061214088,1,459.609375,-0.025814386261650668,0.011455791305524432,-0.005018104686375535
37251.03125,37343.4609375,37193.5703125,37270.8203125,36700,15.850000381469727,15.850000381469727,14.649999618530273,15.369999885559082,0,0.003375140061214088,49.854765621406266,37161.20199795276,-196.48686816142435,492.8965815235336,0.013224731234536968,-0.0044683498002898725,1,149.890625,-0.030283942230803662,0.01709396425018639,0.019361428103637834
37330.46875,37435.1484375,37048.671875,37104.28125,27500,15.369999885559082,15.369999885559082,14.609999656677246,14.899999618530273,0,-0.0044683498002898725,47.66224362944174,37155.78097433822,-178.94324941431114,485.2951515932812,0.013079222538323155,0.00756535423388649,2,386.4765625,-0.030579067698653595,0.003312759781450625,0.010334803909107126
37175.859375,37413.5,37000.08984375,37384.98828125,34300,14.899999618530273,15.199999809265137,13.890000343322754,14.119999885559082,0,0.00756535423388649,51.53142748905808,37177.61024166315,-140.76642597238242,480.16050906876114,0.012843671514793011,-0.0069995926046937385,0,413.41015625,-0.052348976707432326,0.0064486785740387464,0.02020952626231054
37204.55859375,37302.05859375,37028.94140625,37123.30859375,19900,14.119999885559082,15.3100004196167,14.119999885559082,14.949999809265137,0,-0.0069995926046937385,47.97113510033784,37172.43865614761,-130.12636642703,471.2952494924211,0.012695399934578227,-0.017299609714962805,0,273.1171875,0.05878186476155145,-0.003957833970735791,0.0038272658202684884
37169.4609375,37169.55859375,36419.08984375,36481.08984375,20500,14.949999809265137,16.309999465942383,13.279999732971191,16.020000457763672,0,-0.017299609714962805,40.563976165745814,37106.59591210975,-171.53834123990964,491.23621381439096,0.013465502700669738,0.0022693692226463114,1,750.46875,0.07157195064547173,-0.016795673848284065,-0.017885350398849087
36621.37890625,36712.98828125,36465.921875,36563.87890625,25400,16.020000457763672,16.190000534057617,13.90999984741211,15.350000381469727,0,0.0022693692226463114,41.81131622187248,37054.90857821834,-195.42451206208352,473.7955132740773,0.012958021070163035,-0.012865433600634524,0,247.06640625,-0.04182272516535712,-0.02196361194024543,-0.01896769108709162
36613.9296875,36613.9296875,35987.80078125,36093.46875,31700,15.350000381469727,15.970000267028809,14.180000305175781,15.550000190734863,0,-0.012865433600634524,37.053062088719706,36963.34288029279,-249.43728500467842,484.6764699152146,0.013428370469801816,0.05322714635871617,2,626.12890625,0.013029303211391063,-0.027741057647091893,-0.02724247623042153
36214.921875,38378.01953125,36085.73828125,38014.62109375,61000,15.550000190734863,17.049999237060547,13.829999923706055,15.399999618530273,0,0.05322714635871617,58.04998691701691,37063.46461490776,-135.65807644113374,613.7910970641278,0.016146184794277523,0.028289382487802994,2,2292.28125,-0.009646338930205611,0.04203633325013523,0.016841861973132755
38844.0,39441.12109375,38674.0390625,39090.03125,2800,15.399999618530273,17.639999389648438,14.210000038146973,16.790000915527344,0,0.028289382487802994,65.07321412809044,37256.47096110702,40.81884388861363,671.8417329881187,0.017187034942268527,0.00018187181674345076,1,767.08203125,0.09025982671613386,0.06908874056352365,0.052978108114563716
39135.28125,39306.37109375,38913.05859375,39097.140625,30600,16.790000915527344,18.530000686645508,15.899999618530273,16.729999542236328,0,0.00018187181674345076,65.11479445281529,37431.77283385873,179.186194928865,651.9467877746816,0.01667505033239708,-0.012881276883659587,0,393.3125,-0.003573637285244402,0.08321926318040584,0.07170977600873907
39087.19921875,39087.19921875,38510.96875,38593.51953125,28800,16.729999542236328,17.420000076293945,14.100000381469727,16.170000076293945,0,-0.012881276883659587,59.69338012707454,37542.41537646742,245.3767537076419,647.2485797193473,0.016770913551827173,0.010266458068929785,2,576.23046875,-0.03347277234100432,0.01522831007765002,0.05550944499635868
38700.48046875,39158.0703125,38676.109375,38989.73828125,33200,16.170000076293945,17.010000228881836,13.640000343322754,16.34000015258789,0,0.010266458068929785,62.34933888260618,37680.255653113374,326.0463310561754,641.341594114394,0.01644898433244453,-0.0042874863007323905,1,481.9609375,0.010513300896217936,-0.002565691700489481,0.0802435906426977
39003.12890625,39107.37109375,38782.6015625,38822.5703125,39200,16.34000015258789,16.81999969482422,15.930000305175781,16.110000610351562,0,-0.0042874863007323905,60.53688185000253,37789.04752543591,372.1980271291686,618.7293039097943,0.015937360636592814,-0.003998761190987299,1,324.76953125,-0.014075859246543643,-0.0070227722056080966,0.021253643874483696
38873.12109375,38873.12109375,38401.08984375,38667.328125,49000,16.110000610351562,16.510000228881836,15.800000190734863,15.869999885559082,0,-0.003998761190987299,58.826663907232735,37872.69329682297,391.7311982447136,608.2508714876661,0.015730356892552068,-0.00935978735277565,0,472.03125,-0.014897623569192553,0.0019124608132781162,-0.010813578589809913
38813.48046875,38923.78125,37929.890625,38305.41015625,75400,15.869999885559082,18.219999313354492,14.949999809265137,16.760000228881836,0,-0.00935978735277565,54.930560148277394,37913.9044262922,373.69984251479036,635.7965681671186,0.016598087987406147,-0.0051830553880025665,1,993.890625,0.056080677362361664,-0.017551493166320875,-0.02025034199671727
38137.87109375,38310.9296875,37957.55859375,38106.87109375,59200,16.760000228881836,18.049999237060547,16.420000076293945,17.700000762939453,0,-0.0051830553880025665,52.86221892581555,37932.282204145326,339.47615036154457,615.6233199944672,0.016155178904085805,-0.011377541308320915,0,353.37109375,0.05608594995349425,-0.01843513226942528,-0.012609589470220506
38401.48828125,38403.5390625,37633.359375,37673.30859375,52900,17.700000762939453,17.950000762939453,16.350000381469727,17.579999923706055,0,-0.011377541308320915,48.56195827866808,37907.61805077435,274.2078599239685,626.6630605305767,0.016634139233381272,-0.0037514126121496183,1,770.1796875,-0.006779708139033391,-0.025706961909460868,-0.03376349125516098
37853.80078125,37919.46875,37480.53125,37531.98046875,40400,17.579999923706055,18.43000030517578,16.989999771118164,17.829999923706055,0,-0.0037514126121496183,47.21368219173838,37871.84304296251,208.67282057915872,613.2540919212497,0.01633950791463987,0.017211155444830428,2,438.9375,0.014220705408700463,-0.02019113447278431,-0.03324328691690104
37628.05078125,38209.83984375,37415.828125,38177.94921875,36400,17.829999923706055,18.329999923706055,16.34000015258789,17.15999984741211,0,0.017211155444830428,53.560265220202524,37900.996012085125,206.47993709727598,626.1653509804462,0.016401230652612505,-0.007793786396045221,1,794.01171875,-0.037577121657927814,0.0018652312026650186,-0.012656134519250517
38130.23046875,38130.23046875,37802.9296875,37880.3984375,27300,17.15999984741211,17.540000915527344,15.729999542236328,17.229999542236328,0,-0.007793786396045221,50.54561878063052,37899.03433831511,178.67257361891097,608.2263638568429,0.016056493303795993,0.006512066865056898,1,327.30078125,0.004079236331390401,0.0054969911451938636,-0.011095344417834219
37994.48046875,38345.41015625,37737.8515625,38127.078125,39400,17.229999542236328,18.280000686645508,15.779999732971191,17.139999389648438,0,0.006512066865056898,52.91187641820407,37920.75279418986,174.52817475559277,608.1786659920684,0.015951357824959697,0.002292088177160867,1,607.55859375,-0.005223456470052179,0.01585574885251506,0.0005302726429647908
38208.23828125,38513.69140625,38066.12890625,38214.46875,28500,17.139999389648438,17.959999084472656,17.059999465942383,17.43000030517578,0,0.002292088177160867,53.75604343646285,37948.72574236226,176.263545449503,596.7060827069207,0.015614663823029614,0.007631169640425872,1,447.5625,0.01691954059826206,0.0009565608419863647,0.014364550830552103
38316.48828125,38635.19140625,38238.26953125,38506.08984375,26200,17.43000030517578,17.43000030517578,16.690000534057617,16.850000381469727,0,0.007631169640425872,56.55499643331319,38001.808037732524,198.87768614474044,584.1358379599977,0.015169959877263673,0.0024125648144739387,1,396.921875,-0.0332759560270246,0.016517550819385995,0.025954116005444172
38637.05078125,38666.37890625,38416.671875,38598.98828125,27500,16.850000381469727,16.950000762939453,15.5,16.360000610351562,0,0.0024125648144739387,57.438745961205285,38058.68234663895,221.7396069328097,560.2480660521408,0.014514579034297878,0.011737880516419885,2,249.70703125,-0.029080104452521294,0.012377296647354985,0.011028331042287176
38647.44140625,39104.69140625,38557.4296875,39052.05859375,47100,16.360000610351562,16.360000610351562,15.520000457763672,15.880000114440918,0,0.011737880516419885,61.547035677312955,38153.28960826857,273.2667822575604,559.3204698162735,0.014322432413480727,0.0063074859910055014,1,547.26171875,-0.02933988251852082,0.02191813392015285,0.030930512998250448
39087.828125,39361.05859375,38963.6015625,39298.37890625,42400,15.880000114440918,16.149999618530273,14.989999771118164,15.930000305175781,0,0.0063074859910055014,63.60396793959396,38262.34573188585,330.1724085688911,547.7587956329683,0.013938457790834037,-0.00851279548446704,0,397.45703125,0.00314862659789239,0.0205756820730163,0.030720968898006795
39233.3984375,39426.46875,38924.8515625,38963.83984375,54500,15.930000305175781,17.1200008392334,13.569999694824219,16.809999465942383,0,-0.00851279548446704,58.98876541168306,38329.15469492053,344.30706341601035,544.4629664806133,0.013973544924319053,0.0024378572961729628,1,501.6171875,0.05524162861947235,0.009452360767632673,0.019609616939918917
39063.83984375,39196.671875,38866.078125,39058.828125,41000,16.809999465942383,16.850000381469727,14.829999923706055,16.540000915527344,0,0.0024378572961729628,59.87896333566623,38398.64740254715,359.0349087273862,529.1865938748552,0.013548450357529902,-0.000984092504695444,1,330.59375,-0.01606178221254939,0.00017334633547538836,0.014354567900633386
39223.01171875,39327.1484375,38840.76171875,39020.390625,36600,16.540000915527344,16.780000686645508,14.710000038146973,16.239999771118164,0,-0.000984092504695444,59.31786493396219,38457.86104278075,363.41601364396774,526.1294599373656,0.013483449332777293,0.0009653406372069906,1,486.38671875,-0.018137915828501883,-0.007073784949581996,0.010917445314355678
39201.671875,39241.609375,38718.26953125,39058.05859375,48600,16.239999771118164,16.239999771118164,15.199999809265137,15.319999694824219,0,0.0009653406372069906,59.71624396187617,38515.02271430163,365.7118624259674,525.930201638268,0.013465344171571969,0.019811052516671035,2,523.33984375,-0.056650251801733886,0.002418107413895365,0.0001536410682574374
39293.48828125,39917.01171875,39254.12109375,39831.83984375,50500,15.59000015258789,16.549999237060547,15.5,16.420000076293945,0,0.019811052516671035,66.88913102134651,38640.43386948719,425.06908739846403,549.7175533069632,0.013800958114497419,0.005524004185172515,1,662.890625,0.07180159291004129,0.019790960350272835,0.013574629599165444
40055.62890625,40178.12109375,39805.109375,40051.87109375,37200,16.420000076293945,16.850000381469727,16.25,16.65999984741211,0,0.005524004185172515,68.60122495481345,38774.856462274125,484.28229400201235,537.0957079814658,0.013410002911581285,0.001926993306238911,1,373.01171875,0.014616307551950536,0.026434396279188865,0.027924127970013757
40211.98828125,40392.21875,40054.890625,40129.05078125,87900,16.65999984741211,16.799999237060547,15.5,16.280000686645508,0,0.001926993306238911,69.20277522417383,38903.82734979563,531.3123050845388,523.0422757149325,0.013034005677485902,0.000896618984240094,1,337.328125,-0.022809073484213127,0.027420517712863912,0.027400275625908854
40196.0703125,40283.30078125,40014.23046875,40165.03125,57000,16.280000686645508,16.469999313354492,15.170000076293945,15.729999542236328,0,0.000896618984240094,69.49617649076869,39023.94200695796,564.974575604072,504.90142119958017,0.012570671688437443,0.0034091766703157056,1,269.0703125,-0.03378385265427819,0.008364951444799429,0.029334422507462987
40293.8515625,40483.2109375,40186.2890625,40301.9609375,62600,15.729999542236328,16.360000610351562,13.5,15.930000305175781,0,0.0034091766703157056,70.64244349286963,39145.658095581006,595.8328586253047,491.56415450675297,0.012197028210837364,-0.0013331973804779906,1,296.921875,0.012714607041305781,0.006244148823025375,0.03184752106314481
40445.671875,40466.55078125,40053.55078125,40248.23046875,45400,15.930000305175781,16.34000015258789,13.510000228881836,15.920000076293945,0,-0.0013331973804779906,69.53820549942658,39250.664988263765,608.9332668057687,485.95242918484206,0.01207388308815591,0.005504609237964253,1,413.0,-0.0006277607464066914,0.0029699104558855716,0.01045371307560461
40311.8515625,40606.91015625,40037.53125,40469.78125,37700,15.920000076293945,16.149999618530273,13.380000114440918,15.779999732971191,0,0.005504609237964253,71.51537890174437,39366.77129890531,629.9312755163191,491.9114632609248,0.012155031434990147,0.004545540538349213,1,569.37890625,-0.008793991372602061,0.007587445858143083,0.0104342230422092
40625.640625,40688.26953125,40421.0703125,40653.73828125,30200,15.779999732971191,15.920000076293945,13.529999732971191,15.210000038146973,0,0.004545540538349213,73.07790036781086,39489.33958293813,653.8786378192672,475.8605886530016,0.011705211101643617,-0.008120505523160237,0,267.19921875,-0.03612165427564895,0.00872854162842196,0.013075004012932157
40630.55859375,40749.328125,40263.94140625,40323.609375,42600,15.210000038146973,15.989999771118164,13.710000038146973,15.859999656677246,0,-0.008120505523160237,66.0731538042097,39568.793848848785,638.8541384091077,476.54102651707296,0.011817915953042657,0.0005324114168536731,1,485.38671875,0.04273501754767017,0.0018728501942097964,0.003948163864555765
40316.5,40417.44140625,40150.96875,40345.078125,29500,15.859999656677246,16.770000457763672,15.199999809265137,16.25,0,0.0005324114168536731,66.29938478797524,39642.72568467271,621.5150247583078,461.5361429265677,0.011439713699316767,-0.005676517233166201,1,266.47265625,0.024590186113816248,-0.0030813886595939532,0.0010698533395649967
40346.4296875,40447.171875,40061.23046875,40116.05859375,37700,16.25,16.670000076293945,14.470000267028809,16.459999084472656,0,-0.005676517233166201,61.58188369640906,39687.80500934674,582.5780924847932,456.1365188782415,0.011370422091997508,0.0042482208116665365,1,385.94140625,0.01292302058293271,-0.013225836300224891,-0.003283917664470337
40178.9296875,40348.609375,40026.98828125,40286.48046875,27800,16.459999084472656,16.459999084472656,14.09000015258789,15.649999618530273,0,0.0042482208116665365,63.654372455807,39744.82171976609,559.027789792046,446.52827422622426,0.011083824375589071,0.0017427915440382247,1,321.62109375,-0.04921017685271234,-0.0009207733837690579,-0.004529324735354279
40408.19921875,40650.05859375,40308.08984375,40356.69140625,25800,15.649999618530273,15.649999618530273,12.520000457763672,15.029999732971191,0,0.0017427915440382247,64.50394471896168,39803.09502324075,539.8068833827274,440.6032635672082,0.01091772512101853,-0.0017964802731269547,1,341.96875,-0.03961660707166892,0.00028784877337506565,-0.0073067542508631345
40431.078125,40542.3984375,40221.96875,40284.19140625,28700,15.029999732971191,16.06999969482422,12.670000076293945,15.760000228881836,0,-0.0017964802731269547,62.86973532276679,39848.91372638448,512.8126474964083,432.0194367052648,0.010724292126122656,0.004604977933632348,1,320.4296875,0.048569561469069544,0.004191159809657785,-0.0009775406854932722
40455.359375,40544.12890625,40290.2109375,40469.69921875,39100,15.760000228881836,15.760000228881836,12.609999656677246,15.40999984741211,0,0.004604977933632348,65.2927211549751,39908.036154228816,500.61764262825454,419.7278697977459,0.010371410657860337,0.004495743970484023,1,253.91796875,-0.022208145709815108,0.00454789666081945,0.003088879723169402
40729.80078125,40816.37890625,40575.9609375,40651.640625,32300,15.40999984741211,15.40999984741211,11.609999656677246,15.15999984741211,0,0.004495743970484023,67.53067013397856,39978.855627635596,499.87195164746663,414.510142490764,0.010196639941657065,-0.0018810741417647492,1,240.41796875,-0.016223231828388585,0.007308557973221719,0.013350813864187572
40737.30859375,40744.8515625,40534.12109375,40575.171875,21800,15.15999984741211,15.600000381469727,12.609999656677246,14.979999542236328,0,-0.0018810741417647492,65.61564642462419,40035.647651194115,487.4911031394731,399.95445150928083,0.009857122792761573,-0.005317579908587833,0,210.73046875,-0.01187337117331888,0.007223192487980645,0.007165962449212637
40653.171875,40653.171875,40276.828125,40359.41015625,21700,14.979999542236328,15.880000114440918,12.239999771118164,14.869999885559082,0,-0.005317579908587833,60.41019477251572,40066.48217548515,455.0237929478608,398.26797283004646,0.009868032542798975,0.013127553411925952,2,376.34375,-0.0073431014712049825,-0.0027252256534909813,6.736801024231909e-05
40439.66015625,40931.7109375,40393.8984375,40889.23046875,28600,14.869999885559082,15.210000038146973,13.0,15.0,0,0.013127553411925952,67.2755401068889,40144.839155796086,466.6658535618699,410.69888771718604,0.010044182368045952,-0.0016613100007327741,1,537.8125,0.008742442195118327,0.005844532719889495,0.015019267890930665
41022.8515625,41120.28125,40710.19921875,40821.30078125,32800,15.0,15.130000114440918,13.109999656677246,14.84000015258789,0,-0.0016613100007327741,65.70236975853359,40209.26407250598,465.0501042872347,410.6548265409584,0.010059817268968067,0.00488246552499727,1,410.08203125,-0.01066665649414067,0.0060659978720052354,0.008688020155511733
40979.390625,41075.76171875,40848.69921875,41020.609375,32400,14.84000015258789,14.84000015258789,12.359999656677246,14.619999885559082,0,0.00488246552499727,68.06216906019282,40286.535053695894,474.3837486101038,399.49812018089,0.0097389611287531,0.0026709135156528507,1,227.0625,-0.014824815685089088,0.016382777057201592,0.00907635569751375
41161.5390625,41163.7890625,40996.078125,41130.171875,30900,14.619999885559082,14.619999885559082,12.890000343322754,13.989999771118164,0,0.0026709135156528507,69.3121351162643,40366.881417629615,485.030378793439,382.9418928465407,0.009310486083314981,-0.00817801788604855,0,167.7109375,-0.04309166343176252,0.005892539514387396,0.013678315441516542
41138.26171875,41143.21875,40664.1796875,40793.80859375,46700,13.989999771118164,14.289999961853027,13.140000343322754,13.899999618530273,0,-0.00817801788604855,61.370923151384126,40407.5411486887,461.0119454892847,389.8059763932164,0.00955551810018882,0.00020501349440760208,1,479.0390625,-0.006433177559708958,-0.0006734765177455193,0.010763250399801194
41072.94140625,41093.98828125,40707.62890625,40802.171875,39800,13.899999618530273,15.850000381469727,13.5,14.199999809265137,0,0.00020501349440760208,61.4890678792887,40445.12502738502,437.60754359298153,389.5597905794152,0.009547525846733256,-0.003105782129397938,1,386.359375,0.021582748127196183,-0.005325067163266639,-0.0021291326041593672
40852.609375,40885.03125,40554.0390625,40675.44921875,33700,14.199999809265137,16.34000015258789,12.069999694824219,14.5600004196167,0,-0.003105782129397938,58.566199182710854,40467.060664657874,404.17485108342953,385.37639035945693,0.0094744224774735,0.004298412116107819,1,330.9921875,0.025352155999091686,-0.01105569550333907,-0.003572927851603236
40606.01171875,40886.87109375,40475.828125,40850.2890625,44500,14.5600004196167,15.869999885559082,12.260000228881836,13.319999694824219,0,0.004298412116107819,61.2995668198917,40503.558607309504,387.3225028798406,387.2097173873529,0.009478750977622973,-0.0017306907826730722,1,411.04296875,-0.08516488249010123,0.0013845353179073872,-0.004152066853589931
40988.140625,41002.41015625,40720.171875,40779.58984375,33000,13.319999694824219,15.119999885559082,12.829999923706055,14.3100004196167,0,-0.0017306907826730722,59.58774287242405,40529.847296494314,364.0653407929203,379.71175766325626,0.009311318704237827,-0.008201195929910976,0,282.23828125,0.07432438044102718,-0.000553451696620022,-0.008523719091558024
40952.12890625,40952.12890625,40337.53125,40445.1484375,33100,14.3100004196167,14.720000267028809,11.40999984741211,13.640000343322754,0,-0.008201195929910976,52.166397428458374,40521.78073849486,315.0159381944177,396.4893218480237,0.009803136770797609,0.0010453973253512494,1,614.59765625,-0.04682040926955411,-0.005661911193935554,-0.008546889056674556
40527.23828125,40645.62890625,40336.55859375,40487.4296875,32600,13.640000343322754,15.359999656677246,12.470000267028809,14.600000381469727,0,0.0010453973253512494,52.96396751064028,40518.509209828684,276.36985709081637,390.2451068945934,0.009638673284688083,-0.006114262702293205,0,309.0703125,0.07038123269673702,-0.008882663582743144,-0.007713858675568397
40588.80859375,40588.80859375,40208.69921875,40239.87890625,31400,14.600000381469727,15.65999984741211,11.739999771118164,14.289999961853027,0,-0.006114262702293205,47.925446248038284,40491.972990440234,223.194433709461,389.5211260449796,0.009679977590202931,0.004291548855112959,1,380.109375,-0.021232904898423888,-0.013234829961947692,-0.010708432749138908
40285.19921875,40466.12890625,40135.37109375,40412.5703125,55500,14.289999961853027,14.449999809265137,11.710000038146973,13.380000114440918,0,0.004291548855112959,51.398887097007595,40484.4108306364,192.7652035393403,385.3237465060525,0.009534749795087102,0.0041853468782628855,1,330.7578125,-0.06368088522332693,-0.0008054890699769057,-0.010715193455064664
40561.33984375,40712.6484375,40490.69140625,40581.7109375,41300,13.380000114440918,13.770000457763672,11.829999923706055,13.350000381469727,0,0.0041853468782628855,54.59347267923481,40493.67750748055,180.2205835651621,379.23477354133445,0.009344967592061234,0.010546622853313536,2,221.95703125,-0.0022421324898803663,0.0023286548622054593,-0.004852400600599216
40754.8203125,41055.80078125,40736.69921875,41009.7109375,27900,13.350000381469727,14.670000076293945,12.1899995803833,13.300000190734863,0,0.010546622853313536,61.49123768854955,40542.82354843478,202.4808319208314,386.0101356990963,0.00941265195181178,-0.0017311067519640844,1,319.1015625,-0.0037453325322945874,0.019131072263998128,0.013958719940722286
41168.8515625,41185.03125,40917.9296875,40938.71875,21600,13.300000190734863,14.109999656677246,12.5,13.420000076293945,0,-0.0017311067519640844,59.86671053429057,40580.52785334575,211.95052912916435,377.51666618487513,0.009221506625311158,0.01009931765390193,2,267.1015625,0.009022547657005164,0.013019425229116255,0.011146399412935049
41052.359375,41401.6484375,41005.1796875,41352.171875,19000,13.420000076293945,13.430000305175781,11.960000038146973,12.520000457763672,0,0.01009931765390193,65.57141688702195,40654.01776016997,249.93643259290548,383.6175962788126,0.009276842760240453,0.004991235723335263,2,396.46875,-0.06706405465079668,0.01898542273603465,0.027641558547961687
41442.75,41614.76953125,41358.46875,41558.5703125,24300,12.520000457763672,12.720000267028809,11.390000343322754,12.34000015258789,0,0.004991235723335263,68.01558857826917,40740.16562229664,293.31402225717466,374.9733148481831,0.009022767434696821,0.0027756383733275047,1,256.30078125,-0.014377020654513073,0.013383644079727253,0.028357513296934034
41571.8203125,41719.2890625,41456.3984375,41673.921875,33300,12.34000015258789,12.420000076293945,11.329999923706055,12.119999885559082,0,0.0027756383733275047,69.32622301638294,40829.09478922077,333.1585374100032,366.96740843045575,0.008805684512515196,0.0001827806733152304,1,262.890625,-0.017828222391283455,0.017958625659236116,0.026913871107655307
41746.19921875,41809.9609375,41636.109375,41681.5390625,33600,12.119999885559082,12.729999542236328,11.899999618530273,12.329999923706055,0,0.0001827806733152304,69.4153486425381,40910.27995810451,361.1867105364727,353.17341943542317,0.008473137685867407,-0.0009327608126874498,1,173.8515625,0.017326735984311892,0.007964930802077719,0.016382171676944557
41548.26171875,41701.62109375,41474.609375,41642.66015625,6200,12.329999923706055,14.510000228881836,10.699999809265137,11.960000038146973,0,-0.0009327608126874498,68.32412567735378,40980.030453165986,375.92856635594217,344.1618693864644,0.008264646593063781,-0.004356072278268619,0,227.01171875,-0.030008101204259452,0.002023405596431438,0.017195003354862015
41684.51171875,41702.98046875,41423.0703125,41461.26171875,4400,11.960000038146973,13.3100004196167,10.890000343322754,11.630000114440918,0,-0.004356072278268619,63.32240349634227,41025.86200226922,368.7238365409212,339.57246130528836,0.008190114030025375,-0.007175372568690053,0,279.91015625,-0.027591966777048893,-0.00510295519792614,0.002638068057942755
41543.80078125,41543.80078125,41132.890625,41163.76171875,5600,11.630000114440918,12.350000381469727,10.84000015258789,11.119999885559082,0,-0.007175372568690053,56.07248096179937,41038.99530860072,335.1449304289854,344.66801094419634,0.008373093141951622,0.00999371508028668,2,410.91015625,-0.04385212586959231,-0.01242222229303025,-0.009500052354574073
41297.078125,41611.26953125,41264.921875,41575.140625,6100,11.119999885559082,11.470000267028809,10.430000305175781,10.529999732971191,0,0.00999371508028668,62.4710407026561,41090.05676730542,337.833906134103,352.0137110553252,0.008466927730453712,-0.0004122806259299061,1,346.34765625,-0.05305756822480645,-0.0016214029314327583,-0.002370337265023781
41686.26953125,41714.73046875,41453.37890625,41558.0,5700,10.529999732971191,11.449999809265137,9.619999885559082,11.010000228881836,0,-0.0004122806259299061,62.06537874584384,41134.622789466805,334.72335113231384,345.5378433013734,0.008314592696986704,-0.007321375397035479,0,261.3515625,0.045584093835034256,0.002333220872684061,-0.0029638795802323648
41607.48828125,41607.48828125,41184.73046875,41253.73828125,5600,11.010000228881836,11.789999961853027,10.4399995803833,11.670000076293945,0,-0.007321375397035479,55.21172442544899,41145.96712201759,304.200205391513,351.0535553869896,0.008509618037368142,0.009039237637270991,2,422.7578125,0.059945488981986816,0.0021858197293718185,-0.0093395060147623
41340.26953125,41649.2890625,41328.44921875,41626.640625,5300,11.600000381469727,11.699999809265137,10.729999542236328,11.489999771118164,0,0.009039237637270991,60.90916971008591,41191.745550873056,306.5665863736067,354.23192866291896,0.008509740957817659,-0.0038924892224593277,1,320.83984375,-0.015424190574036767,0.0012387210055286868,0.003988757201163873
41634.51171875,41636.1796875,41348.6796875,41464.609375,8900,11.489999771118164,12.9399995803833,10.6899995803833,12.699999809265137,0,-0.0038924892224593277,57.48720617675559,41217.73258174229,292.00138245502603,349.4653623298533,0.00842803941957679,-0.019003687255886526,0,287.5,0.10530896973457637,-0.00224723579094277,0.007308555964965713
41378.33984375,41378.33984375,40613.9609375,40676.62890625,8700,12.699999809265137,15.100000381469727,12.699999809265137,14.779999732971191,0,-0.019003687255886526,44.41791066531547,41166.19889836207,214.4034060093618,385.26415341343517,0.009471388455060467,0.004740802001917288,2,764.37890625,0.16377952401137952,-0.013989262526113877,-0.02161175416950256
40983.0390625,41230.140625,40727.37109375,40869.46875,11900,14.779999732971191,14.90999984741211,14.460000038146973,14.609999656677246,0,0.004740802001917288,47.5599394602218,41137.938884232346,166.5471623580961,397.28183665176124,0.009720748735001877,-0.0012657484996058121,1,502.76953125,-0.011502035139737465,-0.018189598382946648,-0.016567959237691943
40574.828125,40866.359375,40476.55078125,40817.73828125,18200,14.609999656677246,16.389999389648438,13.789999961853027,15.640000343322754,0,-0.0012657484996058121,46.795724050874945,41107.44358871022,123.0283339292364,396.97013180163543,0.009725431846967064,0.015547487635823254,2,389.80859375,0.07049970642365921,-0.015600559211827902,-0.010568739177708952
41216.671875,41482.12109375,41175.71875,41452.3515625,7800,15.640000343322754,15.640000343322754,13.0,14.0,0,0.015547487635823254,56.11244893882192,41140.29196716639,138.15477473079955,416.0710375658044,0.010037332548877741,0.0035550983706631456,1,306.40234375,-0.10485935468811713,0.01907047553124075,-0.004186959598063922
41568.19921875,41775.109375,41447.80078125,41599.71875,13200,14.0,14.25,13.180000305175781,14.079999923706055,0,0.0035550983706631456,57.95373180525957,41184.04689886483,160.18734843879793,409.73086300753266,0.009849366181292576,0.0062493849492673,2,327.30859375,0.005714280264718097,0.01786786132374174,0.0032584263311898898
41788.2109375,41899.62890625,41720.76171875,41859.69140625,10600,14.079999923706055,14.5,13.579999923706055,14.279999732971191,0,0.0062493849492673,61.05766729728965,41248.393994806276,196.36239901127556,401.88652681056607,0.009600800037206224,0.0022202146475003293,1,178.8671875,0.014204531985003932,0.02552696863850068,0.02908457588082536
41883.08984375,41994.26171875,41770.8984375,41952.62890625,14100,14.279999732971191,14.279999732971191,13.0600004196167,13.90999984741211,0,0.0022202146475003293,62.13384607711241,41315.46398637234,229.88074462776422,389.1348664133828,0.009275577635026596,-0.0019044917942697692,1,223.36328125,-0.025910356616098973,0.01206873253006413,0.026502917443721463
41969.859375,41969.859375,41648.109375,41872.73046875,6100,13.90999984741211,14.460000038146973,13.59000015258789,14.119999885559082,0,-0.0019044917942697692,60.58377791144052,41368.53698469403,247.14816860503925,384.3216616695698,0.009178328171275875,0.0014288087815206296,1,321.75,0.015097055388253011,0.006562826070789285,0.02584641462078796
41924.73828125,42059.44921875,41812.28125,41932.55859375,6600,14.119999885559082,14.369999885559082,12.600000381469727,14.180000305175781,0,0.0014288087815206296,61.36109665675362,41422.253328413644,262.6328877484266,374.52496931817194,0.008931603075944773,0.00030555016029731874,1,247.16796875,0.0042493215370393855,0.0017407483202114271,0.01158455463077801
41929.01953125,42063.9296875,41850.2890625,41945.37109375,9500,14.180000305175781,14.529999732971191,12.5,14.130000114440918,0,0.00030555016029731874,61.53603754856993,41472.074067969486,272.79390260153014,363.0332304383025,0.008654905677837612,-0.009928650686369833,0,213.640625,-0.003526106463947909,-0.00017300018352173208,0.008309006746590075
42263.0,42273.87109375,41503.37109375,41528.91015625,7500,14.130000114440918,15.5,12.470000267028809,15.40999984741211,0,-0.009928650686369833,53.11762390088117,41477.48702875811,244.42409412346024,392.13799969270946,0.009442530473766687,-0.004938765831521197,0,770.5,0.09058738305762826,-0.008211079350475936,-0.007902142583655403
41487.5703125,41532.58984375,41294.30078125,41323.80859375,8900,15.40999984741211,16.040000915527344,15.069999694824219,15.859999656677246,0,-0.004938765831521197,49.52428385129133,41462.85098732876,203.05019823182374,381.1487898932302,0.00922346712134556,-0.005043816012920033,0,238.2890625,0.029201804913755902,-0.01451735883559302,-0.014988817837976343
41467.12890625,41532.2890625,41059.0390625,41115.37890625,7700,15.859999656677246,16.610000610351562,15.359999656677246,16.360000610351562,0,-0.005043816012920033,46.1105089142897,41429.7584081784,151.69392070154572,387.72744775799947,0.009430229224983757,0.006591682685643585,2,473.25,0.031525912011215684,-0.019787456061478803,-0.018086987736928628
41191.5,41413.9609375,41098.91015625,41386.3984375,9900,16.360000610351562,16.709999084472656,15.779999732971191,15.859999656677246,0,0.006591682685643585,50.854323388276924,41425.62888716141,131.34860694476083,382.53625729314234,0.009243042925584175,0.005479891396988679,2,315.05078125,-0.030562404341106686,-0.0034316267442080495,-0.013024727671432923
41377.0390625,41697.03125,41275.6015625,41613.19140625,6600,15.859999656677246,16.219999313354492,14.59000015258789,15.5600004196167,0,0.005479891396988679,54.466494999803196,41443.49198421747,132.0034428823783,385.31435945077504,0.009259428234886681,-0.011007814998567955,0,421.4296875,-0.01891546302362268,0.007002810785058378,-0.007919340772014172
41510.6796875,41516.26953125,41122.48046875,41155.12109375,7000,15.5600004196167,17.34000015258789,14.680000305175781,17.18000030517578,0,-0.011007814998567955,46.959088106387746,41416.02808988723,94.47095673228614,392.84268645429114,0.009545414422652495,-0.0045744421045718076,1,393.7890625,0.10411310037734478,0.0009666015140130657,-0.009000695204705367
41299.6796875,41333.25,40869.75,40966.859375,9800,17.18000030517578,17.610000610351562,16.959999084472656,17.299999237060547,0,-0.0045744421045718076,44.259007359750385,41373.25011704082,48.97054179437691,397.88963742184177,0.009712475974290908,0.005658251200761022,2,463.5,0.0069848038273092605,-0.010137124232580175,-0.008637858679947152
41131.5703125,41334.859375,41108.19140625,41198.66015625,7800,17.299999237060547,17.299999237060547,15.649999618530273,16.5,0,0.005658251200761022,48.20775511624466,41356.622501727405,31.255230113180005,395.7546633202816,0.009606008103645673,-0.006913813281056114,0,226.66796875,-0.046242732505257345,-0.009961534695888341,0.0020255498603063415
41380.140625,41380.140625,40829.91015625,40913.8203125,6700,16.5,17.139999389648438,15.380000114440918,16.799999237060547,0,-0.006913813281056114,44.07580148690047,41314.45086465813,-5.702739282220136,406.7886494224044,0.009942573104035514,-0.004652022954499069,1,550.23046875,0.018181771943063474,-0.005863201828523956,-0.011418682051149376
41146.55859375,41154.48828125,40671.01171875,40723.48828125,11500,16.799999237060547,17.59000015258789,14.899999618530273,17.3700008392334,0,-0.004652022954499069,41.515202782688846,41258.16871385736,-49.77660680815461,412.2663574993755,0.010123552153787182,-0.020901443452522317,0,483.4765625,0.033928668336807855,-0.005940682235907935,-0.02138031462942236
39701.01953125,40014.8984375,39563.0703125,39872.30859375,10600,16.84000015258789,17.030000686645508,15.479999542236328,15.779999732971191,0,-0.020901443452522317,32.43902249796656,41126.182035751895,-151.64053385203442,465.7057583029915,0.011679929623538053,0.023000180948733684,2,451.828125,-0.09153719225337587,-0.03219404605561638,-0.031170179212394844
40178.73828125,40818.94140625,40117.4609375,40789.37890625,15300,15.779999732971191,15.779999732971191,14.3100004196167,14.380000114440918,0,0.023000180948733684,46.10926262281624,41094.105547227904,-156.563750523419,500.05769074563494,0.012259507355945864,0.008661108834532083,2,701.48046875,-0.08871987593289199,-0.0030415494153201994,-0.004332293748109617
40921.7109375,41177.0,40703.3203125,41142.66015625,13900,14.380000114440918,14.529999732971191,13.819999694824219,14.170000076293945,0,0.008661108834532083,50.28266888152225,41098.729795706204,-130.45478922011534,498.173547656661,0.012108442812514233,0.00397084420719418,1,473.6796875,-0.014603618670077978,0.010293123027798057,-0.0013592675050017045
41209.12890625,41405.4296875,41113.109375,41306.03125,15000,14.170000076293945,14.239999771118164,12.649999618530273,13.779999732971191,0,0.00397084420719418,52.12891305259568,41118.47279135323,-95.4799341195685,483.46974514547094,0.011704579949095713,-0.003974714648965483,1,292.3203125,-0.02752295986047415,0.03595785413024055,0.009586270226155547
41394.41015625,41394.41015625,41073.359375,41141.8515625,15300,13.779999732971191,13.989999771118164,12.979999542236328,13.75,0,-0.003974714648965483,50.114833977785665,41120.69934098626,-80.08684682860621,471.8683905815087,0.011469303705611724,-0.003943198047456575,1,321.05078125,-0.002177048878993171,0.008641285199760373,0.01027326731837519
41166.71875,41172.05859375,40798.98046875,40979.62109375,15200,13.75,14.600000381469727,12.970000267028809,14.210000038146973,0,-0.003943198047456575,48.13575415957182,41107.26331743995,-80.05552697867097,464.8119430399724,0.011342514416534298,0.005771637827224119,2,373.078125,0.03345454822887084,-0.003962773964561794,0.027771466941685308
41183.390625,41444.33984375,41179.140625,41216.140625,7700,14.210000038146973,14.210000038146973,11.380000114440918,13.880000114440918,0,0.005771637827224119,51.16377178408641,41117.63258482662,-60.25102002240601,464.8052863942601,0.011277263696842312,0.008485942817456626,2,265.19921875,-0.023223076905008022,-0.002176210647204191,0.010462569673612032
41330.8515625,41671.859375,41330.8515625,41565.8984375,9600,13.880000114440918,13.880000114440918,13.149999618530273,13.619999885559082,0,0.008485942817456626,55.318154754397945,41160.324570795514,-16.147138988038932,464.15624808038444,0.011166756055527267,-0.0025527987843099176,1,341.0078125,-0.018732004808222458,0.010306946792509208,0.010287090811402111
41707.2109375,41709.30078125,41338.30859375,41459.7890625,9100,13.619999885559082,13.670000076293945,11.800000190734863,13.369999885559082,0,-0.0025527987843099176,53.822272328759155,41188.8449985769,10.126631212537177,457.5016723246427,0.011034828750213029,-0.00487341556285803,1,370.9921875,-0.018355359919280834,0.01171723788395962,0.0037224058532614457
41510.19140625,41702.359375,41183.12890625,41257.73828125,9800,13.369999885559082,13.989999771118164,11.899999618530273,13.619999885559082,0,-0.00487341556285803,50.99449917696455,41195.40626359338,14.478079660708318,461.9108720693111,0.011195739061615775,-0.004897187374224621,1,519.23046875,0.018698579068054055,0.0010092564616486221,0.0028167599256916365
41324.0390625,41420.33984375,41030.578125,41055.69140625,6900,13.619999885559082,14.619999885559082,13.380000114440918,14.420000076293945,0,-0.004897187374224621,48.263761451108145,41182.10008670353,1.604642351892835,456.75736111793174,0.011125311630932576,-0.00392911419768327,1,389.76171875,0.05873716574572674,-0.012274654234099236,0.0018562961410983903
41042.4609375,41042.4609375,40610.94921875,40894.37890625,12300,14.420000076293945,14.819999694824219,11.380000114440918,14.510000228881836,0,-0.00392911419768327,46.13939645789068,41154.698069517486,-21.36790417042357,455.8991344309366,0.011148210258336025,0.010481173824221868,2,431.51171875,0.006241342032712538,-0.013637555063236162,-0.0078066920839946485
41121.51171875,41357.16015625,41048.9296875,41323.0,5600,14.510000228881836,14.510000228881836,13.479999542236328,14.020000457763672,0,0.010481173824221868,52.164302554798184,41170.72682480153,-4.930833093370893,456.3907141144411,0.011044471943335216,-0.003699608117755271,1,308.23046875,-0.03376979761467058,0.0015818055343974624,-0.00584369511139593
41334.9609375,41399.9296875,41134.30859375,41170.12109375,8400,14.020000457763672,14.029999732971191,10.15999984741211,13.699999809265137,0,-0.003699608117755271,50.01528233512744,41170.66913612995,-4.192062427951896,442.76431265983814,0.010754505959591501,-0.019598937374087355,0,265.62109375,-0.02282458188660985,0.0027871820831784078,-0.006986720755219666
41037.01171875,41037.01171875,40306.359375,40363.23046875,8100,13.699999809265137,17.3799991607666,12.300000190734863,17.0,0,-0.019598937374087355,40.52565911243247,41093.7702154271,-67.93282401569013,472.8355559519926,0.011714512204816488,-0.0020323261802226433,1,730.65234375,0.24087592968454752,-0.012988299411947346,-0.021680970643669917
40497.71875,40536.0,40220.58984375,40281.19921875,7300,17.0,17.31999969482422,15.619999885559082,16.899999618530273,0,-0.0020323261802226433,39.70095801081824,41016.382501457854,-123.641807322143,461.5908845447074,0.011459214062570588,-0.009737502578310075,0,315.41015625,-0.005882375380572125,-0.025211160400987365,-0.01886442929035892
40194.890625,40255.390625,39760.390625,39888.9609375,9000,16.899999618530273,18.860000610351562,16.5,18.260000228881836,0,-0.009737502578310075,35.93528259277112,40909.00901917615,-197.16908668108226,465.820720916514,0.011677935698710853,-0.0035924922054132447,1,495.0,0.08047341071300185,-0.031118688073144662,-0.024585725364723365
39947.80078125,39947.80078125,39423.26953125,39745.66015625,9600,18.260000228881836,19.15999984741211,16.829999923706055,17.770000457763672,0,-0.0035924922054132447,34.642474486242705,40798.213889373656,-263.9603896781846,470.014330136763,0.011825550973087896,-0.03644098721863209,0,524.53125,-0.026834598300997325,-0.01530031925908748,-0.038170990580306374
39087.46875,39087.46875,38219.96875,38297.2890625,12700,17.770000457763672,23.700000762939453,17.479999542236328,23.239999771118164,0,-0.03644098721863209,24.8942096583972,40560.03057252854,-428.8212369445464,545.4198355734228,0.014241734830977576,-0.004002098712518998,1,867.5,0.3078221256299778,-0.04925151670575223,-0.06977953804673465
38910.94921875,39083.171875,37785.98828125,38144.01953125,13400,23.239999771118164,26.34000015258789,19.920000076293945,25.200000762939453,0,-0.004002098712518998,24.120694402728475,40329.93428288297,-565.325495991463,599.1172468717497,0.015706715082318863,0.01257548872391423,2,1297.18359375,0.08433739290553288,-0.04374497016816403,-0.05498100404074835
38480.890625,38754.23828125,38142.30078125,38623.69921875,10600,25.200000762939453,26.489999771118164,21.540000915527344,24.540000915527344,0,0.01257548872391423,31.313856631036884,40167.43570534649,-627.5657752049592,600.0329792380534,0.01553535760103386,-0.00554630328873329,1,611.9375,-0.02619046934247493,-0.028228514335635557,-0.04114822875552504
38715.71875,38791.69921875,37846.1015625,38409.48046875,15300,24.540000915527344,26.290000915527344,22.43000030517578,24.229999542236328,0,-0.00554630328873329,29.948450945039795,40000.01139709921,-686.2664552131973,624.7161704531924,0.016264634741973722,0.0015915056778685877,1,945.59765625,-0.01263249232785757,0.0029294868904925497,-0.03708997261342861
38604.25,38887.80078125,38386.6796875,38470.609375,13500,24.229999542236328,24.229999542236328,22.1299991607666,23.25,0,0.0015915056778685877,30.874717314997326,39854.354061661186,-719.559936143145,615.8879506886786,0.01600931102195931,-0.023238214724796036,0,501.12109375,-0.04044571030750743,0.008562019623612027,-0.0320802516862837
37613.9609375,37747.0703125,37011.08984375,37576.62109375,19000,23.25,27.549999237060547,23.25,25.639999389648438,0,-0.023238214724796036,25.55322178707884,39637.427112336314,-808.7597634541526,676.1473493002015,0.017993830462118453,-0.05167233823806883,0,735.98046875,0.10279567267305101,-0.027109731749663468,-0.01881772800090087
36950.19921875,36950.19921875,35109.1796875,35634.94921875,18800,25.639999389648438,34.349998474121094,21.43000030517578,30.799999237060547,0,-0.05167233823806883,18.21141320465236,39256.23874151857,-1024.3202362652883,804.0969247966158,0.02256483992331677,0.0017524711026426498,1,1841.01953125,0.20124804876147318,-0.07223558392718599,-0.0657788650313691
35468.8984375,36021.51171875,35261.921875,35697.3984375,27900,30.799999237060547,33.2400016784668,29.649999618530273,31.559999465942383,0,0.0017524711026426498,19.017321053250257,38917.30156970728,-1176.551777441935,800.9178475790004,0.022436308600506834,-0.08177788691271493,0,759.58984375,0.024675332717779996,-0.07208648322847111,-0.07576438405540964
34472.5,34472.5,32493.099609375,32778.140625,25200,31.559999465942383,42.33000183105469,29.809999465942383,41.15999984741211,0,-0.08177788691271493,12.711713846461578,38332.61957497325,-1515.2887730653238,972.5879176180003,0.029671845293024468,0.04043364933089455,2,1979.400390625,0.3041825267402003,-0.12769856174077654,-0.14661327815489889
31214.130859375,34769.48046875,29388.970703125,34103.48046875,32600,41.15999984741211,59.47999954223633,41.15999984741211,51.470001220703125,0,0.04043364933089455,24.888278471727702,37929.84442199961,-1657.6876422367568,1287.4394781899286,0.03775097029670173,-0.07956402452049949,0,5380.509765625,0.25048594294247173,-0.04297659414634969,-0.11351857891515393
33103.23828125,33103.23828125,31276.30078125,31390.0703125,18100,51.470001220703125,59.869998931884766,51.470001220703125,58.880001068115234,0,-0.07956402452049949,19.034016752594383,37307.008792523455,-1966.817052003702,1397.4209217120767,0.04451792900749262,-0.025835573500676556,0,1826.9375,0.1439673532479253,-0.1206622418869372,-0.1646382937362878
31611.5703125,32047.98046875,30394.939453125,30579.08984375,21500,58.880001068115234,63.439998626708984,57.25,62.93000030517578,0,-0.025835573500676556,17.694365075036004,36666.254606925984,-2251.29218762448,1415.6794998487142,0.04629567155472621,-0.055906833292306723,0,1653.041015625,0.06878395318599462,-0.06708894218279049,-0.14187923613876696
30968.83984375,31101.76953125,28613.05078125,28869.509765625,31300,62.93000030517578,64.58000183105469,61.150001525878906,63.959999084472656,0,-0.055906833292306723,15.256643118086672,35923.70747918304,-2584.8925743273794,1492.325160573806,0.051692085272286865,-0.020134713114080327,1,2488.71875,0.016367372863530072,-0.15347321244589796,-0.19127132426273186
27773.359375,29370.529296875,26714.4609375,28288.23046875,33200,63.959999084472656,73.33999633789062,63.099998474121094,72.19999694824219,0,-0.020134713114080327,14.52396299523312,35196.51919247513,-2863.172791872923,1575.449674773891,0.0556927615714348,0.05754090806592349,2,2656.068359375,0.12883048751903314,-0.09881595717594815,-0.1369787935080592
28460.8203125,30418.19921875,27932.669921875,29915.9609375,32100,72.19999694824219,72.97000122070312,65.37999725341797,67.0999984741211,0,0.05754090806592349,25.33690191945982,34693.60888247749,-2918.7224087747236,1640.4553620668273,0.05483545607958385,-0.1315258002691394,0,2485.529296875,-0.07063710096521358,-0.02168569796022024,-0.12278862666486912
27608.80078125,27900.830078125,25880.830078125,25981.240234375,21800,67.0999984741211,73.37000274658203,66.31999969482422,71.98999786376953,0,-0.1315258002691394,19.060075823457296,33863.859487420115,-3242.863248376998,1811.5036118745538,0.06972352341663073,0.02666497273611257,1,2020.0,0.07287629658493056,-0.10004567291575794,-0.1723102249940206
27056.23046875,27462.869140625,25638.900390625,26674.029296875,24700,71.98999786376953,86.63999938964844,71.98999786376953,83.61000061035156,0,0.02666497273611257,22.6915690670629,33179.11375498725,-3404.5988157477004,1812.3939788835144,0.06794601440644911,0.06979635432199638,2,1823.96875,0.1614113500679799,-0.05706264213515255,-0.1277036225351602
26499.810546875,28790.189453125,26359.91015625,28535.779296875,141500,83.61000061035156,84.5999984741211,75.97000122070312,77.62999725341797,0,0.06979635432199638,31.576114324462708,32736.891425643225,-3344.0001996905885,1856.5286444543347,0.06505967911861606,0.04944635363539973,2,2430.279296875,-0.07152258477789342,-0.04613529358152513,-0.011559963139636475
29073.7109375,30099.91015625,28566.33984375,29946.76953125,35000,77.62999725341797,79.41000366210938,70.68000030517578,71.52999877929688,0,0.04944635363539973,37.443790022370706,32471.16553093911,-3145.856761579562,1835.6430883772393,0.06129686497442445,-0.004380428659028213,1,1533.5703125,-0.0785778525047226,0.15263048496154275,0.05863000389268569
30747.810546875,31126.029296875,29346.990234375,29815.58984375,116900,71.52999877929688,73.02999877929688,65.62999725341797,70.38999938964844,0,-0.004380428659028213,37.12503829497281,32218.25356073062,-2965.2304331554915,1831.5999436717223,0.06143094781187653,-0.04612585357046983,0,1779.0390625,-0.015937360675286172,0.11777600271448496,-0.0033551017786022097
29226.55078125,29497.5703125,28290.990234375,28440.3203125,23200,70.38999938964844,73.36000061035156,70.27999877929688,71.88999938964844,0,-0.04612585357046983,33.86974184123102,31858.450394232466,-2899.6303899240265,1809.6713483648134,0.0636304840620741,0.036151840435605154,2,1206.580078125,0.02130984533323632,-0.003345238389387717,0.09464829453643508
29294.939453125,29770.880859375,28667.359375,29468.490234375,26400,71.88999938964844,71.88999938964844,63.61000061035156,64.41000366210938,0,0.036151840435605154,38.230476322948,31630.83514091271,-2733.170870662354,1775.449148258398,0.060249070588195126,-0.04082936309022345,0,1103.521484375,-0.1040477923361357,-0.01597098132324115,0.10476336013574761
29505.330078125,29505.98046875,28073.4296875,28265.310546875,18000,64.41000366210938,64.41000366210938,59.779998779296875,60.04999923706055,0,-0.04082936309022345,35.29721880217217,31310.308989099594,-2667.586768013891,1750.9564077577982,0.06194718451276252,-0.023858267079947426,1,1432.55078125,-0.0676914171270836,-0.05199559374807983,-0.009478232473911108
28623.529296875,28639.119140625,27500.7890625,27590.94921875,18900,60.04999923706055,60.59000015258789,54.900001525878906,55.29999923706055,0,-0.023858267079947426,33.7349099678642,30956.0842490663,-2639.598568262092,1707.1973842125983,0.0618752682510987,0.08974905861764282,2,1138.330078125,-0.07910075038050102,-0.029865032616270715,-0.0786669263287868
28898.359375,30157.650390625,28602.310546875,30067.2109375,21900,55.29999923706055,55.29999923706055,49.939998626708984,51.79999923706055,0,0.08974905861764282,43.60566649477935,30871.42964796475,-2390.0530488039876,1768.59051190277,0.05882123604943263,-0.005762090815810361,1,1555.33984375,-0.06329114011369452,0.02031731854476182,0.008439245880045743
29701.919921875,31227.970703125,29602.939453125,29893.9609375,24700,51.79999923706055,53.72999954223633,46.97999954223633,52.2400016784668,0,-0.005762090815810361,43.12169161618127,30778.33738982525,-2181.1236184729496,1758.336278909715,0.05881911341845631,0.04233825707376626,2,1625.03125,0.008494255750711499,0.05762011310380122,0.051111963895888346
30571.189453125,31225.19921875,30420.220703125,31159.619140625,18800,52.2400016784668,52.2400016784668,46.900001525878906,49.75,0,0.04233825707376626,47.68939130366741,30814.649937520466,-1891.6121725970916,1727.829279076878,0.05545091136316826,-0.015070775007090864,1,804.978515625,-0.04766465540703013,0.12934204958232587,0.05738770099179691
31195.720703125,31195.720703125,30474.150390625,30690.01953125,16100,49.75,52.4900016784668,43.63999938964844,51.459999084472656,0,-0.015070775007090864,46.2066965072414,30802.780375018516,-1680.6910693385435,1655.953638607101,0.053957399307645676,-0.01010781319507248,1,721.5703125,0.034371840893922645,0.020713879815611014,0.0857839145391266
31277.109375,31568.359375,30222.0703125,30379.810546875,23600,51.459999084472656,51.459999084472656,44.650001525878906,49.7400016784668,0,-0.01010781319507248,45.20682246355759,30762.497534242942,-1521.0323339796996,1633.8347403137366,0.05378028074904503,0.007333779378947414,1,1346.2890625,-0.03342396884194354,0.01625243340589022,0.10107884676290046
30095.509765625,30800.19921875,30016.169921875,30602.609375,16900,49.7400016784668,49.7400016784668,42.2599983215332,46.099998474121094,0,0.007333779378947414,46.10881168511223,30747.27009050552,-1360.8367535036268,1573.134351496684,0.0514052358156692,0.03222311261243549,2,784.029296875,-0.07318060075421184,-0.017876013282164482,0.01780672103617853
31656.6796875,31718.73046875,30960.939453125,31588.720703125,22200,46.099998474121094,46.099998474121094,40.310001373291016,42.59000015258789,0,0.03222311261243549,50.02970063130263,30827.40824408833,-1141.1551328983987,1540.490547371921,0.04876710778665765,0.0018765969483891531,1,757.791015625,-0.0761387947442903,0.02928317367018618,0.05669237907844571
32056.189453125,32056.470703125,31490.259765625,31648.0,17200,42.59000015258789,44.040000915527344,40.29999923706055,43.459999084472656,0,0.0018765969483891531,50.26396150109098,30905.55983988944,-951.3064533812176,1470.8991466667835,0.046476843613080875,-0.031954280286274006,0,566.2109375,0.020427305207039392,0.04174448195350755,0.015673518253574104
30836.189453125,30900.119140625,30378.259765625,30636.7109375,19700,43.459999084472656,45.959999084472656,36.220001220703125,45.20000076293945,0,-0.031954280286274006,46.278116340323855,30879.955182519017,-872.3961430372001,1456.5306529316563,0.04754200461998129,0.02424672300056696,2,521.859375,0.040036854926866816,0.0011143351235878285,-0.0017370009717888601
30856.140625,31471.140625,30578.55078125,31379.55078125,21000,45.20000076293945,45.43000030517578,40.470001220703125,42.81999969482422,0,0.02424672300056696,49.44912171520826,30927.53571573149,-741.3721101547126,1416.249166561538,0.045132869378352584,0.015409057326719822,1,892.58984375,-0.052654889998733245,-0.0066216648607205775,0.03290804703447492
31646.44921875,31959.01953125,31292.919921875,31863.080078125,24400,42.81999969482422,42.81999969482422,37.0,39.22999954223633,0,0.015409057326719822,51.45765389838959,31016.635178816585,-591.6971306794912,1362.6670553339281,0.042766331817037415,-0.016817563577850247,1,666.099609375,-0.08383933157808554,0.0067960085352944954,0.04118834076138311
31426.619140625,31842.240234375,31278.26953125,31327.220703125,17600,39.22999954223633,39.95000076293945,34.97999954223633,39.119998931884766,0,-0.016817563577850247,49.12799748094446,31046.21475256024,-510.43403843332635,1307.1058761582904,0.04172428472175005,0.013274697393073076,1,563.970703125,-0.002803992139564837,0.022538638923534027,-0.008278271299987483
31659.0390625,32103.69921875,31651.580078125,31743.080078125,12900,39.119998931884766,40.16999816894531,35.209999084472656,38.040000915527344,0,0.013274697393073076,50.98268915258625,31112.582878804504,-407.77549421273216,1269.203921834484,0.039983641118340185,0.011701430743671581,1,452.119140625,-0.027607312010358154,0.011584910804147475,0.003004299738530003
32101.91015625,32199.91015625,31661.33984375,32114.51953125,15600,38.040000915527344,41.90999984741211,35.06999969482422,35.349998474121094,0,0.011701430743671581,52.64342068261259,31208.00541713265,-293.0674989847721,1217.0158068820208,0.03789612376725011,0.018858778952326016,1,538.5703125,-0.07071509928140496,0.007891247566415238,0.04823652893957142
32311.0390625,32897.58984375,32171.650390625,32720.16015625,16000,35.349998474121094,35.349998474121094,31.479999542236328,33.84000015258789,0,0.018858778952326016,55.302578257320214,31352.020154191447,-151.54354974366288,1186.019700140448,0.03624736842597337,0.03048459826409111,2,725.939453125,-0.04271565450387893,0.04446418871068403,0.04272238899611791
33381.19140625,33887.25,33354.9296875,33717.62109375,21100,33.84000015258789,34.25,32.529998779296875,33.9900016784668,0,0.03048459826409111,59.35094444938452,31577.31548176845,40.63356276425475,1184.6675675411304,0.035134968871238785,-0.059383533577525904,0,532.3203125,0.004432669184472049,0.0622038255508075,0.058203444584699726
32748.140625,32748.140625,31632.01953125,31715.349609375,18300,33.9900016784668,43.91999816894531,33.9900016784668,43.66999816894531,0,-0.059383533577525904,49.63290307393592,31590.46158915955,31.011255431261816,1249.0199957524783,0.03938219225504833,-0.00825593433384697,1,1116.12109375,0.28478952669810975,-0.01242957788879806,0.012389509747070537
32182.900390625,32264.0,31403.5703125,31453.509765625,19200,43.66999816894531,43.869998931884766,38.150001525878906,43.61000061035156,0,-0.00825593433384697,48.51419343715229,31577.418558346733,2.2314971312698617,1221.2635451630156,0.03882757613580261,0.007383603168788833,1,860.4296875,-0.0013738850723473695,-0.03871161952069635,-0.0091223130139646
31577.630859375,31970.83984375,31158.75,31685.75,19200,43.61000061035156,43.630001068115234,40.20000076293945,41.25,0,0.007383603168788833,49.5992958185971,31587.735838504188,-1.8158902149480127,1192.036852204943,0.03762059765683132,-0.007649152714548357,1,812.08984375,-0.054116041672133686,-0.06026140124478219,-0.013351267199646966
31677.689453125,31705.25,31362.869140625,31443.380859375,19900,41.25,41.720001220703125,39.65999984741211,39.93000030517578,0,-0.007649152714548357,48.45162822864024,31573.98774525379,-24.300516701707238,1131.3471384313757,0.035980454630217,0.006338960821879125,1,342.380859375,-0.0319999926017992,-0.00857530354701208,-0.03902118115491915
32083.3203125,32088.509765625,31598.0,31642.69921875,15900,39.93000030517578,39.93000030517578,36.54999923706055,38.40999984741211,0,0.006338960821879125,49.486771346469496,31580.531695110574,-25.739708025215805,1096.6172647041346,0.03465624904889056,-0.0025749546542072066,1,490.509765625,-0.03806662775223291,0.0060148916459479285,-0.06153820488197537
32030.33984375,32301.580078125,31500.869140625,31561.220703125,18100,38.40999984741211,38.4900016784668,36.95000076293945,38.040000915527344,0,-0.0025749546542072066,49.05312804520699,31578.69255301671,-33.0736602171346,1075.4810984752678,0.03407602984027738,-0.006023263937987577,1,800.7109375,-0.009632880326858273,-0.0039301356879669624,-0.004859757440745294
31342.9296875,31536.890625,30844.66015625,31371.119140625,23100,38.040000915527344,38.810001373291016,35.2400016784668,38.209999084472656,0,-0.006023263937987577,47.99636139792328,31558.923656598454,-53.60752335647703,1049.843916218106,0.0334653000905721,0.02032092739558866,2,692.23046875,0.004468931778493168,-0.0022981535946524634,-0.0026194413791634785
32841.87109375,32845.48046875,31901.919921875,32008.609375,18400,38.209999084472656,39.04999923706055,33.439998626708984,38.84000015258789,0,0.02032092739558866,51.750238861125915,31601.75086787479,-18.230474089788913,1080.1665884971699,0.033746126732416656,-0.02767126617789839,0,943.560546875,0.016487858759757223,0.011563809829256977,0.010189418745019552
31466.330078125,31630.939453125,31052.650390625,31122.890625,15200,38.84000015258789,38.84000015258789,35.79999923706055,38.18000030517578,0,-0.02767126617789839,46.70568155530517,31556.145130458146,-60.96128478865285,1071.2946167741577,0.03442143693149189,-0.0008084132207755168,1,578.2890625,-0.016992786941792404,-0.013888248564530303,-0.010192613695338193
31296.279296875,31296.279296875,30770.48046875,31097.73046875,13000,38.18000030517578,38.459999084472656,34.060001373291016,38.02000045776367,0,-0.0008084132207755168,46.5668176293866,31512.486591247845,-95.75220267478653,1032.3306318706466,0.033196333504402584,-0.034367459743532836,0,525.798828125,-0.004190671716427952,-0.008714661107546151,-0.017222574668253277
31248.259765625,31248.259765625,29968.44921875,30028.98046875,19500,38.02000045776367,41.25,27.940000534057617,40.91999816894531,0,-0.034367459743532836,40.99159719667417,31371.2002938671,-207.17526138700123,1050.0077686566717,0.0349664807884295,0.00556760337897555,1,1279.810546875,0.0762755832789439,-0.061846763883349753,-0.04854819301153601
30450.740234375,30739.9609375,30116.8203125,30196.169921875,18700,40.91999816894531,40.91999816894531,37.95000076293945,39.45000076293945,0,0.00556760337897555,42.15825714075966,31259.29263939166,-278.7745075773455,1025.7915329490522,0.03397091537115568,0.020613192160972904,2,623.140625,-0.03592369188133193,-0.02977617710035574,-0.03745321336746521
30159.58984375,30878.310546875,30157.75,30818.609375,16100,39.45000076293945,39.45000076293945,34.099998474121094,35.810001373291016,0,0.020613192160972904,46.40655556168921,31217.322804687694,-282.0405759093592,1003.9893196580485,0.03257737256868192,0.003708506579070736,1,720.560546875,-0.0922686772941197,-0.008975609780607186,-0.03717749765566003
30904.2890625,31188.7890625,30765.3203125,30932.900390625,15500,35.810001373291016,35.810001373291016,32.58000183105469,32.9900016784668,0,0.003708506579070736,47.17378072496513,31190.234955729342,-272.2680917217949,962.5235646824736,0.031116499019735983,-0.00841532942555534,1,423.46875,-0.07874894126442344,0.030101585460607705,-0.006104517625441508
30822.779296875,31107.91015625,30474.880859375,30672.58984375,20600,32.9900016784668,34.36000061035156,26.34000015258789,32.380001068115234,0,-0.00841532942555534,45.573529427633474,31140.93542125512,-282.2743304512369,938.9882598390826,0.030613269522476127,-0.002063375242273402,1,633.029296875,-0.01849046921236508,0.015777495063367786,-0.013671114212891577
30864.26953125,31086.69921875,30512.140625,30609.30078125,188300,32.380001068115234,33.209999084472656,30.969999313354492,31.469999313354492,0,-0.002063375242273402,45.17231052093177,31090.30355077844,-291.945874835259,912.9575694041481,0.029826149114892175,0.032536513296803626,2,574.55859375,-0.028103821023552245,-0.006791630057123577,0.01932534183449608
30793.109375,31660.599609375,30525.6796875,31605.220703125,20500,31.469999313354492,32.02000045776367,28.860000610351562,31.270000457763672,0,0.032536513296803626,52.29027876604485,31139.34327957335,-216.7496736778885,928.8120231520661,0.02938793030039587,0.01883768337571312,2,1134.919921875,-0.0063552227503846925,0.021734797061052857,0.04666322864441308
31827.80078125,32267.23046875,31641.76953125,32200.58984375,27500,31.270000457763672,31.270000457763672,29.200000762939453,30.020000457763672,0,0.01883768337571312,55.97028504371562,31240.414380923507,-107.87135473062881,909.7547190429899,0.028252734606958433,0.006941169919854273,1,625.4609375,-0.03997441578833272,0.04981646505182069,0.04484240193754685
32041.2890625,32480.51953125,31823.80078125,32424.099609375,37100,30.020000457763672,30.56999969482422,27.40999984741211,30.219999313354492,0,0.006941169919854273,57.30180019257002,31353.146307442694,-3.508686448811204,891.680721254205,0.027500554587378188,0.02712241611855659,2,656.71875,0.006662186960063821,0.0592891304866614,0.048207546008260715
32906.05078125,33673.828125,32876.55078125,33303.51953125,22900,30.219999313354492,32.16999816894531,28.829999923706055,30.739999771118164,0,0.02712241611855659,62.15168345428113,31538.89613828148,148.45007804063425,917.2555637092618,0.027542301132724573,0.015674370940289784,2,797.27734375,0.017207163123060587,0.05373475616821355,0.08577461834498767
33450.19140625,33866.62890625,33301.2890625,33825.53125,75600,30.739999771118164,30.920000076293945,27.899999618530273,30.1200008392334,0,0.015674370940289784,64.71378001592058,31756.670910826102,307.4563117940088,892.1187265693145,0.026374123143130663,0.008396255786817797,1,565.33984375,-0.0201691261060869,0.050463094438172096,0.10507363404786196
34185.41015625,34488.69140625,34027.5,34109.5390625,18400,30.1200008392334,30.399999618530273,29.34000015258789,30.040000915527344,0,0.008396255786817797,66.05993872691977,31980.7535919379,451.18596360313677,875.7645429750777,0.02567506237391207,-0.003777237901512631,1,461.19140625,-0.0026560398896752213,0.051981071901150866,0.07923748999883995
34072.5,34310.140625,33711.23828125,33980.69921875,17900,30.040000915527344,30.270000457763672,28.450000762939453,29.690000534057617,0,-0.003777237901512631,64.85125110798293,32171.224604015246,548.3751224865991,855.9886716018578,0.02519043725649816,0.009020975717028756,1,598.90234375,-0.011651144167869054,0.020333577262444447,0.05528188718398619
34198.55078125,34405.4296875,33958.01953125,34287.23828125,24600,29.690000534057617,29.690000534057617,25.920000076293945,28.68000030517578,0,0.009020975717028756,66.42526589385112,32372.749716132843,642.724444290041,826.804491933868,0.024114059147948542,0.002430637401192426,1,447.41015625,-0.03401819503921055,0.013649660897787186,0.057461539235350134
34841.171875,34927.80078125,34211.828125,34370.578125,25700,28.68000030517578,30.149999618530273,27.799999237060547,29.649999618530273,0,0.002430637401192426,66.85978195945242,32563.019088405905,715.9685506825917,818.8879322421632,0.023825259187203827,-0.012041889934023331,0,715.97265625,0.03382145408064874,0.0076529636481363905,0.03204041521043255
34520.7890625,34811.2890625,33881.19140625,33956.69140625,19200,29.649999618530273,30.34000015258789,27.239999771118164,30.209999084472656,0,-0.012041889934023331,62.53159273753839,32695.749785343436,732.1777442159837,826.8314839570087,0.024349589130018237,0.008550873567928274,1,930.09765625,0.018886997407999928,-0.0007065131987263884,0.003877549040711692
34029.140625,34350.171875,33949.4609375,34247.05078125,15500,30.209999084472656,30.209999084472656,28.729999542236328,29.440000534057617,0,0.008550873567928274,64.27865403755355,32843.492737334534,759.6959201271457,796.3943020672224,0.023254390784015838,-0.020693159595745247,0,400.7109375,-0.025488201713015024,-0.0011720833177157886,0.0040314739667994814
34214.69140625,34219.390625,33480.421875,33538.37109375,20900,29.440000534057617,30.420000076293945,28.389999389648438,29.65999984741211,0,-0.020693159595745247,57.260874752763314,32909.671628421725,716.0653886315959,794.2682023659921,0.02368237265148536,0.007231106441397683,1,738.96875,0.007472802627839226,-0.02421277373407582,-0.013017040118937007
32436.689453125,33856.26953125,32348.099609375,33780.890625,23000,29.65999984741211,32.880001068115234,29.65999984741211,30.81999969482422,0,0.007231106441397683,58.91400897445984,32992.64486619108,693.0679218486839,845.2611823309213,0.02502187380771348,-0.016343258970840102,0,1508.169921875,0.03910990739648712,-0.005177205845727451,-0.014767816879754259
33670.55078125,33670.55078125,32923.73828125,33228.80078125,18400,30.81999969482422,33.779998779296875,29.920000076293945,32.58000183105469,0,-0.016343258970840102,53.811268955139944,33015.135905720505,623.1103985504087,846.1105510037127,0.025463168429513322,0.011328063604462146,1,746.8125,0.057105845349052275,-0.02973248722945465,-0.03321961415945773
33853.71875,34022.01171875,32953.30078125,33605.21875,27400,32.58000183105469,35.310001373291016,30.40999984741211,32.970001220703125,0,0.011328063604462146,56.57305132566838,33071.33427184236,591.2270442021836,862.0105786105903,0.025651092618184202,-0.0028952906310124593,1,1068.7109375,0.01197051466328336,0.0019931694375716624,-0.010350615495634208
33438.30859375,33933.66015625,33332.9609375,33507.921875,20200,32.970001220703125,34.02000045776367,29.049999237060547,33.349998474121094,0,-0.0028952906310124593,55.64684614557294,33112.914043571654,551.748003966939,843.3454814776909,0.02516854028201923,0.020894429349029853,2,600.69921875,0.011525545627804057,-0.008080566999556393,-0.021582264439969467
33371.51953125,34276.01171875,33371.51953125,34208.05078125,21200,33.349998474121094,33.41999816894531,31.219999313354492,31.459999084472656,0,0.020894429349029853,60.64042388305666,33217.2127804934,570.3801444069322,847.7131033364273,0.024781099301953588,0.015308667858591862,2,904.4921875,-0.05667164845944561,0.029469916968913434,0.019967567465576597
34335.37890625,34848.37109375,34136.390625,34731.73046875,27900,31.459999084472656,31.90999984741211,29.68000030517578,29.969999313354492,0,0.015308667858591862,63.913143254923376,33361.45256032736,620.252934416545,838.0179151516825,0.02412830872062917,0.005170771548846043,1,711.98046875,-0.047361723282870805,0.033521927862766754,0.028147269836820588
34892.03125,35213.51953125,34794.3984375,34911.3203125,25100,29.969999313354492,30.979999542236328,29.969999313354492,30.459999084472656,0,0.005170771548846043,64.98830119220224,33509.059012915226,666.5849034763087,812.5729971051338,0.023275344210175634,0.01486937103361674,2,419.12109375,0.016349675753907,0.04188258653387478,0.05063437414808525
35015.73046875,35482.16015625,34843.69140625,35430.4296875,25200,30.459999084472656,31.149999618530273,29.239999771118164,29.34000015258789,0,0.01486937103361674,67.95982912094226,33692.046696209014,736.6989045518931,800.1369794547671,0.02258332700201654,-0.015846525816989532,0,638.46875,-0.03676949985384925,0.0357336614724626,0.054313318150919665
35679.73828125,35706.55078125,34794.9296875,34868.98046875,26600,29.34000015258789,30.530000686645508,27.790000915527344,29.579999923706055,0,-0.015846525816989532,61.84598404207737,33804.1356269272,738.4481254994025,808.1001304758553,0.023175330038688238,-0.0007708543779789689,1,911.62109375,0.008179951256646278,0.0039517178714574275,0.040619009404026185
34525.390625,35081.609375,34499.78125,34842.1015625,24600,29.579999923706055,31.290000915527344,29.059999465942383,29.729999542236328,0,-0.0007708543779789689,61.56045534135162,33902.98952555318,729.2590482446103,791.9378443704371,0.022729336316004177,0.009447420046105215,1,581.828125,0.005070981031682242,-0.0019827021544990275,0.018535133302524542
35144.78125,35254.87890625,34910.33984375,35171.26953125,24800,29.729999542236328,30.06999969482422,28.31999969482422,28.739999771118164,0,0.009447420046105215,63.76661927670534,34023.77809752431,740.007397780093,764.8549514689773,0.02174658355136702,-0.005963674407989061,1,344.5390625,-0.03329969008952416,-0.007314620752156276,0.012655259515372386
34926.94921875,35032.359375,34662.05859375,34961.51953125,18300,28.739999771118164,30.450000762939453,27.979999542236328,28.90999984741211,0,-0.005963674407989061,61.35034815578354,34113.086805498184,723.26314288305,746.5946647569075,0.021354754449089988,-0.0013076877267629294,1,370.30078125,0.0059151036063953555,0.0026539078933762728,0.0014379066245748806
35168.30078125,35233.91015625,34812.80078125,34915.80078125,18500,28.90999984741211,29.6299991607666,28.40999984741211,29.1200008392334,0,-0.0013076877267629294,60.80946863162413,34189.535755569785,698.2550298681745,723.345715488557,0.020716858823326717,0.014281454995807463,2,421.109375,0.0072639568637038465,0.0021152345996637845,-0.014525054050686936
35009.58984375,35467.23046875,34927.19921875,35414.44921875,19400,29.1200008392334,29.15999984741211,27.940000534057617,28.1200008392334,0,0.014281454995807463,64.48699449705968,34306.19418063457,710.4826795873669,711.06599920366,0.02007841474002622,0.01212075888427866,2,540.03125,-0.034340658350967446,0.006914157229494622,0.01564338109882102
35604.0,36014.921875,35595.359375,35843.69921875,20600,28.1200008392334,28.1200008392334,26.31999969482422,26.510000228881836,0,0.01212075888427866,67.32907598773028,34452.62323188366,746.2082435600969,703.16647470697,0.01961757547444044,0.004958267704607611,1,419.5625,-0.0572546430405958,0.025232876011337835,0.028746763580070667
36025.37890625,36110.2109375,35872.37890625,36021.421875,16500,26.510000228881836,26.780000686645508,25.6299991607666,25.770000457763672,0,0.004958267704607611,68.45471898351754,34602.03262646617,779.8718660480226,671.9768492814721,0.0186549229403919,0.012932842479583595,2,237.83203125,-0.027913985844178035,0.03166535118804226,0.02417178438766987
36313.4609375,36661.66015625,36254.01953125,36487.28125,22300,25.770000457763672,26.18000030517578,24.540000915527344,25.200000762939453,0,0.012932842479583595,71.25087039063897,34781.58011442178,834.52164160354,669.7098087077956,0.018354609764403743,0.005131604077790897,1,407.640625,-0.022118730488904448,0.03029362463392471,0.04364117290114389
36660.3515625,36723.26953125,36271.08984375,36674.51953125,20600,25.200000762939453,25.649999618530273,24.239999771118164,25.100000381469727,0,0.005131604077790897,72.31311578676372,34961.860058881604,882.7645862940117,654.1719429072388,0.017837232805458438,-0.009420922671000365,0,452.1796875,-0.003968268985800716,0.02317897791267587,0.05037028252677067
36738.37890625,36828.4296875,36234.171875,36329.01171875,24800,25.100000381469727,26.360000610351562,25.030000686645508,26.100000381469727,0,-0.009420922671000365,67.36667113689262,35092.06497886907,882.939893116527,649.8923621638645,0.01788907353701682,0.011249402837156586,2,594.2578125,0.039840636844701294,0.008539081128373649,0.02582455805964612
36450.69140625,36806.30078125,36422.30078125,36737.69140625,17400,26.100000381469727,27.65999984741211,24.739999771118164,24.90999984741211,0,0.011249402837156586,69.98222928325922,35248.7913052863,905.6164773151686,637.563555045017,0.01735448066114877,-0.0039023486714140354,1,384.0,-0.04559388952739185,0.006862943679861067,0.0249414041236109
36555.12890625,36748.890625,36401.109375,36594.328125,20900,24.90999984741211,25.479999542236328,23.489999771118164,24.940000534057617,0,-0.0039023486714140354,67.92550791868942,35376.93766906856,901.626229082598,616.8648189703729,0.01685684231893171,0.0027152645325414504,1,347.78125,0.0012043631806213373,-0.002186570056675663,0.015904598435566353
36880.66015625,37024.19921875,36533.9609375,36693.69140625,16500,24.940000534057617,25.90999984741211,22.809999465942383,25.25,0,0.0027152645325414504,68.61399594037108,35502.342786895366,896.1514390390439,607.8200662760604,0.016564702077712764,-0.01800398889241972,0,490.23828125,0.012429809915964318,0.010038249604015004,0.005657044021332824
36517.28125,36538.1015625,35877.421875,36033.05859375,14100,25.25,27.270000457763672,25.25,26.639999389648438,0,-0.01800398889241972,59.47333147841943,35552.88714945295,828.949468189654,622.7093137741989,0.017281611333493877,0.0005203554938644217,1,660.6796875,0.05504948077815586,-0.019180105921955737,-0.01749064325037486
36314.76171875,36810.25,35894.9609375,36051.80859375,23500,26.639999389648438,26.639999389648438,23.739999771118164,26.290000915527344,0,0.0005203554938644217,59.637680448119646,35600.403477481246,768.3473603368402,643.6078672546133,0.01785230456832588,0.011646325389145451,2,915.2890625,-0.013138081161409243,-0.014825235468098885,-0.007630351388197343
36401.19921875,36524.62109375,36038.41015625,36471.6796875,18500,26.290000915527344,26.600000381469727,25.25,25.360000610351562,0,0.011646325389145451,63.233348172860616,35683.3821641497,745.6049715166882,632.3652294149981,0.017338527724340858,0.015037995019680395,2,486.2109375,-0.03537467754999224,-0.006050405675788295,-0.007240839273442878
36547.75,37125.98046875,36512.921875,37020.140625,16500,25.360000610351562,25.5,23.770000457763672,24.15999984741211,0,0.015037995019680395,67.32780382939123,35810.69249375449,763.0418075234993,633.9320545460697,0.01712397748478487,0.010773801760781465,2,613.05859375,-0.047318640932904055,0.02739378975231399,0.011636024537614142
37409.03125,37478.87109375,37185.78125,37418.98828125,20100,24.15999984741211,25.1200008392334,24.15999984741211,24.709999084472656,0,0.010773801760781465,69.94870867793736,35963.86352113501,799.8244201923953,621.4176555606361,0.016607013821162493,0.013665250377873583,2,293.08984375,0.022764869227408502,0.0379226380264599,0.019766255375343933
37823.609375,37990.55078125,37742.05078125,37930.328125,22700,24.709999084472656,24.709999084472656,23.729999542236328,24.43000030517578,0,0.013665250377873583,72.94514722068433,36151.145864360245,860.3185410703882,617.8565730205908,0.01628924935699039,-0.0015504372531710553,1,248.5,-0.011331395777866349,0.03999400219562488,0.052653579942810724
38178.0703125,38199.26953125,37601.62109375,37871.51953125,22300,24.43000030517578,25.799999237060547,23.729999542236328,24.889999389648438,0,-0.0015504372531710553,72.05528267084793,36314.990975492605,893.2187360908065,616.41313476912,0.01627642995049305,0.007101622065311508,1,597.6484375,0.01882927051684069,0.022997722101440576,0.05047488623956209
37814.921875,38225.03125,37738.58984375,38140.46875,19600,24.889999389648438,24.940000534057617,24.010000228881836,24.639999389648438,0,0.007101622065311508,73.63908905950612,36488.846001636164,930.2707497980664,607.1294398748971,0.01591824798626517,-0.00030336052175550243,1,486.44140625,-0.010044194701907982,0.019281132438086823,0.04575575012718569
37949.58984375,38235.73046875,37748.41015625,38128.8984375,19900,24.639999389648438,25.299999237060547,22.739999771118164,24.540000915527344,0,-0.00030336052175550243,73.44623384510396,36645.04147171843,947.775741308913,598.5716450624044,0.015698634620760658,-0.005092409608115855,1,487.3203125,-0.004058379732067019,0.005235133000843328,0.029950124277789758
38275.33984375,38275.33984375,37769.44140625,37934.73046875,18600,24.540000915527344,25.719999313354492,23.290000915527344,25.020000457763672,0,-0.005092409608115855,70.12709070342792,36767.86899524525,935.200432406491,591.9521302365184,0.015604490210472399,0.01471524228858967,2,505.8984375,0.019559882816981178,0.0016690890221038313,0.013782900371959839
38052.1796875,38554.71875,37998.12890625,38492.94921875,15500,25.020000457763672,25.219999313354492,23.549999237060547,23.639999389648438,0,0.01471524228858967,73.79376695611296,36932.162349864746,959.2206982817152,593.9547124517673,0.015430220975701457,-0.010958378639757016,0,556.58984375,-0.05515591698108946,0.009241639662595835,0.014833014148885715
38427.1484375,38617.03125,37884.41015625,38071.12890625,17600,23.639999389648438,24.5,23.639999389648438,24.110000610351562,0,-0.010958378639757016,67.0922214642282,37040.63535523477,933.4592212804637,603.8594539730695,0.01586134877849488,-0.008800857851498978,0,732.62109375,0.019881608834090292,-0.0015151114670856058,0.005270698864757506
38262.828125,38413.80859375,37678.421875,37736.0703125,14800,24.110000610351562,25.139999389648438,22.09000015258789,24.729999542236328,0,-0.008800857851498978,62.25591445554986,37106.8672559267,875.9096951110478,613.2542585999932,0.016251142567880312,-0.00342324164732144,1,735.38671875,0.02571542580627595,-0.005236893838316603,-0.010602870146948606
37847.87890625,37897.78125,37431.6796875,37606.890625,20200,24.729999542236328,25.3700008392334,23.969999313354492,24.190000534057617,0,-0.00342324164732144,60.44677123236408,37154.48852917178,810.5342258032615,602.743351735708,0.016027471075607116,-0.017743797783069226,0,466.1015625,-0.021835787229047332,-0.023018724512758326,-0.01369060827591606
37595.73046875,37596.01953125,36911.23046875,36939.6015625,14300,24.190000534057617,25.690000534057617,23.260000228881836,25.190000534057617,0,-0.017743797783069226,52.03491831577863,37134.02310377447,696.8462351683484,609.3802663438718,0.01649666592404442,0.020257624936314,2,684.7890625,0.04133939553213639,-0.029721402444786493,-0.02623266051856543
37092.859375,37745.6015625,36987.73046875,37687.91015625,15100,25.190000534057617,25.190000534057617,23.559999465942383,23.81999969482422,0,0.020257624936314,58.936191213489195,37186.774251629286,659.5273128313856,623.4245330335951,0.01654176446634861,-0.0006522524371366245,1,757.87109375,-0.05438669353663239,-0.0012762366576904993,-0.02091393563857824
37892.359375,38139.9609375,37550.6015625,37663.328125,19800,23.81999969482422,23.93000030517578,21.829999923706055,23.56999969482422,0,-0.0006522524371366245,58.637719758095244,37232.16033480745,620.8119003841202,620.991307459767,0.01648795627934877,0.009614686534024974,2,589.359375,-0.010495382166370137,0.001500722316098102,-0.010711549485548644
37946.80078125,38221.3984375,37755.1015625,38025.44921875,16600,23.56999969482422,23.709999084472656,22.530000686645508,23.149999618530273,0,0.009614686534024974,61.713708747564766,37307.71165708769,612.2916855706353,616.4969506769264,0.016212746025178776,0.0003976572022335034,1,466.296875,-0.01781926524106714,0.02939521841925652,0.007668496053075957
37951.0703125,38109.6796875,37787.37890625,38040.5703125,15300,23.149999618530273,23.309999465942383,21.760000228881836,22.579999923706055,0,0.0003976572022335034,61.841319631497775,37377.507719507914,599.844861664671,595.482938575003,0.015653890929688018,0.0037199182698242073,1,322.30078125,-0.024622017460767753,0.00935738157907684,0.011531920887171143
38168.421875,38430.69140625,38073.2890625,38182.078125,17200,22.579999923706055,23.020000457763672,21.450000762939453,22.510000228881836,0,0.0037199182698242073,63.081459961734375,37454.13347241192,594.5456101809177,580.8142353732171,0.015211697840849702,0.005891077824879298,1,357.40234375,-0.003100075069120245,0.01377334467836544,0.03363535365690917
38371.33984375,38556.26953125,38313.05859375,38407.01171875,18700,22.510000228881836,22.510000228881836,20.219999313354492,21.360000610351562,0,0.005891077824879298,65.02712216721982,37544.88378158698,601.5617470078214,566.0554618644159,0.01473833647901516,-0.0009733330146524111,1,243.2109375,-0.051088387687119874,0.0100343982211748,0.019080430820352712
38321.12890625,38414.37109375,38125.80859375,38369.62890625,25300,21.360000610351562,21.920000076293945,16.850000381469727,20.850000381469727,0,-0.0009733330146524111,64.41948752752378,37623.43093631679,597.2212110800901,546.2345360169576,0.014236117251787698,-0.0015413395095507099,1,288.5625,-0.023876414527566947,0.008650201378339384,0.018753010326274744
38456.640625,38516.8515625,38215.05078125,38310.48828125,15400,20.850000381469727,21.190000534057617,19.459999084472656,20.56999969482422,0,-0.0015413395095507099,63.40999220697961,37688.864969167575,582.2967959107264,528.7749821050321,0.013802355590540105,-0.011306262512764453,0,301.80078125,-0.013429289281661427,0.0033631002437743973,0.007496007762071377
38432.94140625,38540.5703125,37654.921875,37877.33984375,18600,20.56999969482422,22.969999313354492,16.34000015258789,21.670000076293945,0,-0.011306262512764453,56.43460872613846,37706.81495722305,529.4148654115343,554.2659432046727,0.014633180299649001,0.004579028172661426,1,885.6484375,0.053475955167199496,-0.013791020214713012,-0.004290957454346156
38062.0703125,38119.37890625,37734.140625,38050.78125,21500,21.670000076293945,22.8799991607666,19.559999465942383,21.309999465942383,0,0.004579028172661426,58.40759966482459,37739.57365177323,495.78571733767603,542.1925387793389,0.014249182827996176,0.01255004619648914,2,385.23828125,-0.01661285690281966,-0.008309896794390537,-0.003438704267749948
38084.69921875,38571.23046875,38062.01171875,38528.3203125,13600,21.309999465942383,21.309999465942383,18.25,20.43000030517578,0,0.01255004619648914,63.33158158737881,37814.69238136626,501.8823987061551,540.6394444915289,0.014032260947439375,0.0022442906749804425,1,509.21875,-0.041295128241228496,0.005685963322910936,0.0031585012298880333
38727.890625,38788.51171875,38550.6484375,38614.7890625,12800,20.43000030517578,20.43000030517578,17.84000015258789,19.959999084472656,0,0.0022442906749804425,64.15898578079033,37890.89206528376,507.83733540560206,520.6074417599912,0.01348207395144284,-0.010213662875683371,0,237.86328125,-0.023005443645737644,0.01946940365379657,0.006389432560033548
38283.8984375,38402.44921875,38155.78125,38220.390625,15800,19.959999084472656,21.079999923706055,17.65999984741211,20.6200008392334,0,-0.010213662875683371,57.75731649395144,37922.272880494835,475.2535804219224,516.2074682414203,0.013506075155175637,0.0056076905938216015,1,246.66796875,0.03306622169507878,0.004457447900626299,-0.0023517752002679693
38471.9296875,38579.828125,38411.37109375,38434.71875,16800,20.6200008392334,20.6200008392334,14.890000343322754,19.940000534057617,0,0.0056076905938216015,60.08792189014766,37971.07724901913,461.4064025239204,505.0096133670331,0.01313941222392926,0.009479954240591448,2,168.45703125,-0.03297770501938846,-0.0024294223506450274,0.014715365665838087
38566.9609375,38894.94140625,38545.76171875,38799.078125,28100,19.940000534057617,20.06999969482422,17.889999389648438,19.229999542236328,0,0.009479954240591448,63.749487851424696,38049.934475303024,474.36498647819826,501.8105450015308,0.012933568766372095,0.0011546867455372034,1,349.1796875,-0.03560686924800249,0.004772499526068064,0.019665742736885372
38948.4609375,39008.890625,38679.671875,38843.87890625,15700,19.229999542236328,19.809999465942383,15.420000076293945,19.31999969482422,0,0.0011546867455372034,64.18457173089249,38125.548230631306,482.6857058984606,489.48255964427864,0.012601279105664205,0.005922245028752382,1,329.21875,0.00468019525378649,0.016312975117585005,0.008190302385116421
38930.1796875,39111.55078125,38765.08984375,39073.921875,16400,19.31999969482422,19.59000015258789,17.219999313354492,19.299999237060547,0,0.005922245028752382,66.41367116165571,38215.86953009499,502.0551023143562,479.2667294911159,0.012265641801309863,0.0010121040607726783,1,346.4609375,-0.0010352203974945962,0.016630878169233476,0.011890076927699056
39293.53125,39326.98046875,39046.94140625,39113.46875,14500,19.299999237060547,19.469999313354492,17.450000762939453,18.899999618530273,0,0.0010121040607726783,66.79626164771116,38301.355170085946,514.6638661465986,465.0361818488933,0.011889412949315403,0.00904649613184727,2,280.0390625,-0.020725369655050563,0.008103043685396827,0.023366535778308828
39264.48046875,39579.578125,39235.03125,39467.30859375,22500,18.899999618530273,18.899999618530273,16.65999984741211,18.350000381469727,0,0.00904649613184727,70.08029926022243,38412.39835329205,546.9039522271632,465.11283850254375,0.011784761998597454,-0.02125859505360006,0,344.546875,-0.029100489320714407,0.01604962493587858,0.0268660699839256
39888.1484375,40010.171875,38395.890625,38628.2890625,27900,18.350000381469727,23.8700008392334,16.399999618530273,22.84000015258789,0,-0.02125859505360006,55.94948332474928,38432.95937321661,499.00042227913946,547.1962964666478,0.014165688145837687,0.007054718843723107,1,1614.28125,0.24468663094155985,-0.011404865217410465,-0.00440188454864221
38754.0,39226.8203125,38542.109375,38900.80078125,22000,22.84000015258789,23.239999771118164,21.110000610351562,21.799999237060547,0,0.007054718843723107,58.85164476582591,38477.51569779122,477.5213786899112,557.018770826173,0.014318953842581394,0.004761610687440632,1,684.7109375,-0.04553419039314266,-0.005437205534219003,0.0014654014120829562
38892.640625,39141.83984375,38736.21875,39086.03125,17100,21.799999237060547,22.5,19.850000381469727,21.110000610351562,0,0.004761610687440632,60.744772782550534,38535.46955990634,470.0274488414798,546.2046510350177,0.013974420875361136,-0.002432834460521005,1,405.62109375,-0.03165131425949641,-0.009660586377313263,0.00030990938249653155
39165.80078125,39236.359375,38943.4296875,38990.94140625,9200,21.110000610351562,21.110000610351562,18.15999984741211,20.5,0,-0.002432834460521005,59.23804562702687,38578.84783098669,451.2141835175862,528.1135822110879,0.01354451991062813,-0.016254075841534155,0,292.9296875,-0.028896285775209307,0.009388257998256933,-0.0031326125671223837
38325.0,38729.66015625,38249.76953125,38357.1796875,15400,20.5,22.649999618530273,19.860000610351562,22.149999618530273,0,-0.016254075841534155,50.28552649643808,38557.73657922605,380.77591336618934,543.3320316960102,0.014165067299592767,0.0015655682127633241,1,479.890625,0.08048778626976949,-0.013974547639955648,-0.02812780870560294
38284.78125,38519.921875,38060.73828125,38417.23046875,12500,22.149999618530273,23.25,17.25,22.010000228881836,0,0.0015655682127633241,51.040546468543596,38544.355044895,326.04028353685135,537.3214289855808,0.013986469675961103,-0.0013504072421930413,1,459.18359375,-0.006320514314199666,-0.017110992338215447,-0.00546383489593627
38498.0703125,38746.48046875,38275.44921875,38365.3515625,11900,22.010000228881836,23.06999969482422,17.56999969482422,22.719999313354492,0,-0.0013504072421930413,50.32940787359087,38527.30709419071,275.30219603765727,532.5864162008965,0.013881963660186293,-0.004468346581438909,1,471.03125,0.032258022584706,-0.016044491904720237,-0.013764478056916607
37988.55859375,38252.671875,37935.26171875,38193.921875,14000,22.719999313354492,23.270000457763672,20.200000762939453,22.229999542236328,0,-0.004468346581438909,47.95188594182196,38495.55612093445,218.73748351222457,525.2652324544039,0.01375258697374617,0.01692411791634063,2,317.41015625,-0.021566891986222414,-0.004256251732532967,-0.022824250671395596
38516.87890625,38878.25,38367.0703125,38840.3203125,16500,22.229999542236328,22.229999542236328,17.700000762939453,21.260000228881836,0,0.01692411791634063,56.329005938079426,38528.390805845454,223.49221391523315,536.6268676362322,0.013816231774574972,0.00036638391845134066,1,511.1796875,-0.04363469785554974,0.011013023026065216,-0.0038629765868093413
38865.171875,38978.51953125,38711.80078125,38854.55078125,11400,21.260000228881836,21.350000381469727,18.170000076293945,20.709999084472656,0,0.00036638391845134066,56.495015212445146,38559.453660645886,225.80570431457454,517.3477163765014,0.013314983855794759,-0.0025202163718556214,1,266.71875,-0.025870232290120088,0.012751068316239955,0.012966831706661797
39073.51171875,39230.16015625,38573.171875,38756.62890625,14700,20.709999084472656,21.739999771118164,17.530000686645508,21.190000534057617,0,-0.0025202163718556214,54.947162121047654,38578.23225546533,217.23355201417144,527.3220424388941,0.013605983216818341,0.00742383082248943,2,656.98828125,0.023177280096783992,0.014732894754605486,0.008834536830448547
38904.671875,39102.25,38753.6796875,39044.3515625,11600,21.190000534057617,21.190000534057617,18.899999618530273,20.600000381469727,0,0.00742383082248943,58.5414491094258,38622.62457042101,230.9941169267986,514.5540617289731,0.01317870680744445,0.006620675966053868,2,348.5703125,-0.027843328821045232,0.005253078459662941,0.01769826086159698
39161.01171875,39359.51171875,39037.9609375,39302.8515625,11700,20.600000381469727,20.600000381469727,16.329999923706055,19.65999984741211,0,0.006620675966053868,61.51231823870381,38687.408093476144,259.7638573349541,500.76811312333217,0.012741266682062572,-0.008218233211052417,0,321.55078125,-0.045631093041297865,0.01153792212845084,0.029034192695091
39120.640625,39234.80859375,38926.33984375,38979.8515625,11400,19.65999984741211,20.68000030517578,17.549999237060547,20.100000381469727,0,-0.008218233211052417,56.10254996708363,38715.2598524308,253.57759859679936,491.89265638237987,0.012619151604353415,-0.003438475125670859,1,308.46875,0.02238049529362196,0.005759599391112147,0.0035924330406484906
39200.421875,39200.421875,38635.73046875,38845.8203125,14300,20.100000381469727,20.770000457763672,17.579999923706055,20.049999237060547,0,-0.003438475125670859,53.98103545212001,38727.6941819612,235.14908991479751,497.0925670872099,0.01279655219244406,-0.020894904032669248,0,564.69140625,-0.002487619077623293,-0.00508476238060207,-0.00022469617006126708
38812.69140625,38990.76171875,37938.53125,38034.140625,15800,20.049999237060547,22.989999771118164,18.270000457763672,22.190000534057617,0,-0.020894904032669248,43.30194818504208,38661.641462250605,153.28166114781925,536.7452743488377,0.014112196714023632,-0.007889293541780917,0,1052.23046875,0.10673323583182381,-0.03228037882906476,-0.018641669867563992
38200.7109375,38209.96875,37531.140625,37734.078125,15300,22.190000534057617,23.280000686645508,15.760000228881836,21.40999984741211,0,-0.007889293541780917,40.14049080147395,38573.302096798165,63.4571040096198,546.8940493953493,0.014493372478417988,-0.001739972281355473,1,678.828125,-0.03515099900283236,-0.03195941974028649,-0.03355859132152794
38124.94140625,38140.0703125,37313.08984375,37668.421875,15000,21.40999984741211,22.479999542236328,19.3700008392334,20.989999771118164,0,-0.001739972281355473,39.461594320402696,38487.12302805548,-12.878954762585636,566.9002222063957,0.015049747082254046,-0.029595620336828832,0,826.98046875,-0.019617005104496155,-0.030309526945969334,-0.041585524269171836
37282.1796875,37304.26171875,36495.98046875,36553.6015625,13900,20.989999771118164,23.81999969482422,20.93000030517578,23.510000228881836,0,-0.029595620336828832,30.140206372137854,38302.97812657401,-161.47117440163856,610.1531639237959,0.016692012218838276,0.02284476927183765,2,808.28125,0.12005719319878905,-0.03892658117604042,-0.06224369521032602
36991.890625,37471.171875,36730.51953125,37388.66015625,13500,23.510000228881836,23.510000228881836,18.670000076293945,20.68000030517578,0,0.02284476927183765,41.32127654338311,38215.90022463839,-209.4350920031502,632.1115316792391,0.016906503978414786,0.01585958810831789,2,740.65234375,-0.12037430438768881,-0.009154005766505047,-0.0375113756004557
37756.25,38035.87109375,37544.05078125,37981.62890625,13600,20.68000030517578,21.100000381469727,19.350000381469727,19.56999969482422,0,0.01585958810831789,47.719971809081855,38193.588670506164,-197.3245848020233,633.1900606664364,0.016670955904217234,-0.00022142695013838143,1,491.8203125,-0.053675077077912414,0.008314843459313437,-0.0013806469105676067
38176.859375,38235.94140625,37831.3515625,37973.21875,10600,19.56999969482422,20.200000762939453,18.43000030517578,19.770000457763672,0,-0.00022142695013838143,47.640622137015285,38172.60105902939,-186.25847812247957,616.8614737438338,0.01624464541194138,0.002494150894174485,1,404.58984375,0.010219763211971156,0.038836588648391235,0.006337523980519899
38068.890625,38236.33984375,37828.109375,38067.9296875,18400,19.770000457763672,20.219999313354492,17.68000030517578,19.530000686645508,0,0.002494150894174485,48.67564329289353,38162.63235697897,-167.9105593208733,601.959259101417,0.015812765864676812,0.01652627550051866,2,408.23046875,-0.012139593604506782,0.018167795486954574,0.010605907882887733
38410.19921875,38738.890625,38410.19921875,38697.05078125,12900,19.530000686645508,19.530000686645508,17.3799991607666,18.350000381469727,0,0.01652627550051866,55.0341656191622,38213.52934976668,-101.4356005381851,606.8879504156015,0.015683054345569374,0.007149083248329857,1,328.69140625,-0.060419880373207446,0.018835997707361996,0.0586385233500204
38956.78125,39263.8515625,38819.890625,38973.69921875,15500,18.350000381469727,20.020000457763672,18.350000381469727,19.700000762939453,0,0.007149083248329857,57.52608310207476,38285.926480146045,-26.129297639636206,604.0245811894872,0.015498261476264865,0.015417348257794394,2,443.9609375,0.07356950154796671,0.02634700195779427,0.04239357751457273
39336.33984375,39623.76171875,39191.1015625,39574.5703125,11300,19.700000762939453,19.889999389648438,18.360000610351562,19.639999389648438,0,0.015417348257794394,62.399985086868234,38408.65446417976,81.10187362150464,607.3130039616668,0.015346041641539727,0.007691275075041304,2,432.66015625,-0.0030457548714359906,0.039577687501475056,0.041939786473662144
39633.19140625,39968.0390625,39450.8203125,39878.94921875,15000,19.639999389648438,20.34000015258789,19.06999969482422,20.059999465942383,0,0.007691275075041304,64.615071744939,38548.68253604359,188.47160005263868,600.8777001072621,0.01506754094274745,0.0076161148224838104,2,517.21875,0.02138493326610358,0.030542338851121675,0.050186171504094546
40204.3203125,40468.87890625,40062.23046875,40182.671875,14400,20.059999465942383,20.860000610351562,18.979999542236328,20.3799991607666,0,0.0076161148224838104,66.72180607790864,38704.300568325154,294.6739440507881,600.0956992067432,0.014934191063091004,0.008133267177121928,2,406.6484375,0.015952128780836183,0.031020218262175492,0.055551804494227586
40226.25,40585.359375,40066.5390625,40509.48828125,16600,20.3799991607666,21.010000228881836,17.510000228881836,20.3799991607666,0,0.008133267177121928,68.86957635769309,38876.22320765133,400.59362552739185,594.2903144419759,0.014670397964939137,0.0020813025189219125,1,518.8203125,0.0,0.02362421022811967,0.04683657962064092
40716.94921875,40905.48828125,40387.3984375,40593.80078125,17600,20.3799991607666,22.100000381469727,19.389999389648438,21.1299991607666,0,0.0020813025189219125,69.4179387151747,39039.80202418454,485.7397449118798,588.8474236782632,0.014505846024406955,0.0007811768518766193,1,518.08984375,0.03680078659884445,0.01792553656764606,0.041569099032831236
40592.5390625,40786.8203125,40461.96875,40625.51171875,11000,21.1299991607666,21.649999618530273,20.530000686645508,20.719999313354492,0,0.0007811768518766193,69.63459113059034,39190.82199509553,549.4438192739544,569.9905764512445,0.01403036053791232,0.004165524453490166,1,324.8515625,-0.01940368498326217,0.011020666946378821,0.026555977688481613
40623.19140625,40880.25,40279.55078125,40794.73828125,15000,20.719999313354492,20.959999084472656,18.43000030517578,20.209999084472656,0,0.004165524453490166,70.8225154231398,39343.57592711024,606.5925056627675,572.1840509011556,0.014025927730099981,-0.02613886422431355,0,600.69921875,-0.02461391147600711,0.007041560190036433,0.02296422248932828
41048.05078125,41048.05078125,39667.46875,39728.41015625,30400,20.209999084472656,22.280000686645508,19.040000915527344,22.059999465942383,0,-0.02613886422431355,55.96535242522298,39380.22680607593,559.3911701478792,629.926763783216,0.015855826128096825,0.006407764909262426,1,1380.58203125,0.09153886517941912,-0.02131829511760619,-0.011304915714990593
39936.609375,40125.7109375,39699.421875,39982.98046875,11000,22.059999465942383,22.420000076293945,20.489999771118164,21.649999618530273,0,0.006407764909262426,58.21879786147561,39437.6319168068,536.3428419507691,615.3812136915577,0.015391079066067346,0.011220301450529213,2,426.2890625,-0.018585668963641333,-0.015815954625956197,-0.012997147948267118
40318.5703125,40519.48046875,40211.21875,40431.6015625,12300,21.649999618530273,22.31999969482422,15.470000267028809,21.81999969482422,0,0.011220301450529213,61.9173853611393,39532.295692587104,547.9603034977554,609.7468412850178,0.015080947024630193,0.002789143315920395,1,308.26171875,0.007852197657705284,-0.008901557751061828,-0.003995664747532546
40420.2890625,40732.01171875,40305.58984375,40544.37109375,12100,21.81999969482422,22.790000915527344,18.790000915527344,22.690000534057617,0,0.002789143315920395,62.80862394931787,39628.683826031185,559.8136014647971,596.652200836088,0.014716030480691393,0.004018745280898406,1,426.421875,0.03987171637952702,0.020538474464265377,-0.001997282534229594
40767.140625,40976.01953125,40150.48046875,40707.30859375,16700,22.690000534057617,23.549999237060547,18.3799991607666,22.920000076293945,0,0.004018745280898406,64.11536552043376,39731.40999438536,575.7185944422163,613.0012623835103,0.015058751943075585,-0.003655862242949892,1,825.5390625,0.010136603650189313,0.01811591123293388,-0.0021431608874957764
40531.30859375,40721.5703125,40309.05078125,40558.48828125,13900,22.920000076293945,23.520000457763672,17.440000534057617,22.639999389648438,0,-0.003655862242949892,61.97356134397785,39810.17935503913,569.7471697727597,598.6811387311167,0.01476093326209804,0.0031315693491642538,1,412.51953125,-0.012216434804252496,0.0031383055294966766,0.02089381683624736
40728.390625,40811.12109375,40590.8984375,40685.5,12400,22.639999389648438,22.780000686645508,19.829999923706055,21.829999923706055,0,0.0031315693491642538,63.10631617844152,39893.543225987785,568.707846871941,573.9634011431798,0.014107320818059993,-0.013272541814651428,0,220.22265625,-0.03577736253441488,0.003480850792423773,0.017570464307909095
40649.76171875,40724.3984375,39948.2890625,40145.5,10100,21.829999923706055,23.40999984741211,21.31999969482422,22.829999923706055,0,-0.013272541814651428,55.53223318756679,39917.539109227044,518.3356383670616,588.4023992758097,0.014656746068072627,0.009380915980620408,2,776.109375,0.045808520544888376,-0.01380117264338765,-0.0070761867312562066
40199.078125,40555.6015625,39978.390625,40522.1015625,13900,22.829999923706055,23.170000076293945,22.1200008392334,22.200000762939453,0,0.009380915980620408,59.20922162490854,39975.11648572923,503.00556388753466,587.6030091489662,0.014500802932016396,-0.014797865902268947,0,577.2109375,-0.027595232714496265,-0.0008971418879737403,-0.000549263205945616
40664.3515625,40664.3515625,39774.6015625,39922.4609375,29400,22.200000762939453,23.469999313354492,20.079999923706055,23.280000686645508,0,-0.014797865902268947,51.856564709382745,39970.10167161217,437.42798486355605,609.1849370668972,0.015259203034116493,-0.004323615602510711,1,889.75,0.048648643540093905,-0.018754570117117897,-0.019280263995898328
39537.171875,40010.828125,39524.25,39749.8515625,19500,23.280000686645508,24.360000610351562,22.280000686645508,24.020000457763672,0,-0.004323615602510711,49.9343053769988,39949.125470744344,367.29519662694656,600.4273076335475,0.015105145907009888,-0.003415893259035352,1,486.578125,0.031786930811503966,-0.009855362058013961,-0.019937545826229197
39779.8203125,39988.25,39241.87109375,39614.0703125,12000,24.020000457763672,26.299999237060547,21.729999542236328,24.75,0,-0.003415893259035352,48.413971234881316,39917.21545567345,297.33060246292007,610.8524218204368,0.015420087282161604,0.0036226474928711117,1,746.37890625,0.03039132091275132,-0.022408296089961754,-0.026334435794079014
39880.37890625,39968.03125,39334.921875,39757.578125,15400,24.75,25.920000076293945,24.219999313354492,25.209999084472656,0,0.0036226474928711117,50.14178599014435,39902.011900371224,250.5745709673065,612.4422041904056,0.015404414279583476,0.012665529566886713,2,633.109375,0.01858582159485489,-0.004130076368742186,-0.009662898083222293
39990.75,40354.73046875,39952.7890625,40261.12890625,21400,25.209999084472656,25.329999923706055,22.920000076293945,24.239999771118164,0,0.012665529566886713,55.743198066849644,39936.21351997872,251.2560949839317,611.3500713018051,0.015184623181465266,0.008817728871355346,2,401.94140625,-0.038476769082944284,0.012862371144860774,-0.006440254729816575
40171.7109375,40693.51171875,40076.46875,40616.140625,20900,24.239999771118164,24.239999771118164,20.670000076293945,23.200000762939453,0,0.008817728871355346,59.22156547888627,40000.9684823617,277.24675837320683,611.7567068338191,0.015061911285024241,0.017825906649642453,2,617.04296875,-0.042904249917438686,0.02529581799080627,0.01737567452532507
41112.12109375,41370.91015625,41030.171875,41340.16015625,42600,23.200000762939453,23.200000762939453,19.989999771118164,20.969999313354492,0,0.017825906649642453,65.2244702801107,40128.51054654153,352.2068503206756,621.9719085778319,0.015045222520353474,0.013374366122681947,2,340.73828125,-0.09612074897632106,0.039805795671815636,0.04000791276539761
41438.76171875,41954.9296875,41383.2890625,41893.05859375,19000,20.969999313354492,20.969999313354492,19.280000686645508,20.5,0,0.013374366122681947,68.97985545895608,40296.562741513764,451.028372070723,621.4574530544153,0.014834377672942939,0.016813551394766924,2,571.640625,-0.02241293890053586,0.040533629628221046,0.05752976816752087
42273.96875,42645.328125,42263.640625,42597.4296875,24300,20.5,21.049999237060547,17.579999923706055,20.110000610351562,0,0.016813551394766924,72.98265826510377,40515.69292684579,579.5018638598485,630.8011729255285,0.014808432751768444,0.015968539768483003,2,381.6875,-0.019024360470655477,0.04878083028106506,0.0714291890107428
42959.25,43316.44140625,42660.08984375,43277.6484375,28700,20.110000610351562,21.850000381469727,19.899999618530273,21.579999923706055,0,0.015968539768483003,76.17938235600339,40778.736308812855,727.8161880381085,637.101926198705,0.014721269505176195,0.007302232189357216,1,656.3515625,0.07309792485027655,0.04686697569450704,0.07492386858486033
43444.05859375,43708.46875,42970.2109375,43593.671875,30300,21.579999923706055,22.3799991607666,19.0,22.030000686645508,0,0.007302232189357216,77.51073520801921,41046.82541035449,860.9325146673655,644.3273466487974,0.014780295371684548,-0.005424651298658212,1,738.2578125,0.02085267676229785,0.04059415421875445,0.07330906393817416
43291.890625,43543.9609375,43127.55078125,43357.19140625,14500,22.030000686645508,22.030000686645508,19.790000915527344,20.6200008392334,0,-0.005424651298658212,74.1700953360302,41266.860267106444,936.5501974006329,631.5983285845977,0.014567325698443462,0.0019791086776352884,1,416.41015625,-0.06400362249043623,0.017835858274166005,0.048791084562236575
43298.921875,43522.25,43053.37109375,43443.0,24400,20.6200008392334,29.530000686645508,19.559999465942383,19.700000762939453,0,0.0019791086776352884,74.59791172281629,41474.11167023917,991.9670138879374,619.975512703555,0.014271010581763574,0.01173286691757025,2,468.87890625,-0.04461687870271436,0.003820715045060652,0.036997570916945
44095.8515625,44161.16015625,43699.21875,43952.7109375,20900,19.1299991607666,20.40999984741211,18.399999618530273,19.799999237060547,0,0.01173286691757025,77.03148983024995,41710.16874331163,1064.740981775285,626.988701528301,0.01426507462576923,0.00517237364660561,1,461.94140625,0.005076064479612397,0.008236036265298008,0.03181603350114104
43978.578125,44215.48828125,43785.78125,44180.05078125,18300,19.799999237060547,19.799999237060547,15.720000267028809,19.1200008392334,0,0.00517237364660561,78.04192047704129,41945.39560406767,1127.759195071354,612.8971536512794,0.013872712747342354,-0.013130130760197978,0,429.70703125,-0.0343433547489419,0.018978613427468982,0.020851464354705307
43902.23828125,44230.0,43518.109375,43599.9609375,24100,19.1200008392334,19.979999542236328,16.329999923706055,19.56999969482422,0,-0.013130130760197978,69.625171928707,42102.97325487075,1118.0055091771428,619.9681158904738,0.014219464938952361,0.006474525582824686,1,711.890625,0.023535503966476856,0.003613031731233951,0.00014426549151513868
43732.140625,44013.01953125,43453.75,43882.25,17100,19.56999969482422,19.809999465942383,17.0,19.6200008392334,0,0.006474525582824686,71.25010734710807,42272.4281829783,1120.1417145685482,615.6325027018685,0.014029191819058241,0.004441395723783437,1,559.26953125,0.002554989534435448,-0.0016031078856590941,0.012110069326914719
44164.171875,44271.1484375,43747.21875,44077.1484375,17800,19.6200008392334,20.860000610351562,16.90999984741211,20.799999237060547,0,0.004441395723783437,72.34991743392018,42444.306302456556,1124.597685720575,609.0823016160208,0.013818550500826527,0.010115697352387265,2,523.9296875,0.06014262728610831,-0.002329158566600653,0.014597252434224162
44341.19140625,44601.62890625,44247.12109375,44523.01953125,17900,20.799999237060547,22.0,20.020000457763672,21.059999465942383,0,0.010115697352387265,74.73140445293299,42642.27899091307,1150.8409676263545,603.0393135541623,0.013544438807230911,-0.015608060191475759,0,354.5078125,0.01250001146243207,0.021171087631780106,0.012975504390638548
44749.73046875,44825.37109375,43757.96875,43828.1015625,19100,21.059999465942383,23.5,20.68000030517578,23.1299991607666,0,-0.015608060191475759,65.29245440155978,42755.21447392135,1102.851895058222,636.2081014252935,0.014515985834295022,0.009848400988449635,2,1067.40234375,0.09829058629235776,-0.0012339485213269663,-0.007966247492394607
43967.58984375,44361.78125,43582.3984375,44259.73828125,14600,23.1299991607666,23.1299991607666,19.440000534057617,20.020000457763672,0,0.009848400988449635,67.99634805606107,42898.502455571695,1087.118064826107,646.4348665020583,0.01460548325871848,-0.0024857700366612834,1,779.3828125,-0.1344573634173818,0.004142505815885711,0.015132521441837632
44325.03125,44407.28125,43995.41015625,44149.71875,15700,20.020000457763672,21.280000686645508,17.6299991607666,19.81999969482422,0,-0.0024857700366612834,66.57271499919851,43017.66591218391,1053.6256931789976,629.6803113054827,0.014262385562886122,0.011454719771006427,2,411.87109375,-0.009990047870448104,-0.00838444438809871,0.006095146670920482
44435.828125,44730.7890625,44118.1015625,44655.44140625,16000,19.81999969482422,21.239999771118164,19.25,20.18000030517578,0,0.011454719771006427,69.71186659068172,43173.644530666395,1055.720648732633,628.466539069377,0.01407368327975852,-0.0008375763976832262,1,612.6875,0.01816350231557129,0.01887692631564697,0.013120017724604027
44729.51953125,44729.640625,44169.96875,44618.0390625,16000,20.18000030517578,20.549999237060547,17.959999084472656,19.90999984741211,0,-0.0008375763976832262,69.19431613398127,43311.20591465055,1042.347328383119,623.5526344929929,0.013975348258123438,0.0003274320276500653,1,559.671875,-0.013379606227975183,0.008095411205849556,0.0021341663761889063
44902.01953125,44953.01171875,44551.421875,44632.6484375,30700,19.90999984741211,19.90999984741211,17.719999313354492,19.0,0,0.0003274320276500653,69.29022089780076,43437.057583493355,1021.1564739396708,607.6981494399218,0.013615552083827018,0.010012902200410734,2,401.58984375,-0.04570566822633049,0.010938454449384238,0.01835687256160745
44665.91015625,45148.28125,44665.91015625,45079.55078125,27600,19.0,19.040000915527344,16.530000686645508,18.030000686645508,0,0.010012902200410734,72.14682295338261,43593.48550708922,1028.5671712539042,601.1220539442131,0.013334694856680752,0.007706775305633684,2,482.37109375,-0.05105259543971008,0.009497372809322169,0.01852275977753126
45099.921875,45458.921875,45024.46875,45426.96875,18700,18.030000686645508,18.31999969482422,16.950000762939453,18.020000457763672,0,0.007706775305633684,74.15917411811787,43768.10295879501,1050.365963850476,589.2171304481978,0.012970645998654662,0.003996369860139515,1,434.453125,-0.0005546438436490053,0.018130103978053924,0.028929969117866605
45568.80078125,45742.23046875,45335.171875,45608.51171875,18200,18.020000457763672,18.799999237060547,16.270000457763672,18.6200008392334,0,0.003996369860139515,75.16875108300201,43943.37998355263,1069.956867650064,576.2058063983266,0.01263373402648094,0.010852980345037455,2,407.05859375,0.03329635772629658,0.02186433732733839,0.02134275874309477
45891.0390625,46164.1015625,45792.01171875,46103.5,20700,18.6200008392334,19.6299991607666,16.219999313354492,18.920000076293945,0,0.010852980345037455,77.7241963930427,44149.10569940476,1112.5988703545881,574.7332376377318,0.012466151976264965,-0.0031151885160562998,1,372.08984375,0.016111666140660397,0.022714272902113475,0.033292833318362414
45999.421875,46043.96875,45685.87109375,45959.87890625,12700,18.920000076293945,19.389999389648438,17.420000076293945,18.709999084472656,0,-0.0031151885160562998,75.30268517072705,44321.56029053288,1121.8717040791598,563.5114996814652,0.012260943960077195,0.003027266733748535,1,358.09765625,-0.011099418127614724,0.011731140573846943,0.02973676255417712
46060.3203125,46309.62890625,45706.21875,46099.01171875,26300,18.709999084472656,19.290000915527344,17.360000610351562,18.790000915527344,0,0.003027266733748535,76.08015687239237,44490.84137893451,1127.4507958396716,566.3614037220749,0.012285760206258758,0.0033503802574401664,1,603.41015625,0.004275886422735242,0.010754571493687859,0.022614709326784777
46284.69921875,46373.33984375,45951.53125,46253.4609375,18400,18.790000915527344,19.639999389648438,15.329999923706055,19.399999618530273,0,0.0033503802574401664,76.9476978372986,44658.709908321696,1131.2941724088596,556.0362030097838,0.012021504807199787,0.000209950505392964,1,421.80859375,0.03246400602880484,0.0032527018013817077,0.01819386611614937
46287.390625,46350.30078125,45841.671875,46263.171875,16400,19.399999618530273,19.829999923706055,15.6899995803833,19.350000381469727,0,0.000209950505392964,77.00417083793064,44811.5158099101,1122.1877852774924,552.6499675269421,0.01194578635939977,0.008717280855486065,2,508.62890625,-0.0025772803115310383,0.00659908111091112,0.01435390306719575
46573.30859375,46704.96875,46402.19921875,46666.4609375,13100,19.350000381469727,19.399999618530273,18.610000610351562,19.200000762939453,0,0.008717280855486065,79.27488975553062,44988.17725063295,1134.4358939605881,544.7318894893034,0.011672877663014948,0.004797426283296602,1,302.76953125,-0.007751918117475554,0.012309357567403145,0.012210806934397578
46774.3203125,46992.5703125,46627.6015625,46890.33984375,17200,19.200000762939453,21.6200008392334,14.050000190734863,19.15999984741211,0,0.004797426283296602,80.43015851288484,45169.33559283457,1148.963232100199,531.8916652400675,0.011343310093559988,0.0015003423463004761,1,364.96875,-0.0020833809342630794,0.013769324356302404,0.02024506938754067
47026.01953125,47026.01953125,46630.30859375,46960.69140625,12800,19.15999984741211,19.489999771118164,14.5600004196167,18.6200008392334,0,0.0015003423463004761,80.79248707266726,45339.94090839794,1152.8635421001818,522.1644704014913,0.011119181910767105,-0.029955488870054836,0,395.7109375,-0.028183664534404795,0.015077209429881888,0.01869193406481484
46932.1796875,47055.69140625,44923.078125,45553.9609375,24400,18.6200008392334,23.68000030517578,18.6200008392334,23.190000534057617,0,-0.029955488870054836,57.76290274247393,45360.32376831242,1030.5634792984492,637.1965283192419,0.013987730489418364,0.00993833377894715,2,2132.61328125,0.24543498865988078,-0.023839390809814343,-0.015123192639469707
45529.609375,46080.1796875,45112.19140625,46006.69140625,25100,23.190000534057617,24.479999542236328,16.59000015258789,21.989999771118164,0,0.00993833377894715,61.56047978292821,45421.88259097314,959.1152796897077,660.8245106714388,0.014363660816992937,0.00950923154605654,2,967.98828125,-0.05174647413988165,-0.01884499964053432,-0.005543944748167995
46072.30078125,46513.3203125,45899.1015625,46444.1796875,10500,21.989999771118164,22.079999923706055,19.399999618530273,20.5,0,0.00950923154605654,64.84942297516673,45519.2442192138,927.1066069371082,657.495527766336,0.014156682972770741,0.011397754865341447,2,614.21875,-0.06775806214764679,-0.010998809925555242,-0.004763190641298043
46743.48828125,47053.3984375,46539.01953125,46973.5390625,13700,20.5,20.950000762939453,15.649999618530273,19.969999313354492,0,0.011397754865341447,68.37534773542666,45657.74849000296,933.691367806874,654.047186497312,0.013923736630256419,0.008094151411374817,2,514.37890625,-0.02585369203148824,0.031162561845009762,0.001774336015205602
47153.58984375,47406.71875,47148.23828125,47353.75,9600,19.969999313354492,21.020000457763672,18.600000381469727,20.43000030517578,0,0.008094151411374817,70.65239442702668,45819.27244333601,958.5402282569048,638.2709365689326,0.01347878333962849,0.005476401024206101,1,258.48046875,0.023034602285322725,0.029279623302079116,0.008369949035667013
47466.62109375,47714.55078125,47361.8984375,47613.078125,12800,20.43000030517578,21.209999084472656,17.6299991607666,20.790000915527344,0,0.005476401024206101,72.12656058154656,45990.11107968496,987.7723171763573,618.4516397604374,0.01298911274202433,0.0027963036678801956,1,352.65234375,0.01762117498649074,0.025167813176267595,0.04520171561645547
47789.03125,47807.8515625,47358.359375,47746.21875,15600,20.790000915527344,21.59000015258789,20.790000915527344,21.110000610351562,0,0.0027963036678801956,72.87976501093823,46157.35942923877,1010.0391909203609,606.3831074561203,0.012700128373121072,0.00010701109184685365,1,449.4921875,0.015392000035229447,0.016449254259337742,0.03781031173029947
47753.109375,47896.96875,47602.12109375,47751.328125,13900,21.110000610351562,21.510000228881836,19.190000534057617,21.100000381469727,0,0.00010701109184685365,72.9100183201328,46309.16597169222,1016.3819146124297,584.1305752271118,0.012232760808202374,0.008910174291618222,2,294.84765625,-0.00047371997123168974,0.0083959163740992,0.028144504786071334
48109.171875,48220.46875,47594.46875,48176.80078125,13900,19.559999465942383,21.030000686645508,19.34000015258789,20.030000686645508,0,0.008910174291618222,75.37361010984785,46487.03595355487,1043.7094238200516,587.1212484251753,0.012186804414245743,0.005417139878901356,1,626.0,-0.050710885093817604,0.011839659993627016,0.02561573478951673
48037.62890625,48486.23828125,47903.37890625,48437.78125,12200,20.030000686645508,21.010000228881836,20.030000686645508,20.459999084472656,0,0.005417139878901356,76.76916187664935,46672.82121988298,1074.0446957910244,586.8168288948057,0.01211485773607365,-0.005444565160589443,1,582.859375,0.02146771757795496,0.014484131269557388,0.022892194387984066
48616.66015625,48616.66015625,47864.140625,48174.05859375,22500,20.459999084472656,21.6299991607666,20.43000030517578,21.0,0,-0.005444565160589443,72.30986033704596,46815.79620787031,1064.534116400304,598.6527362058908,0.012426869433076141,-0.001675970088608536,1,752.51953125,0.026393007805027624,0.008852747878413059,0.01178206683628491
48524.359375,48558.33984375,48037.87109375,48093.3203125,18400,21.0,21.0,20.139999389648438,20.6200008392334,0,-0.001675970088608536,70.95105992194419,46937.465170216004,1038.5107042263699,593.0681657626129,0.01233161199744547,0.014330293724196697,2,520.46875,-0.018095198131742984,-0.0017327939463861464,0.007269718348115184
48464.91015625,48854.33984375,48365.578125,48782.51171875,22200,20.6200008392334,20.850000381469727,17.3799991607666,20.639999389648438,0,0.014330293724196697,75.22994108116805,47113.183889124004,1061.2653430020437,605.064691868855,0.012403311567007587,0.009979162134099218,2,488.76171875,0.0009698617653297603,0.007116974804662446,0.021594867289358666
49252.30859375,49303.7890625,48956.37890625,49269.3203125,21200,20.639999389648438,22.75,20.639999389648438,22.3799991607666,0,0.009979162134099218,77.72572290857426,47318.530215159815,1105.8325934758395,599.0798812889368,0.0121592885286251,0.005029277061837867,1,347.41015625,0.08430231698508783,0.02273550850233108,0.022677295161433797
49228.26171875,49569.140625,49079.5703125,49517.109375,12700,22.3799991607666,23.260000228881836,22.290000915527344,22.850000381469727,0,0.005029277061837867,78.89157635272686,47527.91870657317,1147.9145229812202,591.2577692325841,0.011940474246081415,-0.000500616106490992,1,489.5703125,0.021000948986944712,0.029604715441739593,0.022282773841958425
49763.9296875,49795.19140625,49073.8515625,49492.3203125,27200,22.850000381469727,24.049999237060547,22.3700008392334,23.290000915527344,0,-0.000500616106490992,78.44920039419218,47715.0045738043,1165.82557361386,600.5493459838282,0.012134192581634746,0.0018556382721623965,1,721.33984375,0.019256040556324683,0.01455047246936192,0.027364555888198083
49432.828125,49663.578125,49182.37109375,49584.16015625,24500,23.290000915527344,23.700000762939453,22.809999465942383,23.030000686645508,0,0.0018556382721623965,78.9207971225988,47893.019391180074,1173.8989418603524,592.0248949314118,0.011939798779808275,-0.011081931800769551,0,481.20703125,-0.011163598912033335,0.006390180374989285,0.03099889618896845
49656.7109375,49656.7109375,48795.7890625,49034.671875,14700,23.030000686645508,24.68000030517578,23.030000686645508,24.010000228881836,0,-0.011081931800769551,69.16809043376081,48001.748199162925,1123.012641647656,611.2318220791682,0.012465298506275937,-0.009593259743822857,0,860.921875,0.04255317034378581,-0.009742844566035469,0.0051690687372516475
49061.21875,49122.23046875,48403.96875,48564.26953125,16600,24.010000228881836,25.40999984741211,23.56999969482422,24.399999618530273,0,-0.009593259743822857,62.09387635847515,48055.321659361696,1032.8216195676578,618.8768146985133,0.0127434597631553,0.017173521589021856,2,718.26171875,0.016243206411106215,-0.01875140982257817,-0.014310138170733455
48900.30859375,49499.859375,48805.5390625,49398.2890625,11000,24.399999618530273,24.399999618530273,20.360000610351562,22.899999618530273,0,0.017173521589021856,68.28689759856015,48183.22331680344,1016.9205635127582,641.4991739164767,0.012986263008114214,0.007972584450277598,2,694.3203125,-0.06147541079717245,-0.0037485982048356403,-0.0023995809529219203
49508.7890625,49874.421875,49373.6796875,49792.12109375,12200,22.899999618530273,23.190000534057617,19.329999923706055,21.549999237060547,0,0.007972584450277598,70.71960369133026,48336.45167651264,1024.2904330450983,631.445103458157,0.012681626923851153,-0.0033611617927441495,1,500.7421875,-0.058951982705594874,0.0154472170361597,0.006057521234749563
50096.5703125,50184.01171875,49398.859375,49624.76171875,19300,21.549999237060547,22.780000686645508,18.6200008392334,22.18000030517578,0,-0.0033611617927441495,68.32115834168334,48459.14787101143,1005.0411164901452,642.4241920504315,0.012945637818704142,-0.025736584534922557,0,785.15234375,0.029234389346603384,0.021836881265507202,0.0008188413874925526
49253.6796875,49263.1484375,48274.921875,48347.58984375,15500,22.420000076293945,23.809999465942383,20.34000015258789,23.25,0,-0.025736584534922557,53.42917715120641,48448.52329698653,876.6236264087493,692.9538814575436,0.014332749237284333,-0.01939414476047996,0,988.2265625,0.048241644729577926,-0.02126995162566514,-0.014012167410878629
48385.28125,48387.25,47269.6015625,47409.9296875,19600,23.25,24.75,20.829999923706055,24.389999389648438,0,-0.01939414476047996,45.57493764625,48349.60961989258,691.2225191351827,723.2892068891476,0.015256070018594617,-0.011296585251869828,0,1117.6484375,0.049032231812836,-0.0478427380461407,-0.023769323720749247
46834.5703125,47172.01953125,46518.48046875,46874.359375,25000,24.389999389648438,25.299999237060547,23.440000534057617,24.290000915527344,0,-0.011296585251869828,41.795629991449346,48209.10959656948,495.3645039592011,735.30063630778,0.015686627958481407,-0.01255675494231756,0,653.5390625,-0.0040999785413498024,-0.055423990936984135,-0.051093463668481665
47423.46875,47423.66015625,46160.4609375,46285.76953125,14500,24.290000915527344,25.989999771118164,22.079999923706055,25.34000015258789,0,-0.01255675494231756,38.06021894913784,48025.93435225333,289.31627656821365,773.0076779107957,0.016700763231102745,0.05001191223983281,2,1263.19921875,0.04322763266712504,-0.04264577239865319,-0.07041980709956386
46617.94921875,48764.3984375,46433.6484375,48600.609375,22000,25.34000015258789,25.93000030517578,22.600000381469727,23.31999969482422,0,0.05001191223983281,55.068241039607415,48080.66530680063,309.24501726966264,894.8377656493103,0.01841206884351561,0.024631571299099653,2,2330.75,-0.07971588183109679,0.025114563454286865,-0.02063792970038658
49193.26171875,50154.48046875,49193.26171875,49797.71875,28400,23.31999969482422,23.610000610351562,21.0,23.350000381469727,0,0.024631571299099653,61.02806796870393,48244.19420615295,416.83044782185607,941.9115747993595,0.01891475349559782,0.00919783599524826,1,961.21875,0.0012864788609823208,0.062365852333315264,0.029993819980200342
50231.05859375,50526.390625,49515.87890625,50255.75,22400,23.350000381469727,24.200000762939453,20.950000762939453,23.75,0,0.00919783599524826,63.04767977813669,48435.77094842409,532.9089281938359,946.8115850815482,0.018839865788124705,0.007134289359923995,1,1010.51171875,0.01713060436811409,0.08577108059248428,0.060025828581861784
50212.25,50687.51171875,49926.44921875,50614.2890625,33600,23.75,23.93000030517578,22.09000015258789,23.1200008392334,0,0.007134289359923995,64.5944075498067,48643.248864050365,646.381977024379,933.5437932900089,0.018444273555581148,0.0023183145693324025,1,761.0625,-0.02652628045333061,0.041433218912185765,0.07978625707884679
51031.390625,51073.26953125,50565.2890625,50731.62890625,32200,23.1200008392334,23.940000534057617,20.079999923706055,23.420000076293945,0,0.0023183145693324025,65.1091353361926,48842.14220140271,737.2796298599933,903.1464129657226,0.017802432770978056,0.012164809967770918,2,507.98046875,0.012975745076594603,0.01875407507999549,0.09605240271523119
51146.671875,51523.37890625,51146.671875,51348.76953125,20600,23.420000076293945,24.350000381469727,22.18000030517578,23.959999084472656,0,0.012164809967770918,67.76359236924328,49080.86861376912,849.3242837356447,895.1895263253138,0.01743351465862325,-0.00038348350758465877,1,376.70703125,0.02305717363021298,0.021749143754694833,0.056545796268629545
51484.23046875,51835.859375,51193.9296875,51329.078125,21200,23.959999084472656,24.469999313354492,21.43000030517578,24.270000457763672,0,-0.00038348350758465877,67.58690568898984,49294.983805314914,925.8588230685855,877.0995378377913,0.017087771101242457,-0.00038355452151417335,1,641.9296875,0.012938288194339398,0.014122278031355018,0.030751596929327274
51355.890625,51512.859375,50846.21875,51309.390625,16000,24.270000457763672,24.959999084472656,20.90999984741211,23.950000762939453,0,-0.00038355452151417335,67.39769270226319,49486.83207385635,973.7001707161253,862.0667583493777,0.01680134470217902,0.0043292056979091775,1,666.640625,-0.013184989237272737,0.011388589942926464,0.020965573591081643
51165.83984375,51592.44921875,51157.30859375,51531.51953125,12100,23.950000762939453,24.219999313354492,21.020000457763672,23.049999237060547,0,0.0043292056979091775,68.47022036702903,49681.56421265574,1017.8060946340993,831.5720345387078,0.01613715337919391,0.0002480278112553247,1,435.140625,-0.03757835061415027,0.0035589947270067146,0.018121966854407034
51614.76953125,51804.578125,51260.62109375,51544.30078125,15100,23.049999237060547,23.06999969482422,20.889999389648438,22.040000915527344,0,0.0002480278112553247,68.53436341954993,49858.967695379004,1041.7826749728629,811.0281057323716,0.015734583522130054,0.010861939831642076,2,543.95703125,-0.0438177160504758,0.00419299672060891,0.01601903767966495
52400.03125,52516.76171875,51863.609375,52104.171875,21100,21.479999542236328,22.1200008392334,20.540000915527344,21.780000686645508,0,0.010861939831642076,71.2896488271567,50072.79666486672,1093.357659355388,822.5590222872022,0.015786816922463604,-0.014960039488200794,0,653.15234375,-0.011796743107150398,0.01548997640234595,0.014711206337481464
51903.9609375,51903.9609375,51186.6796875,51324.69140625,18200,21.510000228881836,22.09000015258789,19.959999084472656,21.540000915527344,0,-0.014960039488200794,63.01624089991294,50192.024735474646,1059.1247161724095,829.3399626595449,0.016158693602170458,-0.008474082855314258,0,717.28125,-0.011019272890350318,-0.004013623640082509,-8.546264437703233e-05
51238.01953125,51432.98828125,50624.328125,50889.76171875,15000,21.540000915527344,22.8700008392334,19.350000381469727,22.25,0,-0.008474082855314258,58.90822250332863,50258.475876738965,985.5389911296443,827.8628336302917,0.016267767929541533,-0.0225082878670263,0,808.66015625,0.032961887386032895,-0.012698572928126706,-0.008178403624336528
50910.51171875,50986.03125,49617.37109375,49744.3203125,16300,22.25,25.81999969482422,20.020000457763672,25.469999313354492,0,-0.0225082878670263,49.71610633699767,50209.508680144776,825.2809007413962,866.4912138174137,0.017418897441436695,0.00014252569349548772,1,1368.66015625,0.14471907026312314,-0.0452910290592734,-0.03468167123746846
49994.8515625,50327.30859375,49659.8515625,49751.41015625,14900,25.469999313354492,25.639999389648438,23.860000610351562,25.229999542236328,0,0.00014252569349548772,49.76835383110907,50165.880249297654,690.8832288475605,852.2744864911699,0.01713065989113684,0.02070858387258334,2,667.45703125,-0.009422841679949556,-0.030653496531465096,-0.03478348911180085
49763.94140625,50881.171875,49648.78125,50781.69140625,45900,25.229999542236328,25.229999542236328,23.479999542236328,24.170000076293945,0,0.02070858387258334,56.79397452940979,50224.528930912165,659.9002724766251,879.4256392418007,0.01731776974907072,0.005073032826714563,1,1232.390625,-0.04201345561532366,-0.0021236160054602937,-0.02538146987390344
51207.609375,51386.12109375,50991.76171875,51039.30859375,33500,24.170000076293945,24.170000076293945,22.6299991607666,22.889999389648438,0,0.005073032826714563,58.36216618135101,50302.12699403957,648.6563042660491,859.7830712602436,0.016845507804655643,-0.037996602343031705,0,394.359375,-0.05295824090215617,0.026032887234456625,-0.005560341517518608
50256.7109375,50400.30859375,48890.48046875,49099.98828125,23100,22.889999389648438,29.649999618530273,22.889999389648438,28.139999389648438,0,-0.037996602343031705,45.09347893485378,50187.63759282151,477.75121815501916,951.8577179559405,0.019386108862258732,0.015271929561464948,2,1509.828125,0.2293578042808604,-0.013093535900874698,-0.03516961716958811
49747.7109375,50058.421875,49440.4609375,49849.83984375,18400,28.139999389648438,28.139999389648438,24.950000762939453,25.6299991607666,0,0.015271929561464948,49.8418884789606,50155.46637862422,398.2239822486081,952.327423369802,0.0191039214239161,0.008967948195044206,1,617.9609375,-0.08919688284730964,-0.0183501481871734,0.0021212377732193755
50258.08984375,50439.8203125,49807.12109375,50296.890625,17500,25.6299991607666,25.6299991607666,23.209999084472656,23.610000610351562,0,0.008967948195044206,52.480424544017914,50168.93535446953,367.04032433333487,929.4968373255305,0.018480204755709596,0.022819657403026605,2,632.69921875,-0.07881383599524938,-0.014546003643178484,0.010964120756313367
50738.2109375,51539.890625,50512.83984375,51444.6484375,15800,23.610000610351562,23.610000610351562,21.81999969482422,22.09000015258789,0,0.022819657403026605,58.514324519834766,50290.431838567674,429.98491557541274,951.8899203737068,0.018503186420452573,-0.011635229915648138,0,1027.05078125,-0.06437951793602426,0.04775276407031992,0.01305504036772609
50812.140625,51256.55078125,50539.921875,50846.078125,21800,22.09000015258789,24.579999923706055,22.09000015258789,24.149999618530273,0,-0.011635229915648138,54.619207178190464,50343.350532513614,426.6511667983941,948.5211090970134,0.018654754586286265,-0.008668472156622253,1,716.62890625,0.09325484163480402,0.019984783990733446,-0.0037859147013143968
50517.359375,50886.19140625,50160.5390625,50405.3203125,19200,24.149999618530273,26.40999984741211,22.860000610351562,25.559999465942383,0,-0.008668472156622253,51.88058127274136,50349.25241632184,384.01696642553725,932.6019115722268,0.01850205307277754,0.0007092505270942517,1,725.65234375,0.05838508777160478,0.0021557930550502036,0.026585180097659533
50654.01953125,50985.76953125,50318.26171875,50441.0703125,14200,25.559999465942383,25.649999618530273,21.200000762939453,24.68000030517578,0,0.0007092505270942517,52.090412664274076,50357.99697786262,349.08969301175966,913.6666187813535,0.018113545432737063,0.011585998326946179,2,667.5078125,-0.03442876287768171,-0.019507920755241326,0.011860228048939714
50714.16015625,51111.94140625,50396.1015625,51025.48046875,12200,24.68000030517578,24.68000030517578,21.440000534057617,22.5,0,0.011585998326946179,55.50609156461164,50421.56683413761,364.3664035934198,899.5361348505425,0.01762915560200268,0.004978517549787176,1,715.83984375,-0.08833064336383334,0.0035283418183986726,0.01448578301156167
51404.6796875,51430.4296875,51048.9296875,51279.51171875,9300,22.5,22.5,19.31999969482422,20.75,0,0.004978517549787176,56.9430747737144,50503.275870767364,392.44761383724835,864.208497986218,0.016852900291369703,-0.009505425800920286,0,381.5,-0.07777777777777772,0.017343236801794726,-0.0032099882838274585
51660.98046875,51821.83984375,50538.4296875,50792.078125,12200,20.75,22.670000076293945,18.540000915527344,21.709999084472656,0,-0.009505425800920286,53.380632408603994,50530.780847360955,371.0926330301372,894.1514735764882,0.017604152194284496,-0.00781617950387814,1,1283.41015625,0.046265016119164226,0.006958770111842982,-0.001062028813062943
50773.46875,50834.78125,49799.0703125,50395.078125,17600,21.709999084472656,22.93000030517578,21.0,21.229999542236328,0,-0.00781617950387814,50.60379923178742,50517.856778564674,318.4630311666697,904.2628638567392,0.01794347578177783,-0.0006174648131870297,1,1035.7109375,-0.022109606747041766,-0.01235465767218169,-0.00020319655616707344
50608.421875,50857.98046875,50289.44140625,50363.9609375,100,21.229999542236328,21.229999542236328,18.059999465942383,20.190000534057617,0,-0.0006174648131870297,50.3825708145412,50503.200031796616,271.1175215167532,880.2825923312578,0.01747842258522238,-0.011165520608036439,0,568.5390625,-0.04898723648625947,-0.01785412439711731,-0.001528702196886056
50436.01953125,50561.12109375,49718.6484375,49801.62109375,100,20.190000534057617,20.420000076293945,18.6200008392334,20.15999984741211,0,-0.011165520608036439,46.43201231937108,50436.382990077895,186.07478401021217,877.581882611168,0.017621552538604063,-0.01174864491656935,0,842.47265625,-0.0014859180709233533,-0.01950022656707351,-0.02398525920298855
50161.25,50296.3515625,48962.359375,49216.51953125,12600,20.15999984741211,20.950000762939453,16.68000030517578,20.079999923706055,0,-0.01174864491656935,42.68194185769377,50320.20551780857,70.65057973573857,910.1826186746559,0.018493437312175967,0.013038686118235887,2,1333.9921875,-0.003968250213867153,-0.023386382908797243,-0.04023033992239988
48881.19140625,50003.578125,48586.9296875,49858.23828125,17500,20.079999923706055,21.8700008392334,18.729999542236328,19.989999771118164,0,0.013038686118235887,47.673559061645314,50276.20863813633,30.604615364172787,946.3587485907519,0.01898099052863337,-0.001743928821943519,1,1416.6484375,-0.004482079329175659,-0.010041359869959132,-0.018385541175373943
49878.76953125,49878.76953125,49281.01953125,49771.2890625,11600,19.989999771118164,21.229999542236328,18.969999313354492,20.489999771118164,0,-0.001743928821943519,47.07535542275818,50228.1210595043,-8.055318506594631,921.4581236914125,0.018513848868457014,0.005628794211020027,1,597.75,0.025012506539515256,-0.0006090571066532657,-0.012377975899804161
49876.2109375,50264.6484375,49661.921875,50051.44140625,13400,20.489999771118164,22.139999389648438,20.489999771118164,20.670000076293945,0,0.005628794211020027,49.2835316901634,50211.29442586104,-15.90430686964828,898.6915836063116,0.017955358694107273,-0.01740474975394457,0,602.7265625,0.008784788052047743,0.016964260840709455,-0.0062052214605961
49786.46875,49854.578125,49120.33984375,49180.30859375,9200,20.670000076293945,22.690000534057617,19.75,22.459999084472656,0,-0.01740474975394457,43.241886509145246,50113.105298993316,-91.36462972537993,901.006582098718,0.01832047434963068,-0.015050485065359331,0,734.23828125,0.08659888735228538,-0.013597144842459219,-0.012475748506868833
49201.98046875,49247.94921875,48236.3515625,48440.12109375,14300,22.459999084472656,23.309999465942383,21.1200008392334,22.700000762939453,0,-0.015050485065359331,38.88047546666147,49953.773469922526,-208.49106923086947,908.9059445380954,0.018763494475561235,0.011733639252263117,2,1011.59765625,0.010685738568561032,-0.02674570005768573,-0.015775159334601607
48969.25,49234.66015625,48699.91015625,49008.5,10600,22.700000762939453,22.920000076293945,18.229999542236328,20.649999618530273,0,0.011733639252263117,43.58582126107991,49863.747425168,-252.5400641370943,900.7368815353742,0.01837919710938662,0.02301800963098244,2,534.75,-0.0903084174233183,-0.020837390032083403,-0.01704308677046773
49331.6796875,50268.44921875,49331.6796875,50136.578125,10500,20.649999618530273,20.649999618530273,19.56999969482422,20.489999771118164,0,0.02301800963098244,51.557094095714305,49889.73130134248,-194.18429730708158,926.3949056221333,0.018477425868842805,-0.012514409857324105,0,936.76953125,-0.007748176773259341,0.0194441547561075,0.00733935305636324
50049.12109375,50050.3203125,49442.5,49509.1484375,11900,20.489999771118164,20.829999923706055,20.0,20.649999618530273,0,-0.012514409857324105,47.53405000563315,49853.48531430986,-196.3024117871828,909.8008498634096,0.018376418875633373,0.010516837876080709,2,607.8203125,0.007808679804752305,0.022069047715240542,-0.010834712318240736
49868.53125,50092.48046875,49478.53125,50029.828125,8500,20.649999618530273,20.68000030517578,19.729999542236328,19.989999771118164,0,0.010516837876080709,50.95429780852644,49870.279867708916,-154.1891371002348,888.668590498166,0.01776277520438046,-0.017399776196013073,0,613.94921875,-0.03196125228108282,0.02083981605231755,0.017273570572063468
50020.91015625,50028.671875,48580.80078125,49159.3203125,12700,19.989999771118164,23.309999465942383,19.989999771118164,21.219999313354492,0,-0.017399776196013073,45.60188559249176,49802.5694338795,-188.87948371756647,928.69421573044,0.01889151863424556,0.0008557952435583882,1,1447.87109375,0.06153074318757357,-0.01949191287174623,0.01484718044692901
49441.12890625,49582.26171875,48936.3515625,49201.390625,9600,21.219999313354492,22.239999771118164,19.809999465942383,20.84000015258789,0,0.0008557952435583882,45.897668085367485,49745.314309224304,-210.55002113892988,908.49535433898,0.01846483082690267,0.009356871582326232,2,645.91015625,-0.017907595337548154,-0.006216180690090223,0.003935860616015585
49277.08984375,49900.12890625,49093.8984375,49661.76171875,9800,20.84000015258789,21.299999237060547,19.43000030517578,20.25,0,0.009356871582326232,49.155647472859,49737.35691965533,-188.4041723677583,901.1907196540527,0.018146571697511982,0.0017004877762545334,1,806.23046875,-0.028310947613626847,-0.007356939250928063,-0.00947045897440768
49885.26171875,50118.078125,49581.609375,49746.2109375,21800,20.25,20.59000015258789,19.170000076293945,20.309999465942383,0,0.0017004877762545334,49.75338623455165,49738.20015945006,-162.16969024086575,875.1391503930489,0.017592076540111842,-0.003113616536435382,1,536.46875,0.0029629365897472226,0.011938542300202748,0.0047882564633334734
49743.390625,49906.91015625,49461.01171875,49591.3203125,8900,20.309999465942383,20.969999313354492,19.68000030517578,19.790000915527344,0,-0.003113616536435382,48.62427680911818,49724.21160259768,-152.12346845779393,844.4790994721169,0.01702876822295972,-0.03444032938601749,0,445.8984375,-0.025603080457339167,0.007925176149429225,-0.008764927422984181
48956.6484375,48956.6484375,47693.44140625,47883.37890625,19100,19.790000915527344,23.299999237060547,19.790000915527344,23.0,0,-0.03444032938601749,38.30215244108236,49548.89420294552,-278.76493430059054,919.7219428133942,0.019207540566719427,0.013797683091528068,2,1263.20703125,0.162203079129424,-0.03580990184302235,-0.025955228797692742
47991.53125,48627.4296875,47775.3203125,48544.05859375,10000,23.0,23.0,20.299999237060547,20.459999084472656,0,0.013797683091528068,43.31502392504289,49453.19557349833,-322.1048548691615,914.8924736838661,0.018846641590896104,0.005348153847676507,1,852.109375,-0.1104348224142323,-0.024165706716042235,-0.013360029521523265
48512.76953125,48887.8515625,48010.55078125,48803.6796875,16100,20.459999084472656,21.549999237060547,18.25,20.889999389648438,0,0.005348153847676507,45.199265746368255,49391.33691768896,-331.67940789445856,912.2073527957328,0.01869136422984464,0.0005809308372144439,1,877.30078125,0.021016633646973704,-0.015882630670784326,-0.017278525802398748
48935.73828125,49089.55078125,48694.48828125,48832.03125,11900,20.889999389648438,21.09000015258789,19.479999542236328,20.399999618530273,0,0.0005809308372144439,45.412659799082306,49338.069711242395,-333.1393529097768,875.2684347388948,0.017924063618363097,-0.018074394048476106,0,395.0625,-0.023456188867146288,0.01981172518354124,-0.018376870725864025
47940.80859375,48020.7890625,47362.7109375,47949.421875,10500,20.399999618530273,23.110000610351562,19.809999465942383,22.489999771118164,0,-0.018074394048476106,40.16869382667452,49205.81753636216,-400.8943100823599,917.7007117218309,0.019138931729233304,-0.005080793140428197,1,658.078125,0.10245098978773726,-0.01224942322450473,-0.03310858487238422
48473.0390625,48478.33984375,47438.5,47705.80078125,11600,22.489999771118164,22.75,21.239999771118164,22.43000030517578,0,-0.005080793140428197,38.83564966728695,49062.95879778005,-468.84424343600404,926.4249354381287,0.01941954479888419,0.00785797717700909,1,1039.83984375,-0.00266782865953763,-0.022495822308480573,-0.003708554597779634
47501.7109375,48143.16015625,47204.5,48080.671875,15800,22.43000030517578,23.610000610351562,22.43000030517578,23.030000686645508,0,0.00785797717700909,42.02393589421183,48969.40766227718,-486.8341695713534,927.2988797818338,0.019286312849217724,-0.004205903294690616,1,938.66015625,0.02674990518530107,-0.015386609071274315,-0.009545693791858989
47863.80859375,48265.390625,47669.55078125,47878.44921875,11200,23.030000686645508,23.049999237060547,20.209999084472656,22.690000534057617,0,-0.004205903294690616,40.78875124369223,48865.50685813174,-511.5125951666123,903.6232343509885,0.018873276998226468,0.01061150702017799,2,595.83984375,-0.014763358334811016,-0.001480156662472809,-0.018958211238874645
48197.37109375,48667.98046875,48152.23828125,48386.51171875,15200,22.690000534057617,23.559999465942383,22.6200008392334,23.5,0,0.01061150702017799,45.15067864354183,48819.88827342872,-484.48913835187705,895.4738068973464,0.0185066824428748,0.011524470073214887,2,515.7421875,0.035698521237431224,0.014268934308876435,-0.009123510119190437
48424.078125,49009.26171875,48399.53125,48944.140625,10100,23.5,23.6299991607666,22.31999969482422,23.079999923706055,0,0.011524470073214887,49.54406402299572,48831.72183072122,-413.3124530172354,875.9935349761074,0.017897822370358706,0.016134703943430306,2,609.73046875,-0.01787234367208279,0.0179587496664948,0.020745166700719464
49066.640625,49801.48046875,49066.640625,49733.83984375,14300,23.079999923706055,23.110000610351562,20.969999313354492,22.579999923706055,0,0.016134703943430306,55.03677343790972,48917.63783196205,-289.8411812107006,874.6611284599569,0.017586840895613545,0.0006454672030322683,1,734.83984375,-0.021663778234524034,0.03875210361394488,0.04251137239681535
50093.859375,50375.76953125,49535.98046875,49765.94140625,13200,22.579999923706055,23.420000076293945,22.110000610351562,23.309999465942383,0,0.0006454672030322683,55.250036767970144,48998.428648560905,-187.24058798665646,872.1702666056743,0.017525444952120214,-0.019764160055183333,0,839.7890625,0.032329474964697624,0.028508558242801962,0.035050873158165574
49360.890625,49569.421875,48698.078125,48782.359375,19400,23.309999465942383,23.770000457763672,22.600000381469727,23.030000686645508,0,-0.019764160055183333,47.7732856119758,48977.85062250748,-183.18409621013416,886.148339080269,0.018165343997986343,-0.0013086665870186698,1,871.34375,-0.012011959919002724,-0.0033054263070942946,0.018879269713188984
48356.01171875,48863.23046875,48028.0703125,48718.51953125,14700,23.030000686645508,24.540000915527344,21.84000015258789,23.690000534057617,0,-0.0013086665870186698,47.32563139028026,48953.1524233401,-183.0110021976434,882.5063260209641,0.018114391293333316,-0.009544785370617093,0,835.16015625,0.0286582643392983,-0.020415079866944796,0.006861577756003934
48881.62890625,48996.53125,48149.44921875,48253.51171875,13200,23.690000534057617,23.690000534057617,22.18000030517578,23.010000228881836,0,-0.009544785370617093,44.085195302567556,48886.519975283896,-217.88443207734963,879.9760192516096,0.01823651767317227,0.014429001645686501,2,847.08203125,-0.028704106789621542,-0.030390858582453273,-0.014110553325299091
48877.78125,49011.30859375,48614.109375,48949.76171875,9500,21.959999084472656,22.610000610351562,20.1200008392334,22.040000915527344,0,0.014429001645686501,49.644766538297326,48892.542998471145,-187.1825958625559,871.2489375193518,0.01779883919609814,0.011290114968798948,2,397.19921875,-0.042155554267964024,0.003431616385405789,-0.015765485381047495
49496.05078125,49617.46875,49412.05078125,49502.41015625,12200,20.81999969482422,21.149999618530273,20.139999389648438,20.229999542236328,0,0.011290114968798948,53.589345061374935,48950.625584926274,-116.90940044228046,856.7102299286837,0.017306434721553018,-0.016395350699859423,0,205.41796875,-0.08212347087589533,0.01609019798923028,-0.005295413741874921
49171.28125,49171.28125,48550.71875,48690.80078125,17400,19.829999923706055,20.90999984741211,18.360000610351562,20.079999923706055,0,-0.016395350699859423,47.68198901645002,48925.88036552854,-125.2635205495535,863.4945996659206,0.017734245192336982,0.0008574514965891122,1,620.5625,-0.007414711909266347,0.009062326179466007,-0.0018768791613003044
48898.9296875,48898.9296875,48473.4296875,48732.55078125,18200,20.079999923706055,21.149999618530273,18.229999542236328,20.270000457763672,0,0.0008574514965891122,47.99954183815938,48907.46802416868,-127.05078250768565,832.2092711183549,0.01707707184985995,0.01740478743473317,2,425.5,0.009462178026868662,-0.0044374258397420485,0.0002880064939370097
48990.69921875,49628.421875,48923.12890625,49580.73046875,20600,20.270000457763672,20.43000030517578,18.360000610351562,19.610000610351562,0,0.01740478743473317,54.0954269714299,48971.58825698595,-59.342129112970724,836.7565441634724,0.016876648170620796,0.012355559316257203,2,705.29296875,-0.03256042587603003,0.0015821515003571207,0.02750512248177528
49986.6796875,50313.25,49959.19921875,50193.328125,14400,19.610000610351562,19.610000610351562,18.309999465942383,19.239999771118164,0,0.012355559316257203,57.93127264116965,49087.94443489205,43.25041383574717,829.3110432410815,0.01652233621918414,-0.00579135735482772,1,354.05078125,-0.01886796673724145,0.030858546576391532,0.02540495321295211
50088.80859375,50279.01171875,49831.3984375,49902.640625,13300,19.239999771118164,19.56999969482422,17.229999542236328,19.31999969482422,0,-0.00579135735482772,55.55883915321859,49165.534548235664,99.9475581535662,802.0469173845757,0.016072234000835017,0.012781685212674976,2,447.61328125,0.004158000242086457,0.024010437069101664,0.00808507035287187
49833.98046875,50591.12109375,49832.71875,50540.48046875,18100,19.649999618530273,19.649999618530273,17.1299991607666,19.079999923706055,0,0.012781685212674976,59.48004714440216,49296.48177876083,194.11120510451292,798.9294478392488,0.015807713746078055,0.002204529274684841,1,758.40234375,-0.012422348597782795,0.019357318678572488,0.03798827823370443
50727.28125,50857.58984375,50465.8984375,50651.8984375,16800,19.079999923706055,19.889999389648438,18.719999313354492,19.1299991607666,0,0.002204529274684841,60.141627080611535,49425.56907959314,274.5620917600463,769.8410162971596,0.015198660663174865,0.007218309777690557,1,391.69140625,0.002620505097509218,0.009136081021724474,0.03938533127201871
50899.578125,51072.609375,50620.44921875,51017.51953125,9400,18.84000015258789,21.299999237060547,17.229999542236328,20.8700008392334,0,0.007218309777690557,62.31598603285511,49577.183408322366,363.6308555441792,747.1495262937912,0.014644959871797298,0.001915013110156405,1,452.16015625,0.09095670438059078,0.02234108039748639,0.028978779637092833
51128.80078125,51282.8984375,50891.66015625,51115.21875,12300,20.8700008392334,21.31999969482422,18.350000381469727,19.90999984741211,0,0.001915013110156405,62.898422529078935,49723.66296467262,437.06380353124405,721.727294504949,0.014119616665143372,0.006018954115304398,1,391.23828125,-0.04599908736067648,0.011371840471626982,0.01836679613481995
51381.26953125,51529.3203125,51258.69140625,51422.87890625,15200,19.90999984741211,19.90999984741211,17.360000610351562,17.399999618530273,0,0.006018954115304398,64.74625070493178,49885.493054346654,514.1586464295906,699.7540279331669,0.013607834544014957,0.009956657637419264,2,270.62890625,-0.12606731532487103,0.015221156413343984,0.030464084910336364
52067.51171875,52228.6484375,51808.87890625,51934.87890625,13400,16.889999389648438,17.959999084472656,15.3100004196167,17.389999389648438,0,0.009956657637419264,67.63511209826531,50080.672659289834,609.5445359205551,707.3265638843693,0.013619489999412466,-0.0016443368945590064,1,419.76953125,-0.0005747258104067399,0.017981261798470705,0.027589734497323937
51749.1015625,51913.921875,51450.578125,51849.48046875,13500,17.389999389648438,17.649999618530273,15.170000076293945,17.209999084472656,0,-0.0016443368945590064,66.65401418959725,50249.13054590509,670.5182829756304,691.3961508390572,0.013334678469069057,0.007385786998980848,2,463.34375,-0.010350794220437276,0.014364835692892264,0.023643378988602137
52121.578125,52273.23046875,51942.19921875,52232.4296875,15000,17.209999084472656,17.209999084472656,14.149999618530273,15.75,0,0.007385786998980848,68.83702080647166,50438.01617843794,741.1971588538217,672.2785686362674,0.012870903625552646,-0.002534419843036373,1,331.03125,-0.08483434992102401,0.01574300775197557,0.023813587320838492
52367.51953125,52389.01953125,51952.69921875,52100.05078125,16700,15.75,16.3799991607666,14.9399995803833,15.9399995803833,0,-0.002534419843036373,67.19930494157757,50596.30518822956,777.5655145691635,655.4244074836769,0.012580110722647394,0.004385042510979931,1,436.3203125,0.01206346542116199,0.003180365074079816,0.01926690436495493
52231.37890625,52378.69140625,52054.76171875,52328.51171875,19800,15.9399995803833,15.9399995803833,14.739999771118164,15.569999694824219,0,0.004385042510979931,68.58825430227246,50761.27723875531,815.4228992228527,631.7462131991285,0.01207269598253767,-0.0010117124395692123,1,323.9296875,-0.02321203860095611,0.009238882350782962,0.017611476287647587
52428.71875,52432.4296875,52135.0390625,52275.5703125,12300,15.569999694824219,15.600000381469727,13.569999694824219,15.229999542236328,0,-0.0010117124395692123,67.87102834836321,50905.495626731,831.5674285900022,607.863671184905,0.01162806388435621,-0.0063878726813269004,0,297.390625,-0.02183687599563111,0.0008259356353534919,0.00655997305519862
52401.41015625,52446.921875,51717.0703125,51941.640625,15200,15.229999542236328,15.739999771118164,11.949999809265137,14.75,0,-0.0063878726813269004,63.369782775897306,51004.17610275662,808.101458822508,616.5770919931261,0.011870574063006432,0.006908294013864724,2,729.8515625,-0.031516714160442216,-0.0030404990758091666,0.0017774557317993267
52143.8984375,52346.3515625,51957.921875,52300.46875,8600,14.75,15.199999809265137,14.180000305175781,15.0,0,0.006908294013864724,65.98068143903713,51127.632545351225,809.1317721519881,601.4437952436172,0.011499778292974041,0.003332531675445116,1,388.4296875,0.016949152542372836,-0.0005359022802086111,0.0013026210518458647
52477.19140625,52641.53125,52388.94921875,52474.76171875,8500,15.0,15.0,13.9399995803833,14.100000381469727,0,0.003332531675445116,67.20348391258729,51255.93056186539,814.6218354055527,582.8451312976446,0.011107151556428801,0.0014629800829104589,1,252.58203125,-0.05999997456868489,0.003810410963653643,0.007192141502381233
52492.33984375,52590.921875,51936.30859375,52551.53125,9900,14.100000381469727,15.3100004196167,13.739999771118164,14.720000267028809,0,0.0014629800829104589,67.7532903377357,51379.32110359249,815.763792465681,587.9714277228128,0.011188473746382276,0.004215282142706389,1,654.61328125,0.043971621899662416,0.011741843685747044,0.0042619123671749914
52751.828125,52869.51171875,52671.2890625,52773.05078125,16300,14.720000267028809,15.15999984741211,13.279999732971191,14.609999656677246,0,0.004215282142706389,69.34998057997018,51512.0572633694,825.0331084106292,568.6863592247547,0.010776075114209735,-0.005136529127785616,1,198.22265625,-0.0074728674154953545,0.00903590431491108,0.009516500074051581
52782.2109375,52816.30859375,52425.5703125,52501.98046875,12900,14.609999656677246,15.319999694824219,13.619999885559082,14.869999885559082,0,-0.005136529127785616,65.10198450058272,51606.33566388184,801.2694636847518,555.975782226558,0.010589615425221596,-0.00340277342216333,1,390.73828125,0.017796046200658777,0.0005187017360057666,0.010787873409610738
52122.25,52523.87890625,52040.51171875,52323.328125,8900,14.869999885559082,16.049999237060547,14.529999732971191,15.289999961853027,0,-0.00340277342216333,62.389539214527105,51674.6206601788,759.268478558377,550.7894540318038,0.01052665175877139,0.00040366495226651367,1,483.3671875,0.02824479351219278,-0.004342463855418144,0.00043707782255775207
52568.0703125,52586.41015625,51601.109375,52344.44921875,11800,15.289999961853027,16.6200008392334,10.600000381469727,14.800000190734863,0,0.00040366495226651367,62.58799788564793,51738.4138562332,719.3939651709516,581.8259774045321,0.011115332878430967,0.004394195032767945,1,985.30078125,-0.032047074711619605,-0.00812159911460486,-0.0024833366695105052
51887.55078125,52629.1796875,51740.19140625,52574.4609375,12500,14.800000190734863,16.459999084472656,14.380000114440918,15.0600004196167,0,0.004394195032767945,64.76828388041613,51818.037387782424,698.3035409053482,603.7661419649227,0.01148401963992886,0.00027104414854473013,1,888.98828125,0.017567582806154336,0.0013805282791787832,0.00043632767598955624
52885.0390625,53057.109375,52520.55078125,52588.7109375,7700,15.0600004196167,15.109999656677246,14.430000305175781,14.739999771118164,0,0.00027104414854473013,64.90474236195732,51891.434868707904,674.9585812567384,598.965602806714,0.011389623212452677,-0.0053744008450007374,1,536.55859375,-0.021248382442387692,0.005071978828754986,-0.003493067787839421
52912.3515625,52912.3515625,52264.12109375,52306.078125,13600,14.739999771118164,15.539999961853027,13.630000114440918,15.369999885559082,0,-0.0053744008450007374,59.945495892714995,51930.924702640485,626.4303277570434,602.4845218026629,0.01151844189814533,0.007511973542749795,2,648.23046875,0.042740849675951376,-0.0007330499092587095,-0.0037313324564318684
52514.5703125,52830.6796875,52385.05078125,52699.0,7900,15.369999885559082,15.640000343322754,14.930000305175781,15.100000381469727,0,0.007511973542749795,64.05717983101479,52004.07473096044,612.6150043284288,596.921453281044,0.011326997728249948,0.004289247661245943,1,445.62890625,-0.0175666562198894,0.002368812923218666,0.007179816125276295
52877.16015625,52973.0703125,52614.48828125,52925.0390625,10700,15.100000381469727,15.270000457763672,13.279999732971191,13.369999885559082,0,0.004289247661245943,66.20632503807875,52091.78561967849,612.8412715358863,579.8972088502552,0.010956953818502535,-0.0035795763613187814,1,358.58203125,-0.1145695663712466,0.0063954434136961336,0.01109171750616178
53126.73046875,53126.73046875,52673.5,52735.58984375,6200,13.369999885559082,13.770000457763672,13.119999885559082,13.399999618530273,0,-0.0035795763613187814,62.81617364572145,52153.1003076853,590.9218421082696,570.8495845573799,0.010824750159214054,-0.003525696556175628,1,453.23046875,0.002243809515929396,0.008211506848660344,0.003064775242137996
52795.76171875,52816.421875,52477.76953125,52549.66015625,9200,13.399999618530273,13.399999618530273,12.899999618530273,13.0,0,-0.003525696556175628,59.59108604602966,52190.86791231051,552.1823500540559,554.2640673568528,0.010547433907447095,-0.0012740181106963844,1,338.65234375,-0.029850718650553665,-0.0028338268989923643,-0.0007425696609375532
52651.08984375,52875.921875,52448.640625,52482.7109375,9500,13.0,13.140000343322754,12.600000381469727,13.050000190734863,0,-0.0012740181106963844,58.427840680842536,52218.66248613808,510.19754139272845,545.1938661170776,0.010388066019804727,-0.0031269226011482187,1,427.28125,0.0038461685180664062,-0.008357634360508404,0.0033769079776519995
52638.5,52638.5,52281.01171875,52318.6015625,5800,13.050000190734863,13.279999732971191,12.329999923706055,12.84000015258789,0,-0.0031269226011482187,55.56458164123464,52228.18049341064,458.3978973829435,531.7863243408577,0.010164383382946193,0.0031742116100257345,1,357.48828125,-0.016091956710932998,-0.007907151175998828,-0.007218323639917257
52434.55078125,52527.8984375,52177.6796875,52484.671875,6400,12.84000015258789,13.020000457763672,12.020000457763672,12.09000015258789,0,0.0031742116100257345,57.817356996294144,52252.608244038194,425.8379972626499,518.8172118879394,0.0098851187090124,0.007173671836926188,2,350.21875,-0.05841121425912432,-0.0012367022176121845,-0.008320583136083526
52874.8515625,53129.37109375,52804.1796875,52861.1796875,7000,12.069999694824219,12.359999656677246,11.289999961853027,12.279999732971191,0,0.007173671836926188,62.463656967562365,52310.5674291298,425.51006058990606,527.808783806658,0.009984809021041732,0.0036620830710627494,1,325.19140625,0.01571543242227591,0.007211303365230348,0.002381500692835825
52919.7109375,53105.41015625,52751.76171875,53054.76171875,8000,12.279999732971191,12.59000015258789,11.149999618530273,12.210000038146973,0,0.0036620830710627494,64.6213536942485,52381.4430757603,435.84645388801437,515.3687590704682,0.009713902058452418,-0.009156959653789376,0,353.6484375,-0.005700301005404196,0.014070715467625394,0.009611890181556726
53065.69140625,53103.03125,52428.83984375,52568.94140625,6400,12.210000038146973,14.010000228881836,12.0600004196167,13.5600004196167,0,-0.009156959653789376,55.93188523678662,52399.30005961646,400.22295984650555,526.7132338690061,0.01001947575467792,-0.003476387294690131,1,674.19140625,0.1105651414620803,0.0016056027072188783,0.0016430261930007184
52508.23828125,52555.73046875,52228.01171875,52386.19140625,6400,13.5600004196167,14.0,12.180000305175781,12.9399995803833,0,-0.003476387294690131,53.042486780237105,52398.0516164387,353.1735219524853,513.4429805569342,0.009801112979854407,-0.00025770149800186104,1,327.71875,-0.045722774339775674,-0.008985578529612681,0.0012918893420585942
52634.328125,52700.51171875,52208.9609375,52372.69140625,24900,12.9399995803833,13.609999656677246,11.8100004196167,12.989999771118164,0,-0.00025770149800186104,52.82539080928843,52395.63635832549,311.209734178512,511.8792520350103,0.009773781684512097,0.007581032248662023,2,491.55078125,0.0038640025004841316,-0.012855967879296881,-0.0021335842399223814
52694.890625,52806.859375,52545.6796875,52769.73046875,7900,12.989999771118164,12.989999771118164,10.670000076293945,12.619999885559082,0,0.007581032248662023,58.23895616068591,52431.264368842116,306.4582047638178,506.328446086081,0.009595054619161386,0.0025454045587658403,1,261.1796875,-0.028483440498723978,0.003819537870247691,-0.0017299882312620252
52801.44140625,52978.578125,52611.96875,52904.05078125,9300,12.619999885559082,12.960000038146973,10.489999771118164,12.59000015258789,0,0.0025454045587658403,59.9148693411521,52476.29164621429,309.9581060228011,496.34851243707516,0.009382051187146308,0.004816281125684663,2,366.609375,-0.0023771579432040335,0.009885417532724317,-0.0028406675031157347
52968.890625,53266.12109375,52948.4296875,53158.8515625,8100,12.59000015258789,12.949999809265137,11.079999923706055,12.270000457763672,0,0.004816281125684663,62.95216293460812,52541.29735252722,329.4938960431173,486.7572124415698,0.009156654030971285,-0.00035352473196126333,1,317.69140625,-0.025416973069570803,0.015010879432409308,0.011221648001073614
53244.3984375,53290.80859375,52997.08984375,53140.05859375,6700,12.270000457763672,12.369999885559082,11.630000114440918,11.710000038146973,0,-0.00035352473196126333,62.57555669408022,52598.32223264367,339.54564403859695,472.9687508386005,0.008900418316328844,-0.011039885385429327,0,293.71875,-0.045639804297021636,0.007017813464469169,0.014390570630604449
52606.98828125,52821.171875,52405.890625,52553.3984375,23800,11.710000038146973,13.199999809265137,11.710000038146973,12.680000305175781,0,-0.011039885385429327,52.097723351343475,52594.04377596333,296.7523783622528,491.6258378322719,0.009354786796841427,-0.0067528785825726745,0,415.28125,0.08283520613739515,-0.0066280811879584345,0.003450405667493328
52432.87890625,52465.03125,52013.51171875,52198.51171875,8000,12.680000305175781,14.09000015258789,11.789999961853027,13.210000038146973,0,-0.0067528785825726745,46.97371839866607,52556.37405622873,231.53304588520405,495.07304361210964,0.009484428335420847,0.012235966078714355,2,451.51953125,0.04179808519049111,-0.01806547386790147,-0.010824742611453608
52494.55859375,52867.26171875,52471.23046875,52837.2109375,8300,13.210000038146973,13.210000038146973,11.720000267028809,11.890000343322754,0,0.012235966078714355,55.46352763425281,52583.12042587361,228.74709007400816,507.47854049695894,0.009604567150549343,0.0026229591095172644,1,396.03125,-0.09992427638246859,-0.0056990463364979815,-0.0012634163691240818
52967.87109375,53114.69921875,52653.76953125,52975.80078125,12100,11.890000343322754,12.119999885559082,11.569999694824219,11.760000228881836,0,0.0026229591095172644,57.06969370905881,52620.518554957074,235.01315678803803,504.1536224257476,0.00951667770927184,-0.0023318429958254505,1,460.9296875,-0.010933566920704463,0.00803758379683761,-0.0034434675669166026
52985.26171875,53103.421875,52783.62890625,52852.26953125,20900,11.760000228881836,12.539999961853027,10.399999618530273,12.449999809265137,0,-0.0023318429958254505,55.160147522238965,52642.59007650878,227.38991097381222,490.98500430605134,0.009289761984880258,-0.0051749492486463655,0,319.79296875,0.05867343256411717,0.012524453111278477,-0.005415670778613824
52995.71875,53024.69921875,52433.1796875,52578.76171875,6300,12.449999809265137,13.529999732971191,12.100000381469727,13.229999542236328,0,-0.0051749492486463655,51.08454572842396,52636.51118529365,197.00765743305237,498.1660419449048,0.009474662880226312,-0.0025685424463284257,1,591.51953125,0.06265058192135275,-0.004891424323204996,0.0004826192406979235
52673.69140625,52673.69140625,51802.73046875,52443.7109375,8000,13.229999542236328,15.979999542236328,11.359999656677246,13.6899995803833,0,-0.0025685424463284257,49.15332773451373,52618.14925693235,160.18551433207904,524.7942487702687,0.010006809956596975,0.003992077815574646,1,870.9609375,0.03476946742729936,-0.01004401700216162,0.004697436970447555
52693.53125,52777.1796875,52561.390625,52653.0703125,8800,13.6899995803833,13.6899995803833,12.4399995803833,12.949999809265137,0,0.003992077815574646,52.17192164253843,52621.47507174832,146.2118137335201,511.1281417152495,0.009707470783406644,-0.0012578652746538799,1,215.7890625,-0.05405403899197525,-0.003768981361003232,-0.0034850557350163403
52792.359375,52910.23046875,52533.91015625,52586.83984375,9900,12.949999809265137,13.319999694824219,12.180000305175781,12.800000190734863,0,-0.0012578652746538799,51.13765372531635,52618.17647860562,128.314183976996,501.4990110570174,0.009536587719420092,0.006917872676527326,2,376.3203125,-0.011582982296490463,0.00015363855549144212,-0.00734223799855549
52901.28125,52986.76953125,52804.078125,52950.62890625,7900,12.800000190734863,13.09000015258789,11.520000457763672,12.8100004196167,0,0.006917872676527326,56.26615400278317,52649.83861457175,141.8497646922333,494.2440593743733,0.009334054563345054,0.016481966064939124,2,182.69140625,0.000781267869751634,0.009665943917548603,0.0018610246233956573
53125.96875,53887.98046875,53088.3515625,53823.359375,8100,12.8100004196167,13.90999984741211,11.960000038146973,13.75,0,0.016481966064939124,65.59542058897624,52761.6024965173,220.45756743559468,525.894595311918,0.00977075012445594,0.010151914755878177,2,799.62890625,0.07338013658015385,0.02222641634294531,0.02367111007496714
54071.21875,54465.91015625,54034.30859375,54369.76953125,14600,13.75,14.0600004196167,12.649999618530273,13.210000038146973,0,0.010151914755878177,69.92162912747243,52914.76126172993,323.12081489907723,534.227180021781,0.009825812848346256,0.002263579808431393,1,431.6015625,-0.03927272449840202,0.033904484331014784,0.03672620719089448
54576.640625,54717.23828125,54230.890625,54492.83984375,15300,13.210000038146973,13.420000076293945,11.199999809265137,12.869999885559082,0,0.002263579808431393,70.81188822703308,53065.054460017556,409.6902694371456,530.8072140380824,0.009740861653752897,-0.003947694676343261,1,486.34765625,-0.025738088690844818,0.029125450808724418,0.034941353283499454
54492.171875,54633.578125,54210.328125,54277.71875,7200,12.869999885559082,13.15999984741211,11.640000343322754,12.609999656677246,0,-0.003947694676343261,67.07477942602938,53180.54629715874,455.6858486258134,523.1245558925051,0.009637924510091999,0.0023054176811732052,1,423.25,-0.020202038165794578,0.00844167625871095,0.03215403152716667
54385.7109375,54584.73046875,54124.26953125,54402.8515625,11500,12.609999656677246,13.109999656677246,12.029999732971191,12.609999656677246,0,0.0023054176811732052,68.12845186014232,53296.95632242934,496.511374643982,518.6485831501833,0.009533481577787162,0.0027904528786619753,1,460.4609375,0.0,0.000608463702076012,0.027425975597403784
54461.30859375,54779.66015625,54308.76953125,54554.66015625,8700,12.609999656677246,13.069999694824219,9.979999542236328,12.710000038146973,0,0.0027904528786619753,69.4075419471901,53416.737639936066,534.9490235939011,515.2373004251702,0.009444423243577709,-0.0005266363802416407,1,470.890625,0.0079302445830578,0.001134466705667414,0.013587051974122577
54730.6484375,54758.73828125,54167.19921875,54525.9296875,6500,12.710000038146973,13.329999923706055,10.470000267028809,12.710000038146973,0,-0.0005266363802416407,68.84442604089605,53522.3749777993,556.6758163057384,520.687426287658,0.009549354394722497,0.005833018952135616,2,591.5390625,0.0,0.0045729802802370045,0.002872187202490162
54641.21875,54874.1015625,54536.6484375,54843.98046875,9300,12.710000038146973,12.819999694824219,11.359999656677246,12.369999885559082,0,0.005833018952135616,71.5921202014454,53648.24216741365,592.7259205949958,508.3648869099681,0.009269292319138533,0.010818116932414634,2,337.453125,-0.026750602011600066,0.0081085622091559,0.006443793826984345
54911.94921875,55487.7890625,54905.48828125,55437.2890625,14100,12.369999885559082,13.15999984741211,11.399999618530273,12.989999771118164,0,0.010818116932414634,75.86774339759165,53818.6275859933,661.5450534216798,518.0394373985417,0.009344602634059253,0.0026207822380384105,1,582.30078125,0.05012125232780962,0.016178799459515725,0.021363652327410998
55479.73828125,55680.75,55281.01953125,55582.578125,6000,12.989999771118164,13.65999984741211,11.380000114440918,13.460000038146973,0,0.0026207822380384105,76.78902204964264,53986.62287542251,719.5142131471875,509.58879678078875,0.009168138901991401,0.0037726102912754023,1,399.73046875,0.036181699408017076,0.019378824782188664,0.021685013351638194
55565.640625,55854.87890625,55386.48828125,55792.26953125,6800,13.460000038146973,13.609999656677246,12.029999732971191,13.40999984741211,0,0.0037726102912754023,78.08914603835154,54158.58922359655,773.4595733948372,506.64607022501815,0.00908093674055039,-0.0029176309077877383,1,468.390625,-0.0037147244125674828,0.017290668080525817,0.022685676557334666
56073.30859375,56118.5703125,55514.890625,55629.48828125,16100,13.40999984741211,13.40999984741211,11.119999885559082,12.90999984741211,0,-0.0029176309077877383,74.59601106032582,54298.67484813498,793.9247038065878,513.5770428875169,0.009232100793215795,-0.005395842709039811,0,603.6796875,-0.03728560817966686,0.003466966404748195,0.020239152272592875
55159.12890625,55543.16015625,55013.98046875,55329.3203125,6800,12.90999984741211,14.140000343322754,12.350000381469727,14.020000457763672,0,-0.005395842709039811,68.51012130325167,54396.83155902689,776.9660397695625,520.8578121455514,0.009413775719704245,0.004093105585264878,1,529.1796875,0.0859799088668518,-0.004556424351717658,0.00884946423658195
55695.83984375,55781.171875,55240.2890625,55555.7890625,7500,14.020000457763672,14.4399995803833,12.729999542236328,13.6899995803833,0,0.004093105585264878,70.46776399241767,54507.20846411957,772.890906523804,522.2881693137263,0.009401147533448846,0.007257414808678364,2,540.8828125,-0.023537864950470166,-0.0042385884413169705,0.002137550410634237
55647.109375,56023.21875,55536.83984375,55958.98046875,7600,13.6899995803833,14.510000228881836,13.100000381469727,13.1899995803833,0,0.007257414808678364,73.61291513236014,54645.47246456057,793.0536817554821,519.7232219520315,0.009287574891437993,-0.00026393495961296587,1,486.37890625,-0.03652301061546126,0.005922977141802344,0.006771948269536976
56067.05859375,56198.12890625,55899.9609375,55944.2109375,5400,13.1899995803833,13.970000267028809,12.270000457763672,13.5,0,-0.00026393495961296587,73.30493794469896,54769.16184293575,798.6348828571718,503.897846723315,0.009007149055802428,8.741967967806907e-05,1,298.16796875,0.023502686086339653,0.011113287159992158,0.002723341558365844
55988.41015625,56112.390625,55854.0703125,55949.1015625,8300,13.5,14.199999809265137,12.109999656677246,13.539999961853027,0,8.741967967806907e-05,73.3447056333739,54881.53705432282,794.2965018643954,486.35659427879256,0.008692840111748534,0.0031388741301558998,1,258.3203125,0.0029629601372613834,0.007079595243576264,0.005745393156127987
55862.9296875,56188.23046875,55675.87109375,56124.71875,6000,13.539999961853027,13.760000228881836,12.9399995803833,13.40999984741211,0,0.0031388741301558998,74.79663434444618,54999.93531105398,795.8550217206066,488.21393575887885,0.00869873286908683,0.0136311234299058,2,512.359375,-0.00960119016301142,0.002961781645442141,0.014375713148247371
56329.25,56958.26953125,56309.859375,56889.76171875,6600,13.40999984741211,13.6899995803833,12.399999618530273,13.319999694824219,0,0.0136311234299058,79.9263345636504,55179.9187784536,849.0355801211044,512.8808532939589,0.00901534542945574,0.01164759503697499,2,648.41015625,-0.006711420851004624,0.016901673388625582,0.024011406889555387
56995.1484375,57625.26171875,56859.1015625,57552.390625,11200,13.319999694824219,14.770000457763672,12.640000343322754,14.520000457763672,0,0.01164759503697499,83.12919790635969,55405.868478124685,933.8849266016041,530.9722320765333,0.0092258935955631,-0.0037214733423595048,1,766.16015625,0.09009014943189086,0.028656207476521978,0.02847461020380515
57763.53125,57918.7109375,57263.8984375,57338.2109375,7300,14.520000457763672,15.630000114440918,13.899999618530273,14.1899995803833,0,-0.0037214733423595048,78.7551524659772,55589.901093303284,972.6342124298826,539.817965499638,0.009414628686061592,0.008970076264859905,2,654.8125,-0.022727332436406567,0.021621349995629258,0.02491768096537017
57423.6484375,57892.37109375,57287.7890625,57852.5390625,5100,14.1899995803833,14.390000343322754,13.609999656677246,14.239999771118164,0,0.008970076264859905,81.29977417390711,55805.39042370297,1032.9382131508464,544.4439701960924,0.009410891535942989,0.004795124997889921,2,604.58203125,0.0035236217204674958,0.01692356084227864,0.03402087695498901
57983.44921875,58194.7890625,57764.0703125,58129.94921875,6100,14.239999771118164,14.649999618530273,13.579999923706055,14.539999961853027,0,0.004795124997889921,82.51616484065919,56026.776975612214,1090.543146827942,536.3207401820858,0.009226237892688437,0.0028722016747633194,1,430.71875,0.021067429463259568,0.010035353657387613,0.03572811612084914
58411.62109375,58515.8515625,58200.2890625,58296.91015625,5600,14.539999961853027,15.279999732971191,14.0600004196167,15.109999656677246,0,0.0028722016747633194,83.22346803235544,56242.98013567296,1136.5661964686515,525.5765690083655,0.009015513302500793,-0.0002989813259962615,1,315.5625,0.039202179939454185,0.016720075549532032,0.02473465163128341
58418.69140625,58553.0703125,58005.0703125,58279.48046875,7400,15.109999656677246,15.229999542236328,14.59000015258789,14.899999618530273,0,-0.0002989813259962615,82.84667453044463,56436.932548346966,1158.2814175949316,527.1782426506251,0.009045692212944536,-0.0005013557047006678,1,548.0,-0.01389808358163469,0.0073798214074711765,0.01263352983002175
58350.55859375,58372.94140625,57924.48046875,58250.26171875,5300,14.899999618530273,15.0600004196167,12.489999771118164,14.40999984741211,0,-0.0005013557047006678,82.17500745138247,56609.630564575826,1159.764138789651,521.555577997009,0.008953703599053994,0.0009409158368185455,1,448.4609375,-0.03288589152101584,0.002069716241231312,0.015906509225482424
58172.98046875,58334.58984375,58084.98828125,58305.0703125,5300,14.40999984741211,14.40999984741211,13.640000343322754,13.9399995803833,0,0.0009409158368185455,82.46223424955825,56771.10101675909,1152.0813251098516,502.130291175794,0.008612120498003114,-0.0021834909565782157,1,249.6015625,-0.032616257599282106,0.00013997579336755273,0.007822150200030409
58262.109375,58314.640625,57944.62890625,58177.76171875,5600,13.9399995803833,14.779999732971191,11.920000076293945,14.029999732971191,0,-0.0021834909565782157,79.26714805949885,56905.06870266299,1122.7772234363874,492.6932502882373,0.008468755684862455,0.0011916602315358293,1,370.01171875,0.0064562521733888545,-0.0017453613035302018,0.0008225106101515944
58482.62109375,58482.62109375,58214.2890625,58247.08984375,6700,14.029999732971191,14.029999732971191,10.869999885559082,13.579999923706055,0,0.0011916602315358293,79.72779157342427,57032.88023990938,1092.5534361032041,479.27654491050606,0.008228334603431404,0.00817395987125158,2,268.33203125,-0.032074113886660705,-5.445254504288233e-05,-0.0008545961075204778
58354.109375,58777.05859375,58272.8203125,58723.19921875,9600,13.579999923706055,13.880000114440918,12.369999885559082,13.729999542236328,0,0.00817395987125158,82.5887855343021,57193.86299979896,1094.4033142768822,482.89741670261276,0.008223281822636567,0.007117475598409584,2,504.23828125,0.01104562734705361,0.007171398713849975,0.007613635990422418
58881.0390625,59204.2890625,58700.5,59141.16015625,24700,13.729999542236328,14.529999732971191,9.029999732971191,14.40999984741211,0,0.007117475598409584,84.638374175836,57379.31987184192,1116.722429634865,484.3896771167119,0.008190398629938304,-0.0021181446376608015,1,503.7890625,0.04952660800052899,0.016559565185016556,0.015294325059027614
59409.98046875,59737.3203125,58871.73046875,59015.890625,13100,14.40999984741211,15.649999618530273,12.140000343322754,15.229999542236328,0,-0.0021181446376608015,81.54021357818395,57535.18375309507,1111.489723452265,511.61826044766104,0.00866916105186985,-0.0088952472281697,0,865.58984375,0.05690490655844682,0.013198956090550329,0.012191397912568958
58634.69140625,59202.55859375,58389.69140625,58490.9296875,17400,15.229999542236328,17.809999465942383,10.229999542236328,17.489999771118164,0,-0.0088952472281697,69.97975067495423,57626.20717541935,1052.8462495376662,533.1360409513995,0.009114849837398553,0.008793497496072833,2,812.8671875,0.14839135238411072,-0.003955328291716076,0.0053829497646189495
58630.05859375,59084.51171875,58232.5390625,59005.26953125,9500,17.489999771118164,18.0,13.0,16.520000457763672,0,0.008793497496072833,73.88619312825938,57757.54644740322,1035.932219054288,555.9100849012996,0.009421363368349363,-0.0013209228068812306,1,851.97265625,-0.05546022447388965,-0.0022977335013547595,0.013016610607222479
59166.1484375,59178.44140625,58878.37890625,58927.328125,19200,16.520000457763672,16.860000610351562,13.279999732971191,16.489999771118164,0,-0.0013209228068812306,72.34978313991408,57868.95422622196,1004.6574423188285,537.6352574083496,0.009123699894688711,0.016257843015854645,2,300.0625,-0.001816022143716678,-0.0015006551466408835,0.003476120323240517
59358.1796875,59957.25,59243.1484375,59885.359375,44600,16.489999771118164,16.940000534057617,10.3100004196167,16.600000381469727,0,0.016257843015854645,78.31794286186823,58060.99281181987,1045.1294697503763,572.7985872363246,0.009564918591361873,0.002723693682434414,1,714.1015625,0.006670746626948221,0.02384010127638647,0.012583439634661131
60158.76171875,60333.0,59946.55078125,60048.46875,10900,16.600000381469727,17.329999923706055,12.770000457763672,16.920000076293945,0,0.002723693682434414,79.14335394865394,58250.27623450369,1077.9395898776565,563.8587327908729,0.009390060138558868,0.0004897736255764507,1,386.44921875,0.0192770896066623,0.017679763638695167,0.01749661174413575
60303.7890625,60412.3203125,59887.19140625,60077.87890625,6200,16.920000076293945,18.139999389648438,13.520000457763672,18.049999237060547,0,0.0004897736255764507,79.29639882611121,58424.333631812864,1093.7074219303322,561.0923166093819,0.009339416218154975,-0.006829091692638234,0,525.12890625,0.06678482007513731,0.01952491005207957,0.02713154376633442
60285.890625,60288.44140625,59045.53125,59667.6015625,21100,18.049999237060547,18.56999969482422,15.369999885559082,18.540000915527344,0,-0.006829091692638234,71.42275423483449,58542.74010140211,1060.8685572629984,609.7935908694261,0.010219844185134304,-0.004262481222470416,1,1242.91015625,0.027146908541731074,-0.00363624456415812,0.011224964083914823
59296.5390625,59678.66015625,59111.41015625,59413.26953125,16100,18.540000915527344,19.43000030517578,16.760000228881836,18.84000015258789,0,-0.004262481222470416,66.98265277720716,58625.647666149525,1002.7618367856048,606.7547629501813,0.01021244526243489,-0.0048290585337857905,1,567.25,0.01618118782342104,-0.01057810851754648,0.008246452396741821
59549.5703125,59557.23828125,59019.28125,59126.359375,8900,18.84000015258789,19.139999389648438,17.149999618530273,18.399999618530273,0,-0.0048290585337857905,62.27907832638146,58673.33449556385,922.9217232430747,601.8406392573112,0.010178888834339145,-0.006101868165293234,0,537.95703125,-0.023354592913693684,-0.015838101287411033,-0.012674216334699895
58889.76953125,58890.078125,58551.140625,58765.578125,10200,18.399999618530273,19.079999923706055,17.0,17.209999084472656,0,-0.006101868165293234,56.87104216984527,58682.1196031292,821.071030601568,599.9390757389318,0.01020902192883739,0.009082565075164917,2,338.9375,-0.06467394340917221,-0.015117474372673745,-0.021364252106761628
59143.0,59548.8203125,58952.109375,59299.3203125,10000,17.209999084472656,17.530000686645508,15.319999694824219,16.739999771118164,0,0.009082565075164917,62.11264332927495,58740.900623069276,774.4942689240197,613.0321551504367,0.010337928865286042,0.007513721766151171,2,596.7109375,-0.027309665215411782,-0.0019179085690623765,-0.012959155814487366
59320.140625,59778.87109375,59127.0390625,59744.87890625,12900,16.739999771118164,17.1299991607666,16.299999237060547,16.399999618530273,0,0.007513721766151171,65.84441228264842,58836.517602419815,764.7194942458882,615.803574871834,0.010307219399308447,-0.009291983642164992,0,651.83203125,-0.020310642606728102,0.010460977773502522,0.0012951307196260586
59942.0,59963.5703125,59079.859375,59189.73046875,7000,16.399999618530273,17.59000015258789,16.110000610351562,17.329999923706055,0,-0.009291983642164992,58.15807489273985,58870.15692302269,704.061097483871,634.9398150595601,0.010727195579895148,0.00824632334671116,2,883.7109375,0.05670733700048247,0.007217700519303705,-0.003762443377778202
59632.80859375,59914.91015625,59597.05859375,59677.828125,5700,17.329999923706055,17.329999923706055,14.449999809265137,16.15999984741211,0,0.00824632334671116,62.32258483030373,58947.07798987767,687.4497894368906,641.3855202338773,0.010747467533343269,0.006388142476490222,2,317.8515625,-0.06751298796565364,0.006383004231841349,0.009326952577993097
59960.390625,60212.30078125,59830.9296875,60059.05859375,5700,16.15999984741211,16.399999618530273,15.529999732971191,15.649999618530273,0,0.006388142476490222,65.2331860232855,59052.980904532174,697.0125935802862,633.7488870921718,0.010552094920084585,0.0012774535273516463,1,381.37109375,-0.03155942040206816,0.005258688162930181,0.022010852441520123
60099.6796875,60476.12890625,59811.421875,60135.78125,42500,15.649999618530273,16.40999984741211,12.229999542236328,16.09000015258789,0,0.0012774535273516463,65.80568695294096,59156.10474695768,702.6819814438568,635.9601831034453,0.010575404025426963,0.002469866370115481,1,664.70703125,0.02811505078483445,0.015983360183562167,0.014105742411413047
60045.75,60331.73828125,59885.390625,60284.30859375,6500,16.09000015258789,16.399999618530273,13.9399995803833,15.850000381469727,0,0.002469866370115481,66.94062816618697,59263.55273236647,710.9643727877483,622.416431185342,0.010324683913682164,0.007510116613445472,2,446.34765625,-0.014916082588076529,0.010162576082354713,0.009028885778586293
60619.91015625,60836.62890625,60452.2890625,60737.05078125,8500,15.850000381469727,16.219999313354492,13.380000114440918,16.100000381469727,0,0.007510116613445472,70.18872702474812,59403.88587987919,745.4674536379462,617.4095655649605,0.010165287211402758,0.009366579874761083,2,384.33984375,0.01577287028284724,0.011288758155302725,0.026141702289334212
61088.8203125,61353.25,60978.0390625,61305.94921875,12600,16.100000381469727,16.290000915527344,12.609999656677246,15.770000457763672,0,0.009366579874761083,73.68714057628154,59585.03476929546,809.3866378808234,617.3231122210348,0.010069546595197824,0.007497488104456718,2,375.2109375,-0.02049688918553494,0.019458763891090136,0.027281842267110834
61817.3203125,61963.0703125,61624.6484375,61765.58984375,11800,15.770000457763672,17.31999969482422,14.15999984741211,17.18000030517578,0,0.007497488104456718,76.1249678898825,59792.70668114827,886.9084800895653,620.1658251873895,0.01004063632770672,-0.000802049533167537,1,338.421875,0.08941026039843636,0.02457158893506106,0.028414219102954608
62156.48046875,62245.4296875,61594.2890625,61716.05078125,8600,17.18000030517578,17.540000915527344,14.239999771118164,17.3799991607666,0,-0.000802049533167537,75.31506894813718,59975.882309729386,933.5859129586461,622.3783108882902,0.010084545316975717,-0.007390133327982884,0,651.140625,0.01164137671933374,0.016118662124803507,0.02627835705136028
61800.0703125,61880.359375,61109.2890625,61259.9609375,48400,17.3799991607666,18.860000610351562,15.229999542236328,18.309999465942383,0,-0.007390133327982884,68.12852633234834,60098.175512374204,923.1341601442982,632.9991681462695,0.010332999865802755,-0.005492346589043184,0,771.0703125,0.05350980150074758,-0.0007501438577502961,0.016184184019175207
61557.94140625,61621.19921875,60485.6484375,60923.5,7300,18.309999465942383,18.799999237060547,14.90999984741211,18.040000915527344,0,-0.005492346589043184,63.32785639676123,60176.77784452904,877.5852287638845,668.8957119393932,0.01097927256213765,-0.0016722431615058264,1,1135.55078125,-0.014745961676145947,-0.013633640444141393,0.0030697772834165082
61044.5390625,61420.12890625,60551.1484375,60821.62109375,9400,18.040000915527344,18.040000915527344,14.359999656677246,17.549999237060547,0,-0.0016722431615058264,61.90541046767022,60238.19148731198,823.7706805597045,683.187480283008,0.011232641748070933,0.0023910853555815237,1,868.98046875,-0.027161954190647708,-0.014492659140978859,-0.00790018148600613
61398.75,61404.98828125,60449.6796875,60967.05078125,10500,17.549999237060547,18.760000228881836,14.510000228881836,17.610000610351562,0,0.0023910853555815237,63.17690570991963,60307.60665816322,783.8218138121592,702.6247026735074,0.011524662808350815,0.006285541658804572,2,955.30859375,0.0034188818176306146,-0.004781429040557783,-0.012928542648424246
60997.8984375,61497.7109375,60791.2890625,61350.26171875,6700,17.610000610351562,17.729999542236328,16.649999618530273,16.75,0,0.006285541658804572,66.36286316172524,60406.90714012387,774.159935291289,702.8959292682569,0.01145709748542827,-0.0033729863239809754,1,706.421875,-0.04883592166635331,0.0070048785567145,-0.005926968071831462
61499.69921875,61576.8515625,60989.390625,61143.328125,8900,16.75,17.030000686645508,15.399999618530273,16.829999923706055,0,-0.0033729863239809754,63.183771676253315,60477.04247201683,741.2602288542475,694.6505727133814,0.011361019983950725,-0.018949392219561934,0,587.4609375,0.004776114848122681,0.00528935311924883,-0.0019038995571510897
61081.0,61081.0,59777.578125,59984.69921875,8600,16.829999923706055,18.43000030517578,16.809999465942383,17.90999984741211,0,-0.018949392219561934,49.02328036040698,60430.15263837237,614.61045802632,742.586246090997,0.0123795943926127,-0.011299040256555037,0,1303.421875,0.06417111875234238,-0.016112827337256053,-0.01540950177271494
59857.328125,60132.80859375,59089.37109375,59306.9296875,9000,17.90999984741211,19.639999389648438,16.280000686645508,17.43000030517578,0,-0.011299040256555037,42.95814301445285,60323.17902400358,454.3122367021351,764.0756213702115,0.01288341219814072,0.014020810963937924,2,1043.4375,-0.02680064468597332,-0.03330600349542623,-0.024903831548903743
59577.48046875,60220.2109375,59355.12109375,60138.4609375,7200,17.43000030517578,18.100000381469727,15.380000114440918,17.239999771118164,0,0.014020810963937924,50.972350171835124,60305.58682528895,389.8780919415731,774.7331662723392,0.012882490742114183,-0.0018191743194708732,1,865.08984375,-0.010900776289785696,-0.016434617125284268,-0.013590781137224117
60360.609375,60421.140625,59881.75,60029.05859375,6000,17.239999771118164,17.790000915527344,16.360000610351562,17.059999465942383,0,-0.0018191743194708732,49.97746295895361,60279.25080323762,326.2251922210053,757.9229847528865,0.012625934880674584,-0.004283537419605188,1,539.390625,-0.010440853107047676,0.0007395115017285736,-0.02153541139004156
60275.2109375,60361.8203125,59552.48828125,59771.921875,8500,17.059999465942383,17.059999465942383,15.699999809265137,16.1299991607666,0,-0.004283537419605188,47.624620369811154,60230.93376245308,252.12468989325134,761.5950595026803,0.012741685989207292,0.004947125832232668,1,809.33203125,-0.054513501423747446,0.007840436015658536,-0.022429368699007135
60207.96875,60207.96875,60011.4609375,60067.62109375,1800,16.1299991607666,16.40999984741211,14.3100004196167,15.75,0,0.004947125832232668,50.510024621340946,60215.38017495755,214.78406660348264,738.3416177524889,0.012291840500893632,0.007957503103110719,2,196.5078125,-0.023558535681197257,-0.001177945737979913,0.001382383775862639
60385.76171875,60609.16015625,59779.19140625,60545.609375,7500,15.75,16.93000030517578,13.989999771118164,16.34000015258789,0,0.007957503103110719,54.840907552707165,60246.8305749616,221.21103014735854,744.8864129130254,0.01230289728028731,-0.0018524903359270484,1,829.96875,0.0374603271484375,0.008605012194940143,0.02088591829027142
60609.71875,60670.46875,60213.640625,60433.44921875,6200,16.34000015258789,16.610000610351562,14.640000343322754,16.0,0,-0.0018524903359270484,53.65439978068876,60264.603779131925,214.77822809316422,724.3108209192379,0.0119852636293762,-0.0013341768059299541,1,456.828125,-0.02080784268132596,0.01106752674162692,0.004905151822168774
60295.26171875,60506.5,59967.44921875,60352.8203125,7500,16.0,16.68000030517578,15.140000343322754,16.309999465942383,0,-0.0013341768059299541,52.770518048678156,60273.00535373841,200.8587327875357,711.0779609428638,0.011782017099797216,-0.007176614183186603,0,539.05078125,0.019374966621398926,0.004747969264587315,0.005393416560820485
60291.69921875,60293.25,59656.26171875,59919.69140625,6200,16.309999465942383,17.290000915527344,14.649999618530273,16.350000381469727,0,-0.007176614183186603,48.178986617008626,60239.356406358565,153.11256322856934,710.0408632862307,0.011849875168285146,0.012800466457675963,2,636.98828125,0.0024525393523691097,-0.010337958032154981,0.0024722231879883427
60248.0390625,60750.71875,59997.9609375,60686.69140625,6900,16.350000381469727,16.350000381469727,14.649999618530273,15.220000267028809,0,0.012800466457675963,55.55398473262036,60281.95973968156,175.14490829514398,718.6827547479285,0.011842510080783755,0.0005276203152295711,1,752.7578125,-0.06911315523402706,0.004190430808993506,0.01030622324020114
60837.3984375,61036.55859375,60597.359375,60718.7109375,7100,15.220000267028809,15.84000015258789,13.430000305175781,15.470000267028809,0,0.0005276203152295711,55.836552919710776,60323.555091854745,192.96502833824343,698.7196450337907,0.011507484830384633,-0.006527474605940942,0,439.19921875,0.01642575529657364,0.006062527369979698,0.0028590275048330227
60755.37890625,60802.7890625,60199.55859375,60322.37109375,6300,15.470000267028809,15.680000305175781,13.579999923706055,15.199999809265137,0,-0.006527474605940942,51.47423065396019,60323.44233013048,173.11077555619704,691.8989895849485,0.011470023094908419,-0.005206077994877378,1,603.23046875,-0.01745316438934541,0.006720323119988603,-0.0018380239161582823
60179.9296875,60426.609375,59944.76953125,60008.328125,19900,15.199999809265137,15.40999984741211,13.920000076293945,14.979999542236328,0,-0.005206077994877378,48.25711603429148,60293.43145345138,130.53081617645512,676.8947648824521,0.011280013725302435,-0.006204412252153513,0,481.83984375,-0.014473701959832108,-0.011178122674523228,-0.005707971652629595
59968.75,60177.51953125,59376.5,59636.01171875,7800,14.979999542236328,16.149999618530273,12.079999923706055,14.859999656677246,0,-0.006204412252153513,44.69093113736255,60230.82005014649,65.98246441254742,685.7608196229912,0.011499105990808285,-0.01962104875940429,0,801.01953125,-0.008010673513089261,-0.017831393355245306,-0.004734331583530316
59710.48046875,59778.37109375,58011.921875,58465.890625,10600,14.859999656677246,18.079999923706055,13.5600004196167,17.520000457763672,0,-0.01962104875940429,35.749355954538274,60062.73153346587,-78.68453620775836,762.9528481320633,0.013049537772812527,0.0033940729864661012,1,1766.44921875,0.17900409572965037,-0.030775986339541483,-0.03659452723140688
57983.94921875,58834.94921875,57718.33984375,58664.328125,12000,17.520000457763672,20.020000457763672,16.790000915527344,18.020000457763672,0,0.0033940729864661012,38.01433161627052,59929.55025646912,-175.30116591075785,788.2140286226303,0.01343600197624577,-0.005511694313809157,1,1116.609375,0.028538812039724304,-0.02239689126483224,-0.03383442732528774
58839.3203125,58968.12109375,58143.44140625,58340.98828125,8800,18.020000457763672,18.020000457763672,15.579999923706055,17.100000381469727,0,-0.005511694313809157,35.79977632436071,59778.25863978158,-274.7937132887673,790.8187185424424,0.013555113511791516,0.007783576793572111,2,824.6796875,-0.05105438695466713,-0.021715460175430135,-0.03284656714539014
58363.9296875,58901.578125,58143.859375,58795.08984375,6800,17.100000381469727,18.06999969482422,16.0,16.65999984741211,0,0.007783576793572111,40.998323358897316,59684.62351635,-313.38753643919335,788.454435075125,0.013410208865578234,-0.028708883866590984,0,757.71875,-0.025731024809474312,0.005630620097134553,-0.02021783174366687
58254.7890625,58254.7890625,56993.890625,57107.1484375,8400,16.65999984741211,21.389999389648438,16.049999237060547,20.799999237060547,0,-0.028708883866590984,30.96219456762519,59439.149699316666,-474.7040908426425,860.793348194759,0.01507330293574088,0.0026866984554116957,1,1260.8984375,0.24849936540014594,-0.02654389366195442,-0.042404969889274224
57028.0390625,57626.51171875,56382.9296875,57260.578125,8400,20.799999237060547,23.81999969482422,18.889999389648438,20.829999923706055,0,0.0026866984554116957,32.57781620767106,59231.66669223889,-583.4425661918649,888.1353969844191,0.01551041617228553,-0.003417831912607805,1,1243.58203125,0.0014423407570156588,-0.018518886773764676,-0.02061565276976396
57272.078125,58183.76953125,56867.51171875,57064.87109375,8100,20.829999923706055,21.969999313354492,18.809999465942383,21.170000076293945,0,-0.003417831912607805,31.563169153808573,59025.30520666852,-677.5995671356504,918.7155695212463,0.016099494345863302,0.01086339032872874,2,1316.2578125,0.016322619003034555,-0.02942794635739343,-0.027264558929950278
57365.8515625,57846.44921875,57346.78125,57684.7890625,11700,21.170000076293945,21.170000076293945,18.93000030517578,19.450000762939453,0,0.01086339032872874,38.13587756340812,58897.637002462,-694.1952191755263,908.9200377697287,0.01575666744286673,0.013461087621533752,2,499.66796875,-0.0812470149813811,0.010115031844606825,-0.011247653460832674
57781.48046875,58513.9296875,57680.41015625,58461.2890625,8100,19.450000762939453,22.969999313354492,18.0,18.09000015258789,0,0.013461087621533752,45.23130824159634,58856.08005579895,-637.3434340879685,903.5342873040337,0.015455257689204903,-0.013082642159709001,0,833.51953125,-0.06992290781514743,0.020969242309758718,-0.005677358128664989
58555.578125,58757.08984375,57640.5703125,57696.4609375,8500,18.09000015258789,18.829999923706055,17.209999084472656,18.450000762939453,0,-0.013082642159709001,40.32533714839001,58745.640139770476,-646.5501943858835,918.7475190144598,0.015923810647757025,-0.01645370092159304,0,1116.51953125,0.019900531084299677,0.011067927284237333,0.010319417378105822
57778.01171875,57781.4609375,56687.62109375,56747.140625,7200,18.450000762939453,20.479999542236328,18.299999237060547,20.079999923706055,0,-0.01645370092159304,35.21913372609694,58555.30685264948,-722.1246304382585,931.254113638427,0.016410590972193623,0.01562207016487882,2,1093.83984375,0.0883468343286351,-0.01625469127544321,-0.008966683830525901
57125.98046875,57905.62890625,56992.26953125,57633.6484375,10900,20.079999923706055,20.079999923706055,18.239999771118164,18.459999084472656,0,0.01562207016487882,42.536677295915005,58467.52986073049,-702.3874584799923,947.4851256106823,0.016439790839168706,0.017629132937884817,2,913.359375,-0.08067733293767876,-0.014157071085367012,0.009967206318850286
58158.55859375,58702.6484375,58122.26953125,58649.6796875,13400,18.459999084472656,18.459999084472656,16.56999969482422,17.270000457763672,0,0.017629132937884817,49.567956073853175,58484.87746327996,-597.8685208092138,956.1647594956336,0.016302983487553827,0.0026845708209990438,1,580.37890625,-0.06446363411306633,0.016521268974063696,0.016726950738340518
58831.41015625,58889.9609375,58340.8515625,58807.12890625,7900,17.270000457763672,17.43000030517578,15.539999961853027,16.600000381469727,0,0.0026845708209990438,50.57718385876316,58515.568076896154,-496.6070961149089,927.0893748888027,0.015764914766826375,-0.0003478665194250885,1,549.109375,-0.0387956026945413,0.03630118202541599,0.005915706774448193
58696.7109375,58859.91015625,58414.76171875,58786.671875,5600,16.600000381469727,16.93000030517578,15.210000038146973,16.059999465942383,0,-0.0003478665194250885,50.435959471942255,58541.38748623937,-413.24378186877584,892.6650222181739,0.015184819853661326,-0.008560613893402125,0,445.1484375,-0.03253017488663057,0.020006080974560803,0.018895629294853666
59103.71875,59203.37109375,58242.80078125,58283.421875,5900,16.059999465942383,16.860000610351562,14.680000305175781,16.56999969482422,0,-0.008560613893402125,46.96197952792104,58516.81933278801,-383.36661222443945,897.5154000954473,0.01539915418865319,-0.002853848073758103,1,960.5703125,0.031755930625238626,-0.0062448390929245035,0.027072399297651817
58059.76171875,58322.421875,57803.87109375,58117.08984375,6800,16.56999969482422,17.329999923706055,13.9399995803833,16.950000762939453,0,-0.002853848073758103,45.838174112237404,58478.74985764153,-368.8583751130791,870.4464987493438,0.014977461897861236,-0.005661993651689845,1,518.55078125,0.022933076349659354,-0.011733935584579469,0.008388179810866259
58122.0,58218.25,57671.609375,57788.03125,7600,16.950000762939453,17.709999084472656,15.770000457763672,17.219999313354492,0,-0.005661993651689845,43.614565703566164,58412.96713310425,-379.5376968194105,847.3175077672479,0.014662508644767992,0.0019573149067957374,1,546.640625,0.015929117301598072,-0.016987534642604718,-0.014691443194422837
58243.4296875,58337.19921875,57683.109375,57901.140625,5200,17.219999313354492,17.219999313354492,15.260000228881836,15.899999618530273,0,0.0019573149067957374,44.609234318980384,58364.22175138003,-374.5565007566256,833.5155317660159,0.01439549416071656,-0.015360705059512814,0,654.08984375,-0.0766550375992483,-0.00655900490571526,-0.01540609613324806
58021.62890625,58062.28125,56950.98046875,57011.73828125,8600,15.899999618530273,16.90999984741211,13.760000228881836,16.34000015258789,0,-0.015360705059512814,38.81152377204946,58235.41380184383,-437.334878832713,853.3573353005861,0.014968098869233004,-0.02086809836653014,0,1111.30078125,0.02767299022729719,-0.01901938939943104,-0.030192789235017448
56517.26171875,56538.1484375,55132.6796875,55822.01171875,13300,16.34000015258789,20.139999389648438,16.34000015258789,18.969999313354492,0,-0.02086809836653014,32.69094125725053,58005.56598440633,-576.4433067688806,926.6217109041156,0.016599575729601905,0.008903297905207275,2,1405.46875,0.16095465949858445,-0.034021223577330284,-0.04223173720872064
56320.01953125,56900.73828125,56047.21875,56319.01171875,7400,18.969999313354492,18.969999313354492,16.6299991607666,17.540000915527344,0,0.008903297905207275,37.149885586766835,57844.941768629535,-639.2155131944382,937.4863431609646,0.01664600131555313,0.010858622272244212,2,853.51953125,-0.07538210066357032,-0.02732465870571954,-0.030938887852681618
56599.46875,56989.01171875,56471.03125,56930.55859375,6100,17.540000915527344,17.540000915527344,15.6899995803833,16.579999923706055,0,0.010858622272244212,42.221893084690464,57757.85765673625,-632.3271434344715,918.3801757923242,0.01613158553995194,0.006757753054828397,1,517.98046875,-0.054732094738458414,-0.0014239118109243831,-0.014838239644130446
57251.1484375,57490.51953125,57146.28125,57315.28125,6000,16.579999923706055,16.579999923706055,15.680000305175781,15.829999923706055,0,0.006757753054828397,45.217065327024144,57715.70752276137,-589.034138782823,892.7788016285867,0.015576627771124943,-0.003331967532655189,1,344.23828125,-0.045235223368587096,0.026750550280659757,-0.010118270014650488
57567.109375,57623.69140625,56813.421875,57124.30859375,6400,15.829999923706055,16.649999618530273,15.329999923706055,16.149999618530273,0,-0.003331967532655189,43.997801799800655,57659.38381523648,-563.6367642547993,886.8852823158305,0.015525532022156766,0.005180451103654615,1,810.26953125,0.020214762878489223,0.014298845992212206,0.0019745111426821005
56948.328125,57512.01171875,56543.078125,57420.23828125,5700,16.149999618530273,17.280000686645508,15.260000228881836,17.1200008392334,0,0.005180451103654615,46.40929855492194,57636.60805009491,-513.7083987213991,892.7458759896998,0.015547582223830948,0.008311393365566078,2,968.93359375,0.06006199650866617,0.008601350480228032,0.028630758965699776
57751.2109375,57952.48046875,57650.2890625,57897.48046875,5500,17.1200008392334,17.1200008392334,15.210000038146973,16.479999542236328,0,0.008311393365566078,50.13822900226196,57661.45304234778,-430.66590479954175,866.9956125261498,0.014974669113522274,-0.0015716087602312134,1,302.19140625,-0.037383251496717174,0.010157835852022457,0.028027280696661938
57892.30859375,58097.0703125,57684.578125,57806.48828125,5300,16.479999542236328,16.860000610351562,15.800000190734863,16.239999771118164,0,-0.0015716087602312134,49.43198807719997,57675.26592224323,-367.95488429324905,834.5310821671391,0.014436633446869077,-0.00021049486159407937,1,412.4921875,-0.014563093312173536,0.011942020906571482,0.01538593172342706
57755.3984375,58010.03125,57578.98828125,57794.3203125,7300,16.239999771118164,16.790000915527344,15.289999961853027,16.56999969482422,0,-0.00021049486159407937,49.331916546667344,57686.60443560101,-315.5997644886884,805.7105026373434,0.013940997978361569,0.007950608252081492,2,431.04296875,0.020320192632818923,0.006514811544628296,0.008357964090074166
57849.76171875,58409.30078125,57846.51953125,58253.8203125,7000,16.56999969482422,16.770000457763672,15.399999618530273,16.219999313354492,0,0.007950608252081492,53.1860755538356,57740.624995305676,-234.32894681287144,792.0869287882475,0.013597167096323174,0.015954291624382444,2,562.78125,-0.021122533971986268,0.006154669268247925,0.019772873345089037
58310.08984375,59266.390625,58306.44921875,59183.21875,8200,16.219999313354492,16.809999465942383,15.449999809265137,16.450000762939453,0,0.015954291624382444,59.84015897668187,57878.014876705136,-93.84476761599944,807.8357419105156,0.013649743271364666,0.01136658248247091,2,959.94140625,0.014180114631422436,0.02381619277842484,0.030703120041312815
59343.7890625,59937.328125,59084.3984375,59855.9296875,9100,16.450000762939453,16.68000030517578,15.710000038146973,16.1200008392334,0,0.01136658248247091,63.84589263052727,58066.38771582845,70.95419135722477,811.0567380240502,0.013550148535967475,0.006135043794611494,1,852.9296875,-0.020060784705221324,0.03567148750694993,0.03382615621429452
59921.98046875,60332.71875,59661.37890625,60223.1484375,8600,16.1200008392334,17.3799991607666,15.09000015258789,17.229999542236328,0,0.006135043794611494,65.84843510080441,58271.79349884479,228.5553935002681,801.0769598616181,0.013301811357355076,-0.010316773696991244,0,671.33984375,0.06885847675028511,0.03380599099656689,0.041806036452033846
59731.75,59781.859375,59290.578125,59601.83984375,6000,17.229999542236328,18.420000076293945,16.399999618530273,17.979999542236328,0,-0.010316773696991244,59.812011653526746,58398.464579311956,299.86442025336146,810.4693421929311,0.013598059125651622,0.002396043379271129,1,491.28125,0.043528730117578185,0.0070733073089235265,0.0312750374340689
59776.1015625,60130.1796875,59401.44140625,59744.6484375,8300,17.979999542236328,18.09000015258789,16.860000610351562,17.600000381469727,0,0.002396043379271129,60.7037089825288,58526.67256580606,363.70819603993004,804.6314092684361,0.013467840724013568,0.010896046520903147,2,728.73828125,-0.021134547855463315,-0.0018591516426356147,0.0255919374386524
60070.390625,60427.359375,59987.1796875,60395.62890625,7600,17.600000381469727,18.389999389648438,15.84000015258789,17.68000030517578,0,0.010896046520903147,64.56355231355826,58704.6684077531,461.5134914306618,795.9228041421193,0.013178483584923044,0.0036635386162375827,1,440.1796875,0.004545450112051208,0.0028640227757106285,0.020485708311530404
60342.69921875,60689.25,60281.51953125,60616.890625,6500,17.68000030517578,18.25,16.440000534057617,17.760000228881836,0,0.0036635386162375827,65.79339918775885,58886.78480939566,550.5326663358719,768.1947801855393,0.01267294927643015,0.008795377526014336,2,407.73046875,0.0045248824844552615,0.01703052764664692,0.012713208891297345
61014.37109375,61218.19140625,60850.9296875,61150.0390625,6200,17.760000228881836,17.93000030517578,16.549999237060547,17.18000030517578,0,0.008795377526014336,68.61949769377004,59102.33283350084,656.533517286276,756.2737802615723,0.012367510991916176,0.0013943035860182196,1,367.26171875,-0.03265765294095224,0.02352328889289912,0.015390936027895208
61259.98828125,61348.5703125,60949.80859375,61235.30078125,9300,17.18000030517578,17.520000457763672,16.610000610351562,16.700000762939453,0,0.0013943035860182196,69.05974018562348,59305.47263804838,738.9022582185135,730.7372044393171,0.011933267169695456,-0.00020036696306646729,1,398.76171875,-0.02793943735214721,0.013902858372472515,0.027406216683616202
61040.3203125,61324.58984375,60757.03125,61223.03125,6900,16.700000762939453,17.100000381469727,15.34000015258789,16.559999465942383,0,-0.00020036696306646729,68.90991929323653,59488.09726775806,794.0368674734709,719.0815893900801,0.01174527910017654,0.0014027222190178268,1,567.55859375,-0.008383310814437883,0.009999533442746511,0.024745024887820044
61219.640625,61385.48046875,61107.6015625,61308.91015625,7600,16.559999465942383,17.549999237060547,16.270000457763672,16.770000457763672,0,0.0014027222190178268,69.41014734388821,59661.50801904301,835.0353844256606,687.5671120229316,0.011214799125781542,-0.009037035234160329,0,277.87890625,0.012681219721847325,0.0025980538391419117,0.015121644836543657
61430.76953125,61475.1484375,60662.5703125,60754.859375,12500,16.770000457763672,17.8799991607666,16.770000457763672,17.780000686645508,0,-0.009037035234160329,62.43111756307832,59765.636719610346,813.4428737394846,696.4964700927222,0.011464045464967751,-0.010798133174018232,0,812.578125,0.06022660711462624,-0.00784582422427016,0.0022760776505930114
60845.58984375,60870.171875,59949.21875,60098.8203125,7000,17.780000686645508,18.450000762939453,15.9399995803833,17.81999969482422,0,-0.010798133174018232,55.33621629073522,59797.36849036174,734.9220598259271,712.5290883003848,0.01185595798046281,-0.010552606780837137,0,920.953125,0.00224966291529749,-0.018362549428651453,-0.017190810768339393
60045.48046875,60045.48046875,59068.30859375,59464.62109375,11800,17.81999969482422,18.450000762939453,17.31999969482422,17.790000915527344,0,-0.010552606780837137,49.48194678125775,59765.678262113004,614.4363327873798,735.2421333325002,0.0123643625370679,-0.007188163287479954,0,977.171875,-0.0016834332104723737,-0.030081909102603555,-0.028915995592564747
59039.37109375,59329.62890625,58620.9296875,59037.1796875,7600,17.790000915527344,19.610000610351562,16.979999542236328,18.889999389648438,0,-0.007188163287479954,45.953244620362625,59696.29744548319,478.9386699903698,742.9885099694645,0.012585094916496802,-0.026181263687250045,0,708.69921875,0.06183240120920974,-0.028272301263967847,-0.035703092739303055
59023.96875,59023.96875,56984.01171875,57491.51171875,10800,18.889999389648438,23.899999618530273,18.889999389648438,22.829999923706055,0,-0.026181263687250045,35.96529842387676,59486.31785246098,244.0203934258825,836.5727570252171,0.014551239513717316,0.006377232182441128,1,2039.95703125,0.20857600113087904,-0.043383690065671776,-0.06226498608067077
57158.62890625,57966.9296875,56409.62890625,57858.1484375,10400,22.829999923706055,24.139999389648438,21.18000030517578,21.360000610351562,0,0.006377232182441128,39.33361251174693,59331.254098655176,86.43412703288777,888.0533301841302,0.015348803136060091,-0.010045379033825075,0,1557.30078125,-0.06438893203096707,-0.027015604012969097,-0.0476786707647614
57317.37890625,57508.609375,56439.359375,57276.94140625,10300,21.360000610351562,23.8700008392334,20.440000534057617,21.06999969482422,0,-0.010045379033825075,36.09250249890987,59135.605270807064,-84.37999445202877,925.9630253495495,0.016166418852255778,-0.0013392987756785102,1,1069.25,-0.013576821500033254,-0.02981575831649519,-0.046953981651834065
57795.109375,58084.328125,57119.28125,57200.23046875,13000,21.06999969482422,21.31999969482422,20.280000686645508,20.700000762939453,0,-0.0013392987756785102,35.674671141374574,58951.283861087344,-223.36651775841892,928.7547288960103,0.01623690536357915,0.014229687530624258,2,965.046875,-0.01756046213781648,-0.005066508799159042,-0.038079627572671026
57845.91015625,58257.62890625,57746.1484375,58014.171875,7400,20.700000762939453,22.110000610351562,20.700000762939453,21.950000762939453,0,0.014229687530624258,43.189715280563675,58862.03510050759,-264.7838068274432,937.9435652248667,0.016167490371935378,0.014623986003419853,2,511.48046875,0.06038647120428875,0.0026966545199513803,-0.017328195857509776
58672.859375,59032.19921875,57737.66015625,58862.5703125,14000,21.950000762939453,22.06999969482422,19.75,19.979999542236328,0,0.014623986003419853,49.77615712354736,58862.0860730783,-226.537262715392,963.4146721730905,0.016367186601916033,0.011820037908746306,2,1294.5390625,-0.08974948301729857,0.027683547118962926,0.02384801778142931
59293.44140625,59618.51171875,59193.05078125,59558.328125,8500,19.979999542236328,19.979999542236328,18.549999237060547,18.649999618530273,0,0.011820037908746306,54.44103871419007,58928.39483992798,-138.48835265362868,948.595153178584,0.015927162212943397,-0.012933683969994725,0,425.4609375,-0.06656656427316365,0.04122531739689905,0.02938531103076314
59528.16015625,59557.87109375,58653.94140625,58788.01953125,7100,18.649999618530273,19.600000381469727,17.40999984741211,19.15999984741211,0,-0.012933683969994725,49.01310837338344,58915.025762911035,-129.37506760349788,945.4374078622566,0.016082144208986144,-0.002435857167698563,1,903.9296875,0.02734585733584205,0.013338941697166096,0.026381962582155527
58918.6484375,58943.62109375,58446.94921875,58644.8203125,7300,19.15999984741211,19.780000686645508,18.600000381469727,18.899999618530273,0,-0.002435857167698563,48.05393436323992,58889.29191049094,-132.1839692154681,913.382726943524,0.015574823523652926,-0.01745471979955604,0,496.671875,-0.013569949423405281,-0.0036992947953847777,0.025254965441777744
58549.671875,58707.76171875,57299.05078125,57621.19140625,11500,18.899999618530273,21.079999923706055,18.18000030517578,20.440000534057617,0,-0.01745471979955604,41.76239233885566,58768.52043389656,-214.5353123534369,948.7633134118436,0.016465527530014488,0.003252045196859177,1,1408.7109375,0.08148153156667104,-0.0325250352005243,-0.006773870177734009
57799.671875,57925.8203125,57058.76953125,57808.578125,8900,20.440000534057617,20.940000534057617,19.559999465942383,19.68000030517578,0,0.003252045196859177,43.2277551533831,58677.097356858794,-261.6625202979558,942.9267039717118,0.01631119004402449,0.011371852522968462,2,867.05078125,-0.037182006312353355,-0.016660561353480485,-0.01790598307047042
58163.01171875,58507.609375,58105.1796875,58465.96875,5900,19.68000030517578,19.68000030517578,17.889999389648438,18.559999465942383,0,0.011371852522968462,48.15617874749129,58656.98987049129,-243.16222002317954,925.5056001165896,0.01582981724076178,0.007868893816969313,1,402.4296875,-0.05691061086715743,-0.003049741845007836,-0.018341001324069683
58810.53125,59060.23828125,58332.28125,58926.03125,6700,18.559999465942383,18.93000030517578,16.799999237060547,17.709999084472656,0,0.007868893816969313,51.33981697681261,58682.61285901593,-189.19646089025628,911.3949880546903,0.015466763478232556,-0.01311999736958358,0,727.95703125,-0.045797435664234665,0.02264513821920855,0.00234761639957326
58447.1484375,58447.1484375,57914.1015625,58152.921875,5700,17.709999084472656,19.530000686645508,16.860000610351562,18.68000030517578,0,-0.01311999736958358,46.20500531303243,58632.16609863346,-206.4320531833655,918.5760380150696,0.01579587075589346,-0.03004289337353261,0,533.046875,0.054771387399651594,0.005956620300458182,-0.008387755898625393
56720.3203125,57191.91015625,56295.69921875,56405.83984375,8300,18.68000030517578,23.540000915527344,18.68000030517578,22.979999542236328,0,-0.03004289337353261,37.160098444749636,58420.1350267398,-356.9515874935387,985.6222250318503,0.017473762074319357,0.030780694734968694,2,896.2109375,0.2301926748828329,-0.0352363768239109,-0.021092093600275197
56731.55859375,58211.37890625,56438.46875,58142.05078125,10000,22.979999542236328,23.139999389648438,20.43000030517578,20.610000610351562,0,0.030780694734968694,48.04482992889044,58393.65081288363,-332.3110157993142,1044.1877134224326,0.017959251512317975,-0.002500274617022624,1,1772.91015625,-0.10313311484314003,-0.013304484488763202,0.005768567002788494
58310.6796875,58569.21875,57780.28125,57996.6796875,7300,20.610000610351562,21.020000457763672,19.350000381469727,20.59000015258789,0,-0.002500274617022624,47.305976171617964,58355.84403903757,-320.8152589500023,1025.9555553208304,0.017689901574519863,-0.0018047234654462452,1,788.9375,-0.0009704248991446729,-0.0026867469847146053,-0.008026704637473348
58217.69140625,58346.0,57635.4296875,57892.01171875,6400,20.59000015258789,22.3700008392334,19.459999084472656,22.010000228881836,0,-0.0018047234654462452,46.74853346396157,58311.66953234351,-316.50217905153113,1003.4280379764854,0.01733275469595568,-0.001019881102713116,1,710.5703125,0.0689655204356796,0.02634783701682042,-0.01754775452063051
57488.390625,58175.3515625,57488.390625,57832.96875,9800,22.010000228881836,23.209999084472656,21.639999389648438,22.170000076293945,0,-0.001019881102713116,46.41626168000805,58266.078981644125,-314.2261033726536,980.8232450853078,0.016959586655929847,-0.0025829368520875473,1,686.9609375,0.007269415981293603,-0.005315980896732908,-0.005501926896944953
57551.6484375,58141.9609375,57167.01953125,57683.58984375,6600,22.170000076293945,23.760000228881836,20.56999969482422,22.899999618530273,0,-0.0025829368520875473,45.53445897828175,58210.60382565421,-320.77819496758457,980.4031137399287,0.01699622226001517,-0.006638112456024414,1,974.94140625,0.0329273585802512,-0.005398409795819403,0.022652796298034072
56438.640625,57505.8515625,56394.8515625,57300.6796875,14100,22.899999618530273,27.81999969482422,22.899999618530273,26.65999984741211,0,-0.006638112456024414,43.265457099723704,58123.944383925234,-352.8015476277942,1002.4270542763624,0.017494156434850097,-0.00119756160178619,1,1111.0,0.16419215246795504,-0.010214397698300792,-0.014470956604463847
57632.94140625,57733.37109375,57109.23828125,57232.05859375,6200,26.65999984741211,26.65999984741211,23.90999984741211,24.540000915527344,0,-0.00119756160178619,42.85333609932686,58039.00288009902,-379.34458585014363,975.4060370066221,0.017043001090181663,-0.04721389556648037,0,624.1328125,-0.07951984036078508,-0.010390442843209557,-0.013183877040374714
55418.44921875,55996.08984375,54383.19921875,54529.91015625,15600,24.540000915527344,33.970001220703125,24.540000915527344,31.979999542236328,0,-0.04721389556648037,30.523566203380298,57704.80357306577,-611.3733990061228,1109.2241325775776,0.020341572714849647,0.024364782028670096,2,1612.890625,0.3031784168354057,-0.05467204270820358,-0.05807539697935715
55321.71875,56183.69921875,55299.28125,55858.51953125,9900,31.979999542236328,31.979999542236328,26.149999618530273,26.739999771118164,0,0.024364782028670096,39.70892555524079,57528.966997654745,-680.2092039117342,1148.1216275720365,0.020554100559892582,0.0069597569361377065,1,884.41796875,-0.16385240294320957,-0.02516829057028802,-0.03414054753587248
55329.4609375,56324.5390625,54833.5,56247.28125,7700,26.739999771118164,29.790000915527344,26.739999771118164,28.56999969482422,0,0.0069597569361377065,42.120252640898975,57406.90168835429,-695.3763874114447,1172.615730066891,0.020847509497481553,-0.013838585531634084,0,1491.0390625,0.06843679653590096,-0.017206743352361942,-0.02489977821492373
55629.30078125,55755.08984375,55020.1015625,55468.8984375,12400,28.56999969482422,30.84000015258789,28.56999969482422,29.229999542236328,0,-0.013838585531634084,38.77627322542452,57222.32995017769,-761.4282069634937,1176.5131555978276,0.021210321256396908,-0.006602235853171656,1,734.98828125,0.023101149963668854,0.017219692432271172,-0.03196787996215689
55921.44140625,55996.62109375,54931.48046875,55102.6796875,9900,29.229999542236328,29.229999542236328,27.219999313354492,28.15999984741211,0,-0.006602235853171656,37.27678487214575,57020.458496589345,-833.7149948522783,1168.5579748408397,0.02120691736714079,-0.013953424735610787,0,1065.140625,-0.036606216612426135,-0.013531326109120112,-0.03720605126865972
54653.58984375,55013.26953125,53887.71875,54333.80859375,11000,28.15999984741211,29.93000030517578,27.219999313354492,27.959999084472656,0,-0.013953424735610787,34.27961977028559,56764.58707727131,-942.1833632710986,1171.8724721736367,0.02156801635121225,-0.0274425561605397,0,1125.55078125,-0.007102299858777639,-0.03401893591523586,-0.003596220165008379
53172.51171875,53203.87109375,52367.1015625,52842.75,17100,27.959999084472656,30.280000686645508,27.959999084472656,29.329999923706055,0,-0.0274425561605397,29.35104209980264,56391.07878419785,-1135.3734159408777,1228.64636925052,0.023250992222216292,0.011001316997128363,1,836.76953125,0.04899860100475517,-0.04734452119071797,-0.053989428229705094
52430.05859375,53484.26171875,52260.8203125,53424.08984375,16300,29.329999923706055,30.059999465942383,27.110000610351562,28.59000015258789,0,0.011001316997128363,33.373160792810665,56108.50840891711,-1227.4197270389486,1228.274586179054,0.022991025018327907,0.02289675471922159,2,1223.44140625,-0.025230132050565013,-0.03046294396696625,-0.050192495415056215
53793.98828125,54893.73046875,53367.51953125,54647.328125,14100,28.59000015258789,28.59000015258789,27.309999465942383,27.469999313354492,0,0.02289675471922159,40.98635983382199,55969.34838187738,-1187.9678317934085,1249.5557541305502,0.022865816079284302,0.01495155441325613,2,1526.2109375,-0.03917456569625166,0.00577024764809253,-0.014811368814646841
56242.46875,56242.46875,54982.8203125,55464.390625,9800,27.469999313354492,27.469999313354492,22.959999084472656,25.579999923706055,0,0.01495155441325613,45.4685847034042,55921.25716693667,-1078.3413573783182,1274.2403877640822,0.022974026639530618,0.0015489245492814607,1,1259.6484375,-0.06880230931529796,0.049612115663927314,0.006564307571815808
55218.78125,55833.94921875,55049.94921875,55550.30078125,9700,25.579999923706055,25.8700008392334,24.579999923706055,25.350000381469727,0,0.0015489245492814607,45.93357384743233,55885.927987347466,-973.3096472111865,1239.2232172095048,0.02230812794496663,0.016844530755733222,2,784.0,-0.008991381662326714,0.03979873019303737,0.0223892309224194
55614.3984375,56545.828125,55556.46875,56486.01953125,9100,25.350000381469727,26.209999084472656,25.09000015258789,25.68000030517578,0,0.016844530755733222,50.84954260776544,55943.07956295723,-805.2837671974994,1221.8163691052546,0.021630420752683836,-0.012554752036610828,0,989.359375,0.013017748273774332,0.03364650147293902,0.06894549453330878
56663.87109375,56720.6015625,55418.94921875,55776.8515625,8100,25.68000030517578,27.540000915527344,23.65999984741211,26.729999542236328,0,-0.012554752036610828,47.33663071897904,55927.24832481844,-721.034339996484,1227.5189387227365,0.022007677097859436,0.01864208620371599,2,1301.65234375,0.04088782027190718,0.005633541340291259,0.04403934115922503
56555.328125,56860.890625,56389.26171875,56816.6484375,6900,26.729999542236328,26.729999542236328,24.010000228881836,24.1200008392334,0,0.01864208620371599,52.51637320260287,56011.95309745478,-563.8632791980126,1217.2703761353982,0.021424536814670294,0.01843264745107298,2,471.62890625,-0.09764305079313018,0.022796414032692836,0.03969673151334874
57620.28125,58095.83984375,57518.05859375,57863.9296875,7200,24.1200008392334,24.1200008392334,20.770000457763672,22.610000610351562,0,0.01843264745107298,57.093777874474895,56188.331820316234,-350.75396342486783,1221.6933068578696,0.02111321013722621,-0.009875606605637133,1,577.78125,-0.06260365573560356,0.024393826431471144,0.04326269585694198
58030.41015625,58127.94921875,57229.078125,57292.48828125,6400,22.610000610351562,24.709999084472656,22.610000610351562,24.6200008392334,0,-0.009875606605637133,54.03302831841643,56293.489578500405,-225.37584856357716,1198.6345773501646,0.02092132168297601,0.012162371035088215,2,898.87109375,0.08889872510492536,0.02717322108171838,0.03136234143646699
57297.5703125,58052.87109375,56930.30078125,57989.30078125,7800,24.6200008392334,25.15999984741211,23.760000228881836,24.06999969482422,0,0.012162371035088215,57.05623632184799,56454.9954073337,-68.99056371711049,1193.2014155751529,0.020576233882802,-0.0052506318346305925,1,1122.5703125,-0.022339607053657007,0.020639238251442205,0.02661333304196334
58198.640625,58416.55859375,57568.58984375,57684.8203125,9100,24.06999969482422,24.979999542236328,20.450000762939453,24.75,0,-0.0052506318346305925,55.34339886017795,56572.12158877811,30.03069686023082,1168.541939462642,0.02025735597566601,-0.0015453047182446555,1,847.96875,0.028250947810439797,-0.003095354497478775,0.03420717908148774
57190.05078125,57827.98828125,57138.51171875,57595.6796875,51400,24.75,25.530000686645508,23.809999465942383,23.93000030517578,0,-0.0015453047182446555,54.82449300002664,56669.60331246591,100.15829335973831,1134.3229839653104,0.01969458456120091,-0.0040537844160674075,1,689.4765625,-0.03313130080097848,0.005291992289837788,0.013711320034249352
57801.71875,57845.37109375,57100.23828125,57362.19921875,6900,23.93000030517578,24.270000457763672,22.90999984741211,23.43000030517578,0,-0.0040537844160674075,53.41188957295718,56735.564827350114,135.33493933959107,1106.5236860035025,0.019290119644537838,0.0040320815040229,1,745.1328125,-0.020894274702196958,-0.010814090772806262,-0.008670867524201098
57472.71875,57638.33984375,56825.08984375,57593.48828125,6300,23.43000030517578,24.209999084472656,19.59000015258789,22.610000610351562,0,0.0040320815040229,54.65822061910423,56817.27182295963,179.80312064186728,1085.575565574681,0.018848928897541674,0.006079856711231679,1,813.25,-0.03499785250293308,-0.0015832940235441795,0.005253742838369657
57814.76171875,58001.53125,57639.3515625,57943.6484375,12100,22.610000610351562,22.610000610351562,21.100000381469727,21.299999237060547,0,0.006079856711231679,56.55323318973727,56924.54578624919,240.52682933291362,1037.1803800872037,0.017899811421193852,0.012776893822082247,2,362.1796875,-0.05793902423387176,0.00604157728301824,-0.0007872545992960722
58362.8515625,58727.78125,58176.0,58683.98828125,6300,21.299999237060547,21.299999237060547,19.729999542236328,20.610000610351562,0,0.012776893822082247,60.32844909171703,57092.11173815403,344.41978716113954,1019.1055538309748,0.017365990003044614,-0.001967769503779526,1,551.78125,-0.032394302883750004,0.02304285889492097,0.01732115942005441
58779.7109375,58890.921875,58485.7890625,58568.51171875,4400,20.610000610351562,20.940000534057617,20.209999084472656,20.559999465942383,0,-0.001967769503779526,59.46056688646956,57232.721260115555,412.6805863181726,975.2503580216195,0.016651445109359078,0.012091474867941487,2,405.1328125,-0.0024260622478616822,0.016929404114899294,0.016890711882008302
58530.73046875,59396.62109375,58450.0390625,59276.69140625,6400,20.559999465942383,20.860000610351562,18.1200008392334,18.43000030517578,0,0.012091474867941487,62.97805143313611,57427.38508355693,517.95132327803,973.2026203950753,0.01641796458788965,0.02252229069011835,2,946.58203125,-0.10359918366218557,0.023005851455623505,0.03337550187361393
59764.12890625,60845.1015625,59760.21875,60611.73828125,12600,18.43000030517578,18.829999923706055,17.59000015258789,17.90999984741211,0,0.02252229069011835,68.52287050340836,57730.656816670555,701.0252830240424,1015.7174443847127,0.016757767937154194,-0.007180758935346976,1,1084.8828125,-0.028214891435332068,0.03284967597568578,0.05240609815576347
60786.0703125,60786.0703125,60067.1796875,60176.5,6800,17.90999984741211,18.6299991607666,16.790000915527344,18.489999771118164,0,-0.007180758935346976,65.09974629478171,57963.59426270193,801.7505420640882,994.5155287143762,0.01652664293726581,-0.009407158006032201,0,718.890625,0.03238413895295822,0.02745482570859359,0.038534880400367344
59815.7109375,59941.5703125,59509.83984375,59610.41015625,10600,18.489999771118164,19.280000686645508,16.809999465942383,19.020000457763672,0,-0.009407158006032201,60.84242354831778,58120.43387161127,826.371420818381,971.0972878240635,0.016290733200436575,-0.009653698674302214,0,431.73046875,0.028664180270752793,0.005629847788110709,0.015786620884729485
59402.609375,59504.921875,58977.3515625,59034.94921875,8300,19.020000457763672,19.489999771118164,17.719999313354492,19.0,0,-0.009653698674302214,56.777532036675986,58207.530571338764,790.3382291493108,946.9516668187733,0.016040526490670944,0.006982820756269437,1,527.5703125,-0.001051548753013165,-0.026014582442486667,0.007963963677954933
59256.96875,59654.44140625,58876.359375,59447.1796875,8400,19.0,20.09000015258789,17.530000686645508,17.690000534057617,0,0.006982820756269437,58.89606291748026,58325.592391925544,785.9848744467745,934.8895499924323,0.015726390299875104,-0.008118288832825504,0,778.08203125,-0.06894734031275696,-0.012119686463985091,0.0028761436781545857
59333.1796875,59355.76171875,58894.3984375,58964.5703125,9000,17.690000534057617,19.149999618530273,16.639999389648438,18.270000457763672,0,-0.008118288832825504,55.46830247727123,58386.447431980254,735.1182803129122,907.5960999929729,0.015392227827369922,-0.00658360124889612,1,461.36328125,0.03278687994324314,-0.010834346585724464,-0.027175725617813895
58743.5,58794.78125,58298.5703125,58576.37109375,7500,18.270000457763672,18.670000076293945,15.09000015258789,18.15999984741211,0,-0.00658360124889612,52.806037001814374,58404.53539976785,655.9206602756894,890.3392357077606,0.015199631166683153,-0.00405353561199584,1,496.2109375,-0.006020832380703056,-0.007767909197325951,-0.026590594438859028
58910.73828125,59003.8203125,58291.23046875,58338.9296875,6600,18.15999984741211,18.399999618530273,16.190000534057617,17.790000915527344,0,-0.00405353561199584,51.18773749702752,58398.28723669472,567.4551687476633,877.6428505679206,0.015043862739154245,-0.0200927821701391,0,712.58984375,-0.020374390693483013,-0.01864260013386354,-0.02132983929178167
57338.578125,57420.80078125,56842.390625,57166.73828125,13500,17.790000915527344,20.479999542236328,17.790000915527344,19.34000015258789,0,-0.0200927821701391,44.0161665008551,58280.9968599857,398.1697265248731,921.8497228487834,0.01612563092743633,-0.012307678641528708,0,578.41015625,0.08712755240544623,-0.030490038708360978,-0.03164584643881829
57381.76953125,57464.078125,56009.0703125,56463.1484375,13500,19.34000015258789,20.809999465942383,14.630000114440918,19.770000457763672,0,-0.012307678641528708,40.36093182923246,58107.86843879659,204.8743101648506,959.932443538156,0.017001043514261717,0.010172149063486291,2,1455.0078125,0.022233728117020846,-0.03607636691709426,-0.05019634683573482
56741.4296875,57216.51171875,56521.328125,57037.5,7600,19.770000457763672,20.270000457763672,17.84000015258789,18.670000076293945,0,0.010172149063486291,44.41859068778527,58005.92858748263,96.91450107748824,945.1775033747163,0.016571159384172102,0.015326402586018029,2,695.18359375,-0.05563987637834156,-0.022308083032569814,-0.03268183423175863
57458.6015625,57991.53125,57311.859375,57911.6796875,8000,18.670000076293945,18.670000076293945,13.350000381469727,17.850000381469727,0,0.015326402586018029,49.99512773879003,57996.95250177,80.96129807653779,945.8099138479508,0.016331937166244894,-0.012338292618271796,0,679.671875,-0.043920711916086486,0.013031028682885859,-0.011347432315091277
57531.94921875,57689.859375,57134.71875,57197.1484375,7600,17.850000381469727,18.760000228881836,17.809999465942383,18.350000381469727,0,-0.012338292618271796,45.938054600426234,57920.78068612523,10.540070106253552,933.7492726802401,0.016325101830916604,-0.010791758494297699,0,555.140625,0.028011203883169467,0.012999629321281514,-0.01957151521490197
56757.640625,56875.6484375,56356.87109375,56579.890625,7000,18.350000381469727,21.760000228881836,18.350000381469727,21.260000228881836,0,-0.010791758494297699,42.71342661062901,57793.07687077997,-93.9933108688274,927.0727063280801,0.01638519792257163,0.013727823462012845,2,518.77734375,0.1585830946549025,-0.008022956388341052,-0.010265543809108268
57066.23828125,57442.23828125,56904.51171875,57356.609375,7300,21.260000228881836,21.260000228881836,19.010000228881836,19.190000534057617,0,0.013727823462012845,47.68940574477113,57751.508537848546,-112.86106450036459,922.4494884653601,0.016082706047603777,-0.009366291973216923,0,537.7265625,-0.09736593003475658,-0.009584773149306725,0.015823788829079977
56983.6796875,57079.03125,56584.0390625,56819.390625,6600,19.190000534057617,21.3700008392334,19.190000534057617,20.610000610351562,0,-0.009366291973216923,44.791442893226844,57662.73540329154,-169.2123835621096,911.743833039263,0.016046350075393175,0.01234909352303526,2,494.9921875,0.07399687528792853,-0.006604486811309873,-0.0038239644970413655
57296.30859375,57790.8515625,56936.94140625,57521.05859375,100,20.610000610351562,20.610000610351562,19.020000457763672,19.3799991607666,0,0.01234909352303526,49.13877567705044,57649.242373811394,-155.4604179858361,916.0093405007443,0.015924764997288735,-0.008000330857088955,0,853.91015625,-0.0596798356700281,0.01663431933772852,-0.00674511766638175
57817.51171875,57975.48046875,56902.30078125,57060.87109375,9500,19.3799991607666,19.649999618530273,18.209999084472656,19.420000076293945,0,-0.008000330857088955,46.54983282015183,57593.20701380554,-179.6245712467571,927.2357938578341,0.016249941090706488,-0.0014875835379474234,1,1073.1796875,0.002064030818346163,-0.005156132562098459,-0.0023825898226187414
56429.44921875,57054.23046875,56412.62109375,56975.98828125,7900,19.420000076293945,21.059999465942383,19.420000076293945,20.280000686645508,0,-0.0014875835379474234,46.06770264376208,57534.424277371676,-203.28087498398963,907.3082371537031,0.015924396654165375,-0.022938733853961057,0,641.609375,0.04428427430344706,0.0027560601148211017,0.007000679072981075
57124.91015625,57184.2109375,55501.6015625,55669.03125,50700,20.280000686645508,22.389999389648438,18.43000030517578,21.8799991607666,0,-0.022938733853961057,39.31562264689439,57356.76779857437,-323.75710547631024,962.68688985701,0.017293041898533305,0.0005963678189568888,1,1682.609375,0.07889538559901044,-0.03219737934293221,-0.02942255728483778
56255.0703125,56566.80078125,55613.8203125,55702.23046875,8200,21.8799991607666,21.8799991607666,19.610000610351562,20.290000915527344,0,0.0005963678189568888,39.557966122363624,57199.19281478158,-411.8094041614386,961.9935740636521,0.01727028820871632,-0.015558665002404326,0,952.98046875,-0.07266902679275744,-0.023810373009689578,-0.019661600449450423
54928.2890625,55070.12109375,54586.75,54835.578125,8000,20.290000915527344,21.809999465942383,19.329999923706055,21.25,0,-0.015558665002404326,35.5651375918609,56974.08665385,-545.237923098095,972.9569236841055,0.017743168886926102,-0.006654552800887448,1,483.37109375,0.04731390050051676,-0.03756688073025283,-0.04668690970582712
54188.2109375,54795.46875,53918.01953125,54470.671875,9300,21.25,22.520000457763672,18.959999084472656,22.030000686645508,0,-0.006654552800887448,34.008610570662185,56735.666198721425,-672.6717294091723,968.9999001173837,0.017789387697310897,-0.0019427025380344132,1,877.44921875,0.03670591466567097,-0.021526499529305188,-0.04539361508334405
54309.30859375,54857.01953125,54226.328125,54364.8515625,8000,22.030000686645508,22.520000457763672,21.219999313354492,22.299999237060547,0,-0.0019427025380344132,33.55004890110946,56509.874328605096,-773.2887623661736,944.8350076982849,0.017379519681242298,-0.005085288188125925,1,630.69140625,0.012255948343147915,-0.02400943184851989,-0.04582872184437892
54544.91015625,54598.55078125,53519.30078125,54088.390625,7200,22.299999237060547,24.190000534057617,20.479999542236328,22.799999237060547,0,-0.005085288188125925,32.32379439434908,56279.25683302365,-865.3612275049527,954.4360785769788,0.017645858335741133,-0.021410916795049362,0,1079.25,0.022421525430774247,-0.013625961931079789,-0.028393535678780113
53608.3515625,53632.55078125,52702.30078125,52930.30859375,6900,22.799999237060547,25.31999969482422,21.149999618530273,24.270000457763672,0,-0.021410916795049362,27.74851666877106,55960.30938166426,-1020.0187200352811,985.2684903750518,0.018614448253781616,-0.0025824051215930233,1,930.25,0.06447373990757388,-0.028278764117043442,-0.049763211484952996
53565.73828125,53785.7109375,52654.890625,52793.62109375,9300,24.270000457763672,24.270000457763672,20.969999313354492,23.489999771118164,0,-0.0025824051215930233,27.258100395024883,55658.720020910514,-1140.4688213620539,995.6650490982623,0.01885957107072041,0.003413646313064511,1,1130.8203125,-0.03213847020740357,-0.028901586661073675,-0.03723781349756672
52946.3203125,53428.28125,52632.48046875,52973.83984375,4800,23.489999771118164,24.709999084472656,21.280000686645508,24.530000686645508,0,0.003413646313064511,29.038844981381274,55403.017146895225,-1207.4653386823265,981.3890299662436,0.018525918318568528,0.025382885405628164,2,795.80078125,0.04427419862328241,-0.020606099911111952,-0.02747959552775392
53285.19140625,54399.421875,53176.01953125,54318.46875,7400,24.530000686645508,24.84000015258789,17.100000381469727,22.739999771118164,0,0.025382885405628164,40.702631648037176,55299.726823381396,-1138.931354446846,1013.117101486512,0.01865142970339185,-0.0020239432835631455,1,1223.40234375,-0.07297190645827611,0.02622618671854693,-0.000853176476471651
54554.890625,54786.0,54130.890625,54208.53125,5800,22.739999771118164,23.059999465942383,21.34000015258789,22.299999237060547,0,-0.0020239432835631455,40.12196196670911,55195.80343544031,-1081.0273057786253,987.5451210231896,0.01821752219164192,-0.026126898268434506,0,655.109375,-0.019349188148034102,0.026800778710318607,0.002221190603228562
53070.30078125,53356.0390625,52669.51171875,52792.23046875,9100,22.299999237060547,25.149999618530273,22.299999237060547,24.559999465942383,0,-0.026126898268434506,33.49287889420603,54966.891724326946,-1136.3227452889623,1026.9361503251046,0.019452410727995143,0.029060339800534463,2,686.52734375,0.1013453052108595,-0.003428284140543081,-0.002608677876030807
53513.96875,54396.4296875,53403.2890625,54326.390625,7600,24.559999465942383,24.559999465942383,22.440000534057617,23.100000381469727,0,0.029060339800534463,44.24003755104793,54905.89161962914,-1044.312689759572,1068.1692266411685,0.019662068735882793,-0.0006954492938946455,1,993.140625,-0.05944621808714823,0.0001458412798134301,0.029033233551609028
54459.94921875,54931.30078125,54191.55078125,54288.609375,7100,23.100000381469727,23.979999542236328,20.5,23.399999618530273,0,-0.0006954492938946455,44.05124969639189,54847.10283442636,-963.3379289914228,1044.7107104525137,0.0192436447070535,-0.00434713658568453,1,739.75,0.012986979744866067,0.0014772236611741985,0.024819222754627557
54307.55859375,54524.37109375,53886.28125,54052.609375,5600,23.399999618530273,25.989999771118164,23.15999984741211,25.639999389648438,0,-0.00434713658568453,42.82198413607781,54771.43679067147,-907.7441656660521,1015.6663628309055,0.018790329913298577,-0.005612081632275445,1,638.08984375,0.09572648750576596,0.02387432573048942,-0.0048944563629658155
54254.0703125,54379.58984375,53683.16015625,53749.26171875,6200,25.639999389648438,25.639999389648438,24.360000610351562,25.280000686645508,0,-0.005612081632275445,41.2293808126034,54674.086783821804,-878.0418089647937,992.8637431644122,0.01847213731715425,0.009363282678810148,2,696.4296875,-0.014040511371785414,-0.010623361861710312,-0.008472274025133286
53950.83984375,54346.21875,53425.25,54252.53125,7500,25.280000686645508,25.280000686645508,22.540000915527344,22.719999313354492,0,0.009363282678810148,44.89127564530048,54633.93863774354,-804.6177001223259,987.7283865098113,0.018206125387187556,0.011651602085386514,2,920.96875,-0.10126587435748646,-0.0006645615980102049,0.02766128212965757
54671.5,54936.62890625,54449.33984375,54884.66015625,7000,22.719999313354492,22.719999313354492,21.200000762939453,21.479999542236328,0,0.011651602085386514,49.17491964268208,54657.8168776013,-687.4960189053163,966.0404772055391,0.017601283754975224,0.018968471737570658,2,487.2890625,-0.05457745636415179,0.015393350864479016,0.010276212441639565
55507.75,56082.6484375,55466.30078125,55925.73828125,5900,21.479999542236328,21.479999542236328,19.719999313354492,19.979999542236328,0,0.018968471737570658,55.332960117052615,54778.57129699641,-504.8503382491981,982.6081774944292,0.017569874045343884,-0.006425093991481057,1,616.34765625,-0.06983240372284627,0.04049314340146104,0.030156029507801385
55622.01171875,55925.62109375,55369.140625,55566.41015625,8300,19.979999542236328,20.75,19.68000030517578,20.479999542236328,0,-0.006425093991481057,52.94839157441746,54853.60356930627,-384.6629421425678,952.1788545483986,0.01713587132713664,-0.003333637726985028,1,556.48046875,0.025025025598375716,0.024217836034148066,0.028006062958916944
55588.26953125,55791.48828125,55091.4296875,55381.171875,7300,20.479999542236328,21.34000015258789,18.229999542236328,20.850000381469727,0,-0.003333637726985028,51.71120616650347,54903.848169848534,-300.89224749043933,934.1702644913702,0.016868011868724476,0.007889639839803397,1,700.05859375,0.01806644763200982,0.00904645701251483,0.030361536215868012
55382.44140625,55891.921875,55135.109375,55818.109375,5900,20.850000381469727,21.0,18.3799991607666,20.31999969482422,0,0.007889639839803397,54.41678521999897,54990.92066557724,-196.97555227877456,921.5018527419867,0.01650901227325897,-0.0008756818673598676,1,756.8125,-0.025419696736146857,-0.001924496833796585,0.02885723649990979
56245.6015625,56432.6484375,55719.359375,55769.23046875,5900,20.31999969482422,20.31999969482422,18.739999771118164,19.979999542236328,0,-0.0008756818673598676,54.051937213956855,55065.04540873655,-117.21377445165126,906.6295105818448,0.016256805104920176,-0.001683906259072776,1,713.2890625,-0.016732291225107332,0.003650052467483178,0.016116895139402176
55610.640625,55832.28125,55295.73828125,55675.3203125,4300,19.979999542236328,20.68000030517578,18.649999618530273,20.200000762939453,0,-0.001683906259072776,53.312361261856694,55123.166828142595,-60.877992043482664,880.1947575938558,0.01580942422339756,-0.010201656058052011,0,536.54296875,0.011011072359539131,0.005311343684888392,-0.004477687312604672
55373.1796875,55387.76953125,54882.41015625,55107.33984375,3600,20.200000762939453,21.06999969482422,19.43000030517578,20.43000030517578,0,-0.010201656058052011,48.94992522368954,55121.65949629568,-61.355487754539354,873.9601432121518,0.015859233011249627,-0.003898783049756771,1,505.359375,0.011386115522248108,-0.012733672623608139,-0.008261651440305662
55345.51171875,55423.96875,54683.30078125,54892.48828125,6000,20.43000030517578,20.690000534057617,19.389999389648438,19.84000015258789,0,-0.003898783049756771,47.37085242678664,55099.833666291335,-78.16954222611093,864.4392736077124,0.015747860967399156,0.0077932879733586535,1,740.66796875,-0.028879106401110466,-0.0157208944812548,-0.008824002403795328
54514.171875,55366.83984375,54507.41015625,55320.28125,6000,19.84000015258789,19.84000015258789,18.15999984741211,19.139999389648438,0,0.0077932879733586535,50.77578654847039,55120.82867426358,-56.32619090353546,864.0814460285901,0.015619614118078804,-0.018380959401756436,0,859.4296875,-0.03528229624777224,-0.006376955902672843,-0.008918756485560397
54760.25,54780.78125,54205.98828125,54303.44140625,4800,19.139999389648438,19.760000228881836,18.260000228881836,19.579999923706055,0,-0.018380959401756436,43.56156538850104,55042.9822677861,-119.68598932996974,881.953697651548,0.016241211879253762,-0.02682596442833063,0,574.79296875,0.02298853438289994,-0.014587865060795013,-0.026283114365749594
53184.609375,53207.5390625,52527.078125,52846.69921875,7500,19.579999923706055,22.799999237060547,19.579999923706055,22.3700008392334,0,-0.02682596442833063,35.72952585286865,54833.81245359218,-284.170268133239,945.8400964800088,0.017897808386572324,-0.0028976058772591795,1,680.4609375,0.1424923864350689,-0.037269016700756774,-0.05080565460374964
52495.94140625,53095.3203125,52459.48046875,52693.5703125,6900,22.3700008392334,22.639999389648438,18.950000762939453,21.889999389648438,0,-0.0028976058772591795,35.016824924743915,54629.97986872626,-422.01672104881436,923.6972212850081,0.01752960021131626,-0.0028880124576394772,1,635.83984375,-0.02145737289124794,-0.047481879667775506,-0.04380123479184339
52650.41015625,52867.73046875,52493.359375,52541.390625,5900,21.889999389648438,22.3700008392334,20.950000762939453,22.149999618530273,0,-0.0028880124576394772,34.284898989221375,54431.066607418994,-537.3464615547564,884.4596407467933,0.01683357882663185,-0.0199005308017578,0,374.37109375,0.011877580453692804,-0.03244823413801534,-0.04283095428656458
53018.91015625,53142.5,51425.48046875,51495.7890625,9200,22.149999618530273,28.1299991607666,19.75,22.8700008392334,0,-0.0199005308017578,29.692575615654718,54151.516365045754,-704.9907252097983,943.9282043541652,0.018330201780353876,-0.002628704015695482,1,1717.01953125,0.03250569901142497,-0.025562810472951836,-0.06913363600261879
51181.98828125,51652.828125,50921.21875,51360.421875,8300,22.8700008392334,23.690000534057617,18.020000457763672,22.760000228881836,0,-0.002628704015695482,29.148231339295833,53885.69784218426,-839.1003857633477,928.7625736860106,0.01808323490695647,0.004622586031863607,1,731.609375,-0.004809821001967696,-0.025300021038501375,-0.054195819915591525
51470.03125,51714.609375,51062.9296875,51597.83984375,7000,22.760000228881836,23.639999389648438,16.0,22.40999984741211,0,0.004622586031863607,31.519483182993056,53667.80660423814,-915.6703344362031,908.9709389584384,0.01761645335756321,0.018105999622834323,2,651.6796875,-0.015377872493409939,-0.01795823768701399,-0.023631738471130537
51897.6015625,52799.3984375,51808.76171875,52532.0703125,5100,22.40999984741211,22.40999984741211,20.479999542236328,21.139999389648438,0,0.018105999622834323,40.02537152643726,53559.64124312022,-890.7005379185139,929.8700571578356,0.01770099772627033,-0.013506778969097022,0,990.63671875,-0.05667114977291399,0.020123611442137035,-0.00306489006234012
52186.359375,52272.8515625,51739.98046875,51822.53125,5800,21.139999389648438,21.790000915527344,19.31999969482422,21.299999237060547,0,-0.013506778969097022,36.33411520985397,53394.20219615639,-917.5882802431879,920.0286133429902,0.017753447991658844,0.008552023401983133,1,532.87109375,0.007568583350596292,0.008997382773153095,-0.01368177291177286
51972.75,52516.7890625,51632.8515625,52265.71875,5600,21.299999237060547,21.709999084472656,18.360000610351562,20.8799991607666,0,0.008552023401983133,40.05291483588679,53286.72758223673,-892.8433401244256,917.4506766756338,0.0175535838522384,0.008844453492758975,2,883.9375,-0.01971831414731573,0.012943931534197706,0.014951313525180643
52654.23828125,52909.87109375,52447.25,52727.98046875,5000,20.8799991607666,21.270000457763672,18.68000030517578,20.549999237060547,0,0.008844453492758975,43.74396724602461,53233.51357142847,-826.4058471952012,897.9293671809456,0.017029466313679822,0.00821766313441108,1,462.62109375,-0.015804594682461648,0.0037293439052483723,0.026626700946466908
53468.890625,53509.5,53120.7890625,53161.28125,5300,20.549999237060547,21.1200008392334,19.549999237060547,21.010000228881836,0,0.00821766313441108,47.03589292336113,53226.634302720995,-730.3706454307612,889.6143789001637,0.01673425391529975,0.00030413053203082185,1,388.7109375,0.022384477318700302,0.025833357956632108,0.030300520544744858
52846.26171875,53301.3984375,52771.53125,53177.44921875,5500,21.010000228881836,21.68000030517578,20.510000228881836,21.450000762939453,0,0.00030413053203082185,47.16014201821862,53221.950009009466,-645.5163257955937,863.9181509430092,0.0162459494322341,-0.0028297797461286356,1,529.8671875,0.020942433568028385,0.017444139113651724,0.012285426833757107
52623.1484375,53244.83984375,52612.6796875,53026.96875,5200,21.450000762939453,22.09000015258789,21.450000762939453,21.899999618530273,0,-0.0028297797461286356,46.07670821544008,53203.38036529428,-583.6828497903043,847.3640084649371,0.01597986889388123,-0.00015138228601840886,1,632.16015625,0.02097896688042611,0.005670391291151322,0.02324157988712683
52897.16015625,53377.5390625,52883.25,53018.94140625,5600,21.899999618530273,22.270000457763672,21.540000915527344,21.84000015258789,0,-0.00015138228601840886,46.015976949682596,53185.814750147205,-529.2265202301496,822.1443694674416,0.015506616082125798,-0.0020938124339260344,1,494.2890625,-0.0027397016889267878,-0.002677509653701171,0.01441140912751715
52863.33984375,53053.0390625,52094.25,52907.9296875,7200,21.84000015258789,22.43000030517578,21.139999389648438,21.25,0,-0.0020938124339260344,45.13008913446652,53159.34950608557,-489.38586899093207,831.904704684053,0.01572362989059839,0.0061775209440337875,1,958.7890625,-0.02701465881253573,-0.005068304990359929,0.0034127842020548194
52851.671875,53301.98828125,52674.80859375,53234.76953125,7000,21.25,22.25,20.920000076293945,20.969999313354492,0,0.0061775209440337875,48.28671464379746,53166.53236562504,-426.52194251871697,817.2814891709064,0.015352400252078558,-0.0018863229733915299,1,627.1796875,-0.01317650290096506,0.003918775410861164,0.0013823647497208658
53501.2109375,53865.9296875,53054.30078125,53134.3515625,6800,20.969999313354492,20.989999771118164,20.239999771118164,20.790000915527344,0,-0.0018863229733915299,47.38475202124888,53163.46752723218,-380.41947976962547,816.8777332479846,0.01537381579385835,0.011604868966448079,2,811.62890625,-0.00858361486509529,0.0021767721721503985,-0.000810449859539375
53170.69921875,53819.30859375,53143.28125,53750.96875,14800,20.790000915527344,20.790000915527344,19.81999969482422,20.270000457763672,0,0.011604868966448079,53.16943019404365,53219.42002463864,-290.77521645030356,807.4548259624142,0.015022144618787252,0.007953199680703404,2,676.02734375,-0.025012045929026505,0.015934077698360083,0.013653429887975577
54146.6796875,54254.7890625,53927.26171875,54178.4609375,7500,20.270000457763672,20.270000457763672,19.010000228881836,19.200000762939453,0,0.007953199680703404,56.72191973782368,53310.75725443496,-183.12548844855337,785.7666464293847,0.014503303210031033,0.005599622082288036,1,327.52734375,-0.052787354250620866,0.01772697457995065,0.021869911026049182
54574.4296875,54627.140625,54278.76953125,54481.83984375,7500,19.200000762939453,19.200000762939453,18.219999313354492,18.399999618530273,0,0.005599622082288036,59.09349867768739,53422.28892960782,-72.49646699762525,761.6890065058572,0.013980603604619933,-0.0015896925516537541,1,348.37109375,-0.041666724615624595,0.0253600211845062,0.02974809571166892
54248.6015625,54527.8984375,54090.53125,54395.23046875,6100,18.399999618530273,19.219999313354492,16.649999618530273,18.3700008392334,0,-0.0015896925516537541,58.11441973638939,53514.950028573745,8.095852851365635,738.5231622911531,0.013576983789331195,-0.009350472263229048,0,437.3671875,-0.0016303684738484536,0.011986048507265368,0.021798928552114516
54219.78125,54236.48828125,53824.96875,53886.609375,6300,18.3700008392334,18.639999389648438,17.299999237060547,18.549999237060547,0,-0.009350472263229048,52.60254994344296,53550.346156804815,30.571960891429626,726.5044877524994,0.013482096873023,-0.0069119386396724325,0,411.51953125,0.009798496984426919,-0.005386855910076149,0.014157654895160299
54210.1015625,54211.21875,53455.26171875,53514.1484375,5700,18.549999237060547,18.760000228881836,17.739999771118164,18.520000457763672,0,-0.0069119386396724325,48.941831640966434,53546.89875496626,18.12106521466194,728.6082408594638,0.013615244979753655,-0.0018312914035146788,1,755.95703125,-0.0016171849342689892,-0.01776172407219123,-0.004405879894025189
53688.62109375,53861.28125,53163.76953125,53416.1484375,4700,18.520000457763672,18.690000534057617,17.75,18.34000015258789,0,-0.0018312914035146788,47.995400203961836,53534.446343779,0.3419182859797729,726.3870607087878,0.013598641645956613,0.006451846914856452,1,697.51171875,-0.009719238700144017,-0.017999409558756785,-0.014070397844623161
53637.87890625,53811.37109375,53361.62109375,53760.78125,5600,18.34000015258789,18.34000015258789,17.530000686645508,17.600000381469727,0,0.006451846914856452,51.54411198076538,53556.00204913337,13.900566922638973,706.6272706581601,0.013143917447408004,0.014143529350217454,2,449.75,-0.04034895119745929,-0.002335053670279308,-0.013234842946162284
54069.30078125,54556.66015625,54034.96875,54521.1484375,63800,17.600000381469727,18.18000030517578,16.469999313354492,17.15999984741211,0,0.014143529350217454,58.30447265181538,53647.92075278734,85.0211007043763,713.0023874861487,0.013077537944812274,0.004520679833671215,1,521.69140625,-0.025000029802321744,0.018817453503461534,0.0023148715000360642
54251.87890625,54817.51953125,54232.8203125,54767.62109375,6900,17.15999984741211,17.670000076293945,16.350000381469727,17.200000762939453,0,0.004520679833671215,60.24085199279146,53754.558880498065,159.43505159371125,703.8378754335666,0.012851350147722367,0.011501506614131296,2,584.69921875,0.0023310557041396063,0.025300825607658783,0.016349362651841615
55486.12109375,55630.26171875,55298.23046875,55397.53125,6800,17.200000762939453,17.270000457763672,15.65999984741211,16.81999969482422,0,0.011501506614131296,64.74687255423682,53911.032439498245,266.1688996369994,715.1809289740261,0.012909978348069907,0.005134127141270373,1,332.03125,-0.022093084375555128,0.030445056078867827,0.03519410973529058
55391.9296875,55738.48828125,55270.75,55681.94921875,6700,16.81999969482422,17.209999084472656,15.970000267028809,16.860000610351562,0,0.005134127141270373,66.58815197888173,54079.69118037936,369.4476339343091,697.5064541365956,0.012526617044177065,0.0070091161583938355,2,467.73828125,0.0023781757582108654,0.02129083510742036,0.04241789884759517
55800.83984375,56186.05078125,55685.44921875,56072.23046875,6500,16.860000610351562,16.959999084472656,16.15999984741211,16.649999618530273,0,0.0070091161583938355,68.9822282652747,54269.45682689085,477.28733876628394,683.6918190196959,0.012193055516147674,-0.00545745578857515,1,500.6015625,-0.012455574390214053,0.023820815090120462,0.04299508238173155
55877.5,56018.08984375,55537.078125,55766.21875,6100,16.649999618530273,17.90999984741211,16.18000030517578,17.68000030517578,0,-0.00545745578857515,65.04665920226182,54412.00558147267,531.9267728082559,673.081856500432,0.01206970584679335,-0.00892530424164717,0,481.01171875,0.061861904519156186,0.006655305600824946,0.02283646526498395
55834.37890625,55834.37890625,55203.4296875,55268.48828125,4900,17.68000030517578,18.270000457763672,17.360000610351562,18.170000076293945,0,-0.00892530424164717,59.13690073512672,54493.57536240385,528.9686079800667,670.0723823754012,0.012123949889230556,0.009912194964736498,2,630.94921875,0.02771491870250231,-0.007425403444044187,0.009145315744911064
55258.2890625,55853.08984375,55157.98828125,55816.3203125,3800,18.170000076293945,18.639999389648438,17.75,18.1299991607666,0,0.009912194964736498,63.109684956760745,54619.55107193682,564.3245256875598,671.8601809557297,0.012036984473253916,0.018658857197484613,2,695.1015625,-0.0022014813076161044,-0.004563937516140371,0.007559706236909269
56267.55078125,56914.21875,56236.44921875,56857.7890625,13900,18.1299991607666,18.1299991607666,16.84000015258789,17.010000228881836,0,0.018658857197484613,69.2335377279341,54832.7165948476,668.674110493288,702.2914849946062,0.012351719906354848,0.01253057759099363,2,677.76953125,-0.06177600572141495,0.019574042080807263,0.021117074029334715
57258.12890625,57619.26953125,57104.80859375,57570.25,16800,17.010000228881836,18.649999618530273,16.489999771118164,16.549999237060547,0,0.01253057759099363,72.58614021018235,55093.43406200498,799.6437561616622,706.5192695485629,0.012272298097516737,0.009471037558461237,2,514.4609375,-0.027042973876051923,0.04164690930276227,0.026715889821520067
57823.1015625,58170.671875,57540.359375,58115.5,72600,16.549999237060547,17.6299991607666,15.890000343322754,17.489999771118164,0,0.009471037558461237,74.84528087555034,55381.249865623555,936.6382790510033,701.0759288665228,0.012063493024520528,0.0003589296315096302,1,630.3125,0.05679761796923022,0.0411918893009704,0.042127318341805164
58049.01953125,58328.41015625,57744.69921875,58136.359375,15500,17.489999771118164,18.760000228881836,17.489999771118164,18.530000686645508,0,0.0003589296315096302,74.93039680514596,55643.641247468935,1034.960225428098,692.6927151974854,0.011914965481917665,0.0036839574631517547,1,583.7109375,0.059462603152501625,0.02248716198047296,0.05188980525676756
58174.109375,58415.62890625,57788.78125,58350.53125,7200,18.530000686645508,19.170000076293945,17.950000762939453,18.450000762939453,0,0.0036839574631517547,75.83453007326008,55901.44029532904,1117.283606772813,687.9894967012364,0.011790629527494429,-0.0008865466627606677,1,626.84765625,-0.004317318982276719,0.013553549793513087,0.045402687302058986
58571.28125,58712.66015625,57577.05078125,58298.80078125,8900,18.450000762939453,21.059999465942383,17.6299991607666,19.260000228881836,0,-0.0008865466627606677,75.12973074669623,56129.76034160722,1164.922758675093,719.962345151148,0.012349522383017895,0.0015288291535262566,1,1135.609375,0.04390240826273728,0.0031540773330693828,0.02534413916738809
58421.0390625,58649.19140625,58244.859375,58387.9296875,9300,19.260000228881836,19.389999389648438,18.010000228881836,18.920000076293945,0,0.0015288291535262566,75.55134024260651,56344.82408883511,1196.0814057218959,697.4173227296375,0.011944546183814157,0.007966383248892317,2,404.33203125,-0.01765317489861884,0.0043272457237524264,0.014203163743426561
58417.7109375,58934.8984375,58266.6484375,58853.0703125,9800,18.920000076293945,20.18000030517578,17.780000686645508,19.299999237060547,0,0.007966383248892317,77.67806870019852,56583.7046815651,1243.9681288415013,695.3339425346634,0.01181474371417763,-0.0006079759273391883,1,668.25,0.020084522158259732,0.008612416232285813,0.012691456022919878
58977.33984375,58984.3203125,58583.359375,58817.2890625,9800,19.299999237060547,20.770000457763672,18.860000610351562,19.59000015258789,0,-0.0006079759273391883,77.12230153257735,56796.4270035589,1264.4555970538277,674.3072993179018,0.011464440304301925,0.00876124194456529,2,400.9609375,0.015025954766385352,0.00889363544878874,0.011712630354229203
59320.44921875,59484.98828125,59251.140625,59332.6015625,10700,19.59000015258789,19.59000015258789,18.200000762939453,18.360000610351562,0,0.00876124194456529,79.40740276887033,57037.96743774377,1307.204831726689,673.8352935630517,0.011356914677898363,0.0021940667368658406,1,233.84765625,-0.06278711243776292,0.01617923224981621,0.0168305290708044
59235.98046875,59538.078125,59113.01171875,59462.78125,14200,18.360000610351562,18.520000457763672,17.40999984741211,17.610000610351562,0,0.0021940667368658406,79.95217823010871,57268.90208653008,1336.1856051116847,656.0660873264051,0.01103322235413274,0.0063809609897786945,2,425.06640625,-0.04084967184462629,0.010359883252692548,0.01996577036151237
59675.12109375,59923.03125,59673.9609375,59842.2109375,0,17.610000610351562,18.360000610351562,17.010000228881836,17.68000030517578,0,0.0063809609897786945,81.48927956728544,57513.97911995579,1373.932048161325,642.0792239459477,0.010729537125834868,0.006983665245698933,2,249.0703125,0.003974996729021685,0.017425520477676315,0.02490722410922097
59938.05078125,60323.25,59857.80078125,60260.12890625,9700,17.68000030517578,17.790000915527344,16.549999237060547,17.68000030517578,0,0.006983665245698933,83.03240105167679,57775.517194840955,1421.1863124661832,630.576355271237,0.010464238406330982,0.0006284602180144372,1,465.44921875,0.0,0.015632676122805167,0.023907989613434877
60080.19140625,60341.41015625,59946.44140625,60298.0,10900,17.68000030517578,18.440000534057617,16.719999313354492,17.350000381469727,0,0.0006284602180144372,83.16932512607286,58015.75365247515,1445.0340847139669,613.7472406090058,0.010178567126753885,-0.010810500555573976,0,394.96875,-0.018665153733591677,0.014046076090663773,0.02517475662515789
60351.23046875,60411.19921875,59474.5703125,59646.1484375,11700,17.350000381469727,18.56999969482422,16.8799991607666,18.290000915527344,0,-0.010810500555573976,72.34732689146381,58171.02934628704,1395.2510570196246,636.8102167262197,0.010676468362303376,-0.014624202343325066,0,936.62890625,0.05417870394179136,-0.0032763244694412608,0.00528456306891778
59361.078125,59402.5,58705.109375,58773.87109375,10600,18.290000915527344,19.299999237060547,17.200000762939453,19.040000915527344,0,-0.014624202343325066,60.92332106628911,58228.442846045415,1270.7635855979024,658.540848567204,0.011204653297666367,0.00438000224775692,1,697.390625,0.04100601216281441,-0.02466403307587095,-0.01158556901927621
58205.96875,59199.109375,58172.48046875,59031.30078125,13000,19.040000915527344,19.59000015258789,18.18000030517578,19.049999237060547,0,0.00438000224775692,62.79071511558027,58304.905506541094,1179.2847316566913,684.8328526874037,0.01160118180734594,0.0009169526257024607,1,1026.62890625,0.0005251219040147692,-0.021007317303227357,-0.013550805418886092
58853.3203125,59170.87109375,58760.08984375,59085.4296875,11800,19.049999237060547,19.34000015258789,17.989999771118164,18.43000030517578,0,0.0009169526257024607,63.1890520991877,58379.241142822895,1098.492098079878,665.2577382097321,0.011259251929422336,-0.0052586727242797116,1,410.78125,-0.0325458769929291,-0.009400753689696284,-0.019493805275085707
59315.98046875,59484.3515625,58666.41015625,58774.71875,9700,18.43000030517578,20.219999313354492,17.270000457763672,19.56999969482422,0,-0.0052586727242797116,59.266907960033826,58416.905676839764,997.8885400287618,676.1637144983226,0.011504329223154686,0.001006424956308205,1,817.94140625,0.061855635961562516,1.4422331458208149e-05,-0.025262550167501452
59050.671875,59321.6484375,58722.69140625,58833.87109375,9000,19.56999969482422,19.56999969482422,15.829999923706055,18.219999313354492,0,0.001006424956308205,59.77875165063056,58456.61666892646,912.4148448744236,670.6489514091567,0.011399028126850565,-0.014638676394888694,0,598.95703125,-0.068983158023593,-0.0033444915644262885,-0.013618269830132368
57367.46875,58208.30078125,57367.46875,57972.62109375,14500,18.219999313354492,21.209999084472656,18.219999313354492,19.81999969482422,0,-0.014638676394888694,49.93923391748613,58410.521852242986,766.3466809230231,727.4884794335027,0.01254882849366169,0.026986001136986015,2,840.83203125,0.08781561151305817,-0.018833891868699104,-0.013632758657702304
58259.8515625,59599.78125,58245.48828125,59537.0703125,12800,19.81999969482422,19.81999969482422,17.260000228881836,18.700000762939453,0,0.026986001136986015,62.13229767960224,58517.81218179127,767.9718840987334,791.7507420632526,0.013298449821388373,-0.012941188820777993,0,1354.29296875,-0.056508524174056385,0.012970739438884937,0.008567819522124598
58710.53125,59309.7890625,58522.5703125,58766.58984375,19200,18.700000762939453,20.989999771118164,18.110000610351562,19.8700008392334,0,-0.012941188820777993,55.0241920273899,58541.50529245401,699.0305456711721,807.6614033444488,0.013743547234778776,0.00062515591508161,1,787.21875,0.06256684644701771,-0.001143580198773364,-0.005396251587512002
58969.01953125,59108.66015625,58558.640625,58803.328125,10700,19.8700008392334,20.139999389648438,17.399999618530273,19.549999237060547,0,0.00062515591508161,55.286863843055585,58566.440800315526,639.9812055707007,789.2584124805596,0.013422002421407328,0.00752767501201701,2,550.01953125,-0.0161047603752994,0.014329299168768461,0.00048676328204466657
58814.078125,59308.25,58812.19921875,59245.98046875,12900,19.549999237060547,20.290000915527344,19.450000762939453,19.65999984741211,0,0.00752767501201701,58.43660006630182,58631.15886397596,621.7355425367641,768.9486598033767,0.012978916944567537,-0.0008269284618530603,1,496.05078125,0.005626629905081337,-0.004889220148423856,0.007004627901219029
59285.359375,59566.671875,58974.26171875,59196.98828125,13800,19.65999984741211,20.0,18.649999618530273,19.520000457763672,0,-0.0008269284618530603,57.950034358852584,58685.04737990681,596.4469933787041,756.3387666924211,0.01277664267477579,-0.002839301962482388,1,592.41015625,-0.007121026995677515,0.007323862736366982,0.0211197486744652
58789.26171875,59166.4609375,58722.890625,59028.91015625,9000,19.520000457763672,20.18000030517578,18.280000686645508,19.3700008392334,0,-0.002839301962482388,56.220534332825125,58717.796215749026,556.4289691850281,736.1786873751054,0.012471493805771349,0.011169248966393042,2,443.5703125,-0.007684406506794583,0.0038362119703576614,-0.008535189144893263
59374.98828125,59711.9609375,59315.7109375,59688.21875,12100,19.3700008392334,19.3700008392334,17.299999237060547,18.309999465942383,0,0.011169248966393042,61.12207066806379,58810.21740948722,571.3291631878674,732.3838369375978,0.012270157365645927,0.0017578322355280562,1,396.25,-0.05472386821708408,0.007464443625559758,0.015682871997515058
60045.75,60119.80078125,59634.390625,59793.140625,13100,18.309999465942383,18.510000228881836,16.549999237060547,17.719999313354492,0,0.0017578322355280562,61.85400597321699,58903.82914429796,584.8620668859585,714.7428597456266,0.011953592874945705,0.005385037111018898,1,485.41015625,-0.032222838328604175,0.010070653272386654,0.016832593180711175
59912.2890625,60284.55078125,59912.2890625,60115.12890625,14300,17.719999313354492,18.3799991607666,16.389999389648438,17.940000534057617,0,0.005385037111018898,64.08841583619873,59019.19102638863,614.4853492917464,698.7905237816532,0.011624204031424806,0.00758460020040963,2,372.26171875,0.012415419256665672,0.01840147051884866,0.014670167167854409
60408.2890625,60635.28125,60381.01953125,60571.078125,8500,17.940000534057617,17.940000534057617,16.860000610351562,17.469999313354492,0,0.00758460020040963,67.03318954985969,59166.98979768495,667.0638090906796,686.0306537793922,0.011326043303433312,-0.0036999403335286063,1,254.26171875,-0.02619850650566402,0.014791183142820685,0.023212157977050785
59417.12109375,60649.0390625,59417.12109375,60346.96875,19700,17.469999313354492,18.56999969482422,17.260000228881836,18.280000686645508,0,-0.0036999403335286063,64.24461458431374,59279.36874552448,682.778221365159,725.0226048487212,0.012014234018153915,-0.006843045140523363,0,1231.91796875,0.04636527791227962,0.009262402329280661,0.022329034879029486
60454.37109375,60676.12109375,59865.75,59934.01171875,10300,18.280000686645508,19.219999313354492,16.780000686645508,18.389999389648438,0,-0.006843045140523363,59.345581696624556,59341.71569535548,654.3666932028282,731.1189254845268,0.012198731646989027,-0.018240438523957403,0,810.37109375,0.006017434292729051,-0.0030128387112411392,0.004117947794345822
59585.71875,59720.55859375,58687.171875,58840.7890625,13500,18.389999389648438,20.239999771118164,18.299999237060547,19.81999969482422,0,-0.018240438523957403,48.747757502352066,59294.00839698829,537.4411336801713,767.9561339320607,0.013051424805271503,0.00510600573236486,1,1033.38671875,0.07775967116022398,-0.02856625828797732,-0.015927438374123692
58747.30859375,59277.55078125,58487.76171875,59141.23046875,58000,19.81999969482422,21.209999084472656,16.469999313354492,19.940000534057617,0,0.00510600573236486,51.3205785145332,59279.45811810846,463.6749398669199,769.5156288297705,0.013011491690832839,0.009781802101761938,2,789.7890625,0.006054532849702143,-0.01998009686692015,-0.016200554755838592
59556.91015625,60105.7890625,59556.91015625,59719.73828125,10400,19.940000534057617,19.940000534057617,18.110000610351562,18.799999237060547,0,0.009781802101761938,55.910124251296644,59321.38956221718,446.7456398438153,783.4472691812155,0.01311873246147818,-0.004403184588847364,1,548.87890625,-0.057171578057379824,-0.0035751559315854164,-0.014055220248731515
59504.140625,59799.0390625,59275.3984375,59456.78125,8600,18.799999237060547,20.290000915527344,18.309999465942383,19.329999923706055,0,-0.004403184588847364,53.44362794850354,59334.28400867268,407.414195568228,764.8896517397001,0.012864632690483898,-0.00566903375718808,1,523.640625,0.02819152702946459,0.010468795495684136,-0.014751155168833519
59073.83984375,59457.578125,58832.78125,59119.71875,10000,19.329999923706055,20.139999389648438,17.40999984741211,18.81999969482422,0,-0.00566903375718808,50.37585792216669,59313.84922213243,345.06788799540664,754.8830248297215,0.012768718133147776,-0.017266605738038954,0,624.796875,-0.026383871230975964,-0.0003637347173790495,-0.01358649196671835
59005.1796875,59143.3203125,57981.94921875,58098.921875,14900,18.81999969482422,20.809999465942383,17.350000381469727,20.59000015258789,0,-0.017266605738038954,42.43196179387972,59198.14185573887,210.8575784953864,783.9178868954557,0.013492812974775286,-0.01641516045774305,0,1161.37109375,0.09404891001408733,-0.027140380264507713,-0.012608042810438813
57525.03125,57708.37890625,57038.23828125,57145.21875,17900,20.59000015258789,22.899999618530273,18.809999465942383,21.889999389648438,0,-0.01641516045774305,36.62155614626282,59002.62536947802,27.225233975485025,803.6868659564946,0.01406393891801306,-0.0006597090635863667,1,670.140625,0.06313740784004573,-0.03887802957715614,-0.0337499186765261
57376.51953125,57704.5703125,56950.51953125,57107.51953125,13900,21.889999389648438,22.290000915527344,20.790000915527344,21.56999969482422,0,-0.0006597090635863667,36.40931495351264,58822.139099170585,-119.96386518085637,800.1414313346021,0.014011139652051495,-0.008917184381845522,0,754.05078125,-0.014618533748134488,-0.03403600797322803,-0.04374129601335086
56710.12890625,57213.328125,56485.671875,56598.28125,26800,21.56999969482422,22.360000610351562,21.489999771118164,22.100000381469727,0,-0.008917184381845522,33.57840339344456,58610.343113535295,-274.5388471816332,794.9639183821306,0.014045725432380168,-0.0033273150410375596,1,727.65625,0.024571195834216075,-0.025829061479464843,-0.04807693823822656
56997.8984375,57166.140625,56314.05078125,56409.9609375,11400,22.100000381469727,22.290000915527344,21.06999969482422,21.299999237060547,0,-0.0033273150410375596,32.569869228524226,58400.78290629384,-407.53865747076634,799.0443416226927,0.014164951160097455,0.01802803832157851,2,852.08984375,-0.036199146181009056,-0.01286647997125745,-0.04583509309235334
56240.1484375,57722.62890625,56147.23046875,57426.921875,12300,21.299999237060547,21.989999771118164,19.700000762939453,19.969999313354492,0,0.01802803832157851,42.59661226456324,58308.03423664681,-425.97138382298726,854.4982056139289,0.014879749387820187,-0.011111744464364137,0,1575.3984375,-0.06244131320868529,0.005592999772564333,-0.011566479692098453
57403.921875,57454.83984375,56683.3984375,56788.80859375,8100,19.969999313354492,21.68000030517578,19.969999313354492,21.3700008392334,0,-0.011111744464364137,38.70726627599698,58163.346080180454,-486.46222737446806,848.565577087934,0.014942478951413051,0.022480840642085775,2,771.44140625,0.07010523655565115,0.0033663097101557238,-0.006236919974166644
57506.6484375,58099.94140625,57506.6484375,58065.46875,6400,21.3700008392334,21.3700008392334,19.450000762939453,19.56999969482422,0,0.022480840642085775,48.78302281544303,58154.02442968708,-426.46977350597444,881.6060939030815,0.015182966966112394,0.0026975208479651513,1,593.29296875,-0.08423027953768436,0.029347792215886015,0.01677448480713295
58314.05078125,58578.76171875,58173.69921875,58222.1015625,9600,19.56999969482422,20.020000457763672,18.59000015258789,19.31999969482422,0,0.0026975208479651513,49.871809562123914,58160.50796614545,-362.1121590961193,855.2980135350043,0.014690263500998205,-0.0005292234250068306,1,405.0625,-0.012774655283521508,0.013846810198722581,0.028690276040847174
58092.55859375,58269.33984375,57851.1484375,58191.2890625,7300,19.31999969482422,19.729999542236328,18.690000534057617,18.809999465942383,0,-0.0005292234250068306,49.64821491882274,58163.43949913159,-310.02086964000773,824.0761130146468,0.014161502972198346,-0.0034400284084615818,1,418.19140625,-0.026397527791807596,0.024696423529201317,0.031578254893203095
57424.0703125,58125.01171875,57365.6796875,57991.109375,6800,18.809999465942383,20.34000015258789,18.809999465942383,19.6200008392334,0,-0.0034400284084615818,48.138224842640184,58147.027106357156,-281.6443544576978,824.1856317278863,0.014212275650708506,-0.014550317653756695,0,759.33203125,0.04306227518813133,-0.0012806126705039445,0.009824442640823605
58004.25,58027.51953125,57050.3984375,57147.3203125,52700,19.6200008392334,20.81999969482422,19.09000015258789,20.489999771118164,0,-0.014550317653756695,42.298481035978824,58051.81693551362,-323.51322812446597,835.1095933008944,0.014613276505954181,0.008374668158242837,2,977.12109375,0.044342451308414965,-0.018460021558071915,0.006313069909859914
57312.48828125,57687.640625,57085.921875,57625.91015625,7600,20.489999771118164,20.889999389648438,19.889999389648438,20.18000030517578,0,0.008374668158242837,46.27919101637719,58011.25438510756,-314.45160909558035,818.4388187794019,0.014202618519347334,-0.006777889150747507,1,601.71875,-0.015129305485856781,-0.009715868394713834,-0.007570051585091164
57512.73828125,57568.140625,57055.75,57235.328125,9500,20.18000030517578,20.940000534057617,18.399999618530273,20.290000915527344,0,-0.006777889150747507,43.63357073380576,57937.3566460497,-334.9260968610397,800.7046285987304,0.0139896922902236,0.011961853761103036,2,512.390625,0.005450971689200168,-0.013032708947034122,-0.016948433859618084
58162.73828125,58435.12109375,57848.23046875,57919.96875,9400,20.290000915527344,20.6299991607666,18.079999923706055,18.260000228881836,0,0.011961853761103036,49.12381172390469,57935.70065594973,-292.5353340349902,829.2109386095354,0.01431649492403318,0.008477416845118713,2,586.890625,-0.10004931468938516,0.013520291647533211,-0.004662558896205038
57752.5,58449.0,57639.80078125,58410.98046875,53500,18.260000228881836,19.079999923706055,18.260000228881836,18.420000076293945,0,0.008477416845118713,52.68338873215008,57980.96540002595,-216.8204359201627,827.78153004814,0.014171676684848748,0.009409550898465957,2,809.19921875,0.008762313549100398,0.013623564649500874,0.007240266624921832
58744.12890625,59143.66015625,58744.12890625,58960.6015625,8600,18.420000076293945,18.420000076293945,16.579999923706055,17.450000762939453,0,0.009409550898465957,56.36372667067688,58074.26408216634,-111.18434090517985,820.9885412947015,0.013924358292451089,0.002486233855579112,1,399.53125,-0.05266011451340091,0.030143505663705827,0.03172994359288217
59196.9609375,59399.69140625,58961.76953125,59107.19140625,6800,17.450000762939453,17.559999465942383,16.229999542236328,17.489999771118164,0,0.002486233855579112,57.31729361380015,58172.63811303145,-15.460183874580252,793.7100628986512,0.013428316318456037,0.0016192112833139927,1,437.921875,0.0022922066722004253,0.02049763979283914,0.025705125454566824
58824.48046875,59273.8515625,58791.28125,59202.8984375,8600,17.489999771118164,17.760000228881836,15.569999694824219,17.229999542236328,0,0.0016192112833139927,57.96318278963741,58270.75814393321,67.34830841577786,771.4857950130333,0.013031216635913263,0.0017608935162196637,1,482.5703125,-0.014865650788125406,0.013557690050651994,0.03437685039916061
59381.359375,59590.9296875,59132.94140625,59307.1484375,10800,17.229999542236328,17.43000030517578,16.59000015258789,17.280000686645508,0,0.0017608935162196637,58.6963638634666,58369.46198141576,139.77549401744182,749.0931154585309,0.012630739045697873,0.00884398816278864,2,457.98828125,0.0029019817607429665,0.005877600733646737,0.023949938465738452
59804.01953125,59994.25,59776.66015625,59831.66015625,2100,17.280000686645508,17.670000076293945,17.06999969482422,17.420000076293945,0,0.00884398816278864,62.26265337095027,58508.71895044759,236.76894754845853,744.6651473900644,0.012446005099062537,-0.004808477952954582,1,217.58984375,0.008101816208643697,0.012256863044306288,0.024322133888166286
60002.9609375,60081.23828125,59489.01953125,59543.9609375,14900,17.420000076293945,17.6200008392334,16.489999771118164,16.8799991607666,0,-0.004808477952954582,59.24117067110892,58607.31342540496,287.11238289272296,733.7761190050597,0.012323266834318662,0.003575155278525255,1,592.21875,-0.03099890431471386,0.005760908823747135,0.009894053987587359
59792.3203125,59959.94140625,59496.80078125,59756.83984375,9500,16.8799991607666,17.06999969482422,14.789999961853027,16.600000381469727,0,0.003575155278525255,60.75862401086481,58716.79213191401,340.26510244572273,714.4450122904126,0.011955870058699846,0.003397296766040947,1,463.140625,-0.01658760623327893,0.007582414904400592,0.010991021939020795
59746.80078125,60133.171875,59739.05078125,59959.8515625,10000,16.600000381469727,17.040000915527344,15.850000381469727,15.920000076293945,0,0.003397296766040947,62.203781430934065,58835.17874435077,394.2259730790247,691.5647323946688,0.011533796605113448,0.013121084538208594,2,394.12109375,-0.04096387286441594,0.0021425346700263415,0.012785744363497775
60246.9609375,60786.69921875,60246.9609375,60746.58984375,8000,15.920000076293945,16.6299991607666,15.069999694824219,15.800000190734863,0,0.013121084538208594,67.23903628075084,59017.217896674505,494.7701537253015,701.2277983843353,0.011543492403244461,0.0061692634881060915,2,539.73828125,-0.0075376812175881325,0.020197327945857158,0.024270959642696877
61065.578125,61289.73046875,60868.69140625,61121.3515625,58200,15.800000190734863,16.200000762939453,15.109999656677246,16.1299991607666,0,0.0061692634881060915,69.3347377170284,59217.61157913407,597.8011998444636,689.9358574283114,0.011287967948856847,-0.003521874324553864,1,421.0390625,0.020886010509370223,0.022834402259521713,0.021555333796220655
61156.890625,61209.6484375,60794.390625,60906.08984375,10800,16.1299991607666,16.860000610351562,14.680000305175781,16.65999984741211,0,-0.003521874324553864,66.69557581364982,59378.41903290701,654.5391051390252,670.3159970762891,0.011005730277480207,-0.0011440512382054902,1,415.2578125,0.03285807279734043,0.015781197861433505,0.022876021091034815
60511.5703125,60994.37109375,60485.140625,60836.41015625,25000,16.65999984741211,16.729999542236328,14.989999771118164,15.9399995803833,0,-0.0011440512382054902,65.82217923300769,59517.27533036825,685.9742512514131,658.8098879101256,0.010829203863575488,0.0018730431078581855,1,509.23046875,-0.043217303338730195,0.0014786066630412265,0.01806605428471153
60698.26953125,61004.48828125,60666.01171875,60950.359375,13600,15.9399995803833,16.209999084472656,15.479999542236328,15.65999984741211,0,0.0018730431078581855,66.59263294308263,59653.75952509508,711.8755227639558,635.9289360951167,0.010433555152358226,0.0038521358185183985,1,338.4765625,-0.017565855730371283,-0.00279758518306239,0.01651951742187907
61188.12890625,61401.5390625,60714.359375,61185.1484375,17000,15.65999984741211,16.360000610351562,15.279999732971191,15.59000015258789,0,0.0038521358185183985,68.18409977571523,59799.60608818127,742.7856120086653,639.5897040526085,0.010453348898972481,-0.002477687153196295,1,687.1796875,-0.004469967784564655,0.004581784751999329,0.007219476762037935
61304.2890625,61447.23046875,60905.1484375,61033.55078125,9100,15.59000015258789,16.06999969482422,15.020000457763672,15.920000076293945,0,-0.002477687153196295,65.99792473603688,59917.12463037829,746.4448647700847,632.6248702809936,0.010365198520865692,-0.006879028945977361,0,542.08203125,0.021167409908669832,0.0032405039103009514,-0.001436499341154418
60524.26953125,60848.73046875,60425.46875,60613.69921875,10200,15.920000076293945,16.290000915527344,15.489999771118164,15.569999694824219,0,-0.006879028945977361,60.237473083569654,59983.46506736607,707.312874172676,630.8718103502084,0.010408073067334869,0.019489651002599917,2,423.26171875,-0.021984948479422672,-0.005523513884121423,-0.0048006796323669665
61311.01953125,61840.96875,61311.01953125,61795.0390625,14400,15.569999694824219,15.569999694824219,14.279999732971191,14.40999984741211,0,0.019489651002599917,68.55420339657914,60155.99592404549,762.8312978593458,673.4716475573365,0.010898474339925279,-0.002765442462576373,1,529.94921875,-0.07450223957279312,0.009967952036971761,0.015757486409666344
61765.859375,61916.23828125,61572.03125,61624.1484375,20600,14.40999984741211,15.270000457763672,12.5600004196167,14.90999984741211,0,-0.002765442462576373,66.39091043834921,60295.81997294592,784.0031036211731,649.9527463925268,0.010547046293900795,0.004038024866215739,1,344.20703125,0.03469812666859906,0.009676606533458365,0.011054718453003431
61630.05078125,61955.9609375,61436.8984375,61872.98828125,11400,14.90999984741211,15.020000457763672,13.829999923706055,14.640000343322754,0,0.004038024866215739,67.97561535924933,60446.026478498694,811.5066642907332,640.603443078775,0.010353523579091516,0.0017411550943733367,1,519.0625,-0.01810861883651993,0.020775651028249076,0.011241941244166886
61708.62890625,62052.5703125,61708.62890625,61980.71875,6600,14.640000343322754,15.529999732971191,13.930000305175781,15.100000381469727,0,0.0017411550943733367,68.66447687165802,60592.187647213104,832.4009823875022,619.4132975910053,0.009993644960611324,-0.0037127221519999143,1,343.94140625,0.03142076689614126,0.0030047668925687887,0.015518808206731016
61812.359375,62050.80078125,61643.26953125,61750.6015625,9100,15.100000381469727,16.260000228881836,13.09000015258789,14.880000114440918,0,-0.0037127221519999143,65.42702378530078,60702.51278200233,820.9281969090371,604.2788656202192,0.009785797228365572,-0.001410854170575515,1,407.53125,-0.014569553739798957,0.0020520060431870046,0.018756524653725792
61858.19921875,61929.87890625,61337.4296875,61663.48046875,10600,14.880000114440918,15.6899995803833,13.859999656677246,14.390000343322754,0,-0.001410854170575515,64.1930154584578,60794.03351407354,795.6344093899097,603.433890843775,0.00978592006576056,-0.008410823084545771,0,592.44921875,-0.03293009189177509,-0.003386094939324069,-0.0021289507336816893
61456.328125,61456.328125,61059.328125,61144.83984375,7900,14.390000343322754,15.550000190734863,13.359999656677246,14.800000190734863,0,-0.008410823084545771,57.26828321322468,60827.443640709396,725.3772392892861,603.4852089085053,0.009869765142089768,0.004483143540002565,1,397.0,0.028491997055605234,-0.013486111860392058,-0.007777934558172772
61126.55859375,61466.62890625,61073.6796875,61418.9609375,9700,14.800000190734863,16.270000457763672,13.319999694824219,13.84000015258789,0,0.004483143540002565,59.7402728353095,60883.77862135612,683.9332503723999,588.4469238971835,0.009580867453879392,0.001491675959696348,1,392.94921875,-0.06486486660641766,-0.005370646060254725,-0.007338054235980551
61779.7109375,61780.8984375,61442.69140625,61510.578125,9800,13.84000015258789,14.329999923706055,11.880000114440918,14.039999961853027,0,0.001491675959696348,60.5614491849276,60943.47381217934,650.9772711597689,572.267679333099,0.009303565285472578,0.012389764260567926,2,338.20703125,0.014450853111279693,-0.0024796255836951886,-0.0075852722343591195
61656.0,62412.328125,61600.421875,62272.6796875,7700,14.039999961853027,14.039999961853027,13.0,13.479999542236328,0,0.012389764260567926,66.65436499936852,61070.06484792417,678.5329417634348,595.802130809306,0.009567632769284882,0.0003365992535599993,1,811.90625,-0.03988606988164045,0.01844538061808798,0.00845462411360609
62327.87890625,62447.73046875,62115.66015625,62293.640625,7100,13.479999542236328,15.770000457763672,12.770000457763672,13.329999923706055,0,0.0003365992535599993,66.8062598160166,61186.59587431235,694.061670820287,576.9641437872127,0.009262007132645616,0.0033897546223242703,1,332.0703125,-0.011127568518106035,0.01424119969059845,0.010219341358283396
62016.3515625,62701.3984375,61959.73828125,62504.80078125,7000,13.329999923706055,14.0600004196167,12.40999984741211,13.569999694824219,0,0.0033897546223242703,68.36939800834922,61312.1391987826,715.1632041033445,588.7281446774117,0.009418926823521955,0.0028324074357037876,1,741.66015625,0.018004484057899228,0.0161634419079848,0.022241630544380442
62362.078125,62887.3984375,62362.078125,62681.83984375,11200,13.569999694824219,14.619999885559082,12.40999984741211,13.619999885559082,0,0.0028324074357037876,69.65944780465,61442.58687925568,737.6685106173827,584.1990138075965,0.009320068065389549,0.006665544514830701,2,525.3203125,0.0036846125172673716,0.0065704600846352434,0.020561710699324776
62743.46875,63303.01171875,62648.37890625,63099.6484375,8900,13.619999885559082,14.050000190734863,12.75,13.8100004196167,0,0.006665544514830701,72.50903501280484,61600.40226575514,780.2238549874455,589.2299994284824,0.009338086883512717,0.002924627526772916,1,654.6328125,0.013950112749932408,0.012938845834233215,0.02583409814927662
63357.98828125,63583.0703125,63183.76953125,63284.19140625,17300,13.8100004196167,14.229999542236328,12.989999771118164,13.359999656677246,0,0.002924627526772916,73.68466898369219,61760.76313627846,819.3948732404824,581.6722762550194,0.009191430961343894,-0.006568645296919251,0,399.30078125,-0.03258513752832626,0.01246929220249271,0.01624326628990458
62978.578125,63148.58984375,62679.62890625,62868.5,6400,13.359999656677246,14.09000015258789,12.960000038146973,13.449999809265137,0,-0.006568645296919251,66.75916671105497,61866.26188520432,807.5860161225937,583.3072922368037,0.009278212335856649,-0.0005391959009678482,1,468.9609375,0.006736538540471404,0.0029778984904607064,0.009228219272984672
62865.28125,62939.62890625,62507.87890625,62834.6015625,13100,13.449999809265137,14.420000076293945,13.449999809265137,13.729999542236328,0,-0.0005391959009678482,66.21264378370726,61958.48471161344,786.4266542368205,572.4817713627464,0.00911093182938883,-0.003314132378047563,1,431.75,0.02081782430794621,-0.004200449314111898,0.005276407205971445
62395.55078125,62677.83984375,62390.0703125,62626.359375,6100,13.729999542236328,14.25,12.180000305175781,14.039999961853027,0,-0.003314132378047563,62.81086570625935,62022.09182241216,744.2747670985336,563.3424484082645,0.008995292941028708,-0.003443912270367333,1,287.76953125,0.022578327017642952,-0.010394887200613434,-0.0008851123210215084
62615.51953125,62759.96875,62316.6484375,62410.6796875,4800,14.039999961853027,14.460000038146973,13.800000190734863,14.079999923706055,0,-0.003443912270367333,59.40658881882237,62059.10019051577,685.5628033338071,554.7694387005314,0.008889014532101691,0.002563663796022464,1,443.3203125,0.0028490001397227793,-0.007282189212403645,-0.010918741499525542
62504.0390625,62633.55859375,62320.1796875,62570.6796875,13700,14.079999923706055,14.890000343322754,13.260000228881836,13.399999618530273,0,0.002563663796022464,61.09132520897736,62107.82204737141,644.5142527678909,537.5272578112077,0.00859072109326298,-0.0062170942435473275,0,313.37890625,-0.04829547648156485,-0.004200263365042312,-0.011274722847758989
62690.859375,62735.421875,61889.109375,62181.671875,7300,13.399999618530273,13.960000038146973,11.90999984741211,13.479999542236328,0,-0.0062170942435473275,55.103381814259734,62114.855364288414,573.9768534325631,559.5833465389786,0.008999168559891324,-0.0008218106872830422,1,846.3125,0.005970143730110733,-0.007100644272442169,-0.010924837160104062
61770.55859375,62239.421875,61676.1484375,62130.5703125,7000,13.479999542236328,14.149999618530273,12.529999732971191,13.319999694824219,0,-0.0008218106872830422,54.349755123390196,62116.35202602285,508.094984540985,559.8469244647658,0.009010812578234625,0.006482001802403881,2,563.2734375,-0.01186942528527457,-0.004488164147587459,-0.011204515227166922
62300.671875,62567.921875,62129.5703125,62533.30078125,12000,13.319999694824219,13.579999923706055,11.430000305175781,12.880000114440918,0,0.006482001802403881,59.09755376577981,62156.06143128258,482.8145265399944,551.1686843244254,0.008814002738356775,0.002312517861576824,1,438.3515625,-0.033033002287100044,-0.0005973869300555101,-0.0014859333143217857
62685.94140625,62835.109375,62591.28125,62677.91015625,5700,12.880000114440918,13.079999923706055,11.529999732971191,12.890000343322754,0,0.002312517861576824,60.67895081006398,62205.7613098509,469.0415306527211,533.3572492833949,0.008509493184341766,-0.014022147580527777,0,243.828125,0.0007764152789582202,0.007980458972662419,0.00428180673705314
62530.0703125,62624.80859375,61715.609375,61799.03125,5600,12.890000343322754,13.880000114440918,12.59000015258789,13.729999542236328,0,-0.014022147580527777,48.42494567566669,62167.02511367463,382.79552106124174,563.9960729952953,0.009126293108280647,-0.0074632667684414455,0,909.19921875,0.06516673208226154,-0.005336166412644339,-0.012332428564846731
61534.23828125,61893.21875,61292.53125,61337.80859375,7000,13.729999542236328,14.220000267028809,12.489999771118164,14.069999694824219,0,-0.0074632667684414455,43.46429229282173,62088.05211177705,274.068828477466,566.6168892099171,0.00923764480995254,0.007636119112147899,2,600.6875,0.024763304000264608,-0.01911768885640619,-0.01357093265273357
61405.80078125,61844.921875,61265.30859375,61806.19140625,4800,14.069999694824219,14.489999771118164,13.5,13.550000190734863,0,0.007636119112147899,49.16003053357069,62061.208235060185,223.1246774106694,567.5452029270658,0.009182659374634661,-0.001681099278016518,1,579.61328125,-0.03695803236446704,-0.013907910264188583,-0.005220922721592025
61608.8515625,61780.37109375,61102.6796875,61702.2890625,4500,13.550000190734863,14.920000076293945,13.039999961853027,13.779999732971191,0,-0.001681099278016518,48.00466421470825,62027.025456721116,172.3799313194686,577.2570969144183,0.00935552158088816,-0.010292175394120973,0,677.69140625,0.016974135719466377,-0.0015654321037597008,-0.013289106897731107
61993.7109375,62006.4609375,60938.37890625,61067.23828125,6600,13.779999732971191,16.010000228881836,12.460000038146973,15.5600004196167,0,-0.010292175394120973,41.57346996228391,61935.617154295294,79.99888637542608,612.3160207955314,0.01002691521721453,-0.003946789441172438,1,1068.08203125,0.12917276641062103,-0.004411150621503768,-0.02569760017500189
61257.171875,61464.37890625,60637.23828125,60826.21875,9100,15.5600004196167,16.299999237060547,14.4399995803833,15.1899995803833,0,-0.003946789441172438,39.41522532177536,61829.960163410025,-12.51772268472996,627.6606353815649,0.01031891589318241,-0.016126757632784816,0,827.140625,-0.023778973602528564,-0.015855574238649917,-0.015741549346697914
60205.55859375,60546.87890625,59765.55859375,59845.2890625,8100,15.1899995803833,16.479999542236328,14.479999542236328,16.15999984741211,0,-0.016126757632784816,32.109158434961515,61640.94386808526,-163.11039462433837,658.5891725864531,0.011004862419473805,0.018082302583079857,2,781.3203125,0.06385782052828293,-0.030096128169880276,-0.02433278210402323
60861.41015625,60986.6796875,60405.66015625,60927.4296875,11100,15.930000305175781,16.1299991607666,14.930000305175781,15.289999961853027,0,0.018082302583079857,44.361649223190796,61572.99013660095,-192.91269007987285,693.0749906159921,0.011375418168316147,-0.0002814567689455316,1,581.01953125,-0.05383662708996906,-0.002289420607267334,-0.014218020860951142
60811.51953125,61075.328125,60713.76953125,60910.28125,10000,15.289999961853027,15.649999618530273,15.270000457763672,15.399999618530273,0,-0.0002814567689455316,44.22543863182507,61509.87500454371,-215.43159817090782,669.3952479827069,0.010989856461756313,0.00367093455589651,1,361.55859375,0.007194222168193765,0.0013820109440880746,-0.012835955108533414
60628.2890625,61210.6484375,60479.05859375,61133.87890625,7900,15.399999618530273,15.770000457763672,14.710000038146973,14.8100004196167,0,0.00367093455589651,46.53077580477546,61474.065852325264,-212.782706311511,673.8377191089421,0.011022328881540224,-0.004795060124510253,1,731.58984375,-0.03831163724209763,0.02153201804078919,0.0010912663954620871
61329.16015625,61392.6796875,60743.7109375,60840.73828125,8000,14.8100004196167,15.119999885559082,14.279999732971191,14.869999885559082,0,-0.004795060124510253,43.965111039798714,61413.74894079429,-231.6669268625701,672.0613641725892,0.01104623946320037,0.005375522889583095,1,648.96875,0.004051280502525234,-0.0014228633424164805,0.0002387051430843279
60871.23828125,61222.7890625,60764.62890625,61167.7890625,18500,14.869999885559082,15.449999809265137,14.569999694824219,14.6899995803833,0,0.005375522889583095,47.446744936074175,61390.32419048055,-217.73265640413592,656.7827064638328,0.010737394902286654,0.002066613133929529,1,458.16015625,-0.012104929829258926,0.004227657584490396,0.022098648376797536
61074.87890625,61343.9609375,61004.0390625,61294.19921875,6700,14.6899995803833,14.989999771118164,14.3100004196167,14.390000343322754,0,0.002066613133929529,48.771654921166395,61381.169431268114,-194.2502080375125,634.149789930702,0.010346000078531323,-0.010388421875413223,0,339.921875,-0.020422004467662402,0.0026224462665922488,0.006019776857996151
61294.6484375,61327.2109375,60593.55859375,60657.44921875,7900,14.390000343322754,15.680000305175781,14.329999923706055,15.199999809265137,0,-0.010388421875413223,42.90409935633489,61312.243696742575,-224.4334726159359,641.257115203509,0.010571778461882439,-0.0050147128080350045,1,733.65234375,0.05628905118951155,-0.0030126041806511905,-0.004150892526867178
60847.5,60877.05859375,60049.83984375,60353.26953125,8900,15.199999809265137,15.600000381469727,14.8100004196167,14.979999542236328,0,-0.0050147128080350045,40.403442899094046,61220.91282383852,-269.78872936409607,654.5400891175441,0.010845147151118851,-0.007504124317001537,0,827.21875,-0.014473701959832108,-0.013316151257612763,-0.012768850741453508
60388.73828125,60537.62890625,59669.91015625,59900.37109375,8600,14.979999542236328,15.4399995803833,14.619999885559082,15.029999732971191,0,-0.007504124317001537,36.950198511680505,61095.146944782464,-338.3776095301582,669.7671363234339,0.011181352036620643,0.014139102722326324,2,867.71875,0.003337796546247329,-0.02273996793767763,-0.015456209343695737
60147.0703125,60889.41015625,60109.94140625,60747.30859375,8000,15.029999732971191,15.380000114440918,14.529999732971191,14.649999618530273,0,0.014139102722326324,46.20898198128223,61062.019482779375,-320.6972152496601,692.5722739074744,0.011400871741315792,-0.010400923754916858,0,779.46875,-0.025282775861087625,0.0014814235705153944,-0.0068742139481347
60805.140625,60809.6484375,59938.37890625,60115.48046875,8500,14.649999618530273,15.9399995803833,14.5600004196167,15.510000228881836,0,-0.010400923754916858,41.332625247361214,60971.872910014674,-353.5926289586787,705.3363637176548,0.011733023810469447,-0.0001660216082808308,1,871.26953125,0.058703114863141614,-0.003939953284169295,-0.019230510635979248
60134.55859375,60364.76953125,59805.78125,60105.5,9700,15.510000228881836,16.229999542236328,15.119999885559082,15.4399995803833,0,-0.0001660216082808308,41.258559093390126,60889.36120429899,-376.13200610724016,694.8829292556794,0.011561053967701448,-0.002453498431923884,1,558.98828125,-0.0045132590242122905,0.0034245014263594165,-0.009099446578432535
60083.03125,60290.3515625,59632.3203125,59958.03125,6100,15.4399995803833,16.040000915527344,14.420000076293945,15.279999732971191,0,-0.002453498431923884,40.11472159756189,60800.66311341337,-401.26854653864575,692.2506664517023,0.01154558700510538,0.00505601053236715,1,658.03125,-0.01036268469951196,-0.012992795269800683,-0.006548746808909045
60044.9609375,60418.26171875,59628.4296875,60261.1796875,7200,15.279999732971191,15.600000381469727,14.399999618530273,14.460000038146973,0,0.00505601053236715,43.577634591241136,60749.28373951685,-392.2067749787748,699.2207639372949,0.011603170856649104,-0.0027913648284401127,1,789.83203125,-0.053664902431563744,0.002423655564488758,0.00602347843864437
60550.5,60586.76953125,59963.828125,60092.96875,6500,14.460000038146973,15.359999656677246,14.460000038146973,15.020000457763672,0,-0.0027913648284401127,42.122124065110604,60686.777550039056,-394.0560398537564,693.7722383882025,0.011544981930822023,0.009364656326785292,2,622.94140625,0.038727553121670866,-0.00020848757601221735,-0.010771503444307662
60142.078125,60704.48046875,60072.33984375,60655.71875,6600,15.020000457763672,15.3100004196167,13.84000015258789,14.59000015258789,0,0.009364656326785292,48.33885001373527,60683.81956908295,-346.122489087953,689.3699802890452,0.01136529241587868,0.006430053740810626,2,632.140625,-0.02862851478499917,0.011636264324472734,0.008986674930275829
60716.03125,61110.25,60569.19140625,61045.73828125,6900,14.59000015258789,14.75,12.470000267028809,14.369999885559082,0,0.006430053740810626,52.17307124101557,60718.28801786077,-273.51062785734393,678.7763098219705,0.01111914326754001,-0.0030683320248668933,1,541.05859375,-0.015078839254829335,0.013019303601730536,0.015643132180083397
60920.01953125,61032.46875,60716.55078125,60858.4296875,8500,14.369999885559082,14.829999923706055,13.890000343322754,13.960000038146973,0,-0.0030683320248668933,50.244406037540095,60731.63484354069,-228.44605884068005,653.8056805489725,0.01074305866756961,-0.0038886996832685483,1,315.91796875,-0.028531652795914964,0.012737945111090943,0.01501714480493388
60901.16015625,61001.1796875,60585.25,60621.76953125,6300,13.960000038146973,14.1899995803833,11.640000343322754,13.789999961853027,0,-0.0038886996832685483,47.838175801548346,60721.17148046538,-209.41455929668155,636.8145381883317,0.010504717086162576,0.005277020882491712,2,415.9296875,-0.012177655861705161,-0.0005597035110559423,0.005983783351403593
60876.01171875,61113.26953125,60761.87890625,60941.671875,6600,13.789999961853027,14.260000228881836,13.479999542236328,13.619999885559082,0,0.005277020882491712,51.2376448748043,60742.17151804011,-166.59807429158536,626.4349283177365,0.010279254064487158,0.0006084198851001865,1,351.390625,-0.012327779315751464,-0.0017047284410017793,0.01412316852793194
61122.19921875,61266.05859375,60849.12109375,60978.75,9500,13.619999885559082,13.8100004196167,13.300000190734863,13.65999984741211,0,0.0006084198851001865,51.631112898648816,60764.702802036285,-128.19604245806113,611.470826295041,0.010027605129574499,-0.012687885636389673,0,416.9375,0.0029368547862793637,0.001977052531881407,0.005325652002104109
60834.73046875,60899.2109375,60081.359375,60205.05859375,8100,13.65999984741211,15.420000076293945,13.520000457763672,14.65999984741211,0,-0.012687885636389673,43.70607620306342,60711.40335362806,-158.3670294978001,631.893669059681,0.010495690624994742,-0.014519712739566204,0,817.8515625,0.07320644298465706,-0.0068739487600273375,-0.013771308385637338
60166.8984375,60166.8984375,58974.69921875,59330.8984375,12900,14.65999984741211,18.010000228881836,14.579999923706055,17.31999969482422,0,-0.014519712739566204,36.8278816956387,60579.9266949492,-249.93408845202794,674.6412194839895,0.011370824262751827,0.0028570563267058535,1,1192.19921875,0.18144610334915323,-0.026431395594199047,-0.02509974801919257
59101.69140625,59644.23828125,58699.19921875,59500.41015625,11500,17.31999969482422,19.389999389648438,17.290000915527344,17.709999084472656,0,0.0028570563267058535,38.83793770139439,60477.11559602547,-305.3041076360969,693.9553511279903,0.011663034747250332,0.0008317300858942112,1,945.0390625,0.022517286173219908,-0.024243524895967816,-0.018497635151048297
59770.828125,59787.62890625,59104.58984375,59549.8984375,9000,17.709999084472656,18.3700008392334,16.56999969482422,16.8799991607666,0,0.0008317300858942112,39.443737476957885,60388.809199975425,-341.258144587875,693.175616225991,0.011640248504428711,0.0026562545302408758,1,683.0390625,-0.04686617541577187,-0.010882144649519754,-0.022837795463746424
60001.171875,60773.44140625,58816.83984375,59708.078125,25300,16.8799991607666,18.540000915527344,14.850000381469727,16.780000686645508,0,0.0026562545302408758,41.440281956909615,60323.977669025386,-352.91995750351634,783.4203266741345,0.013120843130037264,0.0037542684891098688,1,1956.6015625,-0.005924080514975172,0.006357221910221478,-0.020837945595801766
59459.87109375,60007.671875,59215.62109375,59932.23828125,10400,16.780000686645508,17.770000457763672,15.510000228881836,15.729999542236328,0,0.0037542684891098688,44.24565756089418,60286.66915590392,-340.1531037906607,784.0367877152677,0.013082054169843281,0.015177818334286775,2,792.05078125,-0.06257455908478182,0.007257565517044373,-0.004531518096194009
60350.01171875,60905.33984375,60013.05859375,60841.87890625,9100,15.729999542236328,15.760000228881836,14.270000457763672,14.399999618530273,0,0.015177818334286775,53.89754414944312,60339.546274984496,-253.71026992684347,797.5414144856057,0.013108428418433968,-0.005505754831571896,1,892.28125,-0.08455180943488882,0.021695762757781845,0.025467008060592322
60847.2109375,60847.2109375,60345.609375,60506.8984375,7500,14.399999618530273,15.210000038146973,14.1899995803833,14.6899995803833,0,-0.005505754831571896,50.434966135940876,60355.48457617645,-209.81520648736478,776.402853629491,0.012831641906607866,-0.0036501519777638602,1,501.6015625,0.020138886773291897,0.0133787644416834,0.01691565282671048
60511.3203125,60655.140625,60063.48828125,60286.0390625,13600,14.6899995803833,14.880000114440918,13.670000076293945,14.130000114440918,0,-0.0036501519777638602,48.234719412709,60348.87071773107,-190.6518424651149,763.2063886380987,0.012659753410683759,0.006265961504095197,1,591.65234375,-0.038121135598274236,0.005903346702816004,0.012361744424679522
60332.98828125,60792.1015625,60324.921875,60663.7890625,13300,14.130000114440918,14.25,13.539999961853027,13.600000381469727,0,0.006265961504095197,52.084935005004795,60378.8629410424,-143.331237120452,744.8389680210915,0.012278147796764019,0.002347853467465688,1,467.1796875,-0.03750882722424964,-0.0029270930969179654,0.01600639256047054
60715.890625,60863.62890625,60472.80859375,60806.21875,8500,13.600000381469727,13.819999694824219,12.0600004196167,13.039999961853027,0,0.002347853467465688,53.489614199248116,60419.56349427646,-93.26137196870695,719.5519211981564,0.011833525188542601,-0.0020313634655995116,1,390.8203125,-0.04117650028743458,0.004946879120059089,0.014582810417468117
60706.80859375,60774.140625,60501.73828125,60682.69921875,5300,13.039999961853027,13.279999732971191,12.210000038146973,12.75,0,-0.0020313634655995116,52.064126572089414,60444.62403946442,-62.82344738293614,689.9039603090023,0.011369038773671307,-0.004133952151595954,1,272.40234375,-0.02223926094335793,0.006579635391848804,-0.00261628487419463
60652.8203125,60740.94921875,60245.05078125,60431.83984375,5800,12.75,14.100000381469727,11.829999923706055,13.680000305175781,0,-0.004133952151595954,49.19659370148032,60443.40649701543,-58.27170792247489,676.0464229655021,0.011186924388095067,0.009935522012112008,2,495.8984375,0.07294120040594354,-0.0038235201317713408,-0.0012404964671512975
60550.25,61102.73828125,60550.25,61032.26171875,7000,13.680000305175781,13.680000305175781,12.449999809265137,13.449999809265137,0,0.009935522012112008,55.51228343857805,60499.48794670443,-6.144563525573176,675.6787097179662,0.011070845003772617,0.003978684685142397,1,552.48828125,-0.016812901372789013,0.0037174317593955397,0.012378034248963887
60990.05078125,61352.55078125,60750.3203125,61275.08984375,5700,13.449999809265137,13.449999809265137,11.279999732971191,12.859999656677246,0,0.003978684685142397,57.79732996105132,60573.3547940421,54.136719845511834,670.4324067916829,0.010941353305254538,0.0007249581373649505,1,602.23046875,-0.043866182970609735,0.009762100773806015,0.010076864480393688
61566.21875,61682.25,61196.71875,61319.51171875,6900,12.859999656677246,13.15999984741211,10.170000076293945,12.890000343322754,0,0.0007249581373649505,58.220100682538224,60644.417358299994,104.29232824342034,657.2251813065626,0.010718043292989877,-0.005168687704228514,1,485.53125,0.0023328683861925104,0.014688811019077486,0.008441455155439925
60993.5390625,61302.71875,60810.671875,61002.5703125,8100,12.890000343322754,13.520000457763672,10.800000190734863,13.09000015258789,0,-0.005168687704228514,54.05907529498274,60678.5271634619,117.11644112505746,646.626228623951,0.010599983333676863,-0.005098658112382304,1,492.046875,0.015515888591014715,-0.0004864870711628333,0.005271207409494494
61112.83984375,61290.19140625,60607.01953125,60691.5390625,6100,13.09000015258789,13.710000038146973,10.920000076293945,13.380000114440918,0,-0.005098658112382304,50.262587694175615,60679.76639194172,101.0175530280394,649.2366319365259,0.010697316989571538,-0.0003100977960143192,1,683.171875,0.022154313099506995,-0.009523458598560075,0.004297390571285975
60770.4296875,60976.58984375,60583.71875,60672.71875,5100,13.380000114440918,14.300000190734863,13.380000114440918,14.010000228881836,0,-0.0003100977960143192,50.0336154989248,60679.09518794726,85.75193140754709,630.9248077803455,0.010398822086415,-0.015290863840678015,0,392.87109375,0.04708520994412879,-0.010547914531945368,-0.005891031376272005
60391.859375,60462.8984375,59681.55078125,59744.98046875,8100,14.010000228881836,15.920000076293945,12.380000114440918,15.59000015258789,0,-0.015290863840678015,40.290029553243755,60590.13188135705,-1.1931556188501418,656.6564621353209,0.01099098965274228,-0.0023295628588044792,1,781.34765625,0.11277658086320796,-0.020615358292408015,-0.024971148616864447
59777.640625,59960.0390625,59406.30859375,59605.80078125,7100,15.59000015258789,16.010000228881836,14.520000457763672,15.079999923706055,0,-0.0023295628588044792,39.061073998386654,60496.386062299236,-80.40158171510848,649.3046054649409,0.010893312344680226,-0.0023801558219250785,1,553.73046875,-0.03271329210328311,-0.017889450457532652,-0.02794723717566705
59859.48046875,59908.76953125,59325.33984375,59463.9296875,5300,15.079999923706055,15.140000343322754,14.010000228881836,14.1899995803833,0,-0.0023801558219250785,37.795517240123246,60398.05688374693,-152.8605602752432,644.5992541817308,0.01084017248051524,-0.0029526828435778585,1,583.4296875,-0.0590185907046098,-0.019923106915330058,-0.02522255401892004
59331.30859375,59441.12890625,58937.640625,59288.3515625,7500,14.1899995803833,15.100000381469727,13.75,13.880000114440918,0,-0.0029526828435778585,36.231004874977515,60292.37066267579,-221.89464677933574,636.1485262044642,0.010729738800949046,-0.005502437833949547,0,503.48828125,-0.021846333693408715,-0.007642966867967171,-0.023119985448960212
59346.609375,59483.71875,58795.96875,58962.12109375,6900,13.880000114440918,14.569999694824219,13.5,14.020000457763672,0,-0.005502437833949547,33.45961018551583,60165.68022754,-299.4765508434575,639.8343457612882,0.01085161683284679,0.007614329724267455,2,687.75,0.010086479983317576,-0.01079894371123824,-0.028193852055624302
59136.48046875,59475.44921875,59109.5390625,59411.078125,5900,14.020000457763672,14.020000457763672,12.279999732971191,13.0,0,0.007614329724267455,40.234938047461775,60093.81336063142,-321.03301961627585,630.798187135482,0.010617517928361646,-0.00844500013018401,0,365.91015625,-0.07275323997574046,-0.0008888003665037392,-0.005588793253094249
59287.1796875,59423.7890625,58866.26171875,58909.3515625,5200,13.0,13.550000190734863,11.100000381469727,12.970000267028809,0,-0.00844500013018401,35.842638531985344,59981.007475095095,-374.2872662945083,625.5645554650904,0.010619104418445284,0.01527121184733371,2,557.52734375,-0.0023076717670147406,-0.006392486719764334,-0.011684252365066428
59241.19921875,59967.0390625,59231.578125,59808.96875,9200,12.970000267028809,12.970000267028809,11.979999542236328,12.180000305175781,0,0.01527121184733371,47.0122788028252,59964.62283460985,-339.98096293649724,656.4304800747268,0.010975452240592709,0.006946987988319053,2,735.4609375,-0.06090978763210175,0.014362571097188193,0.005802493449613477
60007.0390625,60498.48046875,60005.6484375,60224.4609375,5900,12.180000305175781,12.470000267028809,11.84000015258789,12.270000457763672,0,0.006946987988319053,51.23498490566588,59989.36932059939,-276.0837021809348,658.7934256943892,0.010938967579603156,0.002052802205706694,1,492.83203125,0.007389174904178342,0.013690760009247072,0.015789094321726704
59916.1015625,60402.8515625,59844.8203125,60348.08984375,6500,12.270000457763672,12.850000381469727,11.899999618530273,12.449999809265137,0,0.002052802205706694,52.449253604450035,60023.533179947066,-213.01335776070482,651.5961274305042,0.0107972949784754,-0.00897805705454513,0,558.03125,0.014669873250703347,0.024422918315839315,0.023506087031643697
60467.08984375,60467.08984375,59750.53125,59806.28125,7700,12.449999809265137,12.84000015258789,11.779999732971191,12.729999542236328,0,-0.00897805705454513,46.933556058114135,60002.84251995211,-204.39296596125496,656.2363035961826,0.010972698684491147,-0.01122210459708195,0,716.55859375,0.022489938735807735,-4.4934732301382674e-05,0.006652010659838448
59259.828125,59262.46875,58884.98046875,59135.12890625,6300,12.729999542236328,13.819999694824219,12.729999542236328,13.40999984741211,0,-0.01122210459708195,41.15938187448687,59920.20312817095,-248.849051477795,675.1694805714552,0.011417401011196518,-0.01517333876404503,0,377.48828125,0.053417150795617596,-0.018087866861614454,0.003832623136420965
59033.76953125,59510.921875,58094.55078125,58237.8515625,8000,13.40999984741211,16.43000030517578,13.40999984741211,16.219999313354492,0,-0.01517333876404503,34.96582083922098,59759.97916953562,-352.42111112490966,728.1124529413512,0.012502392059568882,-0.005797950082132242,1,1416.37109375,0.2095450781444015,-0.034967772579276524,-0.026268922877891954
58168.75,58490.98046875,57721.16015625,57900.19140625,10200,16.219999313354492,16.639999389648438,15.0,16.219999313354492,0,-0.005797950082132242,32.956058771926834,59582.85652541318,-456.48696962478425,731.0915857669689,0.012626755940016663,-0.005946318317573529,1,769.8203125,0.0,-0.03187106444191423,-0.038593446833207645
58268.5390625,58473.62890625,57455.671875,57555.8984375,7600,16.219999313354492,16.510000228881836,14.520000457763672,16.299999237060547,0,-0.005946318317573529,30.999518103771067,59389.81289799288,-560.2828851061786,751.5819747300426,0.013058296284718518,0.0013715606635125166,1,1017.95703125,0.00493217799585155,-0.02670545406696645,-0.0462680991805936
57510.80078125,57887.4609375,57158.69140625,57634.83984375,7900,16.299999237060547,17.360000610351562,13.949999809265137,16.219999313354492,0,0.0013715606635125166,31.996407226257034,59222.6726071126,-628.9221610091918,749.9525144814681,0.013012138430758458,0.006160485475670274,1,728.76953125,-0.004907971009235568,-0.01035429196942228,-0.03630791550427659
58038.171875,58178.94140625,57503.8984375,57989.8984375,6300,16.219999313354492,16.219999313354492,14.600000381469727,14.770000457763672,0,0.006160485475670274,36.44405864569173,59105.26554333997,-647.2084048960678,744.6018326435061,0.01284019894337319,-0.0062243464547367955,1,675.04296875,-0.08939574087385971,0.0015493391139345114,-0.019366330807625287
57773.55078125,57829.23046875,57084.91015625,57628.94921875,6500,14.770000457763672,17.219999313354492,14.520000457763672,16.010000228881836,0,-0.0062243464547367955,34.00892631632465,58964.66398861711,-682.9533096661617,756.05800754397,0.013119413381529799,0.0077344889121278015,2,744.3203125,0.0839539426328435,0.001269214506821159,-0.010455439673912714
57963.26953125,58133.328125,57730.08984375,58074.6796875,5500,16.010000228881836,16.040000915527344,14.079999923706055,15.079999923706055,0,0.0077344889121278015,39.39434961889096,58879.90357898691,-667.6187867263216,738.0809288801149,0.012709169174100147,0.002409142108107387,1,403.23828125,-0.058088712797022435,0.00763149242615091,0.003013604566964645
58245.26171875,58418.78125,58063.5,58214.58984375,0,15.079999923706055,15.09000015258789,14.239999771118164,14.8100004196167,0,0.002409142108107387,41.021362491849175,58816.540366107205,-636.8354439047689,710.7380946743924,0.012208934162072402,-0.004969692211634791,1,355.28125,-0.01790447648908211,0.0038746645933889212,0.011444377103508652
58061.41015625,58396.171875,57838.8515625,57925.28125,5100,14.8100004196167,15.0600004196167,13.899999618530273,14.489999771118164,0,-0.004969692211634791,38.70733798695214,58731.65854552557,-628.5388045129002,699.7796816619358,0.012080729977671636,-0.0068740225149964695,0,557.3203125,-0.02160706545792368,0.005142068964769209,0.005039337439600722
57890.66015625,58066.3984375,57422.98046875,57527.1015625,6400,14.489999771118164,15.430000305175781,14.199999809265137,15.239999771118164,0,-0.0068740225149964695,35.72071459958808,58616.93883285647,-646.6393748809496,695.753845025369,0.012094366413880092,0.002203445142500149,1,643.41796875,0.051759835186120595,-0.009428861733659422,-0.007980646413767944
57566.8984375,58019.55078125,57415.01953125,57653.859375,6000,15.239999771118164,16.09000015258789,15.100000381469727,15.449999809265137,0,0.002203445142500149,37.37724587018016,58525.21697972728,-643.339889415678,689.2379453806998,0.011954758152401655,-0.0006962348303330979,1,604.53125,0.013779530269085072,-0.00963212951005965,0.0004322507452885205
57751.5,57949.44921875,57494.91015625,57613.71875,4500,15.449999809265137,15.609999656677246,14.869999885559082,15.100000381469727,0,-0.0006962348303330979,37.05161184168429,58438.40762451516,-636.6254148840235,672.4737394606499,0.011672111331307699,0.006011955160419191,2,454.5390625,-0.022653684926618567,-0.005378696370162195,-0.00793738234942376
57572.078125,58124.19921875,57524.3203125,57960.08984375,5900,15.100000381469727,15.100000381469727,13.319999694824219,13.630000114440918,0,0.006011955160419191,41.766160313991975,58392.85355015657,-596.4790536853252,667.2883942313177,0.011512894407689973,0.01779551567778026,2,599.87890625,-0.09735100860214208,0.007526683415113089,-0.004371756301694951
58273.859375,59068.46875,58273.859375,58991.51953125,6500,13.630000114440918,13.630000114440918,12.069999694824219,12.9399995803833,0,0.01779551567778026,53.04406989711347,58449.869357879754,-475.9485784876524,698.7948593755093,0.011845683327504925,0.0019481084046177877,1,794.609375,-0.050623663115495154,0.02320157177248805,0.018407131709006652
59131.16015625,59204.8203125,58793.078125,59106.44140625,4300,12.9399995803833,13.489999771118164,12.470000267028809,12.59000015258789,0,0.0019481084046177877,54.11045649510304,58512.40002915311,-366.9243975950303,678.2910970986871,0.011475755957572565,0.009861314158533752,2,411.7421875,-0.02704787010395271,0.02590915303917951,0.027453840031104848
59094.7109375,59747.12109375,59094.3984375,59689.30859375,5000,12.59000015258789,12.8100004196167,12.050000190734863,12.40999984741211,0,0.009861314158533752,59.174602730171024,58624.48655911472,-230.8285896581292,676.4647798952094,0.01133309793382397,0.0024067987992248963,1,652.72265625,-0.014297085225911,0.029834645782324865,0.035304648133106964
59627.01171875,59950.05859375,59520.12109375,59832.96875,4700,12.40999984741211,12.569999694824219,11.649999618530273,11.800000190734863,0,0.0024067987992248963,60.33641478622667,58739.58010110379,-110.11022522428539,658.855688474123,0.011011582781844215,0.00022634626081452502,1,429.9375,-0.049153881077964034,0.014263901412206348,0.038519471545134465
59858.98046875,60109.109375,59766.23046875,59846.51171875,11000,11.800000190734863,12.5600004196167,11.800000190734863,12.270000457763672,0,0.00022634626081452502,60.45067807670507,58845.00215992724,-13.195141904609045,636.285918315257,0.01063196333489739,0.005200086392879832,1,342.87890625,0.039830530460316815,0.012520975631291176,0.032546910815449914
60028.6015625,60267.6796875,59919.87890625,60157.71875,6900,12.270000457763672,12.270000457763672,11.670000076293945,11.979999542236328,0,0.005200086392879832,63.08256080813485,58970.022787553215,87.71148303990776,620.9203504891673,0.01032154083284894,0.0039072422647343785,1,347.80078125,-0.023634955558933912,0.0078474716374759,0.019768929975302996
60180.19921875,60437.640625,60094.69140625,60392.76953125,5900,11.979999542236328,12.399999618530273,11.979999542236328,12.270000457763672,0,0.0039072422647343785,64.9782300575352,59105.522477429105,184.52030868829024,601.0652696506553,0.009952603172795983,0.0006330305605577458,1,342.94921875,0.02420708903242641,0.00935605892445368,0.02176290932757774
60364.41015625,60486.91015625,60081.4296875,60431.0,6600,12.270000457763672,12.510000228881836,11.84000015258789,11.90999984741211,0,0.0006330305605577458,65.29041576478531,59231.75843195967,261.3146076727717,587.0949267291799,0.009715128439529047,-0.00860899207360466,0,405.48046875,-0.029339901949537173,0.009766455294784926,0.012425866938717833
60385.8984375,60407.859375,59442.46875,59910.75,15200,11.90999984741211,13.270000457763672,11.90999984741211,12.270000457763672,0,-0.00860899207360466,57.74663964003668,59296.42429558256,277.00171248770494,615.7689498199527,0.010278104510792349,-0.003066866651644351,1,965.390625,0.03022675188612922,-0.004105354310829812,0.0012999731022038663
59991.26171875,60113.46875,59579.30078125,59727.01171875,7300,12.270000457763672,12.529999732971191,11.859999656677246,12.079999923706055,0,-0.003066866651644351,55.315775930757056,59337.43262159851,271.47827972177765,609.940308314956,0.01021213502505565,-0.002665643783581695,1,534.16796875,-0.015484965523159144,-0.01102379999571812,-0.0019967746919251628
59745.890625,59745.890625,59452.71875,59567.80078125,7800,12.079999923706055,12.470000267028809,11.109999656677246,12.149999618530273,0,-0.002665643783581695,53.22499997792828,59359.37244632723,251.35644673169008,587.313991649602,0.009859588300168861,0.0010836522484194422,1,293.171875,0.005794676760456641,-0.014284046577915266,-0.009806189147589683
59586.609375,59836.7890625,59489.98046875,59632.3515625,6600,12.149999618530273,12.399999618530273,11.579999923706055,11.9399995803833,0,0.0010836522484194422,53.98441076499091,59385.370457391306,237.87636700461735,570.1350346567733,0.009560834341057659,0.00038078376342753906,1,346.80859375,-0.01728395429961138,-0.004646886201558176,-0.012591208759792472
59538.7890625,59781.359375,59412.80859375,59655.05859375,5700,11.9399995803833,12.039999961853027,11.520000457763672,11.630000114440918,0,0.00038078376342753906,54.265697056789136,59411.05504180642,226.41559629817493,555.7361594134323,0.009315826226875188,0.006722698430003948,2,368.55078125,-0.02596310526272494,-0.0012046998992486513,-0.012840121895219325
59873.7109375,60101.640625,59620.109375,60056.1015625,6600,11.630000114440918,12.210000038146973,11.579999923706055,11.670000076293945,0,0.006722698430003948,59.02926700017478,59472.48804377724,246.84815696921578,550.4358087410443,0.00916536029512687,0.001242327974324997,1,481.53125,0.0034393775975427587,0.008197394814745351,0.0024261349173562152
60202.76953125,60268.671875,59967.01953125,60130.7109375,6500,11.670000076293945,11.8100004196167,11.430000305175781,11.520000457763672,0,0.001242327974324997,59.86676131750361,59535.1759384175,265.9952340537129,532.665561241684,0.008858461058199325,0.0028249655600540713,1,301.65234375,-0.01285343766492153,0.00835719809703761,0.006759072773487862
60087.98046875,60362.7890625,59954.91015625,60300.578125,4500,11.520000457763672,11.899999618530273,11.300000190734863,11.649999618530273,0,0.0028249655600540713,61.78222663715788,59608.071384758696,291.5158793871087,523.752228742278,0.00868569166379411,0.005784368775485937,2,407.87890625,0.011284648923689078,0.010820868279519669,0.012301567862828655
60315.55859375,60698.30859375,60271.48828125,60649.37890625,5500,11.649999618530273,12.020000457763672,10.960000038146973,11.430000305175781,0,0.005784368775485937,65.43071616424152,59707.24352966263,336.0131324473259,516.8285204392581,0.008521579771462395,0.00763507406589925,2,426.8203125,-0.01888406185048841,0.009878718869765102,0.017054959549667625
60721.609375,61209.4609375,60507.828125,61112.44140625,7200,11.430000305175781,11.539999961853027,10.789999961853027,10.949999809265137,0,0.00763507406589925,69.58235997079163,59841.071898861424,403.985901854081,530.0288270150254,0.00867301018939196,0.0039643242141071955,1,701.6328125,-0.04199479292168429,0.016326606711342784,0.024430163122037163
61301.609375,61486.23828125,61255.0,61354.7109375,6700,10.949999809265137,12.0600004196167,10.949999809265137,11.899999618530273,0,0.0039643242141071955,71.51016665775677,59985.22799777938,471.96343705192703,518.869401871095,0.008456879576853519,-0.002630770380687153,1,231.23828125,0.08675797496008286,0.017481305242461165,0.0216232712615978
61274.9609375,61274.9609375,61024.44140625,61193.30078125,6100,11.899999618530273,12.25,11.130000114440918,11.84000015258789,0,-0.002630770380687153,68.3998140246842,60100.2825485861,506.96766513225884,505.3979825410168,0.008259041040255077,0.009085132059428735,2,250.51953125,-0.005041972089558144,0.008968300826967646,0.017671333453124438
61258.12890625,61797.91015625,61119.55859375,61749.25,8100,11.84000015258789,12.029999732971191,11.1899995803833,11.729999542236328,0,0.009085132059428735,72.7897946921185,60257.32706776838,572.9644462905635,517.7518096809442,0.008384746530216062,-0.011254564832771208,0,678.3515625,-0.0092905919707712,0.01042027742790963,0.02402417887266317
61163.1015625,61585.5,61002.171875,61054.2890625,5600,11.729999542236328,12.380000114440918,11.529999732971191,12.300000190734863,0,-0.011254564832771208,61.321570116761855,60333.22821012378,562.7033374112798,534.1322607751625,0.008748480556843147,0.011628354836352717,2,583.328125,0.048593407565458824,-0.004896476088136592,0.006676245718458151
61166.08984375,61854.19140625,61166.08984375,61764.25,7900,12.300000190734863,12.90999984741211,11.720000267028809,12.640000343322754,0,0.011628354836352717,67.0354554136629,60469.515999635805,604.8864939883424,553.115838130508,0.008955274906284914,-4.730689678900113e-05,1,688.1015625,0.02764228839963767,0.00933025693108136,0.010665726630311623
61879.6796875,62027.51171875,61654.94140625,61761.328125,6900,12.640000343322754,12.819999694824219,11.65999984741211,12.680000305175781,0,-4.730689678900113e-05,66.99159276560553,60592.54572586097,630.8095982126761,540.2197291569003,0.00874689300825168,0.0028961665686331184,1,372.5703125,0.003164553858114205,0.0001955995416949019,0.006627318119291736
61843.359375,61974.3515625,61572.9296875,61940.19921875,4800,12.680000305175781,13.300000190734863,11.539999961853027,13.079999923706055,0,0.0028961665686331184,68.35660507542048,60720.89367756469,658.1999283945624,530.3055967171216,0.0085615739601398,-0.0005760344324046152,1,401.421875,0.0315457104813317,0.014510203457501758,0.012205558908645386
62158.1015625,62168.21875,61823.0703125,61904.51953125,6100,13.079999923706055,13.739999771118164,12.819999694824219,13.220000267028809,0,-0.0005760344324046152,67.75471513394393,60833.61994934424,669.3124920311384,517.08008534447,0.008352864851546793,0.0019930516735167103,1,345.1484375,0.010703390224721554,0.002271047268444182,0.002514516876723105
61857.69140625,62110.9296875,61578.1484375,62027.8984375,7000,13.220000267028809,13.510000228881836,12.739999771118164,12.850000381469727,0,0.0019930516735167103,68.77846853979446,60947.36075774003,680.2336156976235,518.2015971055793,0.008354331037472193,0.005123702527504381,2,532.78125,-0.027987887903593744,0.004316136336324883,0.01594661718201862
62157.1015625,62562.671875,61950.30078125,62345.7109375,6900,12.850000381469727,13.619999885559082,12.539999961853027,13.170000076293945,0,0.005123702527504381,71.30567057992349,61080.53696533622,706.3906656847757,524.9279897230379,0.008419632751469702,-0.006628237633127032,0,612.37109375,0.02490269924705002,0.006546826194695932,0.00941419895003981
62474.109375,62475.94921875,61847.41015625,61932.46875,5900,13.170000076293945,13.489999771118164,11.710000038146973,13.289999961853027,0,-0.006628237633127032,64.04631200591965,61161.673325780386,685.868856094261,532.3287806356781,0.008595310204482653,-0.006003767208133448,0,628.5390625,0.009111608569773777,0.00045148914750714475,0.002770999753334724
61932.3203125,61979.94140625,61340.1015625,61560.640625,6700,13.289999961853027,13.579999923706055,11.899999618530273,13.109999656677246,0,-0.006003767208133448,58.295472166059035,61199.67021142035,632.3128430977667,540.0081422867011,0.008771970804790518,-0.002093908420076618,1,639.83984375,-0.013544041060379652,-0.007533026658493314,-0.006127823264008847
61937.859375,61955.8984375,61349.33984375,61431.73828125,8200,13.109999656677246,13.109999656677246,11.140000343322754,12.800000190734863,0,-0.002093908420076618,56.40463049362614,61221.77193235651,572.8643514412761,544.7617459626509,0.008867757305980732,0.004849958907005902,2,606.55859375,-0.023646031583570037,-0.014659751930108489,-0.007637265478836919
61556.25,61784.609375,61251.69921875,61729.6796875,6100,12.800000190734863,12.819999694824219,11.6899995803833,12.300000190734863,0,0.004849958907005902,59.661461561784186,61270.14409951303,543.5269348136499,543.9152038403188,0.00881124293198721,0.0037907211115397743,1,532.91015625,-0.03906249941792339,-0.0032743578060578926,-0.004807816442475299
61579.78125,62044.4609375,61579.78125,61963.6796875,5600,12.300000190734863,12.819999694824219,11.5600004196167,12.569999694824219,0,0.0037907211115397743,62.05883250532246,61336.195107892745,533.0144068596492,538.2555241017246,0.008686629438669496,0.000292257901585824,1,464.6796875,0.021951178853861775,0.00654702515126715,-0.006127626812740594
62098.16015625,62245.19140625,61914.3984375,61981.7890625,8400,12.569999694824219,13.079999923706055,12.319999694824219,12.609999656677246,0,0.000292257901585824,62.24583707204817,61397.68024642677,520.1484800368926,523.43677014803,0.008445009059358013,-0.003355950443609368,1,330.79296875,0.0031821768356523616,0.008953853441876047,0.0007963563135047202
61834.28125,62154.140625,61708.1015625,61773.78125,5900,12.609999656677246,13.4399995803833,12.40999984741211,13.109999656677246,0,-0.003355950443609368,58.66890748530156,61433.49938962422,487.54750412120484,517.908362458885,0.008383951119373723,0.0016000290374000858,1,446.0390625,0.03965107165845483,0.0007144304445325655,0.0034622873127385656
61706.12890625,61934.01171875,61484.66015625,61872.62109375,8400,13.109999656677246,13.130000114440918,8.180000305175781,12.520000457763672,0,0.0016000290374000858,59.84957420441835,61475.32050430287,464.33399196081155,513.0114481761075,0.008291412891637281,0.010167183826701454,2,449.3515625,-0.04500375395609357,-0.001469547874000332,0.007176792075808125
61985.359375,62529.828125,61911.609375,62501.69140625,9200,12.520000457763672,12.859999656677246,11.699999809265137,11.899999618530273,0,0.010167183826701454,66.4236631131582,61573.07011401212,491.0374590207721,523.3111326813855,0.008372751535313744,0.00551485075435143,2,618.21875,-0.0495208319939745,0.008387985432717127,0.012506329575306951
62801.5390625,63026.0,62801.5390625,62846.37890625,9600,11.899999618530273,12.489999771118164,8.8100004196167,12.300000190734863,0,0.00551485075435143,69.38191077259037,61694.33761803477,533.8595490646694,523.3823799005722,0.00832796398152579,0.0019531753799706397,1,224.4609375,0.0336134945400941,0.017363315544974833,0.014245429309584168
62839.8515625,63036.12109375,62737.3984375,62969.12890625,7800,12.300000190734863,12.380000114440918,11.770000457763672,12.010000228881836,0,0.0019531753799706397,70.38266591441358,61815.746312150506,571.1177728988914,507.3352567826742,0.00805688859914209,-0.0055088998533942,0,298.72265625,-0.023577232305368012,0.017722019741794437,0.015929515083122237
62839.96875,62876.76953125,62401.01953125,62622.23828125,7300,12.010000228881836,12.470000267028809,11.579999923706055,11.970000267028809,0,-0.0055088998533942,64.01490703160948,61892.555071112365,566.1280377502262,511.6762652267689,0.008170839613376965,-0.0030931379022266503,1,475.75,-0.0033305546287030197,0.0019286978046155756,0.013734905231335581
62736.46875,62762.41015625,62359.140625,62428.5390625,8000,11.970000267028809,11.970000267028809,11.220000267028809,11.600000381469727,0,-0.0030931379022266503,60.71186239520682,61943.601165530235,540.3153099955598,503.9329270855711,0.008072156335118805,0.001899296608259382,1,403.26953125,-0.030910599607774536,-0.0066485905953834745,0.008984878269625352
62601.96875,62719.83984375,62379.859375,62547.109375,6300,11.600000381469727,11.739999771118164,10.859999656677246,11.130000114440918,0,0.001899296608259382,62.00427400153366,62001.07813786069,523.3928238915323,492.2220372044589,0.007869620868541679,0.0038428534492127575,1,339.98046875,-0.040517263066611964,-0.00670200681794908,0.0007266678345516642
62759.19140625,62943.19921875,62751.71875,62787.46875,6100,11.130000114440918,11.34000015258789,10.319999694824219,11.140000343322754,0,0.0038428534492127575,64.55007533051767,62075.972481873956,523.3438424836277,485.35545195771186,0.007730132486949664,8.61661786613066e-05,1,191.48046875,0.0008984931517530548,0.0026385270358417756,-0.0009373675504499301
62738.3515625,62867.94921875,62554.2109375,62792.87890625,8100,11.140000343322754,11.619999885559082,10.470000267028809,11.380000114440918,0,8.61661786613066e-05,64.60755757551145,62144.24928419548,517.7730137596736,473.0970826214467,0.00753424736788677,0.005575186826083822,2,313.73828125,0.021543964427435336,0.005836110362685831,-0.0027989906016073762
62917.390625,63196.4296875,62841.94921875,63142.9609375,6900,11.380000114440918,11.539999961853027,9.640000343322754,11.4399995803833,0,0.005575186826083822,68.20074629697011,62239.364679748294,535.4346289188543,468.1294896663434,0.007413803260346091,-0.004661173757615211,0,354.48046875,0.005272360750352201,0.009526444442501392,0.008315299333621962
63140.171875,63321.3984375,62789.73046875,62848.640625,11000,11.4399995803833,11.569999694824219,10.130000114440918,11.260000228881836,0,-0.004661173757615211,62.45953731693968,62297.39096024846,519.6917141128724,472.66795245803314,0.007520734700982773,-0.003548393672993644,1,531.66796875,-0.015734209624458262,0.0009742688504223995,0.0067293191352661985
62810.6796875,62992.16015625,62594.73828125,62625.62890625,41400,11.260000228881836,11.300000190734863,10.3100004196167,11.119999885559082,0,-0.003548393672993644,58.44484236161385,62328.65171701051,483.64500028638577,467.2932326396022,0.007461693252440402,0.0015821323151632427,1,397.421875,-0.012433422777705982,-0.0026635185854386734,0.0012553662676757504
62659.98046875,62804.890625,62615.19921875,62724.7109375,4900,11.119999885559082,11.800000190734863,10.579999923706055,11.25,0,0.0015821323151632427,59.68471042344216,62366.37164277141,457.7956286954213,447.46453075463063,0.007133783863914369,0.006671202027012102,2,189.69140625,0.011690657893777656,-0.006623857889939466,-0.0009995276724704683
62779.140625,63177.46875,62777.0390625,63143.16015625,5500,11.25,11.25,9.989999771118164,11.109999656677246,0,0.006671202027012102,64.50184582296684,62440.35150119794,465.70679229286907,447.8426223078713,0.0070924961816872766,0.0013517150913699982,1,400.4296875,-0.012444474962022611,0.004686171861811861,0.005578359458928039
63115.48046875,63274.03125,63013.51171875,63228.51171875,11900,11.109999656677246,11.369999885559082,10.630000114440918,11.15999984741211,0,0.0013517150913699982,65.40972179671768,62515.41437906004,473.40646913083765,434.46240151802334,0.006871305202478558,-0.004916813697637745,0,260.51953125,0.004500467351933102,0.00962677458141803,0.001354874398979744
63153.78125,63310.9609375,62871.078125,62917.62890625,6700,11.15999984741211,11.369999885559082,9.6899995803833,11.079999923706055,0,-0.004916813697637745,59.44605075950386,62553.72052450671,449.2442654382976,434.8495737310217,0.006911410701426248,0.007421595932131764,2,439.8828125,-0.007168452042999429,0.003075629458734852,0.0010976893145808742
62960.73046875,63520.359375,62957.171875,63384.578125,5500,11.079999923706055,11.079999923706055,10.5600004196167,10.84000015258789,0,0.007421595932131764,64.65820861759119,62632.84981979178,462.44368152889365,446.8410662323773,0.0070496811598424955,-0.003412144564936326,1,563.1875,-0.02166062931143853,0.0038233431483727376,0.012118827898497386
63474.2109375,63574.69140625,63047.828125,63168.30078125,1400,10.84000015258789,11.5,10.329999923706055,11.229999542236328,0,-0.003412144564936326,60.76284027256786,62683.84514945447,450.2621974086578,452.556938733636,0.007164304455502572,0.00252339283356684,1,526.86328125,0.035977802966666195,-0.0009522751028495646,0.007072010968563802
63176.76953125,63440.19140625,62801.91015625,63327.69921875,5000,11.229999542236328,11.4399995803833,10.569999694824219,11.130000114440918,0,0.00252339283356684,62.553424231123856,62745.164584625476,448.30265133258945,465.82296096694773,0.0073557537493645015,0.0030863148537083607,1,638.28125,-0.0089046689110992,0.006517574162100415,0.00292255031334121
63467.4609375,63588.30859375,63315.62109375,63523.1484375,10600,11.130000114440918,11.430000305175781,10.770000457763672,11.289999961853027,0,0.0030863148537083607,64.6817165468365,62819.25828489924,457.24992298144934,452.0275708978801,0.007115950358515794,-0.004474869704855333,0,272.6875,0.014375547687956791,0.002186183399796926,0.0046598711679406435
63601.7109375,63601.7109375,63200.62890625,63238.890625,7300,11.289999961853027,11.710000038146973,10.6899995803833,11.550000190734863,0,-0.004474869704855333,59.39448375457005,62859.223269670736,436.3732314188019,448.3886037801744,0.007090393258779188,-0.004103796393091774,0,401.08203125,0.023029249757336778,0.001117488406003675,0.005106068431610655
63124.28125,63240.62890625,62874.12109375,62979.37109375,7300,11.550000190734863,11.84000015258789,11.140000343322754,11.239999771118164,0,-0.004103796393091774,54.97610271378398,62870.66591958304,394.3415220729221,442.53997583159054,0.0070267449189486695,-0.00014879624212271736,1,366.5078125,-0.026839862727047747,-0.00550040707774313,-0.006392833134439946
62946.5,63136.08984375,62853.671875,62970.0,4400,11.239999771118164,11.930000305175781,11.239999771118164,11.399999618530273,0,-0.00014879624212271736,54.81752527534987,62880.12630819418,356.16922354469716,431.10268961147693,0.0068461599112510235,0.007083234079720446,2,282.41796875,0.014234862159271389,-0.008707824645125095,-0.0031392451403230437
63151.8515625,63467.5390625,63054.83984375,63416.03125,4800,11.399999618530273,11.420000076293945,10.6899995803833,10.779999732971191,0,0.007083234079720446,60.637368219313814,62931.16487408045,357.7840839736382,435.8481448178,0.006872838558748502,0.00787483251721155,2,412.69921875,-0.054385956693480564,0.002801134290138396,0.0013948403674808318
63701.78125,64050.44140625,63554.8203125,63915.421875,6300,10.779999732971191,11.539999961853027,10.649999618530273,10.890000343322754,0,0.00787483251721155,65.92896093536206,63024.903636072784,394.809405290056,450.0311456343857,0.007041041620823781,0.012565617110698257,2,495.62109375,0.010204138504300797,0.01486281563302061,0.006175283296701695
64068.44140625,64768.578125,64068.44140625,64718.55859375,29700,10.890000343322754,11.220000267028809,10.069999694824219,10.800000190734863,0,0.012565617110698257,72.36351997429134,63186.204108232516,483.3864818309594,478.8257959462153,0.007398585604353316,0.007517042994634737,2,700.13671875,-0.008264476561111844,0.027768121228362697,0.02339806967083402
64836.16015625,65300.3515625,64836.16015625,65205.05078125,8800,10.800000190734863,12.029999732971191,10.800000190734863,11.539999961853027,0,0.007517042994634737,75.39483309135602,63378.47521994847,586.0842920059586,486.18059400362847,0.007456179976527705,0.004202128465772059,2,464.19140625,0.06851849611567573,0.02821084031886656,0.035339820783330644
65503.8515625,65672.96875,65171.05859375,65479.05078125,6600,11.539999961853027,11.989999771118164,11.520000457763672,11.699999809265137,0,0.004202128465772059,76.9296667513922,63578.53003531053,681.7240658808805,487.3041341640836,0.007442138032697684,-0.000504156953348045,1,501.91015625,0.013864804847574463,0.0244640316903173,0.03984517677068444
65493.6796875,65584.328125,65256.48828125,65446.0390625,7400,11.699999809265137,12.210000038146973,11.569999694824219,11.880000114440918,0,-0.000504156953348045,76.31203404451935,63756.3880379,746.2531639637382,475.91382770593475,0.007271850741821733,0.005189031565007163,2,327.83984375,0.015384641718817926,0.011240677860527182,0.032010956417270364
65391.87890625,65832.9765625,65328.2890625,65785.640625,8600,11.880000114440918,12.210000038146973,11.779999732971191,11.84000015258789,0,0.005189031565007163,78.24687109470572,63949.65018905238,815.3965630148232,477.96909001265374,0.0072655534775018195,-0.0076793567935251605,0,504.6875,-0.0033670001235441838,0.008904062442919747,0.029260837136577234
65559.40625,65898.9765625,65175.73828125,65280.44921875,14300,11.84000015258789,12.069999694824219,11.079999923706055,11.529999732971191,0,-0.0076793567935251605,69.19271542228506,64076.392953785486,819.9763040746257,495.48831795817847,0.007590148718153477,0.0009761369140777187,1,723.23828125,-0.026182467535605713,-0.0030330550020262192,0.008682063340240465
65482.328125,65633.4921875,65246.3984375,65344.171875,14400,11.529999732971191,12.010000228881836,11.359999656677246,11.460000038146973,0,0.0009761369140777187,69.66945779238199,64197.133803424964,819.3032498015382,487.7458488183086,0.007464259394875201,0.004188160430336874,2,387.09375,-0.006071092493094121,-0.001556506535142943,0.0021335938256796805
65598.6484375,65870.59375,65517.5703125,65617.84375,9800,11.460000038146973,11.460000038146973,10.949999809265137,11.010000228881836,0,0.004188160430336874,71.6953185094759,64332.439512622586,831.2705135499564,490.50842211700086,0.007475229207253566,-0.0034128721655837246,1,353.0234375,-0.03926699893256713,-0.0025506611078928154,0.002119654562704021
65759.28125,65811.640625,65320.25,65393.8984375,7400,11.010000228881836,11.199999809265137,10.720000267028809,10.9399995803833,0,-0.0034128721655837246,67.70986411792518,64433.53083880139,813.3088233123854,490.57143660864364,0.0075017921905589655,0.0025230517134207098,1,491.390625,-0.006357915262790503,0.0017378743576019762,-0.0007966964196290949
65667.0703125,66064.2109375,65452.1484375,65558.890625,9500,10.9399995803833,11.170000076293945,10.699999809265137,10.9399995803833,0,0.0025230517134207098,69.07387741948288,64540.707961296495,803.1295673050336,503.4100839937405,0.007678746226400785,0.007657356732460707,2,612.0625,0.0,0.0032859663507671666,-0.003446800819232765
65775.4921875,66159.7890625,65610.8203125,66060.8984375,10800,10.9399995803833,10.9399995803833,10.609999656677246,10.680000305175781,0,0.007657356732460707,72.83403197868952,64685.48800664921,826.0481002929446,510.37353781561615,0.007725803764211274,0.008008235772035688,2,548.96875,-0.02376593100366553,0.006752045818329666,0.01195532855686654
66148.1796875,66656.2109375,66015.6328125,66589.9296875,9200,10.680000305175781,11.399999618530273,9.859999656677246,11.319999694824219,0,0.008008235772035688,76.12803455880501,64866.863404825475,876.7924853941076,519.6738654716436,0.007804090917506926,0.003081711280715105,1,640.578125,0.0599250347716076,0.018289645954401967,0.019064558884961835
66828.9609375,67007.0234375,66574.46875,66795.140625,8200,11.319999694824219,12.020000457763672,11.069999694824219,11.710000038146973,0,0.003081711280715105,77.27891870260117,65050.50885436591,922.9276483890935,513.4510670450976,0.007686952407626548,0.004525731545310219,2,432.5546875,0.03445232807745313,0.018857091512902713,0.01794171840643566
66905.0078125,67171.3828125,66703.609375,67097.4375,8500,11.710000038146973,11.9399995803833,11.539999961853027,11.600000381469727,0,0.004525731545310219,78.89321535163704,65245.4544396644,972.6705877909844,510.18837922044776,0.0076036939446524725,0.007071222913691777,2,467.7734375,-0.009393651265491632,0.015690659482638925,0.026050428299945416
67074.34375,67619.171875,66831.3828125,67571.8984375,8300,11.600000381469727,12.260000228881836,11.369999885559082,11.789999961853027,0,0.007071222913691777,81.15616611640206,65467.02053469636,1038.407146863232,530.0169994547015,0.007843748832141157,-0.013136239258114357,0,787.7890625,0.01637927363233649,0.01474650528403143,0.030705336733266364
66907.0703125,67190.5234375,66533.7421875,66684.2578125,13200,11.789999961853027,12.029999732971191,11.0600004196167,11.489999771118164,0,-0.013136239258114357,66.73970404488811,65582.94789448718,1007.2675105595699,566.3126602079371,0.00849244902447998,-0.004490963419613303,0,656.78125,-0.025445308880875706,-0.0016600431028735985,0.009436132261957608
66629.140625,66808.5625,66326.25,66384.78125,8600,11.489999771118164,12.0,10.539999961853027,11.649999618530273,0,-0.004490963419613303,62.69330518155549,65659.3129759646,947.5016593466135,560.312648764513,0.008440378023607828,-0.0004379062784062304,1,482.3125,0.01392513930368322,-0.010621214111194655,-0.003080772700357892
66531.203125,66559.2890625,66177.6171875,66355.7109375,11100,11.649999618530273,11.649999618530273,10.109999656677246,10.239999771118164,0,-0.0004379062784062304,62.29845419407247,65725.63659134891,887.5598232470584,547.5525934956192,0.008251777966953823,0.005297090220780953,2,381.671875,-0.12103003378381139,-0.017998421357436012,-0.006578767308344169
66434.71875,66897.2734375,66431.34375,66707.203125,10500,10.239999771118164,10.859999656677246,10.220000267028809,10.460000038146973,0,0.005297090220780953,65.1559849550741,65819.1191183633,858.5214672061265,547.1247296745036,0.00820188381529455,-0.006601728027403331,0,465.9296875,0.021484401557245958,0.00034408889373138685,-0.0058159355936655555
66834.1171875,66984.171875,66060.7421875,66266.8203125,8400,10.460000038146973,10.979999542236328,9.890000343322754,10.510000228881836,0,-0.006601728027403331,59.110946876693234,65861.7573273287,790.8566451830993,574.0036552334676,0.008662006906723311,-0.0016089075497695005,1,923.4296875,0.004780132940011006,-0.001776927411356044,-0.019313918288193732
66266.3515625,66351.21875,65878.6484375,66160.203125,12300,10.510000228881836,10.8100004196167,10.039999961853027,10.140000343322754,0,-0.0016089075497695005,57.714855377159886,65890.18073663073,720.3252096074284,566.7584164667913,0.00856645520564658,0.005554226447970878,2,472.5703125,-0.035204555423539396,-0.002946360000334325,-0.007858746647124937
66156.390625,66598.421875,65998.8984375,66527.671875,7900,10.140000343322754,11.1899995803833,10.140000343322754,10.40999984741211,0,0.005554226447970878,61.12298967624841,65950.89417838019,686.1704500013147,569.0987751120205,0.008554316708711979,-0.001027532950926724,1,599.5234375,0.026627169126986372,-0.0026913322938091344,0.0021524605837275335
66532.9765625,66658.1171875,66388.2578125,66459.3125,10500,10.40999984741211,10.699999809265137,10.199999809265137,10.279999732971191,0,-0.001027532950926724,60.151721200192725,65999.31497091541,646.1382471760007,547.7245322468762,0.008241501629239336,-0.010179630582245358,0,269.859375,-0.012488003491492372,0.0029048049475175475,0.0015613058926846612
66064.40625,66261.96875,65431.6796875,65782.78125,7500,10.279999732971191,11.8100004196167,9.949999809265137,11.279999732971191,0,-0.010179630582245358,51.439894354618175,65978.6927117806,553.442282031654,582.0036951220993,0.008847356163161606,-0.008240782043553385,0,830.2890625,0.09727626711824566,-0.005704666206766573,-0.013857901871073275
65550.8203125,65820.8203125,64963.078125,65240.6796875,9300,11.279999732971191,11.960000038146973,10.979999542236328,11.1899995803833,0,-0.008240782043553385,45.72518523234649,65908.40575708721,431.2656344737625,601.6993017205207,0.009222762616861658,0.0073661144366048426,2,857.7421875,-0.007978737120429402,-0.01934521607667483,-0.015484983588482826
65453.55078125,65799.2734375,65387.1796875,65721.25,12500,11.1899995803833,11.1899995803833,10.479999542236328,10.569999694824219,0,0.0073661144366048426,50.92962949465218,65890.58139926939,368.9645750255586,598.6203337404835,0.00910847456097508,0.003533507997793617,1,412.09375,-0.05540660489799987,-0.011105479010183883,-0.006634700382806558
65811.3984375,66067.8984375,65748.25,65953.4765625,7100,10.569999694824219,11.420000076293945,10.399999618530273,11.100000381469727,0,0.003533507997793617,53.26193981393704,65896.57141481516,334.47367503024,580.6223411518775,0.0088035138011513,-0.0016220003565486918,1,319.6484375,0.050141977478488586,0.002594832709357453,-0.008630924490772296
66048.8125,66057.53125,65752.6328125,65846.5,6300,11.100000381469727,11.529999732971191,11.100000381469727,11.329999923706055,0,-0.0016220003565486918,52.03499800070122,65891.8027086423,295.1054814438103,560.9277766053149,0.00851871817948281,0.00226758445779196,1,304.8984375,0.020720678768650025,0.009285928892860396,-0.009220867278757927
65810.9609375,66066.0078125,65444.37890625,65995.8125,6600,11.329999923706055,11.770000457763672,10.489999771118164,11.140000343322754,0,0.00226758445779196,53.64023951612519,65901.70840305732,272.8093983610743,565.2635715799353,0.008565143001761442,-0.004661398971336217,0,621.62890625,-0.016769601205888773,0.004177682256500059,0.0032384044266902112
65945.390625,65956.25,65509.140625,65688.1796875,6000,11.140000343322754,11.90999984741211,10.630000114440918,11.399999618530273,0,-0.004661398971336217,49.93241112024964,65881.372334909,227.6915089274844,559.6498789670828,0.008519795823685769,-0.00556464270648005,0,447.109375,0.023339251992336107,-0.004022485073225779,0.006859217318757382
65727.796875,65727.796875,65274.609375,65322.6484375,7600,11.399999618530273,11.869999885559082,11.359999656677246,11.520000457763672,0,-0.00556464270648005,45.8747208703182,65828.16053515577,160.5887720900064,552.045423326577,0.008451056969234308,0.0012135674133888497,1,453.1875,0.010526389758675148,-0.00795564779449176,-0.006065033189417424
65153.01953125,65517.8203125,64821.87890625,65401.921875,7600,11.520000457763672,12.760000228881836,10.479999542236328,12.0,0,0.0012135674133888497,46.88285641834744,65787.56637704569,112.50913827614568,562.3237078211072,0.008597969168182142,0.0021023847015197994,1,695.94140625,0.04166662527455389,-0.0089989137568387,-0.008362784135834356
65238.671875,65605.7421875,65032.890625,65539.421875,0,12.0,12.680000305175781,12.0,12.130000114440918,0,0.0021023847015197994,48.668768813380545,65763.93356732705,84.52641505131032,563.0756974410281,0.00859140470471274,-0.00592624000392894,0,572.8515625,0.010833342870076423,-0.0022646054923075587,-0.004663545139073411
65503.8515625,65535.140625,65046.1015625,65151.01953125,6400,12.130000114440918,12.670000076293945,12.109999656677246,12.239999771118164,0,-0.00592624000392894,44.15283224239165,65705.56080198639,30.65570231048332,558.0931699452403,0.00856614637745689,-0.0031060047326341156,1,489.0390625,0.009068397002427897,-0.00262740275165374,-0.012800705631891396
65025.7109375,65175.3203125,64754.71875,64948.66015625,14300,12.239999771118164,12.489999771118164,10.789999961853027,12.140000343322754,0,-0.0031060047326341156,41.96788608788853,65633.47502620197,-28.04267749855353,548.2723408420089,0.008441626655931081,0.004117555109784066,1,420.6015625,-0.008169888044554652,-0.006930403660251772,-0.011258030512767081
64852.69921875,65335.8203125,64852.69921875,65216.08984375,9300,12.140000343322754,12.59000015258789,11.170000076293945,11.960000038146973,0,0.004117555109784066,45.786129050738865,65593.72405644464,-52.37843957117002,543.6186803354369,0.008335652775839255,6.043610187989046e-05,1,483.12109375,-0.014827042840635962,-0.004933397671201267,-0.0016312656681695126
65272.421875,65362.91015625,65165.44921875,65220.03125,5400,11.960000038146973,12.09000015258789,11.59000015258789,11.75,0,6.043610187989046e-05,45.84268503452692,65558.13426535467,-70.53360035945661,518.8931272757628,0.00795603923105699,0.003270000445606991,1,197.4609375,-0.017558531561636115,0.0010592576946075738,-0.002781120489817379
65300.9296875,65504.7109375,65108.51171875,65433.30078125,7100,11.75,11.890000343322754,10.3100004196167,11.729999542236328,0,0.003270000445606991,48.94623145535255,65546.24536210661,-66.94097340886219,510.1292766667798,0.0077961721413411875,-0.0027655786173002017,1,396.19921875,-0.001702166618184786,0.007461903353111143,-0.0016191948405098744
65722.5078125,65913.7734375,65181.94140625,65252.33984375,5900,11.729999542236328,12.239999771118164,10.199999809265137,11.699999809265137,0,-0.0027655786173002017,46.51069488169067,65518.25436035836,-77.79900744005135,525.9651877084383,0.008060480114090749,-0.005606360260428933,0,731.83203125,-0.002557522092236364,0.0005558444256141826,0.0015551608129693584
65000.671875,65106.0,64732.5703125,64886.51171875,51700,11.699999809265137,12.239999771118164,9.979999542236328,12.079999923706055,0,-0.005606360260428933,41.964629039852035,65458.08839449089,-114.60228615463711,525.5226408185498,0.008099104527246324,0.00169665221374804,1,373.4296875,0.0324786427893784,-0.0051137591451245745,-0.0009568855978011603
64908.078125,65213.44921875,64776.921875,64996.6015625,20800,12.079999923706055,12.720000267028809,9.5,12.399999618530273,0,0.00169665221374804,43.746543904515846,65414.13726763462,-133.34865902327147,519.165833885082,0.007987584295247466,0.0012188137240347618,1,436.52734375,0.02649004112957365,-0.006673959796250073,-0.0033655541412536127
65201.3515625,65229.03125,64956.671875,65075.8203125,48500,12.399999618530273,12.460000038146973,10.649999618530273,12.229999542236328,0,0.0012188137240347618,45.05390757267848,65381.91660524085,-140.1969009115419,501.5368011075761,0.007706960875777682,0.00017563647211993327,1,272.359375,-0.01370968399385275,-0.00270518316542645,-0.0022111448696983116
65311.578125,65458.69921875,65052.73828125,65087.25,17700,12.229999542236328,12.239999771118164,11.460000038146973,11.800000190734863,0,0.00017563647211993327,45.25160891468326,65353.85311902744,-143.05287716689054,494.7099537070349,0.007600719859988476,-0.003930721358637812,0,405.9609375,-0.03515939228096132,0.003093682738256831,-0.005288603465181785
65178.328125,65277.0390625,64723.62890625,64831.41015625,48600,11.800000190734863,12.279999732971191,11.760000228881836,12.0600004196167,0,-0.003930721358637812,41.63998991785435,65304.09664638197,-164.0691096072187,498.9028253172467,0.007695387530748481,0.008572233716042765,2,553.41015625,0.02203391734569493,-0.0025415391309521196,-0.0064507983699578775
64855.51171875,65473.26953125,64818.37109375,65387.16015625,21600,12.0600004196167,12.180000305175781,10.40999984741211,11.369999885559082,0,0.008572233716042765,50.821946098179204,65312.0074568456,-134.3317520079654,510.0453690445862,0.007800390288028647,0.003685440202237711,1,654.8984375,-0.057213972640935196,0.004784263068139838,0.007715755158330229
65525.91015625,65683.90625,65285.55859375,65628.140625,13700,11.369999885559082,11.539999961853027,10.859999656677246,10.960000038146973,0,0.003685440202237711,54.187748028111855,65342.115377622205,-90.27889311102626,502.06696098783004,0.007650178051769695,0.002317865264067187,1,398.34765625,-0.03605979345108401,0.008310239332588232,0.009716493590710584
65671.6015625,65831.703125,65601.46875,65780.2578125,6600,10.960000038146973,11.09000015258789,9.369999885559082,10.819999694824219,0,0.002317865264067187,56.22446106675897,65383.84322856295,-42.60102126172569,482.650347702985,0.007337313105076773,0.0015242510189881209,1,230.234375,-0.01277375390834612,0.014635616500754622,0.01082487314976932
65744.1875,65971.1328125,65488.03125,65880.5234375,6100,10.819999694824219,10.979999542236328,9.8100004196167,10.680000305175781,0,0.0015242510189881209,57.56365847583272,65431.14610560458,3.2373158995469566,482.6825773313432,0.007326635432538084,0.005844505210485851,2,483.1015625,-0.012938945803797619,0.007545262404286213,0.012187846890135967
65854.25,66296.8984375,65672.34375,66265.5625,6200,10.680000305175781,11.029999732971191,9.800000190734863,10.869999885559082,0,0.005844505210485851,62.329619780303304,65510.61433364224,69.82901734043844,492.81629948624726,0.00743698960506443,0.005030422098959875,2,624.5546875,0.017790222373984532,0.009712630419353774,0.022121257894800683
66381.4296875,66766.921875,66299.296875,66598.90625,11500,10.869999885559082,10.970000267028809,10.079999923706055,10.779999732971191,0,0.005030422098959875,65.90018379043315,65614.26118281917,147.7977547389455,493.42651916580104,0.007408928268484906,0.007930638875919938,2,467.625,-0.008279682937941568,0.012445199589115052,0.018531866055268242
66807.7265625,67172.1328125,66735.84375,67127.078125,9300,10.779999732971191,11.5,10.34000015258789,11.350000381469727,0,0.007930638875919938,70.64751311662724,65758.3389868364,249.33343640742532,499.12652226110094,0.007435546670624597,0.001401143772783664,1,436.2890625,0.05287575720017501,0.01892144479821245,0.022839859330541668
67506.8828125,67539.1015625,66948.1796875,67221.1328125,8700,11.350000381469727,12.020000457763672,10.710000038146973,11.6899995803833,0,0.001401143772783664,71.41080236595432,65897.65268451865,333.54571550486435,505.6833331710223,0.0075226838943866885,0.003657471463412776,1,590.921875,0.029955875549455113,0.014420315416472818,0.021904368391304718
67188.640625,67565.40625,67053.359375,67466.9921875,6200,11.6899995803833,12.050000190734863,11.539999961853027,11.829999923706055,0,0.003657471463412776,73.36089350419047,66047.11358956448,415.33561974925396,506.13787187309214,0.007502007358894343,0.0007708630667195848,1,512.046875,0.011976077703004018,0.013034537447827788,0.024080997952377503
67627.03125,67771.046875,67336.4609375,67519.0,8100,11.829999923706055,12.039999961853027,11.210000038146973,11.319999694824219,0,0.0007708630667195848,73.7685013570606,66187.2932477012,478.83163096921635,501.02701941787126,0.0074205337670562544,0.004733968401487099,2,434.5859375,-0.04311075504403428,0.005838506396333543,0.018915367993744825
67659.90625,67927.2265625,67614.421875,67838.6328125,6800,11.319999694824219,11.319999694824219,10.069999694824219,10.899999618530273,0,0.004733968401487099,76.18073160398099,66344.56368244394,548.6202216005913,494.398415352309,0.0072878593635396895,-0.0035641794723116904,1,312.8046875,-0.03710248123822646,0.009186099284021143,0.018614818655524168
67665.578125,67803.1484375,67532.828125,67596.84375,10300,10.899999618530273,11.40999984741211,10.449999809265137,10.84000015258789,0,-0.0035641794723116904,70.87143644871139,66463.82845078262,577.7577936439775,480.92743479142973,0.007114643348883131,-0.011775697737366642,0,270.3203125,-0.005504538352495203,0.001924668023425724,0.006998153921212502
67080.1796875,67294.15625,66728.140625,66800.84375,13400,10.84000015258789,11.470000267028809,10.84000015258789,11.130000114440918,0,-0.011775697737366642,56.829508765549384,66495.92514594618,530.5036658301688,508.6256983777562,0.0076140609882305,-0.008541831666609712,0,566.015625,0.026752763631999965,-0.010636357914068584,-0.006252335313543633
66608.671875,66608.671875,66128.7109375,66230.2421875,8400,11.130000114440918,11.390000343322754,10.619999885559082,10.819999694824219,0,-0.008541831666609712,49.290363824352006,66470.62200704655,441.91750183553086,520.3047779579165,0.007855999929532441,-0.0033382597239199896,1,479.9609375,-0.027852687909183493,-0.02370906603388445,-0.018331186257168564
66215.0390625,66445.46875,65952.828125,66009.1484375,8300,10.819999694824219,11.069999694824219,10.390000343322754,10.65999984741211,0,-0.0033382597239199896,46.7048979441481,66426.67214328022,349.8391824456048,518.328767032351,0.007852377727961823,0.00022025829516292283,1,492.640625,-0.014787416998601755,-0.023487713692253553,-0.022361876842074135
66082.9921875,66225.6328125,65764.03125,66023.6875,6800,10.65999984741211,11.3100004196167,10.270000457763672,10.899999618530273,0,0.00022025829516292283,46.902139504799045,66388.292653444,274.87108896409336,514.2768238514689,0.007789277505160081,-0.0011847073824829968,1,461.6015625,0.022514050145735043,-0.011633928650788938,-0.026753860407481178
66071.6328125,66078.2578125,65865.6328125,65945.46875,6500,10.899999618530273,11.289999961853027,9.25,11.1899995803833,0,-0.0011847073824829968,45.91756378610161,66346.1189483541,206.7632967610407,492.7302650049354,0.007471783495434406,0.0026266967736126023,1,212.625,0.026605502018552274,-0.00429974930023358,-0.024429764888245997
65925.640625,66172.2734375,65549.9609375,66118.6875,5400,11.1899995803833,11.819999694824219,9.390000343322754,11.59000015258789,0,0.0026266967736126023,48.49605510771744,66324.45881041561,164.86423396079044,501.98613893315434,0.007592197575506234,-0.00923138692824177,0,622.3125,0.0357462544418512,0.0016594527439437456,-0.010211790925170772
66406.0078125,66406.0078125,65423.390625,65508.3203125,7800,11.59000015258789,13.020000457763672,9.399999618530273,12.819999694824219,0,-0.00923138692824177,41.06627877457806,66246.73133442365,81.4682782459422,536.3169281165004,0.008187004727919469,0.004886187525081853,2,982.6171875,0.1061259297707331,-0.007805792239338305,-0.01090018473669796
65743.9296875,66151.6484375,65570.3828125,65828.40625,8400,12.819999694824219,12.819999694824219,11.3100004196167,11.449999809265137,0,0.004886187525081853,45.75932182019607,66206.89085019282,40.73507401641109,543.9605850367504,0.008263310871767467,-0.004804987778357472,0,581.265625,-0.10686426818810202,-0.0017751409189884493,-0.0027381384516895757
65813.421875,65813.5,65344.58984375,65512.1015625,8600,11.449999809265137,12.40999984741211,10.779999732971191,11.789999961853027,0,-0.004804987778357472,42.184402140772775,66140.72044184113,-16.874905212054728,539.6645722662682,0.008237631817556887,-0.004366559661150404,0,468.91015625,0.02969433696520829,-0.009174198103977793,-0.007748521127360575
65330.6484375,65332.51953125,64878.76953125,65226.0390625,8600,11.789999961853027,12.220000267028809,11.119999885559082,11.65999984741211,0,-0.004366559661150404,39.201561441440695,66053.60792952293,-84.63842278179072,546.3551050508205,0.008376334250916257,0.0062173214229890306,2,453.75,-0.01102630321132636,-0.004309090030906182,-0.01090946354824418
65598.2578125,65753.203125,65443.33984375,65631.5703125,8000,11.65999984741211,11.65999984741211,10.84000015258789,10.9399995803833,0,0.0062173214229890306,45.12533099582413,66013.41387075884,-104.41488614518312,544.9843162971905,0.008303691557314367,0.0055470636808863105,2,309.86328125,-0.061749594892885895,-0.0029901367618178076,-0.00736731483818398
65867.5390625,66095.8125,65762.328125,65995.6328125,10200,10.9399995803833,10.9399995803833,9.729999542236328,10.300000190734863,0,0.0055470636808863105,49.849419228552534,66011.72043663895,-89.67733024875633,539.2170213831055,0.008170495507105347,-0.0073223358411145245,0,333.484375,-0.058500860529833276,0.007380792837773598,0.007438940544885364
65560.0703125,65789.9765625,65434.609375,65512.390625,7300,10.300000190734863,11.630000114440918,10.119999885559082,11.399999618530273,0,-0.0073223358411145245,44.38710718155447,65964.16521648286,-115.65808254927106,540.7746225343122,0.008254539597398676,0.008654374303715962,2,355.3671875,0.10679605897336675,0.004390141830099781,-0.0048005966269311084
65662.2734375,66180.171875,65662.2734375,66079.359375,5100,11.399999618530273,11.399999618530273,10.859999656677246,11.270000457763672,0,0.008654374303715962,51.150375225126176,65975.13608872257,-89.46705563316937,549.846524496147,0.008321002650400575,0.0059577983764314,2,517.8984375,-0.011403435536549766,0.006822769291788822,0.00865882484259517
66376.421875,66592.15625,66299.7890625,66473.046875,16800,11.270000457763672,11.319999694824219,10.390000343322754,10.989999771118164,0,0.0059577983764314,55.22247478281745,66022.55616360615,-36.522182059212355,547.200120960708,0.008231909724097599,-0.0009726686685745944,1,292.3671875,-0.024844780414593592,0.007234025073391992,0.01911825139811274
66564.5703125,66577.6015625,66339.421875,66408.390625,7100,10.989999771118164,11.119999885559082,10.569999694824219,10.619999885559082,0,-0.0009726686685745944,54.42013133418332,66059.30230278651,0.21728791535133496,525.1272328563717,0.007907543428084269,-0.0018920566560560736,1,238.1796875,-0.033666960260676726,0.013676802074416683,0.011836076888016356
66034.2109375,66478.8984375,65895.40625,66282.7421875,13400,10.619999885559082,11.029999732971191,10.399999618530273,10.619999885559082,0,-0.0018920566560560736,52.81420200108832,66080.58229180684,18.97605954312894,529.2961581880594,0.007985429400171638,-0.0017472496788438763,1,583.4921875,0.0,0.0030778569045410986,0.004350429911259557
66238.1484375,66342.75,66039.3828125,66166.9296875,6600,10.619999885559082,11.149999618530273,9.149999618530273,11.069999694824219,0,-0.0017472496788438763,51.311191642439304,66088.80585330143,24.218247461831197,513.1583745674837,0.0077555113557645945,0.00394704822686287,2,303.3671875,0.042372863852573106,-0.004605132484383323,0.00999107277654776
66558.1484375,66559.8203125,66309.1796875,66428.09375,7900,11.069999694824219,11.069999694824219,10.430000305175781,10.699999809265137,0,0.00394704822686287,54.4586487892348,66121.11898632033,48.8829837518424,504.5678210269492,0.007595699237221439,-0.008295741777175403,0,250.640625,-0.03342365815349346,0.0002966963182597926,0.005277508412588228
66473.7421875,66475.2734375,65842.1015625,65877.0234375,7100,10.699999809265137,11.170000076293945,10.489999771118164,10.970000267028809,0,-0.008295741777175403,47.483525061155525,66097.87179119459,23.690111372212414,513.7538248821671,0.00779867999606243,-0.0037612696668828383,1,633.171875,0.025233688091272466,-0.006121031457212545,-0.008966392628591224
65484.609375,65869.6484375,65343.5,65629.2421875,11000,10.970000267028809,11.210000038146973,10.050000190734863,10.899999618530273,0,-0.0037612696668828383,44.710578795098236,66053.24040036653,-16.08389247363084,515.1659400691552,0.007849640235024316,-0.003529236145806247,1,526.1484375,-0.006381098158121934,-0.008126227143067433,-0.011732680617118962
65437.0703125,65555.140625,65308.609375,65397.62109375,14300,10.899999618530273,11.09000015258789,10.069999694824219,10.819999694824219,0,-0.003529236145806247,42.22805223563714,65990.80046640306,-65.53946544432256,501.27071667135846,0.007664968668398008,-0.012626486616635013,0,246.53125,-0.007339442798700024,-0.015512603148423176,-0.01335371869869506
65419.01953125,65453.921875,64502.6796875,64571.87890625,6800,10.819999694824219,11.359999656677246,8.819999694824219,10.90999984741211,0,-0.012626486616635013,34.80790468614599,65855.66507972182,-169.41099238210882,533.4115360162615,0.008260740511991388,-0.008096718282877724,0,951.2421875,0.008317944096702945,-0.01981183215553506,-0.024106465099457797
64619.26953125,64787.078125,63912.16015625,64049.05859375,7100,10.90999984741211,12.180000305175781,9.970000267028809,11.3100004196167,0,-0.008096718282877724,31.083674575895714,65683.60731915307,-290.5676724059376,557.8048526401,0.008709025001883967,-0.014065939079046963,0,874.91796875,0.03666366432621637,-0.02407743166126286,-0.03581368999091594
63774.16015625,63774.16015625,63092.98046875,63148.1484375,12900,11.3100004196167,12.699999809265137,11.3100004196167,11.729999542236328,0,-0.014065939079046963,25.934375324421495,65442.135044709925,-454.0471615567294,586.25294352295,0.009283770910610082,0.010050213022130716,2,681.1796875,0.03713519956119171,-0.03439685754051047,-0.04142377505245032
63559.3203125,63913.12890625,63393.37109375,63782.80078125,12600,11.729999542236328,12.3100004196167,10.670000076293945,10.90999984741211,0,0.010050213022130716,34.203468184079526,65284.1032100947,-526.3275183807636,599.0191953248822,0.009391547376216405,0.005171420072650035,2,519.7578125,-0.06990620007031012,-0.012220151223191755,-0.02813443130997606
63885.55859375,64184.578125,63431.44921875,64112.6484375,5600,10.90999984741211,12.1899995803833,10.90999984741211,11.489999771118164,0,0.005171420072650035,38.07320962185063,65172.536088895205,-550.6467596288858,610.0270318195334,0.00951492485003511,-0.0037078292005319202,1,753.12890625,0.05316223023079436,0.0009928302639596875,-0.019648614655385477
64449.6484375,64452.3203125,63812.53125,63874.9296875,15000,11.489999771118164,12.289999961853027,11.260000228881836,11.829999923706055,0,-0.0037078292005319202,36.411144651043955,65048.95452685757,-582.3884385597048,612.1528911538525,0.009583617455999293,-0.004439951071374737,1,639.7890625,0.029590962520515518,0.011509145841692048,-0.01079338607696212
63829.87109375,63896.05078125,63550.4609375,63591.328125,6100,11.829999923706055,12.199999809265137,11.829999923706055,12.050000190734863,0,-0.004439951071374737,34.47742633652756,64910.1329647759,-623.2438565133707,593.1126734821488,0.009326942697537012,0.007698696141990702,2,345.58984375,0.018596810519664553,-0.0030019480785529185,-0.007146560446005812
64033.3984375,64202.640625,63815.3515625,64080.8984375,6400,12.050000190734863,12.050000190734863,10.949999809265137,11.079999923706055,0,0.007698696141990702,40.36518368153292,64831.15824789248,-609.096550989736,594.4126610905668,0.009275972646830397,0.004414463894820475,1,387.2890625,-0.08049794619709905,-0.000495222093826797,0.01477082104668792
64444.8984375,64535.19140625,64275.390625,64363.78125,16100,11.079999923706055,11.079999923706055,10.640000343322754,10.880000114440918,0,0.004414463894820475,43.523136899429225,64786.6461528551,-568.5050581892792,584.4041116376691,0.009079704459372003,0.009242933598622383,2,259.80078125,-0.01805052442619881,0.007653261849236426,0.009108732473861236
64835.23046875,64992.5390625,64617.48046875,64958.69140625,8100,10.880000114440918,11.279999732971191,10.380000114440918,11.109999656677246,0,0.009242933598622383,49.57117055126256,64803.031415083184,-482.76669600158493,587.5722331278356,0.009045321271224106,-0.00025082045831414934,1,375.05859375,0.021139663586129176,0.02150235451227256,0.013196194344939016
65021.2890625,65021.2890625,64638.1015625,64942.3984375,7700,11.109999656677246,12.180000305175781,11.0,11.1899995803833,0,-0.00025082045831414934,49.41509431429267,64816.304464837165,-411.3908747462556,572.9733236187045,0.008822792773354822,0.0005113906831137882,1,383.1875,0.007200713427382821,0.013443943842957218,0.016711857926458018
65101.94921875,65124.0,64851.05859375,64975.609375,6400,11.1899995803833,11.329999923706055,10.630000114440918,11.039999961853027,0,0.0005113906831137882,49.762312803403674,64831.476361043155,-348.13212661462603,551.5424723780827,0.008488454016566624,-0.00220713830357977,1,272.94140625,-0.013404792149700473,0.009505782803896468,0.021768396585127858
65025.3203125,65046.55859375,64768.76171875,64832.19921875,11600,11.039999961853027,11.25,10.369999885559082,10.979999542236328,0,-0.00220713830357977,48.22302507876644,64831.54520463428,-306.04323810278584,531.9892154225054,0.008205632723139981,0.0011179702312031914,1,277.796875,-0.005434820636233795,-0.001947271177445975,0.011724254802431666
64756.109375,65014.05859375,64580.94921875,64904.6796875,11100,10.979999542236328,11.359999656677246,9.859999656677246,11.109999656677246,0,0.0011179702312031914,49.080320838123576,64838.51039347864,-263.798023236217,524.9263696780407,0.00808765057011962,0.00044975811282865763,1,433.109375,0.011839719477296118,-0.0005808031564510374,0.008403770365806418
65158.30859375,65176.9609375,64853.359375,64933.87109375,7700,11.350000381469727,11.630000114440918,10.5,11.1899995803833,0,0.00044975811282865763,49.44339107233492,64847.59236493306,-225.36501595344453,510.5460263081806,0.007862553359418017,0.011427912447705912,2,323.6015625,0.007200713427382821,-0.0006423684464290647,-0.00038209378857056997
65461.5390625,65747.6484375,65373.5,65675.9296875,7500,11.1899995803833,11.420000076293945,8.399999618530273,11.140000343322754,0,0.011427912447705912,57.70018300458319,64926.48163374896,-133.48986583499936,532.2054061254534,0.008103507763922026,0.004667568109939513,2,374.1484375,-0.004468207232840138,0.013014065216315984,0.01129510562665681
65665.8671875,66358.3671875,65507.01953125,65982.4765625,11600,11.140000343322754,11.8100004196167,10.619999885559082,11.649999618530273,0,0.004667568109939513,60.56537972558411,65027.0525793443,-35.53277681530017,555.0012811343496,0.008411343587696964,-0.0028454524561859484,1,851.34765625,0.04578090300627413,0.01660584229348827,0.015496079177787614
65788.7890625,66037.6875,65639.7421875,65794.7265625,10900,11.649999618530273,12.09000015258789,10.1899995803833,11.829999923706055,0,-0.0028454524561859484,57.975222557903116,65100.16438726389,26.641954203725618,543.7829976604675,0.008264841668487137,-0.0021214181180221336,1,397.9453125,0.015450670478089679,0.01325741795845059,0.014846439814610424
65787.5078125,65844.0078125,65547.796875,65655.1484375,7200,11.829999923706055,12.670000076293945,11.199999809265137,12.149999618530273,0,-0.0021214181180221336,56.05591225213308,65153.0200110959,63.91630096560402,526.099279077577,0.008013069676910315,0.004198071386014357,2,296.2109375,0.02704984758139961,-0.0003164211012905982,0.011562629283640602
65860.4609375,66082.359375,65849.171875,65930.7734375,5400,12.149999618530273,12.4399995803833,10.760000228881836,12.229999542236328,0,0.004198071386014357,58.94620610115295,65227.09176599153,114.37863759139145,519.03582610775,0.00787243648218047,0.0014025127444872165,1,233.1875,0.006584356067307562,-0.000783588729820206,0.015352578353301949
65839.6171875,66063.4296875,65664.8515625,66023.2421875,4300,12.229999542236328,12.710000038146973,11.020000457763672,11.869999885559082,0,0.0014025127444872165,59.89912610941055,65302.915615659,159.98762055927364,510.43170460005365,0.007731091168629285,-8.223903159099155e-05,1,398.578125,-0.029435786602770242,0.003473160189866098,0.00528827687179434
66084.3671875,66235.2421875,65980.5,66017.8125,7500,11.869999885559082,12.140000343322754,10.979999542236328,11.319999694824219,0,-8.223903159099155e-05,59.81133487113099,65371.00103321529,193.46479601207102,492.16816766433556,0.007455081424643319,-0.0007236446602952862,1,254.7421875,-0.046335315588670545,0.005523771876705608,0.0005355351805647057
66000.2890625,66101.640625,65894.046875,65970.0390625,10800,11.319999694824219,11.470000267028809,8.680000305175781,11.329999923706055,0,-0.0007236446602952862,58.99207682691639,65428.052274099544,213.67763879118138,471.8414235454544,0.007152359317211135,0.003094799781861113,1,207.59375,0.0008834124692078671,0.0005955583857546465,0.0026645372533535827
66063.71875,66256.203125,65906.6484375,66174.203125,5100,11.329999923706055,12.489999771118164,11.069999694824219,12.180000305175781,0,0.003094799781861113,61.42390545694157,65499.11425989959,243.36543069743493,463.1066566850648,0.006998295934297506,0.010996779570211057,2,349.5546875,0.07502209948750727,0.002286481737314272,0.007905772812228262
66381.2578125,66946.28125,66374.5234375,66901.90625,8300,12.180000305175781,14.460000038146973,11.329999923706055,12.710000038146973,0,0.010996779570211057,68.57671150473425,65632.713497052,321.9020932371204,485.1760472789888,0.007252051166763111,0.0012934048497310613,1,571.7578125,0.04351393429325068,0.013391745598962501,0.014729583195631779
66963.203125,67069.890625,66610.3515625,66988.4375,11100,12.710000038146973,13.350000381469727,11.760000228881836,12.6899995803833,0,0.0012934048497310613,69.30553387870282,65761.83006876132,386.66804430681805,483.34483408048953,0.007215347187049847,0.007355747027238735,2,459.5390625,-0.001573600134039621,0.015437287168121427,0.014619023248796825
67181.1484375,67564.328125,67149.0703125,67481.1875,21700,12.6899995803833,12.760000228881836,11.779999732971191,12.380000114440918,0,0.007355747027238735,73.12772837979392,65925.57839554596,472.31181743199704,489.95524771759744,0.007260619824119092,0.02050837779788628,2,415.2578125,-0.024428642726008643,0.01975066284562832,0.022166366084910738
68435.34375,68918.21875,68274.46875,68865.1171875,30900,12.380000114440918,13.15999984741211,11.34000015258789,12.989999771118164,0,0.02050837779788628,80.47979150897727,66205.53447097016,644.4281182573468,557.6035335949119,0.008097038912701145,0.006258951630423448,2,643.75,0.049272992814087146,0.029344618823921698,0.04388474171217638
69168.53125,69381.3125,68954.8828125,69296.140625,9600,12.989999771118164,13.880000114440918,11.479999542236328,13.460000038146973,0,0.006258951630423448,82.1205011578357,66499.8779142111,806.3167977557605,554.645803516704,0.00800399269734517,0.005160257617160768,2,426.4296875,0.036181699408017076,0.03444927529471031,0.04717756093115022
69534.9296875,69744.6171875,69395.0078125,69653.7265625,10400,13.460000038146973,14.09000015258789,12.6899995803833,13.739999771118164,0,0.005160257617160768,83.36937903948794,66800.24445214338,952.4892362772371,547.0622863012251,0.007854027534483003,-0.0018956496517313903,1,349.609375,0.02080235751691273,0.03219473668124162,0.041132165983686075
69694.1484375,69695.328125,69320.53125,69521.6875,26000,13.739999771118164,13.739999771118164,12.550000190734863,12.670000076293945,0,-0.0018956496517313903,81.11628474483707,67059.4295043202,1045.6241932524426,534.7576140654234,0.007691953882238882,0.0043715000804605,2,374.796875,-0.07787479713597856,0.009534149353327193,0.03781622761390735
69666.3828125,69893.796875,69506.1171875,69825.6015625,18200,12.670000076293945,12.880000114440918,12.140000343322754,12.470000267028809,0,0.0043715000804605,82.30187112489862,67322.87446224209,1130.9210882529296,524.2520478821788,0.007508020498941602,0.0014740966808266531,1,387.6796875,-0.015785304503615927,0.007640554477127415,0.03474174283758713
69925.6328125,70057.828125,69782.4765625,69928.53125,12400,12.470000267028809,13.119999885559082,12.229999542236328,12.760000228881836,0,0.0014740966808266531,82.69807143816135,67571.03225155236,1193.072065523942,506.4734417834517,0.007242729580187653,-0.005398368780983098,0,275.3515625,0.023255810396395793,0.003945297704257333,0.015441984359144012
70020.6796875,70033.640625,69443.8515625,69551.03125,7000,12.760000228881836,12.869999885559082,11.6899995803833,12.710000038146973,0,-0.005398368780983098,75.97995568652112,67759.60358473785,1198.0556281661993,512.4245575489194,0.00736760545946498,0.0004826716713852708,1,589.7890625,-0.00391851017539091,0.0004220805198378308,0.0036782802433306117
69648.5625,69657.9296875,69100.5625,69584.6015625,7100,12.710000038146973,12.819999694824219,11.539999961853027,12.069999694824219,0,0.0004826716713852708,76.16538710263453,67933.41291595329,1190.9850468669174,515.634745402568,0.007410184636028007,0.013359299925933321,2,557.3671875,-0.05035407878850495,-0.003451456122211649,-0.0009924092135684681
70146.09375,70602.890625,70110.75,70514.203125,12200,12.069999694824219,12.510000228881836,11.0,12.319999694824219,0,0.013359299925933321,80.62566952154663,68179.20245967203,1246.0291884772596,551.5386251952417,0.007821667135875213,0.013749667897136941,2,492.140625,0.020712510879946633,0.008375292095098796,0.014276345420988212
70804.1328125,71605.7578125,70655.96875,71483.75,25100,12.319999694824219,13.34000015258789,10.800000190734863,13.130000114440918,0,0.013749667897136941,83.99066315837445,68493.9212730366,1352.297948274805,590.111201074153,0.008255179688728598,-0.00235936489062194,1,949.7890625,0.06574678893514818,0.027788498822582053,0.023746998241265693
71437.3515625,71552.2421875,71142.2890625,71315.09375,12500,13.130000114440918,14.119999885559082,13.130000114440918,13.899999618530273,0,-0.00235936489062194,81.34398401355239,68762.60436608073,1406.692085457791,577.2427670688563,0.008094257985447243,0.001712032384448836,1,409.953125,0.0586442876906359,0.024868895540713698,0.01982828003412407
71479.28125,71623.7109375,71071.9765625,71437.1875,8600,13.899999618530273,14.119999885559082,13.550000190734863,13.869999885559082,0,0.001712032384448836,81.79131053819648,69017.32656931115,1443.0175680318353,575.420739063938,0.00805491872232425,-0.013030678174445254,0,551.734375,-0.002158254229820189,0.013089339935726585,0.02711902636238772
71647.65625,71913.0703125,70302.6015625,70506.3125,13200,13.869999885559082,14.869999885559082,12.779999732971191,14.449999809265137,0,-0.013030678174445254,68.3374445500301,69159.13475318627,1380.7752245438896,649.3527398450852,0.0092098525198731,0.005088750918579077,2,1610.46875,0.04181686578886912,-0.013673562173221132,0.013245903789103952
69920.890625,70958.7109375,69920.390625,70865.1015625,8800,14.449999809265137,15.010000228881836,12.279999732971191,13.760000228881836,0,0.005088750918579077,70.36109107076354,69321.60778264473,1344.8958752351755,677.1361378918648,0.009555283531127936,0.003412954609070651,1,1038.3203125,-0.0477508366429793,-0.0063099151082585125,0.0049762802662318695
71045.6484375,71259.546875,70713.5625,71106.9609375,15300,13.760000228881836,13.989999771118164,12.229999542236328,13.710000038146973,0,0.003412954609070651,71.67529424717728,69491.64141644047,1320.7524505604233,667.7681548281602,0.00939103775529234,0.0032322565114548674,1,545.984375,-0.003633734731334881,-0.00462261427215338,-0.005270975046776316
71097.78125,71471.2890625,71012.078125,71336.796875,7700,13.710000038146973,14.949999809265137,13.710000038146973,14.680000305175781,0,0.0032322565114548674,72.90480484729073,69667.37050773186,1305.1198427604395,652.8712107332915,0.00915195578345473,0.009835496451143344,2,459.2109375,0.07075129572063177,0.011778865544840311,0.00030432723086759594
71492.0234375,72119.8515625,71473.6484375,72038.4296875,9800,14.680000305175781,15.729999542236328,14.470000267028809,15.5600004196167,0,0.009835496451143344,76.28857709766984,69893.18566770978,1333.969621204771,662.1700305023421,0.009191899842553631,0.005163259757514416,2,646.203125,0.059945510636716604,0.016557206567539895,0.008416375399717513
72262.671875,72484.34375,72137.453125,72410.3828125,7800,15.5600004196167,16.469999313354492,14.960000038146973,15.140000343322754,0,0.005163259757514416,77.86662264380033,70132.91872911838,1371.0422653283313,646.7231756450319,0.008931359710107622,-0.002349455884531393,1,346.890625,-0.02699229209302889,0.01833043991495642,0.02700567147799715
72351.59375,72417.0078125,72082.640625,72240.2578125,19800,15.140000343322754,15.430000305175781,14.369999885559082,14.5,0,-0.002349455884531393,75.39507214561952,70333.61768944043,1370.8921458772384,624.4120336346724,0.008643546583891456,-0.004814230465548297,0,334.3671875,-0.04227214853433048,0.012664725318170422,0.019405267468461496
72332.8515625,72332.8515625,71613.7421875,71892.4765625,300,14.680000305175781,15.079999923706055,14.239999771118164,14.579999923706055,0,-0.004814230465548297,70.47071506287135,70482.08043925563,1327.4085947873245,631.1761294464816,0.008779446190002458,-0.007453839756572211,0,719.109375,0.005517236117658975,-0.0020260453432028314,0.011046958197108658
71832.6171875,71862.0,71303.96875,71356.6015625,13600,14.579999923706055,14.779999732971191,14.020000457763672,14.100000381469727,0,-0.007453839756572211,63.57993094300258,70565.3681652789,1235.4652588076278,628.128392521733,0.00880266686988402,0.006880495136388554,2,558.03125,-0.032921779475175605,-0.014552902623490738,0.0002776223263107891
71678.9296875,71954.7890625,71546.6015625,71847.5703125,8900,14.100000381469727,14.210000038146973,13.210000038146973,13.329999923706055,0,0.006880495136388554,66.78454147136569,70687.48265549043,1188.5161037374055,625.9897573416092,0.008712747760555792,0.002485513765090097,1,408.1875,-0.05460996006607277,-0.005435854077642133,-0.002649410541400443
72016.7109375,72156.4765625,71779.828125,72026.1484375,14900,13.329999923706055,13.470000267028809,12.489999771118164,12.630000114440918,0,0.002485513765090097,67.89120990667254,70814.97463472944,1152.4337830557488,608.1796630672086,0.008443873180237461,-0.009315084897010606,0,376.6484375,-0.052513114273936234,0.0018593305084404488,-0.005306343649569389
72113.25,72181.7734375,71301.0390625,71355.21875,10900,12.630000114440918,13.600000381469727,12.630000114440918,13.460000038146973,0,-0.009315084897010606,59.82624552572865,70866.4264552314,1057.5095535125147,627.6478567766937,0.008796103042942373,0.00043433666160552775,1,880.734375,0.06571654126566862,-1.9378900756539252e-05,-0.012251327574122506
71770.90625,72035.46875,71307.2734375,71386.2109375,9500,13.460000038146973,13.510000228881836,12.779999732971191,13.260000228881836,0,0.00043433666160552775,60.06225657350126,70915.92973925697,973.5596387306286,634.8298178997871,0.008892891352023051,0.0038032555087943454,1,728.1953125,-0.01485882679779471,-0.0064213636312727695,-0.007041983378606731
71383.203125,71733.84375,71110.9765625,71657.7109375,9400,13.260000228881836,14.5600004196167,12.8100004196167,12.970000267028809,0,0.0038032555087943454,62.159501019530914,70986.57556766107,918.350336394622,633.9753442998024,0.008847273182543565,0.0008857211480750582,1,622.8671875,-0.02187028332181873,-0.005115329751662401,0.00421978301105419
71907.75,71999.46875,71543.1875,71721.1796875,7800,12.970000267028809,13.1899995803833,12.630000114440918,12.770000457763672,0,0.0008857211480750582,62.653235332041454,71056.5378647886,869.692688280702,621.2829089926736,0.008662474762680939,0.011813434207185392,2,456.28125,-0.01542018543928314,0.005128719999894837,-0.0017591496058985134
72148.0703125,72720.9609375,71982.2890625,72568.453125,20400,12.770000457763672,13.289999961853027,12.420000076293945,13.100000381469727,0,0.011813434207185392,68.55219152249121,71200.52979433254,889.2483357609017,648.3185047789112,0.00893388899529352,0.010465764974923353,2,738.671875,0.025841809857213294,0.016561212200141506,0.007529275121112233
73049.8671875,73402.15625,72909.0,73327.9375,16000,13.100000381469727,13.890000343322754,11.789999961853027,13.789999961853027,0,0.010465764974923353,72.71283529380598,71403.14005201515,955.0214759717637,661.5602633661318,0.009021940148884343,-0.002716073426993648,1,493.15625,0.05267172215959026,0.023308399621595255,0.02764645368002605
73331.953125,73427.59375,72960.2890625,73128.7734375,11200,13.789999961853027,14.039999961853027,12.489999771118164,13.569999694824219,0,-0.002716073426993648,70.09388593081886,71567.486088728,979.7819714250218,647.6848650899796,0.008856771892168106,-0.022262312746040958,0,467.3046875,-0.01595360896572806,0.019625914634046726,0.02441035148266435
71998.9296875,72484.796875,71429.296875,71500.7578125,14100,13.569999694824219,15.229999542236328,12.720000267028809,15.079999923706055,0,-0.022262312746040958,53.21976225193024,71561.13101480152,858.1454211798555,722.8128434764095,0.010109163393370986,-0.00439014140693661,1,1055.5,0.11127489040827099,-0.014712940217436965,-0.0021903173147255206
71018.859375,71451.2890625,70665.5,71186.859375,13000,15.079999923706055,15.710000038146973,12.979999542236328,14.069999694824219,0,-0.00439014140693661,50.686119368986176,71525.48609672519,728.0263634814619,730.8446269780945,0.010266566517959897,0.006972736146220848,2,785.7890625,-0.06697614283764652,-0.029198668311105846,-0.007449965475025855
71786.7421875,71895.640625,71542.7421875,71683.2265625,25500,14.069999694824219,14.109999656677246,13.680000305175781,13.880000114440918,0,0.006972736146220848,54.38427864681613,71540.50899822755,657.3808789487521,729.2686714796592,0.010173491156174674,-0.018312229379846445,0,352.8984375,-0.013503879495689985,-0.019767142357931755,-0.01219850395564015
71868.203125,72039.203125,70234.546875,70370.546875,11400,13.800000190734863,15.40999984741211,12.199999809265137,14.850000381469727,0,-0.018312229379846445,44.81316570973748,71429.08403411064,489.82514387099945,806.0820699453978,0.01145482173638995,0.009801907980411695,2,1804.65625,0.06988474488696927,-0.015806978444393716,-0.04033102151550361
70165.4921875,71149.609375,70001.6015625,71060.3125,15600,14.850000381469727,15.649999618530273,14.029999732971191,14.380000114440918,0,0.009801907980411695,49.81145239162607,71393.96293562392,407.99126859502576,830.5053372707265,0.01168733021362278,-0.005061061686155721,1,1148.0078125,-0.03164984881854205,-0.0017776718359405752,-0.028285185711036442
71022.1015625,71049.4609375,70319.0390625,70700.671875,36700,14.380000114440918,15.34000015258789,13.359999656677246,13.869999885559082,0,-0.005061061686155721,47.400860003038964,71327.93521556449,310.537655275155,824.131630144246,0.01165663081110919,0.017551437696291305,2,730.421875,-0.03546594053011687,-0.013706898177125448,-0.01118989451270025
70968.1015625,72010.21875,70880.5390625,71941.5703125,13900,13.869999885559082,15.850000381469727,13.800000190734863,15.680000305175781,0,0.017551437696291305,55.41779399227401,71386.37665336787,329.63526771371835,858.8041476339428,0.011937522963475316,-0.0111433747069698,0,1129.6796875,0.13049750789841053,0.022325013905187152,0.010601829384329298
72000.203125,72142.2265625,71075.71875,71139.8984375,12900,15.680000305175781,16.579999923706055,14.989999771118164,16.100000381469727,0,-0.0111433747069698,50.10463667973938,71362.90253757093,276.8902245506324,873.6401236958039,0.01228059278807294,0.008605732520659437,2,1066.5078125,0.026785718630076172,0.0011199773080086128,-0.007579571275663444
71073.0390625,71851.390625,70846.0390625,71752.109375,11000,16.100000381469727,16.530000686645508,15.800000190734863,16.049999237060547,0,0.008605732520659437,53.75127215142401,71399.96985542132,281.24765612311603,883.0480836103894,0.01230692855307279,-0.001488632193957673,1,1005.3515625,-0.003105661069842447,0.014871676210644225,0.019632681020002485
71998.78125,72151.0234375,71574.890625,71645.296875,11500,16.049999237060547,16.110000610351562,14.359999656677246,14.460000038146973,0,-0.001488632193957673,53.023151450331206,71423.33433347644,272.9358414733724,861.1255642453616,0.012019289497086917,0.006146055033706688,2,576.1328125,-0.09906537535791016,-0.00411825091130269,0.008232223507320002
71977.5625,73089.3984375,71948.7734375,72085.6328125,19400,14.460000038146973,15.130000114440918,14.029999732971191,14.699999809265137,0,0.006146055033706688,55.68805895729555,71486.41037909772,298.43986955151195,902.7667069778357,0.012523531690787787,-0.004913752209421918,1,1140.625,0.016597494501038756,0.013294007944513409,0.019589077455284043
72269.1171875,72385.9296875,71602.140625,71731.421875,19900,14.699999809265137,16.049999237060547,14.699999809265137,15.619999885559082,0,-0.004913752209421918,53.07957472640058,71509.7448072789,286.76449061499443,894.2683038008474,0.012466897775415767,0.006338531470801101,2,783.7890625,0.06258504001572063,-0.0002883190498537136,-0.002921098838781999
71970.8203125,72261.3984375,71625.1796875,72186.09375,10500,15.619999885559082,15.979999542236328,15.09000015258789,15.789999961853027,0,0.006338531470801101,55.93296250416232,71574.15899229996,310.61926363492967,875.8361928150726,0.012133032102392612,-0.0004723035730133107,1,636.21875,0.010883487678582604,0.0075482536689537305,0.014706168204880576
72548.5,72559.2109375,71938.21875,72152.0,12800,15.789999961853027,16.020000457763672,14.739999771118164,15.510000228881836,0,-0.0004723035730133107,55.659624202460826,71629.19146922378,323.0493506034254,857.6330495782817,0.01188647646050396,-0.010028416571959187,0,620.9921875,-0.017732725373504787,0.0009206714973650776,0.005573224654763065
72473.421875,72473.421875,71230.6171875,71428.4296875,14500,15.510000228881836,16.030000686645508,15.239999771118164,15.829999923706055,0,-0.010028416571959187,50.06747199248107,71610.0712995358,271.38583995933004,885.145309429833,0.012392058922509587,0.0023388796412142643,1,1242.8046875,0.020631830438553767,-0.004223981340116145,-0.003026956366422362
71410.2890625,71676.4921875,71200.3125,71595.4921875,19000,15.829999923706055,16.329999923706055,15.270000457763672,15.449999809265137,0,0.0023388796412142643,51.284467808046934,71608.68281267525,241.1429374323634,855.9334792919879,0.011955130876821138,-0.007304929179484221,0,476.1796875,-0.024005061040578535,-0.008181652889342028,-0.00679942182480231
71722.3125,71756.578125,70922.5703125,71072.4921875,10700,15.449999809265137,16.540000915527344,15.449999809265137,16.059999465942383,0,-0.007304929179484221,47.390401727184546,71557.61703884904,172.97949029662414,854.3673602354173,0.012021069389004494,0.006791591199962088,2,834.0078125,0.039482178913130994,-0.014961578507872275,-0.009186067559740496
71292.078125,71662.7421875,70924.296875,71555.1875,8100,16.059999465942383,16.56999969482422,15.75,15.8100004196167,0,0.006791591199962088,51.082219718175644,71557.38565419675,156.10941287921742,846.0872139686018,0.011824261014878925,0.003740338532409071,1,738.4453125,-0.01556656629135289,0.001774612896497496,-0.008739997099510566
71035.25,71938.59375,70809.84375,71822.828125,10700,15.8100004196167,16.200000762939453,15.34000015258789,15.4399995803833,0,0.003740338532409071,53.04955615675977,71582.66588951135,162.46334039684734,866.2774129708445,0.012061310248925044,0.0031682780174566716,1,1128.75,-0.023402962012215367,0.00317528283630808,-0.0045622002855083554
72061.46875,72164.96875,71644.4375,72050.3828125,8200,15.4399995803833,15.65999984741211,15.109999656677246,15.229999542236328,0,0.0031682780174566716,54.717052964708685,71627.21035836742,183.7425653420505,841.5812584729271,0.011680455059663074,0.0052221486939099115,1,520.53125,-0.013601039109727653,0.013759059164833776,0.008707361028669647
72406.0234375,72545.328125,72218.1015625,72426.640625,15200,15.229999542236328,15.550000190734863,14.899999618530273,15.220000267028809,0,0.0052221486939099115,57.41052236446147,71703.34657423719,228.33525864279363,816.8215480462894,0.0112779157088827,0.008708919909261592,2,327.2265625,-0.0006565512480672941,0.012178755383737805,0.011608949280260905
72727.8671875,73130.6875,72510.2421875,73057.3984375,7700,16.020000457763672,16.360000610351562,14.210000038146973,16.06999969482422,0,0.008708919909261592,61.54045785409268,71832.30389454793,310.9873052898911,808.7662142572688,0.011070284893174256,-0.00594470507831657,0,620.4453125,0.0558475304127799,0.017189107484758992,0.02792791119190685
73267.4765625,73267.796875,72450.5625,72623.09375,13900,16.06999969482422,16.309999465942383,15.680000305175781,15.930000305175781,0,-0.00594470507831657,57.41224531913372,71907.6172141148,337.5537792408577,809.3710828817495,0.011144816904495335,0.0073688466005346065,2,817.234375,-0.008711847685568319,0.007948756344437369,0.014924232432484308
72677.5078125,73256.390625,72081.359375,73158.2421875,9100,15.930000305175781,16.149999618530273,15.130000114440918,15.199999809265137,0,0.0073688466005346065,60.8933447357895,72026.7243544372,397.2111053649569,835.489666247339,0.01142030810562713,-0.00021112197393169385,1,1175.03125,-0.04582551675617119,0.010101277046494328,0.018593170129361347
73394.4375,73413.9296875,73022.0,73142.796875,11900,15.199999809265137,15.4399995803833,14.84000015258789,14.970000267028809,0,-0.00021112197393169385,60.73903026354114,72133.01697544318,438.1924487058859,803.806810622529,0.01098955529409442,-0.004821582952354131,1,391.9296875,-0.015131549021213275,0.0011689225092386124,0.015161807888555368
73044.8125,73092.2578125,72666.8203125,72790.1328125,7900,14.970000267028809,15.960000038146973,13.760000228881836,15.600000381469727,0,-0.004821582952354131,57.17615232332497,72195.59943611527,437.17394692222297,780.3903643280627,0.010721100981341374,0.004191308982576913,1,425.4375,0.042084175230676646,0.0023000818868308404,0.005018763598080289
72723.53125,73161.296875,72660.1328125,73095.21875,8300,15.600000381469727,16.0,15.529999732971191,15.729999542236328,0,0.004191308982576913,59.39514913073531,72281.27746600905,455.73127590172226,760.4456284832011,0.01040349343619963,-0.010812416338790931,0,501.1640625,0.008333279332545462,-0.0008614673564527608,0.0005176794316370525
73162.8203125,73223.109375,72222.2890625,72304.8828125,6200,15.729999542236328,16.739999771118164,15.3100004196167,16.329999923706055,0,-0.010812416338790931,51.89347840104795,72283.52559424628,402.03023349646537,777.6152487701153,0.010754671310188223,0.002702639917234073,1,1000.8203125,0.03814369986843791,-0.011455865762584727,-0.004381676971727755
72220.5703125,72730.0,72099.3203125,72500.296875,18600,16.329999923706055,16.549999237060547,15.369999885559082,15.569999694824219,0,0.002702639917234073,53.45869464749618,72304.17047812759,370.96381228441896,767.1198515365356,0.01058092014242577,0.0171730977825737,2,630.6796875,-0.04654012446004685,-0.0039818025644573485,-0.008993454364495612
72606.3125,73819.2109375,72591.140625,73745.3515625,20700,15.569999694824219,15.640000343322754,15.0,15.239999771118164,0,0.0171730977825737,61.952684032644164,72441.42581949639,441.7171176050615,806.5337237482116,0.010936739830505322,0.001721294933314077,1,1228.0703125,-0.021194600524992557,0.008894327476104635,0.00823805915611553
73903.09375,73990.1328125,73747.0078125,73872.2890625,14200,14.989999771118164,15.300000190734863,14.819999694824219,14.920000076293945,0,0.001721294933314077,62.70010783924755,72577.69850930625,502.24287399469176,766.4085470519109,0.010374777291705247,-0.002641805912293904,1,243.125,-0.020997355618775027,0.02167773722923494,0.014866798674313841
73767.421875,73915.5390625,73412.25,73677.1328125,21200,14.920000076293945,15.170000076293945,14.180000305175781,14.380000114440918,0,-0.002641805912293904,60.72501400924591,72682.40653818185,528.3717529438727,747.6142981553459,0.010147168729515302,0.005549338843579887,2,503.2890625,-0.03619302674877467,0.01623215335971695,0.007961041398484081
73587.703125,74151.2734375,73321.4765625,74085.9921875,13300,14.380000114440918,14.710000038146973,13.90999984741211,14.300000190734863,0,0.005549338843579887,63.33112669289918,72816.08136192644,575.4373290101212,753.4844822156783,0.010170404147503722,0.0004508063739698809,1,829.796875,-0.005563276986744636,0.004619147075477725,0.02463332081760994
74242.7421875,74245.171875,73921.4765625,74119.390625,16000,14.300000190734863,14.430000305175781,13.5600004196167,13.609999656677246,0,0.0004508063739698809,63.543932679386835,72940.20605364772,608.4186405547953,722.7852558074155,0.009751635162035786,-0.008321034412174133,0,323.6953125,-0.0482517849548475,0.0033449831545213637,0.022332236139550377
74175.9296875,74187.3515625,73433.90625,73502.640625,9800,13.609999656677246,14.550000190734863,13.609999656677246,14.0,0,-0.008321034412174133,56.968982994700546,72993.77125091937,578.1257234965742,724.9752598568858,0.009863254621770751,0.0022491751465560927,1,753.4453125,0.028655426389479377,-0.002368335748678785,-0.0032912032061342966
73516.421875,74004.15625,73342.1171875,73667.9609375,9600,14.0,14.199999809265137,13.579999923706055,13.640000343322754,0,0.0022491751465560927,58.216997775854225,73057.97979249847,560.9915743940219,720.4798171885368,0.009780097182271583,-0.012299380910905211,0,662.0390625,-0.02571426119123188,-0.005642514025350764,-0.002765964444761293
73993.3984375,74052.75,72515.7109375,72761.890625,452000,13.640000343322754,15.010000228881836,13.529999732971191,14.430000305175781,0,-0.012299380910905211,49.707893520826666,73029.78082416528,468.89520387898665,778.8054775679271,0.010703480501650682,0.004609427024491852,1,1537.0390625,0.05791788430854106,-0.018315045341753322,-0.012422337196931754
72570.1015625,73364.296875,72497.1875,73097.28125,10000,14.430000305175781,14.680000305175781,13.520000457763672,13.619999885559082,0,0.004609427024491852,52.476830903909075,73036.20943614954,418.1512004397955,785.1128988130752,0.010740658002421605,-0.006208870627455787,0,867.109375,-0.05613308402538053,-0.00551489540448058,-0.013345450446256124
72886.7734375,72998.0703125,72484.8203125,72643.4296875,22300,13.619999885559082,14.329999923706055,13.59000015258789,13.6899995803833,0,-0.006208870627455787,48.57911229687811,72998.80184104005,337.42456369467254,772.7806158621413,0.010637997396137758,0.001445308790508193,1,513.25,0.005139478370953299,-0.013907419683696909,-0.019913290234231495
72587.296875,72985.890625,72314.15625,72748.421875,11000,13.6899995803833,14.619999885559082,13.6899995803833,13.899999618530273,0,0.001445308790508193,49.5133286245846,72974.95612998863,278.70734970696503,765.5630272291312,0.010523431402327326,-0.010122212702638134,0,671.734375,0.015339667244978372,-0.0001851072021947786,-0.010261110942230145
72462.9375,72490.09375,71933.3515625,72012.046875,38400,13.899999618530273,14.449999809265137,13.880000114440918,14.109999656677246,0,-0.010122212702638134,43.53871015360067,72883.25048665638,170.78551709886233,769.0992618913361,0.010680147215178518,0.001244800403404689,1,556.7421875,0.015107916828071,-0.01484643965468957,-0.022478076512866707
72036.859375,72402.671875,71674.421875,72101.6875,8300,14.109999656677246,14.279999732971191,13.09000015258789,13.470000267028809,0,0.001244800403404689,44.41796151165101,72808.81591649863,91.43592013126181,766.1814574705264,0.010626401184722984,0.007482487840523744,2,728.25,-0.04535786004399878,-0.007457552456298977,-0.009073474030554696
72507.359375,72882.4609375,72416.03125,72641.1875,12900,13.470000267028809,13.470000267028809,12.34000015258789,12.510000228881836,0,0.007482487840523744,49.5136991534149,72792.85130540351,71.26246472779894,767.2237417583459,0.010561828188152154,0.002625920728512421,1,466.4296875,-0.07126948916970799,-0.0014740440031022484,-0.006239544647907103
72231.65625,73115.6171875,72172.09375,72831.9375,26100,12.510000228881836,13.050000190734863,11.8100004196167,12.220000267028809,0,0.002625920728512421,51.21664953726898,72796.573800127,69.86146730654582,779.816577168464,0.010707068958154025,-0.004965412666661506,1,943.5234375,-0.02318145136268701,0.011385464801787704,0.002594974016382867
72396.96875,72705.2890625,72363.03125,72470.296875,30600,12.220000267028809,13.100000381469727,12.09000015258789,12.819999694824219,0,-0.004965412666661506,47.916661656010916,72765.49980725776,39.11885289038764,757.6086966564309,0.010454058135889633,0.007258361669296054,2,342.2578125,0.04909978843570806,0.0051123543398343685,-0.0038231069875012125
72692.15625,73138.7265625,72600.7265625,72996.3125,9400,12.819999694824219,13.010000228881836,12.529999732971191,12.699999809265137,0,0.007258361669296054,52.69137819405954,72787.4819684713,56.548320480113034,751.2387674309715,0.010291461879406189,0.008973591131743897,2,538.0,-0.009360365711048257,0.004888755432308933,0.0136680689927966
73149.34375,74190.3125,73120.328125,73651.3515625,14900,12.699999809265137,13.180000305175781,12.260000228881836,12.829999923706055,0,0.008973591131743897,57.87084195175284,72869.75526314069,121.81328929851588,782.8645697573307,0.010629330666023116,0.004931278310511322,1,1069.984375,0.010236229637269556,0.011250751945188986,0.021492757191015732
73968.6171875,74254.6171875,73909.390625,74014.546875,0,12.829999923706055,13.359999656677246,12.010000228881836,12.079999923706055,0,0.004931278310511322,60.45597607932741,72978.78303569871,200.53147168559371,770.0360737032357,0.010403847705826216,-0.0014948497244312575,1,345.2265625,-0.05845674235852649,0.02130873015000323,0.018906069989563346
74022.296875,74099.78125,73743.7734375,73903.90625,6300,12.079999923706055,12.3100004196167,11.600000381469727,11.649999618530273,0,-0.0014948497244312575,59.2629696604987,73066.89000848931,251.09396960496088,740.4626264744331,0.010019262364422491,-0.00036650210894639823,1,356.0078125,-0.03559605197777682,0.012433419153878411,0.014718388481701483
73757.2265625,74151.2109375,73540.2734375,73876.8203125,7900,11.649999618530273,11.829999923706055,11.3100004196167,11.369999885559082,0,-0.00036650210894639823,58.956245984718095,73144.0262279189,285.68629097079975,731.2108317262594,0.009897703077003411,0.0047486139565300345,1,610.9375,-0.02403431263000466,0.0030612982004636358,0.01940827481259033
74413.8203125,74501.7265625,73485.1171875,74227.6328125,10700,11.369999885559082,11.84000015258789,10.859999656677246,11.220000267028809,0,0.0047486139565300345,61.719716922243094,73247.22685502187,337.51789556260337,751.596441960098,0.010125561242922037,0.00027733522840467373,1,1016.609375,-0.013192578719441017,0.002878973749037117,0.016868253618975704
74287.0234375,74361.109375,73946.921875,74248.21875,11300,11.220000267028809,11.680000305175781,11.039999961853027,11.34000015258789,0,0.00027733522840467373,61.88190513413162,73342.55941644836,375.9225278431986,727.4958032486624,0.009798158332904955,0.006657146236252354,2,414.1875,0.010695176711511767,0.004658921530281024,0.008103954304131245
74555.4375,74869.296875,74410.0703125,74742.5,8300,11.34000015258789,11.739999771118164,11.130000114440918,11.609999656677246,0,0.006657146236252354,65.64560215763501,73475.88709107232,441.15745310188504,719.894540516615,0.009631662581752217,-0.0007866591965749459,1,459.2265625,0.023809479758052587,0.011717879625005034,0.009835270980303568
75124.28125,75124.28125,74603.3671875,74683.703125,41000,11.609999656677246,11.609999656677246,10.619999885559082,11.359999656677246,0,-0.0007866591965749459,64.82563764342258,73590.91718954162,482.54965291309054,705.681649229714,0.009448937582120115,0.004745952566207912,2,520.9140625,-0.021533161704808346,0.006144212003258209,0.01055149740478023
74953.9609375,75105.140625,74807.546875,75038.1484375,7100,11.359999656677246,11.359999656677246,10.989999771118164,11.109999656677246,0,0.004745952566207912,67.4639933412684,73728.74873696623,537.7551374897885,685.3784957133058,0.009133734107047754,-0.01057128962424636,0,297.59375,-0.022007042918619546,0.010639038899502129,0.01571979032242532
74889.640625,74951.8828125,74189.3125,74244.8984375,15600,11.109999656677246,11.609999656677246,11.109999656677246,11.529999732971191,0,-0.01057128962424636,57.13506296801256,73777.90585130277,511.5998318163911,697.0540272694982,0.009388578096800607,-0.011382831753907308,0,762.5703125,0.03780378841339749,-0.006657545071411808,0.00023260373995248607
73315.15625,73905.796875,73315.15625,73399.78125,12800,11.529999732971191,12.739999771118164,11.3100004196167,12.470000267028809,0,-0.011382831753907308,48.598254908399134,73741.89398451203,417.8608300002961,713.6746101431055,0.009723116308920955,-0.006213936264285569,0,590.640625,0.08152650093907554,-0.017191459733204018,-0.011427041810346483
72892.140625,73135.4296875,72685.03125,72943.6796875,9200,12.470000267028809,12.930000305175781,12.34000015258789,12.619999885559082,0,-0.006213936264285569,44.71516905447427,73665.8735752728,303.2724751016358,713.7514237043123,0.009784965973229129,-0.0062334050317716105,0,450.3984375,0.012028838437708744,-0.027912052650719388,-0.02406690052513627
73183.1015625,73473.046875,72365.671875,72488.9921875,12400,12.619999885559082,13.390000343322754,12.029999732971191,13.039999961853027,0,-0.0062334050317716105,41.182483446897976,73553.78963358015,173.76780986647645,741.8673934397185,0.01023420758176365,0.008267957925939484,2,1107.375,0.033280513478811224,-0.023650193979026568,-0.02938674497469218
71999.6484375,73210.171875,71816.4609375,73088.328125,16200,13.039999961853027,14.40999984741211,11.920000076293945,13.460000038146973,0,0.008267957925939484,47.11359566498607,73509.45996609633,118.13405508264259,788.4276465868815,0.010787326332577557,0.007665917074225037,2,1393.7109375,0.03220859490204031,-0.0042432432317364155,-0.025984387316326463
73666.5078125,73767.796875,73227.3203125,73648.6171875,11100,13.460000038146973,13.460000038146973,12.609999656677246,12.699999809265137,0,0.007665917074225037,51.987839134391315,73522.71303480145,117.89552221685881,780.6448682592471,0.010599586225384582,0.00121979123207816,1,540.4765625,-0.056463612684095055,0.0096641340691892,-0.008031275717912845
74048.9375,74059.890625,73688.3125,73738.453125,6400,12.699999809265137,12.699999809265137,9.859999656677246,10.199999809265137,0,0.00121979123207816,52.73994681982613,73543.25971005845,123.53149835087243,754.2611946335866,0.0102288719476523,0.0015525735915009609,1,371.578125,-0.19685039665718373,0.017236561025267827,0.004614071993572777
73957.5703125,74121.609375,73788.609375,73852.9375,6600,10.199999809265137,11.130000114440918,9.949999809265137,10.279999732971191,0,0.0015525735915009609,53.734587032871254,73572.75283291003,135.6720395003067,727.7536985883304,0.00985409278525083,0.006587415700289423,2,333.0,0.007843129921766057,0.010461442950129074,0.012465203515854562
73572.34375,74571.25,73556.1484375,74339.4375,11800,10.279999732971191,11.460000038146973,10.260000228881836,10.729999542236328,0,0.006587415700289423,57.799153932781635,73645.77042025194,182.44685619004304,748.2785460105925,0.010065700941180682,-0.008195935703710466,0,1015.1015625,0.043774301649235126,0.009379949534439547,0.025527259472909236
74509.3125,74515.90625,73616.6484375,73730.15625,13700,10.729999542236328,11.319999694824219,10.59000015258789,10.930000305175781,0,-0.008195935703710466,51.676110961451485,73653.80716594223,168.41099341202062,759.0627793312644,0.010295146761353357,0.012764451451979575,2,899.2578125,0.018639400882748625,-0.00011251761663533255,0.008781540657248454
73982.75,74721.1484375,73922.34375,74671.28125,9900,10.930000305175781,12.489999771118164,10.930000305175781,12.239999771118164,0,0.012764451451979575,58.916011574951234,73750.70945966202,230.5705198006035,775.6291656290313,0.010387248653631897,-0.0025243975574612554,1,798.8046875,0.1198535616986256,0.011080720384344822,0.013885719807833263
74800.890625,75111.390625,74346.3984375,74482.78125,8400,12.239999771118164,13.210000038146973,12.239999771118164,12.869999885559082,0,-0.0025243975574612554,57.071675436852686,73820.43058255134,261.60638213012135,774.8693814769576,0.010403335757241982,0.0017229233770053032,1,764.9921875,0.051470598547516566,0.0019282329113667895,0.010094165166961488
74391.7265625,74812.4296875,74360.6875,74611.109375,18400,12.869999885559082,13.949999809265137,12.869999885559082,13.449999809265137,0,0.0017229233770053032,58.0348189759094,73895.73332468931,293.17796079705295,751.7888676214607,0.010076098236831244,-0.009823750693962907,0,451.7421875,0.045066039538729896,0.011948342032708004,0.01026596775517552
75017.8203125,75095.1796875,73467.7265625,73878.1484375,15600,13.449999809265137,15.3100004196167,13.449999809265137,14.619999885559082,0,-0.009823750693962907,50.99703876159578,73894.05857352843,256.1026503703324,814.3363145770707,0.01102269523262334,0.00023539605915701145,1,1627.453125,0.0869888544896471,-0.01062165800858006,-0.00620517289359368
74196.6796875,74359.6875,73786.2890625,73895.5390625,11200,14.619999885559082,16.959999084472656,14.619999885559082,16.600000381469727,0,0.00023539605915701145,51.148410503532205,73894.1995724781,225.52378008876985,797.1264662144227,0.010787206864276642,-0.0051922958390693275,1,573.3984375,0.13543095153279672,-0.007884267714559856,0.0022430823547860967
73973.296875,74026.796875,73259.2578125,73511.8515625,7900,16.600000381469727,17.639999389648438,16.600000381469727,17.010000228881836,0,-0.0051922958390693275,47.651037238726666,73857.7854762897,168.38835431159532,795.0130802348211,0.010814760658815654,-0.0006184164394410496,1,767.5390625,0.02469878542110071,-0.014733165365161116,-0.01552711655794714
73225.0,73684.9296875,73073.921875,73466.390625,6500,17.010000228881836,18.31999969482422,16.459999084472656,17.079999923706055,0,-0.0006184164394410496,47.23888759757182,73820.50977616687,118.07866269916121,781.8698468251911,0.010642551514693949,-0.014458567257264132,0,611.0078125,0.004115208341112453,-0.005573472281162339,-0.013645981097141213
73499.4921875,73499.4921875,72334.1796875,72404.171875,9200,17.079999923706055,19.170000076293945,17.079999923706055,18.200000762939453,0,-0.014458567257264132,38.79538098712078,73685.62045224622,-7.4187869994784705,809.2586077662489,0.011176961034280857,0.003595053548148819,1,1165.3125,0.0655738199201572,-0.020182100386853086,-0.029579207687528086
72475.453125,72946.5390625,72366.2890625,72664.46875,11000,18.200000762939453,19.010000228881836,18.0,18.469999313354492,0,0.003595053548148819,41.552338053582275,73588.36790917515,-84.89403206821589,792.9008500686597,0.010911809632801583,0.0015367078906773912,1,580.25,0.014835084565756551,-0.01152715915173963,-0.016428128115944296
72476.6484375,72863.5625,71866.0078125,72776.1328125,13900,18.469999313354492,21.489999771118164,18.469999313354492,20.600000381469727,0,0.0015367078906773912,42.74384650136396,73511.01218568228,-135.71888254009536,807.5189813137555,0.011095931455910726,0.00451352043322073,1,997.5546875,0.11532220613431021,-0.00939555906623113,-0.015148495622357094
72696.71875,73286.2578125,72683.9921875,73104.609375,7100,20.600000381469727,21.8799991607666,20.110000610351562,20.200000762939453,0,0.00451352043322073,46.21720039132576,73472.30715609349,-147.7890096045012,792.8580272913443,0.010845527170855556,-0.0016083544663629823,1,602.265625,-0.019417456850636006,0.009673993664470748,-0.005539816762114347
73200.2265625,73301.46875,72822.65625,72987.03125,7700,20.200000762939453,20.65999984741211,19.8700008392334,20.270000457763672,0,-0.0016083544663629823,45.16111663180291,73426.0904031322,-164.94090819222038,770.4262039133912,0.010555658871429863,0.009271338872274049,2,478.8125,0.003465331296058416,0.004439067752765924,-0.006524879892995328
73338.2421875,73749.46875,72529.96875,73663.71875,9700,20.270000457763672,21.110000610351562,18.969999313354492,20.0,0,0.009271338872274049,51.96420372760193,73448.72167426247,-122.51856767613208,802.5029036338632,0.010894140524691651,0.003438768830822836,1,1219.5,-0.013320199884862771,0.012196112972734818,0.017396053878974138
73711.3125,74070.84375,73459.796875,73917.03125,11900,20.0,20.3700008392334,18.979999542236328,19.799999237060547,0,0.003438768830822836,54.25212714626505,73493.32258623748,-67.67820325269713,788.8274730171587,0.01067179592683058,0.0004908374888230593,1,611.046875,-0.0100000381469727,0.011113141591832854,0.017237620002554577
73842.9609375,74189.1875,73762.3671875,73953.3125,11000,20.530000686645508,22.299999237060547,20.530000686645508,21.809999465942383,0,0.0004908374888230593,54.5857676518916,73537.13114945297,-21.046613425191026,762.9698186945045,0.010316912020600897,0.0036205274780625185,1,426.8203125,0.10151516698645269,0.013239081429277988,0.016175353677185367
74165.5234375,74307.7890625,73860.328125,74221.0625,6200,21.809999465942383,22.290000915527344,18.18000030517578,21.469999313354492,0,0.0036205274780625185,57.07383362165745,73602.26746855269,37.0869297550671,740.4334700377542,0.009976055921292614,0.016127181721495853,2,447.4609375,-0.015589186653526599,0.007566055033028096,0.015271993579406118
74253.53125,75499.90625,74158.3515625,75418.0390625,11900,21.469999313354492,24.219999313354492,18.84000015258789,21.3799991607666,0,0.016127181721495853,66.03300577394518,73775.19809654767,177.69581979935174,783.370699856486,0.010387046780774763,-0.00010141390037554654,1,1341.5546875,-0.004191902909466361,0.02030665716840452,0.03330739407899941
75335.453125,75636.5,75244.21875,75410.390625,10300,21.3799991607666,21.899999618530273,20.59000015258789,21.709999084472656,0,-0.00010141390037554654,65.93830461095291,73930.93071830503,285.2243247366132,755.4357391524512,0.010017661132523158,-0.00026376504398328837,1,392.28125,0.015434983005594427,0.019702675590089314,0.023711426800591795
75655.4609375,76009.6796875,75175.2734375,75390.5,10200,21.709999084472656,26.200000762939453,18.43000030517578,23.190000534057617,0,-0.00026376504398328837,65.67451873641615,74069.93731656169,364.63316820900945,761.0764899272762,0.010095124583697894,-0.002918761316080931,1,834.40625,0.06817141925369685,0.015756140650775574,0.019934089953051348
75585.3984375,75585.3984375,75083.21875,75170.453125,6900,23.190000534057617,24.479999542236328,22.030000686645508,24.200000762939453,0,-0.002918761316080931,62.686789437777215,74174.74834593676,405.13911345705856,742.5838611824707,0.009878666820693995,-0.008880546275142565,0,502.1796875,0.0435532645805039,-0.003282847718896864,0.016458229981246575
74826.9375,74986.21875,74454.546875,74502.8984375,8200,24.200000762939453,24.770000457763672,23.549999237060547,24.18000030517578,0,-0.008880546275142565,54.57536179705761,74206.00073560946,379.0053449082916,740.67831752658,0.009941604059175366,-0.008285541743289992,0,531.671875,-0.0008264651707904358,-0.012034047032228878,0.003797250106733596
74365.8828125,74493.546875,73668.7265625,73885.6015625,11800,24.18000030517578,24.520000457763672,22.75,24.18000030517578,0,-0.008285541743289992,48.34561657020249,74175.48652864665,304.9679653341009,747.3564287746815,0.010115048303998593,0.0010247048937668257,1,824.8203125,0.0,-0.019961380246848126,-0.020319243499954287
74208.53125,74478.890625,73765.1484375,73961.3125,19200,24.18000030517578,24.809999465942383,22.600000381469727,24.600000381469727,0,0.0010247048937668257,49.11285609514119,74155.08900210889,249.5256719032186,744.9554115407757,0.010072230823929412,0.03390243716943231,2,713.7421875,0.017369729983172988,-0.0160853177642728,-0.019215894692893976
76583.2890625,76738.890625,75678.4296875,76468.78125,19300,24.600000381469727,24.600000381469727,19.110000610351562,20.940000534057617,0,0.03390243716943231,66.73537556265708,74375.44064476517,403.2703773701505,890.1427482164346,0.011640603311124886,-0.057405575232703177,0,1060.4609375,-0.14878047929499438,0.02638666217998442,0.014302614387754486
76285.78125,76300.4609375,70234.4296875,72079.046875,39100,20.940000534057617,31.709999084472656,18.799999237060547,26.75,0,-0.057405575232703177,40.37469666354375,74156.7364762161,168.9517163841956,1271.8719492366893,0.017645515643989838,0.03195374262501294,2,6066.03125,0.27745937525134146,-0.024450700126895875,-0.04112528422383377
73027.8828125,74534.8203125,71879.4375,74382.2421875,17200,26.75,26.93000030517578,18.65999984741211,18.889999389648438,0,0.03195374262501294,51.2543192845919,74178.21321062409,167.1740243993554,1370.6941537554972,0.018427706848367142,0.009306866862859087,2,2655.3828125,-0.2938317985178154,0.005691214410236345,-0.0016194839735157451
75078.703125,75297.7265625,74474.9375,75074.5078125,13300,18.889999389648438,18.889999389648438,16.559999465942383,16.799999237060547,0,0.009306866862859087,53.97278943012989,74263.57460127895,219.09959735254233,1338.179169558676,0.017824681220698826,0.021563265743188342,2,822.7890625,-0.1106405622084452,-0.01823323733827653,0.016091176424872122
75031.7890625,76795.3125,74941.8828125,76693.359375,29000,16.799999237060547,17.149999618530273,16.3700008392334,16.8799991607666,0,0.021563265743188342,59.641020541683595,74494.98267496667,386.4243207791005,1374.9827779830562,0.017928315947928916,-0.002650571726895312,1,1853.4296875,0.004761900436850874,0.06401739062951495,0.036938864152796125
76935.40625,77079.0390625,76379.7265625,76490.078125,17300,16.8799991607666,17.25,16.170000076293945,16.399999618530273,0,-0.002650571726895312,58.664053442294595,74684.99176544603,496.8993255061214,1326.7206152699807,0.01734500274796236,-0.0004377610249695074,1,699.3125,-0.02843599325241486,0.02833789188804836,0.0002785041771540264
76680.8984375,76860.53125,76296.4375,76456.59375,6700,16.399999618530273,16.399999618530273,14.680000305175781,14.770000457763672,0,-0.0004377610249695074,58.49408184385899,74853.71576397498,575.1200277793541,1272.2472677506962,0.016640124878054698,0.0019615909517287644,1,564.09375,-0.09939019504152147,0.01840952378871119,0.0607325854709424
76679.109375,77050.53125,76533.78125,76606.5703125,9700,14.770000457763672,14.770000457763672,13.170000076293945,14.390000343322754,0,0.0019615909517287644,59.066156485863786,75020.65429240593,641.8139216939453,1223.796570054218,0.0159750862760466,0.002667240214076827,1,516.75,-0.02572783362651665,-0.0011316372526548601,0.02990402090048594
77102.046875,77145.4609375,76719.703125,76810.8984375,7500,14.390000343322754,14.390000343322754,13.3100004196167,13.489999771118164,0,0.002667240214076827,59.87752806656658,75191.15373479585,703.0525332031684,1174.8747168360594,0.015295677315791838,0.002367828051744292,1,425.7578125,-0.06254347121139636,0.004194273562849737,0.02312889788550687
76912.3828125,77081.296875,76549.046875,76992.7734375,12400,13.489999771118164,13.489999771118164,12.65999984741211,12.819999694824219,0,0.002367828051744292,60.62566321432428,75362.73656362481,757.5280546624999,1128.9729513477694,0.01466336255913978,0.0040051445574995626,1,532.25,-0.04966642606832383,0.007012863916658674,0.0039040415616167223
77235.3125,77366.7734375,77071.4375,77301.140625,7400,12.819999694824219,13.420000076293945,12.630000114440918,12.970000267028809,0,0.0040051445574995626,61.922082266260794,75547.34647423198,816.1746000547137,1075.046311965786,0.013907250310587326,0.0004715729251245637,1,295.3359375,0.011700512930990836,0.00906671986053742,0.010603499432626506
77543.21875,77851.6328125,76954.8671875,77337.59375,11100,12.970000267028809,13.819999694824219,11.630000114440918,13.710000038146973,0,0.0004715729251245637,62.081024763954375,75717.84621478131,855.7295547061221,1062.3119771825154,0.013736036068260985,0.0018275192005181573,1,896.765625,0.05705472288996982,0.006857038821497019,0.011522877972836687
77554.828125,77643.09375,77100.359375,77478.9296875,8700,13.710000038146973,14.0600004196167,13.100000381469727,13.350000381469727,0,0.0018275192005181573,62.730588689335484,75885.56845027834,888.2426617155579,1025.1992913123356,0.013231975395727947,-0.0034723150033835193,1,542.734375,-0.026258180574440293,0.00631431013969963,0.011387526832769002
77729.4765625,77808.453125,76802.0,77209.8984375,23200,13.350000381469727,13.59000015258789,12.479999542236328,13.180000305175781,0,-0.0034723150033835193,60.602495591315844,76011.69511572803,882.1322878714855,1023.860279432883,0.013260738586020537,0.0016990009073278856,1,1006.453125,-0.012734087748035638,-0.001180347233718404,0.005194575354754649
76885.6484375,77423.0234375,76745.9375,77341.078125,13900,13.180000305175781,14.270000457763672,13.149999618530273,14.0600004196167,0,0.0016990009073278856,61.29203664335057,76138.30302137298,877.7566448270227,999.0906835805342,0.012917982368512972,0.00921173236489592,2,677.0859375,0.0667678371824727,4.505409117405712e-05,0.00452386207106481
77529.1875,78164.7109375,77459.6015625,78053.5234375,8800,14.0600004196167,14.460000038146973,13.84000015258789,14.3100004196167,0,0.00921173236489592,64.88650825290688,76320.70496576604,921.1587540391774,986.5579785033532,0.012639506008890454,0.00795257581161013,2,705.109375,0.017780938302903282,0.007416129163342111,0.009733139853005834
78094.0234375,78759.3984375,77945.9375,78674.25,8600,14.3100004196167,14.550000190734863,13.989999771118164,14.050000190734863,0,0.00795257581161013,67.70074555124549,76544.85211188355,994.1823687605065,974.1939041459708,0.012382627151145017,0.007231459944009533,2,813.4609375,-0.01816912797049386,0.018965852722696797,0.017283395890501208
78758.671875,79396.03125,78467.34375,79243.1796875,9600,14.050000190734863,14.609999656677246,13.920000076293945,14.149999618530273,0,0.007231459944009533,70.0686084545989,76801.83569051369,1085.449593328376,970.943446706973,0.012252706801215497,-0.0026557884959933498,1,928.6875,0.007117396899492867,0.024593677882609688,0.022770706914974737
79457.578125,79671.578125,78905.890625,79032.7265625,17200,14.149999618530273,14.289999961853027,13.6899995803833,13.800000190734863,0,-0.0026557884959933498,68.08037462691695,77014.30148784572,1127.7971741911897,956.2823076564748,0.012099826859702678,0.0056111051305980375,1,765.6875,-0.024734942560497686,0.012545277674544497,0.023608736209846715
79043.3515625,79561.0,78971.7890625,79476.1875,0,13.800000190734863,14.229999542236328,13.789999961853027,13.829999923706055,0,0.0056111051305980375,70.01138685116072,77248.7668223366,1183.4988901185716,930.0629240738696,0.011702409908299509,-0.0004370412835920101,1,589.2109375,0.0021738936635185002,0.010193138161469495,0.027606408221374945
79840.3671875,79855.8671875,79231.109375,79441.453125,0,13.829999923706055,14.010000228881836,13.319999694824219,13.640000343322754,0,-0.0004370412835920101,69.6559403868543,77457.59408925693,1210.8818354734394,908.2554161043074,0.011433016144294093,0.006864725260524951,2,624.7578125,-0.013738219915505723,0.0025020883599307098,0.017781768540037213
80013.7734375,80074.296875,79754.953125,79986.796875,0,13.640000343322754,13.720000267028809,12.869999885559082,13.210000038146973,0,0.006864725260524951,72.0548175099371,77698.470545042,1262.0396919711347,888.583154239714,0.011109122867219628,0.0007860672317989703,1,319.34375,-0.03152494826631591,0.012071838515472555,0.016683309659768053
80321.7890625,80392.640625,79986.40625,80049.671875,8800,13.210000038146973,13.210000038146973,12.260000228881836,12.859999656677246,0,0.0007860672317989703,72.32645608291067,77922.39448122848,1292.754084475353,854.1296700083058,0.010669995891326766,-0.0006629672709074219,1,406.234375,-0.0264951082860726,0.007215801273809275,0.0101774334482847
79778.9765625,80149.8671875,79478.9609375,79996.6015625,16200,12.859999656677246,12.989999771118164,12.079999923706055,12.699999809265137,0,-0.0006629672709074219,71.69299557082486,78119.93801277813,1297.8522977253742,841.0422828648553,0.01051347515316339,-0.0004527536081855299,1,670.90625,-0.012441668093593816,0.0069881455545190985,0.012195897091286101
79915.0,80067.4609375,79731.828125,79960.3828125,14100,12.699999809265137,13.760000228881836,12.699999809265137,13.600000381469727,0,-0.0004527536081855299,71.23445374466843,78295.2184698945,1284.167039756314,804.9416064102228,0.010066755286774195,0.004893145814690136,1,335.6328125,0.07086618785206644,-0.0003302302821461822,0.006092331901300652
80107.2109375,80397.171875,79998.5625,80351.640625,6200,13.600000381469727,14.399999618530273,12.789999961853027,14.279999732971191,0,0.004893145814690136,73.22659481054946,78491.06819895217,1290.02203875767,778.6449961309211,0.009690467924169048,-0.005312488757910794,0,398.609375,0.049999950913823366,0.0037722671802020713,0.011457336997195089
80481.359375,80481.359375,79435.7578125,79924.7734375,9300,14.279999732971191,14.920000076293945,13.40999984741211,14.430000305175781,0,-0.005312488757910794,67.71653135769665,78627.61155500435,1245.8560994993895,797.713322300141,0.009980801796378455,-0.00034319380988234727,1,1045.6015625,0.010504241947445703,-0.0008978897052756007,-0.0007754209434955861
80170.09375,80170.09375,79464.3828125,79897.34375,8200,14.430000305175781,14.430000305175781,12.680000305175781,14.0,0,-0.00034319380988234727,67.3657474478384,78748.53843071821,1194.867242109016,791.1417233858452,0.009901977791168373,0.007784989723140789,2,705.7109375,-0.02979905031752128,-0.0007883786980837915,-0.0019029200424189874
80093.6171875,80893.5078125,79843.390625,80519.34375,18400,14.0,14.050000190734863,13.220000267028809,13.729999542236328,0,0.007784989723140789,71.03046638249903,78917.1865563641,1190.9202200269938,809.6399708225706,0.010055223168936603,0.0018072132511637307,1,1050.1171875,-0.019285746983119467,0.002087115131633288,0.006534554934706671
80686.5390625,80862.5390625,80556.96875,80664.859375,16200,13.729999542236328,14.34000015258789,13.569999694824219,14.1899995803833,0,0.0018072132511637307,71.82753512016929,79083.63158671037,1185.8641674552782,776.3224952281013,0.009624048206903619,0.0006407684882918652,1,305.5703125,0.03350328138991676,0.009259781487885421,0.008810320032508256
80731.4921875,80898.296875,80598.0625,80716.546875,8700,14.1899995803833,14.59000015258789,13.800000190734863,14.220000267028809,0,0.0006407684882918652,72.120957147164,79239.14732845225,1172.511970512176,742.3162009260941,0.00919658025108119,0.007766859296779005,2,300.234375,0.0021142133567770838,0.010253195995642894,0.0045413665130127345
80514.25,81522.546875,80390.3671875,81343.4609375,9300,14.220000267028809,14.710000038146973,13.75,14.510000228881836,0,0.007766859296779005,75.4595100612089,79439.55814836157,1198.6991263771051,770.1635928242302,0.009468045543525412,-0.009082629279416388,0,1132.1796875,0.02039380846746086,0.010235021165333258,0.01775028491146613
81585.0625,81587.7578125,80499.1015625,80604.6484375,16100,14.510000228881836,14.970000267028809,12.739999771118164,14.829999923706055,0,-0.009082629279416388,65.50408723340885,79550.51912827953,1146.6191302441875,792.9130683367852,0.00983706378859281,-0.0012725111328973915,1,1088.65625,0.02205373465034599,-0.0007464333040002602,0.008852668365461058
80408.8984375,80800.921875,80100.6484375,80502.078125,11400,14.829999923706055,15.630000114440918,13.119999885559082,15.4399995803833,0,-0.0012725111328973915,64.23700975207387,79641.14379463386,1084.5665826443874,786.2959518484433,0.009767399428217473,-0.0009072941245887867,1,700.2734375,0.041132815901242736,-0.0026570605198477093,-0.00021442828761253363
80724.296875,80766.40625,79224.3203125,80429.0390625,13100,15.4399995803833,16.06999969482422,12.59000015258789,12.75,0,-0.0009072941245887867,63.29805783506047,79716.18143919253,1017.7637032411876,840.2809508235545,0.010447482160896972,-0.003483272376066715,1,1542.0859375,-0.17422277548510923,-0.011241492118248986,-0.00292345780216019
80343.3828125,80519.578125,79750.5078125,80148.8828125,9900,12.75,14.039999961853027,11.619999885559082,11.760000228881836,0,-0.003483272376066715,59.69379044761969,79757.39109379324,931.4781714781129,835.1944766575863,0.0104205379707093,-0.0013610412730916677,1,769.0703125,-0.0776470408720129,-0.005654334257823801,-0.007032809064281498
79542.109375,80143.1015625,79477.828125,80039.796875,9700,11.760000228881836,13.220000267028809,11.279999732971191,12.619999885559082,0,-0.0013610412730916677,58.301720291015734,79784.2868824796,844.5583989118459,823.470206003473,0.010288259567793574,0.01615348770836067,2,665.2734375,0.07312922108327347,-0.005742475980336725,-0.016026660870769538
80158.5,81427.1796875,80013.6015625,81332.71875,18400,12.619999885559082,13.140000343322754,11.979999542236328,12.25,0,0.01615348770836067,67.86655472589818,79931.75658414821,869.9733318139333,865.6207716460821,0.010642958761858456,0.0002843259189586611,1,1413.578125,-0.029318533194478746,0.011235738957390273,0.009032609491058441
81679.6484375,81908.4296875,81135.90625,81355.84375,19400,12.25,13.260000228881836,12.029999732971191,12.949999809265137,0,0.0002843259189586611,68.00790483339277,80067.38393327696,881.8158196225268,858.9709620642191,0.01055819622132822,0.0012236943643031406,1,772.5234375,0.05714284157266425,0.015058986415612985,0.01060551037793478
81349.28125,81815.2734375,81230.4375,81455.3984375,10800,12.949999809265137,13.260000228881836,11.720000267028809,12.880000114440918,0,0.0012236943643031406,68.64731313622228,80199.57579082201,888.9866233799985,839.3898888810606,0.010304901884742692,0.003510452566497513,1,584.8359375,-0.005405381919321495,0.017686221327007923,0.01276105480015044
81655.8984375,81828.0390625,81434.3203125,81741.34375,6900,12.880000114440918,13.390000343322754,11.619999885559082,13.25,0,0.003510452566497513,70.47274099166489,80346.41083455324,907.2843250602891,807.556236103842,0.009879409843979253,0.001543932595309272,1,393.71875,0.02872669893412838,0.005024115832842568,0.01986878521096047
81949.6796875,82129.4921875,81700.2109375,81867.546875,14500,13.25,13.3100004196167,11.979999542236328,12.930000305175781,0,0.001543932595309272,71.26785564803657,80491.28093364341,921.348194467253,780.5365942392818,0.009534139277814801,-0.010817396927162992,0,429.28125,-0.024150920364091943,0.006289691083192883,0.022835515223188718
81158.9921875,81345.6015625,80868.90625,80981.953125,19500,12.930000305175781,14.510000228881836,11.6899995803833,14.319999694824219,0,-0.010817396927162992,59.21736289602483,80538.01161853451,851.2215457750717,796.1154535793331,0.009830776152687824,-0.02744506154438342,0,476.6953125,0.10750188374643965,-0.005812325782965422,-0.004312724699123582
78588.1875,79780.609375,78295.859375,78759.3984375,25100,14.319999694824219,23.149999618530273,13.90999984741211,20.3700008392334,0,-0.02744506154438342,40.64342441207348,80368.61988700741,609.2806744831905,931.1139033236665,0.011822257683475803,-0.0021118511352266056,1,1484.75,0.4224861224400638,-0.03648025803955546,-0.03191467499837708
78981.96875,79852.078125,78496.5703125,78593.0703125,8900,20.3700008392334,20.3700008392334,14.869999885559082,18.739999771118164,0,-0.0021118511352266056,39.64134702388143,80199.5199275305,399.51415082735184,961.427753979119,0.012232983775240127,0.011132501841715658,2,1355.5078125,-0.08001968585959951,-0.0399972478410725,-0.03513982105429436
79565.3984375,79639.203125,79106.203125,79468.0078125,8600,18.739999771118164,18.739999771118164,13.720000267028809,16.170000076293945,0,0.011132501841715658,47.03853989307451,80129.85210705141,300.4098755889863,967.4781153020391,0.012174435246756729,-0.007321047532394376,0,533.0,-0.1371397932877816,-0.018694848099837014,-0.02781133552750048
79420.4921875,79626.921875,78798.9375,78886.21875,8900,16.170000076293945,17.229999542236328,14.380000114440918,16.600000381469727,0,-0.007321047532394376,43.24345903103616,80011.41083495127,172.93007803084038,957.5142767090364,0.012137915746012815,0.010390756623760655,2,827.984375,0.026592473911375203,0.0016102244940410237,-0.03641648295083355
79984.2421875,79984.2421875,79549.09375,79705.90625,8800,16.600000381469727,16.600000381469727,13.430000305175781,15.34000015258789,0,0.010390756623760655,49.43355099636467,79982.315160194,136.4702072598593,967.5506453369624,0.01213900814705262,-0.0007149329037332564,1,435.1484375,-0.07590362650162052,0.014159466389023434,-0.015757175836823234
79330.1171875,80106.1796875,79226.1328125,79648.921875,10500,15.34000015258789,16.559999465942383,13.399999618530273,15.869999885559082,0,-0.0007149329037332564,49.03317927454521,79950.56341874695,101.80380329671607,961.3003760271794,0.012069220190272404,-0.00869930952847564,0,880.046875,0.03455017781611813,0.0022765647142792833,0.011294187806752731
79552.5078125,79692.546875,78889.3828125,78956.03125,7400,15.869999885559082,16.3799991607666,14.220000267028809,16.170000076293945,0,-0.00869930952847564,44.33155292862787,79855.84606934249,18.210031778071425,950.0049250609524,0.012032075447826569,0.0018979115354154086,1,803.1640625,0.018903603837316263,0.0008849771367702708,0.004618230793844935
79065.21875,79228.9375,78895.71875,79105.8828125,10700,16.170000076293945,16.219999313354492,13.819999694824219,15.4399995803833,0,0.0018979115354154086,45.54761635566219,79784.42099726225,-35.53721478814259,905.9487696994557,0.011452356480829278,0.016825056369760727,2,333.21875,-0.04514536131517177,-0.007527967069567043,-0.004556865208631078
79754.8515625,80518.2109375,79306.6875,80436.84375,13100,15.4399995803833,15.4399995803833,12.949999809265137,14.399999618530273,0,0.016825056369760727,54.9588276516028,79846.556497523,28.931623683223734,942.1187236494945,0.011712527241591258,-0.00015122500999420474,1,1211.5234375,-0.06735751231330078,0.009892436161741847,0.019656475168547738
80680.25,80724.3984375,80332.6484375,80424.6796875,10300,14.399999618530273,14.829999923706055,13.199999809265137,14.319999694824219,0,-0.00015122500999420474,54.8654966428215,79901.61584894938,78.14133973701973,902.8066719602449,0.01122549291421752,0.004702284037306326,1,391.75,-0.005555550404536702,0.018600839153753768,0.0090178190214103
80722.5390625,80942.9609375,80517.953125,80802.859375,6600,14.319999694824219,14.319999694824219,11.430000305175781,13.819999694824219,0,0.004702284037306326,57.29369804440699,79987.44856571611,145.97364117819234,875.340570391656,0.010833039537985483,0.0012677459782035605,1,425.0078125,-0.03491620186142308,0.02145196415445172,0.014487798112458705
80667.25,80952.828125,80626.3828125,80905.296875,5800,13.819999694824219,14.050000190734863,11.819999694824219,13.329999923706055,0,0.0012677459782035605,57.953556460708725,80074.86269040982,205.62674183804484,836.1337662565377,0.010334722182014583,0.0018279473744282626,1,326.4453125,-0.03545584529221635,0.0058238625878455075,0.02468798892421531
81207.2421875,81236.453125,80954.0234375,81053.1875,5800,13.329999923706055,13.779999732971191,10.960000038146973,13.0,0,0.0018279473744282626,58.93993759177374,80168.03648179935,261.8177196560282,800.063943666785,0.009870851083639184,0.00040742922664205317,1,282.4296875,-0.024756183465476478,0.007814862489252672,0.0246164332950507
81165.6484375,81231.4921875,80883.2578125,81086.2109375,10400,13.0,13.619999885559082,10.84000015258789,13.550000190734863,0,0.00040742922664205317,59.1702717221647,80255.48166805656,305.49266059996444,767.790403047729,0.009468815895707965,0.007546269956696383,2,348.234375,0.04230770697960495,0.0035067021723202974,0.00807300681163281
81388.2578125,81824.2734375,81278.4375,81698.109375,16200,13.550000190734863,13.989999771118164,12.010000228881836,13.800000190734863,0,0.007546269956696383,63.28059580433627,80392.87478300354,385.0419323013193,765.6669814014627,0.009371905754721913,0.00016705940448824563,1,545.8359375,0.018450184242133405,0.0097992656923922,0.015833817336271316
81815.2265625,81919.109375,81600.5078125,81711.7578125,5700,13.800000190734863,14.010000228881836,12.710000038146973,13.630000114440918,0,0.00016705940448824563,63.36917557336268,80518.48269057464,444.0676822690293,733.7337371942155,0.008979536811310296,0.0009032321599218296,1,318.6015625,-0.012318845937993594,0.00812516241264416,0.011248344978509683
81779.84375,82039.2578125,81578.3203125,81785.5625,5100,13.630000114440918,14.09000015258789,12.039999961853027,13.949999809265137,0,0.0009032321599218296,63.876648235747375,80639.15695813896,491.1398810212995,714.248291680343,0.008733183093047051,0.004267829973046977,1,460.9375,0.023477600303552393,0.008624790262293125,0.010880197700281924
81822.5625,82285.828125,81682.78125,82134.609375,8400,13.949999809265137,14.140000343322754,12.479999542236328,13.789999961853027,0,0.004267829973046977,66.25747619128097,80781.58099784002,550.2669682942069,706.3053333460327,0.008599363151789906,0.002814453788226867,1,603.046875,-0.011469523268799131,0.005342840897289758,0.013342126427785539
82637.03125,82637.03125,82256.0234375,82365.7734375,10300,13.789999961853027,13.90999984741211,12.539999961853027,13.390000343322754,0,0.002814453788226867,67.77239464988219,80932.45646828382,608.7611987126438,691.742229178459,0.008398418424412175,0.0023562009363908842,1,381.0078125,-0.02900649888591611,0.00800393532716237,0.015780272443440158
82725.28125,82725.28125,82440.9296875,82559.84375,9500,13.390000343322754,14.25,12.630000114440918,14.0600004196167,0,0.0023562009363908842,69.02953256498151,81087.44573320917,663.1339546107192,668.011199415712,0.008091236236329626,-5.337037716957038e-05,1,284.3515625,0.05003734571433793,0.009467211893297245,0.010547788456702012
82652.6875,82675.0625,82400.7578125,82555.4375,4300,14.0600004196167,14.149999618530273,12.6899995803833,13.84000015258789,0,-5.337037716957038e-05,68.96375610327915,81227.25447290353,697.8251143073576,639.8893057074469,0.007751025554282198,-0.0024564932503688963,1,274.3046875,-0.01564724469864609,0.0051236394523852535,0.010325070835410788
81845.5,82408.5390625,81833.6875,82352.640625,9100,13.84000015258789,14.5600004196167,12.8100004196167,14.380000114440918,0,-0.0024564932503688963,65.85353355201757,81334.43410643653,700.874846385268,645.736498156915,0.007841114665616286,-0.0018394598382072136,1,574.8515625,0.03901733785400685,-0.00015944502129838778,0.00693371920013397
82469.7890625,82617.4921875,82130.4375,82201.15625,7000,14.380000114440918,14.380000114440918,13.34000015258789,14.210000038146973,0,-0.0018394598382072136,63.5480396343293,81416.9790724902,683.1928362311155,634.4020831099925,0.00771767833995635,-0.012374844940213348,0,487.0546875,-0.01182198017670566,-0.004344575809592688,0.0008102172215389558
82171.078125,82254.7890625,80981.9296875,81183.9296875,14500,14.210000038146973,15.670000076293945,12.350000381469727,15.220000267028809,0,-0.012374844940213348,50.709661916725075,81394.78389296732,580.407457634763,680.0061753878501,0.008376118007657267,0.004626646880063978,2,1272.859375,0.0710767224609763,-0.016613173572001205,-0.014348723998771074
80973.75,81653.359375,80895.046875,81559.5390625,7800,15.220000267028809,15.5600004196167,14.109999656677246,14.239999771118164,0,0.004626646880063978,54.37500190603221,81410.47486149424,523.2264136332233,685.5994842887179,0.008406122596687743,0.004435410059426381,2,758.3125,-0.06438899334539605,-0.009630554120437451,-0.0121161165291086
81768.71875,82196.546875,81445.296875,81921.2890625,5600,14.239999771118164,14.239999771118164,12.170000076293945,13.359999656677246,0,0.004435410059426381,57.64197089619845,81459.1238330186,501.32130606925057,690.2888068395238,0.00842624444438226,-0.004859943209588047,0,751.25,-0.06179776183885555,-0.003404662419210225,-0.00768148600145202
81928.1171875,82134.953125,81423.140625,81523.15625,7800,13.359999656677246,13.770000457763672,11.329999923706055,13.630000114440918,0,-0.004859943209588047,53.13268250974254,81465.22215844541,446.6862389627786,691.8262134938435,0.008486254032808543,0.01765823054109239,2,711.8125,0.020209615621414212,0.004178493992663013,-0.010072347027427209
81930.1796875,83116.1875,81534.2890625,82962.7109375,8300,13.630000114440918,13.630000114440918,11.140000343322754,13.180000305175781,0,0.01765823054109239,64.07580216831033,81607.84013740298,513.6268168541574,756.1980018157118,0.009114914318378457,-0.0008651288836748483,1,1581.8984375,-0.03301539291906275,0.01720426440768308,0.009264525248086075
83091.546875,83092.9296875,82653.21875,82890.9375,12700,13.180000305175781,13.180000305175781,12.470000267028809,12.550000190734863,0,-0.0008651288836748483,63.28243451139699,81730.03988622174,554.4943251240038,733.591782936018,0.008850084280154486,0.0011803914028598594,1,439.7109375,-0.04779970408600953,0.011836342525814336,0.02102642504582808
82985.328125,83184.34375,82832.8203125,82988.78125,6900,12.550000190734863,12.960000038146973,12.3100004196167,12.460000038146973,0,0.0011803914028598594,63.937952845188455,81849.92001610537,587.9992039664794,706.3011868334453,0.008510803221772164,0.0010950275281937927,1,351.5234375,-0.007171326790443744,0.017978020815404783,0.017523912027074484
83084.6328125,83152.40625,82866.6796875,83079.65625,9800,12.460000038146973,12.75,11.880000114440918,12.59000015258789,0,0.0010950275281937927,64.57061319672898,81967.03775266676,614.7979072878952,676.2601422381993,0.00813990058171671,-0.0015819719704244228,1,285.7265625,0.010433395990603112,0.001409612959587303,0.014140001955001535
83037.1328125,83326.3828125,82700.6328125,82948.2265625,5100,12.59000015258789,13.850000381469727,12.260000228881836,13.369999885559082,0,-0.0015819719704244228,62.85317469458957,82060.48430598421,618.3033788953908,672.6522749354707,0.008109302667593975,0.0028520237538984805,1,625.75,0.06195390973135617,0.000691137827944166,0.0174805586296225
83359.171875,83773.609375,83071.65625,83184.796875,6600,13.369999885559082,13.369999885559082,12.100000381469727,12.470000267028809,0,0.0028520237538984805,64.67449414414433,82167.56169350952,632.8753444978938,683.5615990472228,0.008217386165820613,0.016343318443668542,2,701.953125,-0.06731485611322718,0.0023619532911263175,0.002676936842954669
83603.0390625,84694.4609375,83187.640625,84544.3125,28700,12.470000267028809,13.109999656677246,10.899999618530273,12.789999961853027,0,0.016343318443668542,72.89825277885353,82393.91891317528,745.5312609158427,742.5689178652783,0.008783191865984814,0.0045455083096217486,2,1506.8203125,0.025661562788439563,0.017629541528104253,0.019946390400036096
84651.1484375,84980.53125,84607.3828125,84928.609375,11100,12.789999961853027,14.029999732971191,12.430000305175781,13.789999961853027,0,0.0045455083096217486,74.69179128892668,82635.31800477763,855.9545215177641,720.6867630177585,0.008485794932018554,-0.00017155953226155596,1,373.1484375,0.07818608311044262,0.023874926500180305,0.02337458263372194
84860.7265625,85163.2265625,84716.0703125,84914.0390625,8700,13.789999961853027,14.109999656677246,12.739999771118164,13.390000343322754,0,-0.00017155953226155596,74.49051108361073,82852.33905789405,931.5517005190632,701.1488692307757,0.008257160735396219,0.003012789496583679,1,447.15625,-0.02900649888591611,0.020787959488540952,0.022079807443834865
84836.453125,85247.421875,84743.0390625,85169.8671875,13500,13.390000343322754,13.609999656677246,8.979999542236328,12.739999771118164,0,0.003012789496583679,75.72734010506205,83073.05602261843,1000.5722273660213,687.0941508928632,0.008067338526902211,0.007822602312309135,2,504.3828125,-0.04854373080944152,0.007399133886149878,0.026783461408014908
85167.5625,85930.4296875,85106.7421875,85836.1171875,9100,12.739999771118164,12.739999771118164,11.350000381469727,12.0,0,0.007822602312309135,78.63288396493806,83336.20470498811,1096.393754355886,696.8508186862301,0.008118387009095862,-0.0030787229625349744,1,823.6875,-0.0580847554484073,0.010685537172673065,0.031872654765077835
85893.84375,85978.25,85474.578125,85571.8515625,9400,12.0,12.079999923706055,10.5,11.960000038146973,0,-0.0030787229625349744,74.80776555148833,83549.12345332258,1137.8920660504518,683.0523227086422,0.007982208053658325,-0.014865522824066835,0,503.671875,-0.0033333301544189453,0.007746804971976662,0.01215385201103869
85208.7578125,85359.6484375,84257.140625,84299.78125,11000,11.960000038146973,13.239999771118164,11.600000381469727,12.789999961853027,0,-0.014865522824066835,59.742433333763856,83620.61467205377,1055.9618629216857,728.1707951937393,0.008637872891203253,-0.0003972986288146574,1,1102.5078125,0.06939798671059627,-0.010215889330724481,-0.007404196649722916
84257.171875,84648.3984375,84098.9375,84266.2890625,6000,12.789999961853027,12.789999961853027,11.710000038146973,11.989999771118164,0,-0.0003972986288146574,59.403230731340244,83682.10747114389,977.0660379584442,715.4058053584722,0.008489822125997009,-0.02099519890673951,0,549.4609375,-0.0625488814011661,-0.01828866654779915,-0.007628302777155982
83002.09375,83752.8125,82434.0234375,82497.1015625,19700,11.989999771118164,13.930000305175781,11.6899995803833,13.170000076293945,0,-0.02099519890673951,44.90068442685841,83569.24976555875,762.9866475974122,795.1815067614385,0.009638902357787771,-0.009802143616977399,0,1318.7890625,0.09841537345298357,-0.035931792334238155,-0.03138158732965912
82244.25,83368.3203125,81532.6796875,81688.453125,19200,13.170000076293945,14.479999542236328,12.289999961853027,14.130000114440918,0,-0.009802143616977399,40.08372644641827,83390.12627598173,522.0580573134357,869.5000152070501,0.010644099403823177,-0.007815708347702954,0,1835.640625,0.07289294097081878,-0.030976689218870312,-0.04832073255876501
81926.9921875,82137.7734375,80726.0625,81050.0,17700,14.130000114440918,15.5,13.619999885559082,15.079999923706055,0,-0.007815708347702954,36.73306171795166,83167.25710684061,276.41622809022374,908.2293667994036,0.011205791077105535,0.007215453423812468,2,1411.7109375,0.06723282389037166,-0.038168158326213786,-0.05284274536466382
80826.5625,81763.28125,80813.0703125,81634.8125,7200,15.079999923706055,15.5600004196167,13.880000114440918,14.59000015258789,0,0.007215453423812468,41.552548328671115,83021.31000142722,127.46347040150431,911.2280504208748,0.011162248341305062,-0.002054404638952234,1,950.2109375,-0.032493353686817605,-0.010452355854547513,-0.03161299721640731
81954.578125,82319.2109375,81342.890625,81467.1015625,7500,14.59000015258789,14.59000015258789,12.699999809265137,14.119999885559082,0,-0.002054404638952234,40.59744128955841,82873.29015010082,-4.068633575720014,915.8774977122409,0.011242298794803658,0.0017713246787023351,1,976.3203125,-0.03221386306465823,-0.002709704420051695,-0.03321835494528369
81832.65625,82002.84375,81538.9375,81611.40625,7600,14.119999885559082,14.119999885559082,11.729999542236328,13.5,0,0.0017713246787023351,41.836267502734614,82753.11073104359,-95.56300055414613,888.7249755542236,0.010889715254161837,-0.002818807879566454,1,463.90625,-0.0439093406929254,0.006926665638494756,-0.010736077943647504
81478.4921875,81671.3828125,81304.1484375,81381.359375,8700,13.5,13.699999809265137,11.539999961853027,13.220000267028809,0,-0.002818807879566454,40.39015739243516,82622.46774475373,-184.5089020266605,851.4756469432077,0.010462784764010434,0.007270553165296123,2,367.234375,-0.020740720960829018,-0.0031047186517394465,-0.003759328745399082
81576.9296875,82072.171875,81541.203125,81973.046875,7700,13.220000267028809,13.739999771118164,12.920000076293945,13.0,0,0.007270553165296123,45.598724382604495,82560.61813811051,-204.89305386949854,839.9997078758357,0.01024726711887072,-0.001865609408580382,1,530.96875,-0.016641472207644226,0.006210424856122332,0.011388610425663082
82101.859375,82300.4375,81635.5703125,81820.1171875,5500,13.0,13.359999656677246,10.920000076293945,13.0,0,-0.001865609408580382,44.51604238313322,82490.09423805236,-230.72809885894821,827.4902421347045,0.010113530395445628,-0.0038958366653218945,1,664.8671875,0.0,0.0025573746010534304,0.002269922375334632
81646.6015625,81932.1484375,81358.2578125,81501.359375,5600,13.0,13.5600004196167,11.4399995803833,13.050000190734863,0,-0.0038958366653218945,42.26352742100103,82395.92901299975,-273.7678245759598,809.3759837679399,0.009930828025136115,-0.006070450895470092,0,573.890625,0.0038461685180664062,0.0014745391441184363,0.00042051100190088064
81758.0703125,81781.3984375,80905.640625,81006.609375,6800,13.050000190734863,13.470000267028809,11.0600004196167,13.390000343322754,0,-0.006070450895470092,38.9676923309387,82263.61285699978,-343.8357826211868,814.117542963087,0.01005001381053158,0.0026928744047312048,1,875.7578125,0.02605365115850966,-0.011789698405058835,-0.007410690524647046
80749.2578125,81391.1484375,80409.25,81224.75,9300,13.390000343322754,14.0600004196167,12.869999885559082,13.039999961853027,0,0.0026928744047312048,41.146928501380756,82164.67353728552,-377.41244311106857,826.1018925728665,0.010170568608372036,-0.0009046080474239826,1,981.8984375,-0.026138937452997335,-0.007276537946476536,-0.0019243887814450744
81770.0234375,81770.0234375,80811.2265625,81151.2734375,7600,13.039999961853027,14.199999809265137,12.550000190734863,13.760000228881836,0,-0.0009046080474239826,40.620802258925565,82068.15924206785,-405.2793251973344,835.5801056033761,0.010296574165862129,-0.011466914172538312,0,958.796875,0.05521474456557396,-0.004295461329536843,-0.010024922444972884
81155.078125,81504.2421875,80149.53125,80220.71875,5600,13.760000228881836,14.520000457763672,9.470000267028809,14.399999618530273,0,-0.011466914172538312,34.588749188097125,81892.21252853758,-496.7260674279096,872.6608793102778,0.010878248074912415,-0.0017295056646448037,1,1354.7109375,0.04651158277636491,-0.009701561774569711,-0.019547740732695384
79921.1328125,80646.3125,79891.6796875,80081.9765625,6200,14.399999618530273,15.029999732971191,11.739999771118164,14.619999885559082,0,-0.0017295056646448037,33.78324221532745,81719.80910320068,-573.7794323672133,864.2303031095437,0.01079182033469235,-0.00021003867813962351,1,754.6328125,0.015277796726168358,-0.014069276144278664,-0.017415449550592266
80098.296875,80259.8203125,79813.0234375,80065.15625,4800,14.619999885559082,14.899999618530273,12.699999809265137,13.970000267028809,0,-0.00021003867813962351,33.68083571798253,81562.22311718157,-628.9518721929635,834.4136296731477,0.010421682399116628,-0.008279096907401584,0,446.796875,-0.044459618578541193,-0.013383858829233208,-0.011621929769233708
80187.34375,80253.1875,79137.9765625,79402.2890625,13900,13.970000267028809,15.079999923706055,13.350000381469727,14.630000114440918,0,-0.008279096907401584,29.841751499323834,81356.5151119738,-717.8888941682089,854.4705802322086,0.010761283967010427,0.0075910909763010626,2,1115.2109375,0.04724408266260394,-0.010202223319022541,-0.022437261271964548
79653.671875,80539.8125,79418.8203125,80005.0390625,10800,14.630000114440918,15.479999542236328,13.539999961853027,14.289999961853027,0,0.0075910909763010626,36.88645524274516,81227.803107262,-731.3052060386399,874.6886414656223,0.010932919372519959,0.004549615771272331,1,1120.9921875,-0.023239928224763617,-0.0009607342788293671,-0.014124662823471135
80037.203125,80450.4765625,79421.3515625,80369.03125,9600,14.289999961853027,15.029999732971191,13.5600004196167,14.520000457763672,0,0.004549615771272331,40.75523079162449,81146.01531133229,-704.4461852130335,885.7198099323634,0.01102066052254877,-0.00531114480118855,1,1029.125,0.016095206194865597,0.0037953463682898203,0.0018488054247207675
80237.8515625,80435.609375,79821.9921875,79942.1796875,5900,14.520000457763672,15.699999809265137,14.279999732971191,15.510000228881836,0,-0.00531114480118855,37.826893270977536,81031.36429953875,-709.4257529683236,866.2839083300518,0.010836380890744046,-0.0069189655531307626,0,613.6171875,0.06818180026907794,0.006799434013483374,-0.0017456721349889959
80044.953125,80044.953125,79287.9296875,79389.0625,9300,15.510000228881836,16.239999771118164,14.649999618530273,15.550000190734863,0,-0.0069189655531307626,34.37970586937149,80874.95460434457,-749.3658081558824,858.479588985048,0.010813575093987891,0.0042204137062331615,1,757.0234375,0.0025789788048191653,-0.00769922207048479,-0.008444294393043172
80023.75,80023.75,79655.546875,79724.1171875,2300,15.550000190734863,16.1299991607666,13.630000114440918,15.899999618530273,0,0.0042204137062331615,38.06188915593471,80765.35104083557,-745.390083637234,842.4944397718303,0.010567623317676895,-0.011814179112009993,0,368.203125,0.022508001511405196,-0.008024410055334608,0.004053134094744726
79713.140625,79713.140625,78232.6015625,78782.2421875,9500,15.899999618530273,17.600000381469727,14.779999732971191,16.690000534057617,0,-0.011814179112009993,32.53500499424109,80576.4835309941,-808.9160535028059,888.8530958595567,0.011282404145646248,0.008814050041218158,2,1480.5390625,0.04968559336357825,-0.014509705696470698,-0.015283998224721151
78542.15625,79523.1328125,78296.703125,79476.6328125,8600,16.690000534057617,19.020000457763672,15.800000190734863,16.1200008392334,0,0.008814050041218158,39.508919609515,80471.73584351847,-794.075711619691,912.9657095481598,0.011487221806464975,0.011342956641442026,2,1226.4296875,-0.03415216756051487,0.0011030526087898451,-0.01110376003816771
79771.8203125,80569.7265625,79459.1171875,80378.1328125,20200,16.1200008392334,20.75,14.710000038146973,14.869999885559082,0,0.011342956641442026,47.147462813653746,80462.82126913576,-701.4848373623099,927.0831142232912,0.011534021527794385,-0.010405115430473622,0,1110.609375,-0.07754347944151607,0.008203485320029902,0.005453355496487289
80563.421875,80563.421875,79419.34375,79541.7890625,8200,14.869999885559082,15.520000457763672,14.270000457763672,14.9399995803833,0,-0.010405115430473622,41.86567377166494,80375.10391612283,-687.6648807519814,942.5827578501991,0.011850157872480895,-0.0006973535628727046,1,1144.078125,0.004707444207326272,0.009641092382116856,0.0019237733472416974
79611.8984375,79807.2578125,79117.3671875,79486.3203125,10300,14.9399995803833,15.729999542236328,14.390000343322754,14.470000267028809,0,-0.0006973535628727046,41.53334504668806,80290.45785863494,-673.4255001512793,924.5333197894706,0.011631351359009617,0.00012364548970644762,1,689.890625,-0.03145912493676484,0.00012189117300498431,-0.0029827470455487948
79298.4609375,80102.140625,79001.34375,79496.1484375,16900,14.470000267028809,15.470000267028809,13.119999885559082,14.270000457763672,0,0.00012364548970644762,41.62176854768685,80214.80934233638,-653.810915633323,937.1235737330799,0.011788289019685625,-0.01032715126627104,0,1100.796875,-0.01382168663264327,-0.010972939332360765,0.009061766080494582
79644.953125,79820.9765625,78547.84375,78675.1796875,6400,14.270000457763672,14.84000015258789,12.739999771118164,14.59000015258789,0,-0.01032715126627104,36.63725254099751,80068.17794663768,-696.4829116305627,961.1242336450026,0.012216358926190125,-0.012510000821216782,0,1273.1328125,0.022424645028663592,-0.010895019903551129,-0.010084135382166681
78495.53125,78690.0234375,77533.296875,77690.953125,7400,14.59000015258789,15.869999885559082,13.930000305175781,15.4399995803833,0,-0.012510000821216782,31.73110308433661,79841.77558267218,-800.4920597864693,975.0958285632167,0.012550957213697032,-0.0014241120819046271,1,1156.7265625,0.05825904173446106,-0.022587121663721788,-0.033431725687985914
77636.9375,78055.5234375,77424.8125,77580.3125,10100,15.4399995803833,15.6899995803833,13.40999984741211,14.779999732971191,0,-0.0014241120819046271,31.22490187278838,79626.3981462272,-881.6843247543438,950.4969077729869,0.012251779828458244,-0.0031103856084622183,1,630.7109375,-0.042746105268723356,-0.02409973281920985,-0.024659698827729004
77863.5390625,77886.96875,76965.0625,77339.0078125,8200,14.779999732971191,16.579999923706055,13.760000228881836,15.170000076293945,0,-0.0031103856084622183,30.097185923192242,79408.551447777,-954.4981903302833,948.4547179320592,0.012263600798079597,0.0030951392676299427,1,921.90625,0.026387033177865504,-0.016983397817549428,-0.02701486861585556
77548.0,78451.6484375,77411.3125,77578.3828125,7200,15.170000076293945,16.18000030517578,12.729999542236328,15.65999984741211,0,0.0030951392676299427,32.694053435306714,79234.24967298872,-981.5731768603728,960.1822827226264,0.01237693089121619,-0.005447313216381033,1,1040.3359375,0.03230057802596087,-0.0014489500768368746,-0.024124006793961206
77711.109375,77711.109375,76802.7265625,77155.7890625,8800,15.65999984741211,16.780000686645508,14.84000015258789,15.989999771118164,0,-0.005447313216381033,30.53723398073852,79036.30104341837,-1025.3109363712865,956.4823205638673,0.012396766751864458,0.025420261218652485,2,908.3828125,0.021072792268295615,-0.005472051140551937,-0.019312197710066425
77349.7421875,79218.1875,77226.6875,79117.109375,17100,15.989999771118164,18.670000076293945,12.75,16.100000381469727,0,0.025420261218652485,47.76165323258388,79043.99707499758,-891.4353562288743,1035.4763289164482,0.013087893846177924,0.012547756045972136,2,1991.5,0.006879337831527055,0.02299100561014189,0.018356786635187694
80193.46875,80473.078125,79765.9921875,80109.8515625,14000,16.100000381469727,16.860000610351562,13.630000114440918,15.300000190734863,0,0.012547756045972136,53.98172613035858,79145.5070261883,-697.1951647357928,1058.3686447081304,0.013211466805457924,-0.0013205499752731997,1,707.0859375,-0.04968945166334415,0.032631110087952386,0.032605425023262136
80415.46875,80482.359375,79798.671875,80004.0625,10400,15.300000190734863,16.260000228881836,13.869999885559082,15.3100004196167,0,-0.0013205499752731997,53.25403423585533,79227.27421417036,-545.5064480134461,1031.605705800407,0.012894416527915778,0.002875049313902034,1,683.6875,0.0006536097226907955,0.0369158746493119,0.034459385540103415
80121.03125,80511.1484375,79844.4921875,80234.078125,5700,15.3100004196167,15.3100004196167,13.25,14.630000114440918,0,0.002875049313902034,54.68440846571293,79323.16030091605,-402.0965893504763,1005.5378875289492,0.012532553635904933,-0.01483579004479274,0,666.65625,-0.044415433477356214,0.014117916577383705,0.03423241393054788
80281.640625,80447.3984375,78918.921875,79043.7421875,7900,14.630000114440918,15.5600004196167,14.270000457763672,15.210000038146973,0,-0.01483579004479274,46.717622278779615,79296.54905201927,-380.11171402366017,1042.8906500268815,0.013193842057136366,0.009602871195033558,2,1528.4765625,0.03964456043534481,-0.01330809325202964,0.024469364488912904
79032.9921875,79923.8984375,79026.1796875,79802.7890625,8900,15.210000038146973,15.460000038146973,14.329999923706055,14.430000305175781,0,0.009602871195033558,51.56353732740456,79344.76238635076,-298.00459131434036,1032.52122859639,0.012938410307786854,0.005579868419777423,1,897.71875,-0.051282033597300214,-0.002515790213778235,0.008666642309314021
79743.8671875,80337.8203125,79308.953125,80248.078125,7300,14.430000305175781,15.079999923706055,13.3100004196167,14.699999809265137,0,0.005579868419777423,54.19537813380078,79430.79245669831,-194.75795068663137,1032.2602256609337,0.012863363831006808,0.007447802975032225,2,1028.8671875,0.018710983948663662,0.0001744894479649428,0.0017254627215499418
80529.203125,80949.1015625,80244.78125,80845.75,9400,14.699999809265137,14.890000343322754,14.239999771118164,14.369999885559082,0,0.007447802975032225,57.53091379976353,79565.55031796514,-63.96971571409085,1008.8359461494384,0.012478527889832655,0.0013677667038773933,1,704.3203125,-0.022448974693051515,0.02279760247465834,0.0105205595028377
81036.21875,81245.390625,80630.53125,80956.328125,7200,14.369999885559082,14.800000190734863,14.109999656677246,14.449999809265137,0,0.0013677667038773933,58.13829905233178,79698.00534720656,48.049745768279536,980.6947624959072,0.01211387405048402,0.00999960433914504,2,614.859375,0.00556714852770801,0.014454871515788392,0.00900178598518675
81182.7421875,82317.7421875,80467.3671875,81765.859375,7500,14.449999809265137,15.710000038146973,14.0600004196167,14.529999732971191,0,0.00999960433914504,62.38016810050974,79894.94382604402,199.84469712035207,1042.8147794604852,0.012753669898800415,-0.0006939594096329049,1,1850.375,0.0055363269731505405,0.018913614948333102,0.034438111255447046
81887.5390625,81925.90625,81506.1875,81709.1171875,8800,14.529999732971191,15.020000457763672,14.050000190734863,14.140000343322754,0,-0.0006939594096329049,61.906651899589626,80067.7222414208,311.968490805084,998.3079202133076,0.012217827759936078,-0.0024557388074522013,1,419.71875,-0.026840977069218952,0.010679190773788427,0.023887988720632247
81602.578125,81783.28125,81411.546875,81508.4609375,6400,14.140000343322754,14.640000343322754,13.449999809265137,14.109999656677246,0,-0.0024557388074522013,60.16732853370614,80204.93545057118,380.2528050503024,953.5526669837857,0.011698818208761933,1.9457335861394753e-05,1,371.734375,-0.002121689244489633,0.006820131610310698,0.015706080967281766
81575.9609375,81726.34375,81182.6875,81510.046875,5600,14.109999656677246,14.670000076293945,13.699999809265137,13.779999732971191,0,1.9457335861394753e-05,60.17685203537094,80329.23177670725,429.5450598857424,924.2743514849438,0.011339391730474255,0.00019744498521356846,1,543.65625,-0.023387663482322574,-0.0031285979497478467,0.008216843495174375
81568.390625,81742.3671875,81383.421875,81526.140625,6300,13.779999732971191,14.109999656677246,13.180000305175781,13.270000457763672,0,0.00019744498521356846,60.28063245398369,80443.22309559227,464.5530793734797,883.8937058431621,0.010841844089110677,-0.002896981087162853,1,358.9453125,-0.037010107771428435,-0.0022393653095054145,0.007038517101716657
81476.7578125,81680.96875,81211.640625,81289.9609375,7800,13.270000457763672,13.399999618530273,12.949999809265137,13.1899995803833,0,-0.002896981087162853,57.896121731016756,80523.86479482158,467.84641781120445,854.2818786400792,0.010509069862844393,0.010372206361967118,2,469.328125,-0.006028701930719693,-0.002680703297385789,-0.005820258493430597
81212.453125,82213.921875,80082.8203125,82133.1171875,11300,13.1899995803833,14.720000267028809,12.470000267028809,13.050000190734863,0,0.010372206361967118,63.45402779666973,80677.12692745762,532.3554132503195,945.4832846300735,0.011511596259906333,-0.004681995377359471,1,2131.1015625,-0.010614055655972177,0.007644092187255369,0.005189139408115606
82000.3125,82116.4375,81551.28125,81748.5703125,5200,13.050000190734863,14.510000228881836,13.050000190734863,14.020000457763672,0,-0.004681995377359471,59.59043320121155,80779.16915460452,546.1538166484679,919.5084741207826,0.011248006792116124,-0.013016951653493147,0,565.15625,0.07432952129130865,0.002728323526598908,0.002945821479614308
81511.8125,81613.640625,80612.203125,80684.453125,4900,14.020000457763672,14.979999542236328,13.180000305175781,14.489999771118164,0,-0.013016951653493147,50.43838350495192,80770.14858035647,465.85371527497773,934.9983822192982,0.011588333885968792,-0.006224867128018952,0,1001.4375,0.0335234877324293,-0.007448740355104233,-0.010128736047300912
80666.2578125,80868.0234375,80050.0703125,80182.203125,4700,14.489999771118164,15.239999771118164,14.270000457763672,14.369999885559082,0,-0.006224867128018952,46.7860269777232,80714.15377508443,357.5661291245051,926.638006703634,0.01155665435207676,-0.012024566704620598,0,817.953125,-0.008281565731855234,-0.023753074634270788,-0.016484743294568283
79029.03125,79516.171875,79020.078125,79218.046875,6500,14.369999885559082,15.4399995803833,13.869999885559082,14.510000228881836,0,-0.012024566704620598,40.694088735572755,80571.66740364782,191.73785075449268,943.458506224803,0.011909641091170906,-0.014850822147336573,0,496.09375,0.009742543106311619,-0.030954956494365304,-0.02548794511161101
79335.4765625,79587.1484375,77874.59375,78041.59375,9000,14.510000228881836,15.550000190734863,14.399999618530273,15.069999694824219,0,-0.014850822147336573,34.74858870228138,80330.70800806231,-34.21774883175385,998.39394774446,0.012793100445164345,0.006388620491236452,1,1712.5546875,0.03859403563810537,-0.03275549715761927,-0.04981575736568655
78488.640625,78918.1171875,78189.1875,78540.171875,10300,15.069999694824219,16.8799991607666,13.420000076293945,13.520000457763672,0,0.006388620491236452,38.827608323639616,80160.18075729447,-171.08592943257827,989.6889112984271,0.012601053545866424,-0.0008569460174739918,1,728.9296875,-0.10285330248499558,-0.02047874947312378,-0.03924715044232907
78707.3671875,78877.359375,78397.7890625,78472.8671875,6200,13.520000457763672,15.029999732971191,12.979999542236328,13.180000305175781,0,-0.0008569460174739918,38.47792549228048,79999.48422683786,-281.73817216049065,953.2518685271109,0.012147534589878667,-4.977835193265001e-06,1,479.5703125,-0.02514793942870397,-0.009406690986409116,-0.027410310807631233
78557.28125,78898.3671875,78173.3828125,78472.4765625,5600,13.180000305175781,14.390000343322754,13.079999923706055,14.039999961853027,0,-4.977835193265001e-06,38.4757596826557,79854.05492547234,-365.25199427313055,936.9470475608887,0.011939817482562183,0.002887557012674735,1,724.984375,0.06525035180306671,0.005521194427170473,-0.021323018024768214
78607.6171875,79043.1484375,78598.546875,78699.0703125,7700,14.039999961853027,14.239999771118164,13.039999961853027,13.239999771118164,0,0.002887557012674735,40.56562782167931,79744.05639090356,-408.44478089388576,910.7845352351109,0.011573002471548235,-0.005729896150099445,1,444.6015625,-0.05698007071997724,0.0020231485837960417,-0.0065512415790672796
78637.578125,79092.703125,78077.1328125,78248.1328125,8900,13.239999771118164,14.369999885559082,13.239999771118164,13.970000267028809,0,-0.005729896150099445,37.812885534374736,79601.58747867464,-473.60286407658714,918.2692336111743,0.011735350104922663,-0.0013946019678384713,1,1015.5703125,0.05513599007026215,-0.0028638481433720386,0.002646525430549662
77982.5703125,78305.34375,77560.7890625,78139.0078125,6100,13.970000267028809,14.640000343322754,13.970000267028809,14.449999809265137,0,-0.0013946019678384713,37.155793086583124,79462.2941771342,-527.9605889168743,905.8610517460904,0.011592942847697366,0.023096058876643344,2,744.5546875,0.03435930802157494,-0.0042494995010691206,-0.005107756361145577
78657.5234375,80032.8671875,78542.3671875,79943.7109375,8600,14.510000228881836,14.800000190734863,13.630000114440918,13.739999771118164,0,0.023096058876643344,52.00880206138104,79508.14339240713,-420.5669834337168,976.4323605499411,0.012213998438392683,-0.009013861804130774,0,1490.5,-0.0491349513853786,0.01581518841401497,0.018743341523199675
80072.9921875,80072.9921875,79109.7265625,79223.109375,10900,13.739999771118164,13.979999542236328,13.229999542236328,13.539999961853027,0,-0.009013861804130774,47.21075752242434,79480.99729551122,-389.11779342914815,975.491879439231,0.012313223845100196,-0.015880684277926327,0,963.265625,-0.014556027117667125,0.012460061696759839,0.0095655552797822
79281.6484375,79532.671875,77781.6171875,77964.9921875,11800,13.539999961853027,15.920000076293945,13.539999961853027,15.649999618530273,0,-0.015880684277926327,40.23211615833686,79336.615856653,-460.4063484861981,1030.889222872143,0.013222462979191111,0.003002850137366231,1,1751.0546875,0.15583453933691738,-0.0022270006987746838,-0.009327659425773516
78019.796875,78452.7421875,77925.09375,78199.109375,9400,15.649999618530273,15.649999618530273,14.350000381469727,14.65999984741211,0,0.003002850137366231,41.95167287912961,79228.28190601939,-492.3363940609561,994.9434524884184,0.012723206957731652,-0.0006472859845151335,1,527.6484375,-0.06325877285939108,-0.021822874395509784,-0.0006265125535642735
78319.453125,78319.453125,77486.7890625,78148.4921875,10100,14.65999984741211,14.880000114440918,14.100000381469727,14.470000267028809,0,-0.0006472859845151335,41.672516376976915,79125.44478996993,-515.7799786957621,983.3520674892458,0.012583122718860784,-0.0067599672778395625,0,832.6640625,-0.012960408073731333,-0.013564440931159827,0.00012137823688207483
78206.2109375,78206.2109375,77542.921875,77620.2109375,6800,14.470000267028809,14.890000343322754,13.75,14.65999984741211,0,-0.0067599672778395625,38.77266346539628,78982.08918497279,-570.4117190370598,960.4904242757283,0.012374231049811469,-0.00310878680417781,1,663.2890625,0.013130585824260965,-0.004422257225022541,-0.029064199957098746
77682.59375,77919.703125,77099.546875,77378.90625,8500,14.65999984741211,15.520000457763672,14.65999984741211,14.920000076293945,0,-0.00310878680417781,37.48938814696183,78829.40509592777,-625.9633229336469,950.4665546846048,0.012283277197196164,-0.013555353627139222,0,820.15625,0.01773535004011162,-0.01048865046616776,-0.02327860064505327
76629.8984375,77128.3515625,76249.71875,76330.0078125,13600,14.920000076293945,16.18000030517578,14.449999809265137,16.0,0,-0.013555353627139222,32.46020123084352,78591.36725941085,-746.0259839872888,963.2323364928473,0.012619314003726668,0.0022222583864615064,1,878.6328125,0.07238605349754934,-0.023269602830428893,-0.020970750193471277
76335.75,76835.609375,76335.75,76499.6328125,16800,16.0,16.0,15.119999885559082,15.470000267028809,0,0.0022222583864615064,34.002116601450666,78392.15445494314,-818.0591117759031,930.5444240647868,0.012164037784933477,0.002933939736026181,1,499.859375,-0.03312498331069946,-0.014436679718666245,-0.021732684375601274
76900.140625,76991.046875,76479.703125,76724.078125,12800,15.470000267028809,15.65999984741211,15.199999809265137,15.260000228881836,0,0.002933939736026181,36.08149137552982,78233.29004256759,-847.2682426726678,900.6015187744449,0.01173818624848345,0.004154395794508048,1,511.34375,-0.013574662865038611,-0.008462618001918276,-0.018227019135345968
77319.5,77319.5,76895.5078125,77042.8203125,8600,15.260000228881836,15.569999694824219,13.960000038146973,15.470000267028809,0,0.004154395794508048,39.01985093117603,78119.91197303733,-835.0706836297031,878.8029727905559,0.011406682273909077,-0.0054968417015659465,1,423.9921875,0.013761470183304203,0.00933856186352,-0.007438663436059367
77069.1875,77069.1875,76263.2890625,76619.328125,9700,15.470000267028809,16.3799991607666,14.050000190734863,15.75,0,-0.0054968417015659465,36.61167380913206,77976.9992256052,-849.7805690390087,873.5955059840877,0.011401764115692416,0.00592682533393063,2,805.8984375,0.018099529937821268,0.0015646521179175643,-0.009816346105305684
76978.53125,77318.9375,76584.84375,77073.4375,11300,15.75,17.020000457763672,15.180000305175781,16.420000076293945,0,0.00592682533393063,40.82876690439948,77890.94572792853,-815.3960496982763,863.6310948423671,0.011205301370428264,-0.01602469235915427,0,734.09375,0.042539687383742475,0.004553451583097834,0.009739677864650353
77261.71875,77337.359375,75641.8671875,75838.359375,32900,16.420000076293945,17.450000762939453,15.199999809265137,17.059999465942383,0,-0.01602469235915427,34.17033726324523,77695.4613133639,-877.6890995059803,923.0497443179123,0.012171277858922068,0.00747158584613028,2,1695.4921875,0.03897682013853476,-0.015633655837292593,-0.008644138712675553
76114.421875,76463.1328125,75816.5,76404.9921875,16000,17.059999465942383,17.299999237060547,15.90999984741211,16.770000457763672,0,0.00747158584613028,39.07901416898312,77572.55949185307,-871.2905626088177,903.30567775949,0.011822600224115624,0.0015102498108607865,1,646.6328125,-0.01699877006195971,-0.0027974134300724485,-0.004158876135079037
76414.5234375,76743.5390625,76202.1171875,76520.3828125,11200,16.770000457763672,17.079999923706055,15.670000076293945,16.700000762939453,0,0.0015102498108607865,40.059223141481745,77472.35218905754,-847.1432765770442,877.4568347052407,0.011466968701075338,-0.004311555468931916,1,541.421875,-0.004174102141530467,-0.007175684716281161,-0.0067811315562034125
76455.3515625,76985.953125,76091.75,76190.4609375,7800,16.700000762939453,17.309999465942383,16.1200008392334,16.75,0,-0.004311555468931916,38.16827527168934,77350.26730795682,-844.8889624316071,878.6529982977235,0.011532322911374609,-0.010818796111184747,0,894.203125,0.002993966154271277,0.004642789815098025,-0.005597375988475539
75700.4296875,75925.71875,75267.59375,75366.171875,9500,16.75,18.520000457763672,16.75,18.1299991607666,0,-0.010818796111184747,33.86691534796748,77161.30583815141,-899.2496504950686,881.8111546693146,0.01170035750431718,0.0071017853459205416,2,658.125,0.08238800959800607,-0.01359623609345717,-0.022151154540109852
75659.0,76512.9609375,75622.8828125,75901.40625,13000,18.1299991607666,18.5,16.829999923706055,18.200000762939453,0,0.0071017853459205416,38.69781841031183,77041.3154011846,-888.8953146417189,900.7381480857922,0.0118672129093233,0.008320724459568218,2,890.078125,0.0038610924110982214,-0.008089041635046423,0.0008313322640360887
76138.2421875,76599.7265625,75975.796875,76532.9609375,10200,18.200000762939453,19.010000228881836,17.290000915527344,18.639999389648438,0,0.008320724459568218,43.90480932504987,76992.9006903575,-820.2726511994551,886.2797312582355,0.011580366425153843,0.0029641027829205857,1,623.9296875,0.024175747706832507,0.004495313399940581,0.0016748741978267478
76598.84375,76962.8828125,76401.1328125,76759.8125,18500,18.639999389648438,18.989999771118164,17.219999313354492,17.389999389648438,0,0.0029641027829205857,45.689290064825364,76970.70181508535,-739.0641987737472,863.0990361683615,0.011244152481070241,0.009650333792829313,2,561.75,-0.06706008803273766,0.01849159364643671,0.0031289661486231246
76888.890625,77605.9609375,76833.8671875,77500.5703125,12600,17.389999389648438,17.940000534057617,16.110000610351562,16.25,0,0.009650333792829313,51.15362967446347,77021.16548150578,-607.9251675425039,861.8882791206214,0.011121057247002068,-0.004049365362533086,1,772.09375,-0.06555488382173447,0.02106896487836818,0.017195188989271193
77063.9375,77260.3671875,76756.09375,77186.7421875,11400,14.100000381469727,15.109999656677246,14.100000381469727,14.350000381469727,0,-0.004049365362533086,48.9085226303785,77036.93469160047,-523.2877123893413,853.5017279334342,0.011057620826386613,0.018099874057468046,2,504.2734375,-0.11692305344801679,0.008542479501530087,0.024156332572119243
77687.6015625,78658.59375,77402.3671875,78583.8125,11800,14.350000381469727,15.130000114440918,13.670000076293945,14.020000457763672,0,0.018099874057468046,57.790030772767324,77184.25638763852,-339.56571875208465,897.6695732596174,0.01142308504387742,-0.003977043618238807,1,1256.2265625,-0.022996509751469163,0.02376243428161051,0.03534066603673769
78704.6015625,78735.40625,78216.25,78271.28125,8000,14.020000457763672,14.300000190734863,13.5,14.079999923706055,0,-0.003977043618238807,55.467113766549296,77287.78256500629,-216.6855588510807,870.6329073125019,0.01112327399537109,-0.0027229016389711536,1,519.15625,0.004279562338327825,0.009944584077153484,0.022713355019931658
78513.359375,78551.65625,77843.9921875,78058.15625,8000,14.079999923706055,14.640000343322754,13.149999618530273,14.180000305175781,0,-0.0027229016389711536,53.87670974943617,77361.15148738664,-134.94400270242477,858.9922755401803,0.011004516591309833,-0.0025361699470066723,1,707.6640625,0.007102299858777528,0.01128968573881739,0.0169143684398656
78119.6015625,78356.9765625,77475.7421875,77860.1875,10900,14.180000305175781,14.510000228881836,13.550000190734863,13.6899995803833,0,-0.0025361699470066723,52.3744726365445,77408.67872668315,-85.15602848106937,860.5809969301674,0.011052901676227885,-0.00704327388114756,0,881.234375,-0.03455576264082505,-0.009208321370256733,0.004640187627651615
77789.296875,77849.578125,77106.890625,77311.796875,7000,13.6899995803833,14.720000267028809,13.6899995803833,14.449999809265137,0,-0.00704327388114756,48.35254011708453,77399.45188366571,-88.92417798307724,852.9178453637269,0.01103218240733364,-0.013169986388316013,0,742.6875,0.05551499285440853,-0.012258447283306717,0.0016201576068104462
77384.9765625,77387.28125,76030.59375,76293.6015625,9800,14.449999809265137,15.430000305175781,13.850000381469727,14.869999885559082,0,-0.013169986388316013,41.916408255148134,77294.13280545945,-172.08660861304088,888.9013921234607,0.011651060821860263,-0.0016059464357522923,1,1356.6875,0.029065749608152114,-0.02260564138677057,-0.02914354578431788
76188.2421875,76459.71875,75388.390625,76171.078125,10400,14.869999885559082,15.619999885559082,14.609999656677246,14.899999618530273,0,-0.0016059464357522923,41.205628668275544,77187.17521684426,-245.05520758395141,901.9318730432135,0.01184087051469988,-0.00042154287152540437,1,1071.328125,0.0020174669268373524,-0.021694134438091317,-0.026832359090838365
76201.1015625,76764.53125,76013.4296875,76138.96875,6900,14.899999618530273,15.470000267028809,12.199999809265137,14.960000038146973,0,-0.00042154287152540437,41.00936887661432,77087.34602952575,-301.993117517457,891.158279432984,0.011704364979765819,-0.0026235949314719065,1,751.1015625,0.004026873902874373,-0.015170105629497388,-0.024586636326040523
76388.9921875,76483.0625,75439.640625,75939.2109375,9300,14.960000038146973,15.680000305175781,14.359999656677246,15.020000457763672,0,-0.0026235949314719065,39.7412133570867,76977.99983028522,-359.0961702571949,902.0342505449137,0.01187837270639159,0.0007591392745369685,1,1043.421875,0.004010723226183233,-0.004645089728916307,-0.02467212864726276
75641.40625,76041.9609375,75294.7578125,75996.859375,8100,15.020000457763672,16.309999465942383,14.5,15.720000267028809,0,0.0007591392745369685,40.31483336594098,76884.55788216282,-395.14402943782625,890.9748844345628,0.011723838218604843,-0.00038776273443863474,1,747.203125,0.04660451317784853,-0.0022872034148460063,-0.017008238757223904
76073.7109375,76091.6875,75531.0078125,75967.390625,8600,15.720000267028809,16.31999969482422,14.779999732971191,15.670000076293945,0,-0.00038776273443863474,40.104669663948606,76797.20861957587,-421.2343717652402,867.3823703678083,0.01141782498031942,-0.00037135588399050956,1,560.6796875,-0.0031806736568404936,-0.0022534863266059357,-0.0042757312647347945
75787.2734375,76338.578125,75581.3828125,75939.1796875,5100,15.670000076293945,16.020000457763672,14.75,15.420000076293945,0,-0.00037135588399050956,39.89028168428865,76715.49157842579,-439.1255766170216,859.5118662343936,0.011318424425591653,-0.0026760724942812564,1,757.1953125,-0.015954052251614725,-4.115133619420064e-07,-0.0030444421059584448
75672.84375,75794.1484375,75463.0078125,75735.9609375,6900,15.420000076293945,15.899999618530273,14.640000343322754,14.680000305175781,0,-0.0026760724942812564,38.30189341216088,76622.20294595667,-464.3498046163877,832.1304382890797,0.010987256621405823,-0.005610260069858208,0,331.140625,-0.04798960878449077,-0.003433016043631776,-0.005293055830888127
75612.609375,75748.71875,75112.40625,75311.0625,12700,14.680000305175781,15.239999771118164,12.079999923706055,14.529999732971191,0,-0.005610260069858208,35.15033687845457,76497.33242729414,-512.7156727968832,818.1434426970026,0.010863522775249686,-0.011374905911067157,0,636.3125,-0.010218022417322725,-0.00863960338245462,-0.00827172721108449
74893.453125,74907.0390625,74387.4375,74454.40625,6400,14.529999732971191,15.579999923706055,14.369999885559082,14.4399995803833,0,-0.011374905911067157,29.82245708221454,76302.7680294566,-613.1034963252459,825.6778396472166,0.011089710887959927,0.0019839112947059867,1,519.6015625,-0.006194091826695947,-0.019552139536008206,-0.020296274578780915
74440.296875,74785.078125,74400.3671875,74602.1171875,10700,14.4399995803833,15.079999923706055,13.609999656677246,13.720000267028809,0,0.0019839112947059867,31.743597338057285,76140.80128260358,-672.9847818950366,794.1802037795584,0.010645545109443995,0.00013823334228013628,1,384.7109375,-0.04986144974218765,-0.014971008962779142,-0.01797183536603797
74706.6015625,74834.09375,74520.78125,74612.4296875,6700,13.720000267028809,14.010000228881836,12.90999984741211,13.3100004196167,0,0.00013823334228013628,31.883797118856023,75995.2420830699,-711.4083272058779,759.8325106524471,0.010183725604900704,-0.01895566370005164,0,313.3125,-0.02988337022101961,-0.009276629346452236,-0.017471218486422413
74201.7734375,74282.4296875,73141.2734375,73198.1015625,9100,13.3100004196167,14.119999885559082,13.229999542236328,13.90999984741211,0,-0.01895566370005164,24.46255430832528,75728.84774777753,-846.2289230795577,810.6413491772722,0.01107462259093029,-0.0015323356768239815,1,1141.15625,0.04507884364234216,-0.016873476678890276,-0.03350930447815048
73427.6484375,73649.71875,72784.5390625,73085.9375,10100,13.90999984741211,14.359999656677246,13.569999694824219,13.760000228881836,0,-0.0015323356768239815,23.985741417769887,75477.14200989396,-951.1615211506287,814.5369447717528,0.011144920249148515,-0.0013136290753608115,1,865.1796875,-0.010783581608606596,-0.020323547704274025,-0.02954579216034825
72817.34375,73033.1796875,72633.5390625,72989.9296875,6200,13.760000228881836,14.199999809265137,13.369999885559082,13.829999923706055,0,-0.0013136290753608115,23.562388052341035,75240.26464585644,-1030.1929659795278,788.6699085380561,0.010805187947360373,0.010142452228266485,2,399.640625,0.005087187039233498,-0.02174570653704122,-0.0196694411554722
73005.3671875,73933.796875,72894.046875,73730.2265625,9300,13.829999923706055,14.130000114440918,13.100000381469727,13.670000076293945,0,0.010142452228266485,33.33345212490747,75096.45149506058,-1021.3170769881544,806.6042007853378,0.01093993926767052,0.00827160332924004,2,1039.75,-0.011569041814516123,0.007269655751189763,-0.011687210200866716
74308.296875,74390.796875,73415.6796875,74340.09375,10100,13.670000076293945,14.180000305175781,13.279999732971191,13.729999542236328,0,0.00827160332924004,40.12395435976399,75024.41742410243,-954.073717926658,818.6408426935279,0.011012103985859285,-0.00010109786820111655,1,975.1171875,0.004389134279993989,0.017160021378941792,-0.0036500076279599725
74347.140625,74586.4296875,74038.03125,74332.578125,6900,13.729999542236328,13.859999656677246,13.329999923706055,13.470000267028809,0,-0.00010109786820111655,40.069788517875075,74958.52796704505,-891.1170765773131,799.337813751133,0.010753532756619062,-0.0029247774728653475,1,548.3984375,-0.01893658294799705,0.018394981927622567,0.015498715653592843
74474.9765625,74741.25,74022.2421875,74115.171875,6600,13.470000267028809,14.210000038146973,13.470000267028809,13.989999771118164,0,-0.0029247774728653475,38.45267705180536,74878.20833923125,-848.9798410292278,793.5999565189093,0.010707658586522157,-0.00017339988796993833,1,719.0078125,0.03860426828366026,0.005220997282216144,0.014082522715125556
73743.8828125,74195.171875,73663.6015625,74102.3203125,11700,13.989999771118164,14.5,13.680000305175781,14.069999694824219,0,-0.00017339988796993833,38.354139053544024,74804.31424144731,-807.3165493202978,774.8835533747015,0.01045694048589717,-0.000979220349565213,1,531.5703125,0.005718364904566453,-0.003198454905096182,0.01524033013543935
74270.8125,74392.1484375,73598.15625,74029.7578125,13800,14.069999694824219,14.369999885559082,13.640000343322754,13.6899995803833,0,-0.000979220349565213,37.76568106349283,74730.54696249995,-771.2626421486784,776.2484558122227,0.0104856273848454,-0.002713119270344122,1,793.9921875,-0.02700782677207192,-0.004073857252613666,0.004062529900760392
74392.5390625,74401.109375,73770.59375,73828.90625,9900,13.6899995803833,13.930000305175781,13.220000267028809,13.279999732971191,0,-0.002713119270344122,36.113998943212486,74644.67641845235,-750.2483079868834,765.838967897064,0.01037315879099948,0.0046194220166981825,1,630.515625,-0.029948857558739994,-0.0038624429756811685,-0.006876336499104796
73830.03125,74376.3515625,73796.0625,74169.953125,7400,13.279999732971191,14.100000381469727,13.279999732971191,13.420000076293945,0,0.0046194220166981825,40.844910260462896,74599.4646762188,-698.0282292790798,752.5854032258451,0.010146769298310043,0.015252870466203383,2,580.2890625,0.010542194739293853,0.0009126949360664938,-0.0021878024965921172
74608.65625,75385.7578125,74480.1484375,75301.2578125,14500,13.420000076293945,13.649999618530273,11.34000015258789,13.210000038146973,0,0.015252870466203383,53.22002611229479,74666.30211776939,-558.9137967669376,785.6724949597134,0.010433723390332158,0.0019626373687939846,1,905.609375,-0.015648288893673867,0.01717552559364588,0.01600328121076755
75473.171875,75568.3828125,75201.4765625,75449.046875,12200,13.210000038146973,13.569999694824219,12.59000015258789,13.300000190734863,0,0.0019626373687939846,54.55744450961327,74740.84923750564,-431.76217888115207,755.7606203197339,0.010016834560837306,0.011915533227204955,2,366.90625,0.006813031970325012,0.02194452968751648,0.018173878453747072
75917.109375,76456.25,75684.578125,76348.0625,9100,13.300000190734863,13.300000190734863,12.510000228881836,12.600000381469727,0,0.011915533227204955,61.72584913512661,74893.917167267,-255.50525257312984,773.7207992254672,0.010134124873508966,0.00730136815849125,2,771.671875,-0.052631563851613716,0.02936646557304945,0.031315848599312135
76155.0,77041.9375,76095.2578125,76905.5078125,8500,12.600000381469727,12.84000015258789,10.699999809265137,12.579999923706055,0,0.00730136815849125,65.37330859103196,75085.49722871777,-70.03190643353446,786.0750055307909,0.01022130960304282,0.014028579105548111,2,946.6796875,-0.0015873378696944496,0.021304425007010908,0.04167204579845718
77456.2734375,78107.2265625,77179.3515625,77984.3828125,10100,12.579999923706055,13.949999809265137,12.579999923706055,13.699999809265137,0,0.014028579105548111,71.11137229960835,75361.58157003035,162.14415571496647,815.7638444214488,0.010460605251987597,0.00042065714078765026,1,927.875,0.08903019812015467,0.03360328648949551,0.05142823376295613
78296.28125,78741.6875,77745.6328125,78017.1875,12700,13.699999809265137,14.479999542236328,13.489999771118164,13.640000343322754,0,0.00042065714078765026,71.26728464278229,75614.49642050365,344.81757941289106,828.6417617842025,0.010621271906068165,-0.009340089323266132,0,996.0546875,-0.0043795231224605935,0.021862047907240667,0.036067520867482106
78021.453125,78167.8671875,77194.21875,77288.5,10500,13.640000343322754,13.920000076293945,13.3100004196167,13.470000267028809,0,-0.009340089323266132,63.11837513967997,75773.92533283665,425.8793207213894,838.9993814781881,0.010855423270967713,0.004113544544143144,1,973.6484375,-0.012463348388196072,0.00498003586991147,0.02438007107031459
77087.390625,77747.4609375,77082.5078125,77606.4296875,12700,13.470000267028809,13.850000381469727,12.979999542236328,13.300000190734863,0,0.004113544544143144,64.99884388413662,75948.44955709031,509.89781880387454,826.5675060154603,0.010650760630837199,-0.0024676797176619303,1,664.953125,-0.01262064386962658,-0.004846523257210689,0.016481979323312856
77690.6875,77766.703125,77185.6171875,77414.921875,16700,13.300000190734863,13.609999656677246,12.569999694824219,12.720000267028809,0,-0.0024676797176619303,62.9178535304924,76088.11358736742,554.6364995658951,809.033108264356,0.010450609374387566,-0.017960543378769622,0,581.0859375,-0.04360901619460866,-0.0077196531213074016,0.006623895699928051
76882.578125,77487.046875,75912.1796875,76024.5078125,10600,12.720000267028809,14.050000190734863,12.720000267028809,13.779999732971191,0,-0.017960543378769622,50.321140169085595,76082.0558945229,472.4513071479305,863.7355424954734,0.011361277663588602,0.007799191399730621,2,1574.8671875,0.08333328959826991,-0.016354207773472074,-0.02513163442880839
76146.28125,76680.3515625,76064.9375,76617.4375,10800,13.779999732971191,14.140000343322754,13.510000228881836,13.720000267028809,0,0.007799191399730621,54.50423798440702,76133.04461885404,449.97637297831534,848.8861287457967,0.011079542157042209,-0.004203718311513671,1,615.4140625,-0.004354097757986342,-0.012743688783035112,-0.017941559351905667
75811.859375,76493.7421875,75807.546875,76295.359375,6900,13.720000267028809,14.109999656677246,13.40999984741211,13.600000381469727,0,-0.004203718311513671,51.94554923424939,76148.50316705841,401.54702856646327,846.1007356210969,0.011089806019032162,-0.012198276312267553,0,686.1953125,-0.008746347173728575,-0.014461843697365362,-0.012849785220310883
76160.09375,76258.1171875,75240.546875,75364.6875,11700,13.600000381469727,14.25,13.399999618530273,13.760000228881836,0,-0.012198276312267553,45.32432127124086,76073.85405591,284.78614444247796,861.0087187910185,0.01142456430660604,-0.029546849278715537,0,1017.5703125,0.01176469433266436,-0.008679047474102974,-0.02888603684677782
71449.9375,73403.9921875,71425.0078125,73137.8984375,29400,13.760000228881836,23.190000534057617,13.760000228881836,22.790000915527344,0,-0.029546849278715537,34.11842989811261,75794.23923510904,12.425798397278413,1080.913787984517,0.014779120142592176,0.014892138149563472,2,1978.984375,0.6562500389855954,-0.045414453628783935,-0.05524804952210638
74013.7265625,74859.390625,73424.921875,74227.078125,17100,22.790000915527344,22.790000915527344,19.3799991607666,20.440000534057617,0,0.014892138149563472,41.70973220822812,75644.98579605104,-114.2174127309845,1126.6693879499087,0.01517868433474605,-0.005118478284436678,1,1434.46875,-0.10311541408796598,-0.027108873553294055,-0.023642766513306768
74103.828125,74103.828125,73673.0625,73847.1484375,9100,20.440000534057617,21.75,19.700000762939453,21.43000030517578,0,-0.005118478284436678,39.97921856549534,75473.76319047475,-242.445460193514,1085.7655477392009,0.01470287710104515,0.0177408255121565,2,430.765625,0.048434429806819335,-0.02013594314313316,-0.03615742255149157
74835.4921875,75467.328125,74762.84375,75157.2578125,14200,21.43000030517578,21.43000030517578,18.860000610351562,20.110000610351562,0,0.0177408255121565,47.99221566308427,75443.61982114382,-235.6359693428676,1123.9379862935436,0.014954483692014273,0.020991090660010814,2,704.484375,-0.061595878489344336,0.027610300789892683,-0.01491704832145957
76852.0625,76907.6328125,76435.0703125,76734.890625,12900,20.110000610351562,20.110000610351562,15.970000267028809,16.1299991607666,0,0.020991090660010814,55.66756250292954,75566.59799293964,-101.76453740183206,1168.6834872725763,0.015230144693681528,0.004032043767574045,1,472.5625,-0.1979115528985249,0.03378568257498693,0.018180970033213395
76996.78125,77110.2265625,76543.7734375,77044.2890625,9500,16.1299991607666,16.1299991607666,15.119999885559082,15.869999885559082,0,0.004032043767574045,57.00760378700577,75707.3304757549,28.96155428873317,1125.667032824535,0.014610648583068493,0.019585021561766114,2,566.453125,-0.016118988762251263,0.04329402952784123,0.05341130533492433
76968.0234375,78616.7734375,76665.7734375,78553.203125,11100,15.869999885559082,16.459999084472656,15.09000015258789,15.470000267028809,0,0.019585021561766114,62.89777122058634,75978.3659661592,251.4214481569652,1184.6193876227824,0.015080472094024267,0.010888122202209694,2,1951.0,-0.02520476505448832,0.04518452923032523,0.05828230221745634
78903.09375,79635.046875,78776.0625,79408.5,12600,15.470000267028809,16.329999923706055,14.220000267028809,15.520000457763672,0,0.010888122202209694,65.76123164423953,76305.04539795357,491.07699665022665,1177.2782706497262,0.014825595127092518,0.002356092231939888,1,858.984375,0.003232074329140744,0.03484216049861599,0.07530895478255073
79728.390625,79824.296875,79253.4375,79595.59375,14800,15.520000457763672,16.010000228881836,14.539999961853027,15.229999542236328,0,0.002356092231939888,66.37261188735826,76618.43095529132,688.1698537700286,1133.9626352461744,0.014246550365687477,0.006544312479608738,1,570.859375,-0.01868562544933916,0.03311478006410473,0.05905398981656074
80142.09375,80254.546875,79506.8984375,80116.4921875,12000,15.229999542236328,16.520000457763672,12.84000015258789,15.960000038146973,0,0.006544312479608738,68.08150212769058,76951.57964407309,876.2980946328753,1106.3687639785906,0.013809500812757867,-0.003932554851036718,1,747.6484375,0.04793174772502029,0.019901022495701026,0.04406863077482881
80058.4296875,80173.921875,79724.546875,79801.4296875,8200,15.960000038146973,16.760000228881836,15.550000190734863,16.25,0,-0.003932554851036718,65.90010137212332,77222.99393392328,988.5725215808925,1059.4406379801198,0.013275960620365544,-0.007379547456807578,0,449.375,0.018170423631571397,0.004948206898505836,0.03578643736673781
79830.1484375,80130.65625,78605.8125,79212.53125,13200,16.25,17.579999923706055,15.920000076293945,17.15999984741211,0,-0.007379547456807578,61.90730986566278,77412.47367831154,1018.2933793426637,1092.6837174101113,0.013794329005363168,0.012697939601570285,2,1524.84375,0.05599999060997596,-0.004812609366331877,0.008393395797633207
79343.6328125,80321.8828125,79341.3515625,80218.3671875,8500,17.15999984741211,18.06999969482422,16.6200008392334,16.940000534057617,0,0.012697939601570285,65.7268889641987,77679.70163156759,1110.2120933515398,1093.8742777736747,0.013636207219437488,0.0008728128912964817,1,980.53125,-0.012820472920206383,0.0012715858772445188,0.010198746828110394
80396.921875,80661.3125,80122.0234375,80288.3828125,16200,16.940000534057617,17.59000015258789,16.06999969482422,17.3700008392334,0,0.0008728128912964817,65.98258715185315,77928.14745832306,1175.161482180687,1054.2610481112695,0.013130928923718872,-0.0005746861922446556,1,539.2890625,0.025383724416730313,0.006102060162416878,0.008703861983566208
80370.796875,80525.609375,79879.1484375,80242.2421875,12200,17.3700008392334,18.559999465942383,15.989999771118164,18.219999313354492,0,-0.0005746861922446556,65.63506441475998,78148.5374325304,1208.97486821856,1025.132468781893,0.012775471383096352,0.0032370730542778947,1,646.4609375,0.0489348550980615,0.012999343932718954,0.0015695894386602571
80300.1875,81177.9296875,80168.59375,80501.9921875,12700,18.219999313354492,18.860000610351562,17.350000381469727,18.260000228881836,0,0.0032370730542778947,66.69841281856675,78372.67598062275,1242.4101436816563,1024.0041451189006,0.012720233590416704,0.003662661686846924,1,1009.3359375,0.0021954400128887386,0.003535661594022077,0.008778821416400406
80661.6171875,81049.03125,80657.7109375,80796.84375,8800,18.260000228881836,18.799999237060547,18.06999969482422,18.34000015258789,0,0.003662661686846924,67.91217308500921,78603.54910151582,1277.9682745295868,989.935210646122,0.012252151998773119,-0.001927964389079273,1,391.3203125,0.004381156774550199,0.0063329328563936915,0.020000781126408018
80907.2421875,80981.578125,80481.03125,80641.0703125,12500,18.34000015258789,19.299999237060547,17.989999771118164,19.0,0,-0.001927964389079273,66.5324991048324,78797.59874065718,1278.837096851712,954.9789009571133,0.011842339111526946,0.0013108821235923163,1,500.546875,0.03598690523014958,0.004970301354093154,0.0052694057460929145
79948.796875,80844.6328125,79937.4765625,80746.78125,8800,19.0,19.729999542236328,18.360000610351562,19.059999465942383,0,0.0013108821235923163,67.02212315521734,78983.23517011841,1273.3769373108953,951.5629973173194,0.011784531625739812,-0.0051019835542980285,1,907.15625,0.0031578666285465573,0.0030407826669662796,0.005709399310863006
80912.34375,80927.9921875,79987.609375,80334.8125,10600,19.059999465942383,21.889999389648438,18.149999618530273,21.010000228881836,0,-0.0051019835542980285,63.14501797854217,79111.95682058332,1221.7240124591335,950.7644126875109,0.011835023735040284,-0.010958434115969307,0,940.3828125,0.10230854237031006,-0.005718431915850641,0.0011536356659089808
78968.34375,80032.9296875,78968.34375,79454.46875,8800,21.010000228881836,22.75,21.0,21.6299991607666,0,-0.010958434115969307,55.72639885030312,79144.57700433729,1097.1055640714621,980.457579638403,0.012339867034079225,0.03744823588037649,2,1064.5859375,0.029509706098549637,-0.014714605819363347,-0.013012391482935981
80803.796875,82495.96875,80651.0703125,82429.8984375,10700,21.6299991607666,21.6299991607666,17.209999084472656,18.389999389648438,0,0.03744823588037649,68.98799758053772,79457.4647598766,1224.323614462075,1127.674895378517,0.013680411073580817,-0.015548723361242467,0,1844.8984375,-0.14979195084736807,0.020844387373026185,0.020211862390973723
82249.6015625,82572.8125,81043.6875,81148.21875,16200,18.389999389648438,18.899999618530273,17.889999389648438,18.200000762939453,0,-0.015548723361242467,60.57145825439948,79618.48894941217,1207.8012160278013,1156.34990285148,0.014249849481156726,0.0022470456260015315,1,1529.125,-0.010331627678896615,0.010125202570180791,0.006288959652131387
81278.4921875,81691.8671875,80910.03125,81330.5625,15200,18.200000762939453,19.239999771118164,17.079999923706055,17.229999542236328,0,0.0022470456260015315,61.294933865492844,79781.54357327768,1195.6381407185982,1129.5989053263743,0.013888984295742136,0.014756810362648087,2,781.8359375,-0.053296768134116324,0.02361218669654752,0.007229777347936173
81354.4296875,82718.140625,80762.15625,82530.7421875,12600,17.229999542236328,17.670000076293945,16.719999313354492,16.889999389648438,0,0.014756810362648087,65.74963395843506,80043.37201272743,1268.2239896561805,1188.6264388744905,0.014402226459736338,-0.0024251379812540996,1,1955.984375,-0.019733033175911574,0.001223388017109528,0.02733472101525103
82392.6328125,82514.8125,82146.953125,82330.59375,15300,16.889999389648438,17.059999465942383,16.219999313354492,16.549999237060547,0,-0.0024251379812540996,64.41810920165784,80261.20265437244,1294.674292360476,1131.1380548477412,0.013738976039484,-0.0032936951216874233,1,367.859375,-0.0201302643501734,0.014570560120889864,0.03619840451075951
82354.921875,82424.1015625,81964.5703125,82059.421875,8100,16.549999237060547,17.450000762939453,15.829999923706055,17.360000610351562,0,-0.0032936951216874233,62.56929077141524,80432.46162776554,1279.0113965605997,1083.1661402157597,0.01319977786177597,-0.010638441693262335,0,459.53125,0.048942683421832056,0.008961691061708743,-0.004494444000569753
82116.171875,82250.421875,81153.703125,81186.4375,10500,17.360000610351562,17.65999984741211,15.970000267028809,17.389999389648438,0,-0.010638441693262335,56.90692503121663,80504.26885369264,1182.5244893491763,1084.1341837717769,0.01335363660675192,0.005052510309988767,1,1096.71875,0.0017280402213226687,-0.01628853263485619,0.0004709746016451355
81327.609375,82021.640625,81237.0625,81596.6328125,5800,17.389999389648438,18.0,17.040000915527344,17.549999237060547,0,0.005052510309988767,58.79390400635378,80608.30351643621,1126.1754047607537,1066.3533938595072,0.013068595567048322,-0.007900333663048431,0,784.578125,0.009200681600216143,-0.008914801947483841,0.003271467752359314
81323.046875,81323.2421875,80489.921875,80951.9921875,10700,17.549999237060547,18.200000762939453,16.700000762939453,17.260000228881836,0,-0.007900333663048431,54.73736962301876,80641.03577082325,1017.7690304563002,1069.2360755481138,0.013208273776284129,0.009500518970782634,2,833.3203125,-0.016524160728526804,-0.013495460511371071,-0.019129235460081828
80897.0,81905.171875,80897.0,81721.078125,12000,17.260000228881836,17.520000457763672,15.489999771118164,17.280000686645508,0,0.009500518970782634,58.423047677006345,80743.8969474115,982.588338702597,1064.8743469375343,0.013030595916866268,0.005572307787024888,1,1008.171875,0.0011587750578476719,0.00658534407301703,-0.007403270123993222
81928.953125,82492.2421875,81867.2265625,82176.453125,10200,17.280000686645508,18.40999984741211,16.059999465942383,18.020000457763672,0,0.005572307787024888,60.47527498438304,80880.3308690866,980.1537415884231,1043.8950409062818,0.012703091958938593,-0.007603398403549733,0,625.015625,0.04282405912692222,0.0071059343077595205,0.0014261768767793725
82038.203125,82410.5234375,81121.703125,81551.6328125,20700,18.020000457763672,19.18000030517578,17.420000076293945,18.540000915527344,0,-0.007603398403549733,56.36427588646192,80944.26438750693,917.2332346859912,1061.389703162976,0.01301494116743533,-0.0029344906011902205,1,1288.8203125,0.02885685041920394,0.0074073609406810625,0.00449823053881393
81457.609375,81613.359375,81244.0234375,81312.3203125,24100,18.540000915527344,19.040000915527344,17.8799991607666,18.020000457763672,0,-0.0029344906011902205,54.826975466989595,80979.31733274437,838.3932850081765,1011.9572913299063,0.012445313175675543,0.003944090191590588,1,369.3359375,-0.028047488246247587,-0.005001865147627682,-0.00348436559451315
81591.03125,81816.890625,81106.9765625,81633.0234375,6800,18.020000457763672,18.020000457763672,16.209999084472656,16.420000076293945,0,0.003944090191590588,56.53773762242204,81041.5750570068,792.6529095055303,990.382774984913,0.012132133948746507,-0.0022296812899421647,1,709.9140625,-0.08879025198805635,-0.0066129610957214036,0.008412779372033219
81465.6875,81698.2109375,81286.453125,81451.0078125,12600,16.420000076293945,16.549999237060547,15.289999961853027,16.079999923706055,0,-0.0022296812899421647,55.25864826665603,81080.56865276805,733.2635864250333,949.052420521705,0.01165181924705488,-0.0009485188038169667,1,411.7578125,-0.02070646473861837,-0.001233880874357829,-0.0033047815654965174
81214.421875,81474.2578125,80654.2578125,81373.75,9900,16.079999923706055,17.729999542236328,16.079999923706055,17.15999984741211,0,-0.0009485188038169667,54.693043617928055,81108.49068583775,672.2141934255051,939.8343904844404,0.011549601566653134,-0.007818764497150466,0,820.0,0.06716417467849967,0.0007554782259799886,-0.009768042966991963
81492.5,81774.2265625,80575.09375,80737.5078125,32000,17.15999984741211,17.729999542236328,16.260000228881836,16.559999465942383,0,-0.007818764497150466,50.14134564357778,81073.15898361511,565.9685492700373,958.3557063426946,0.011870018437630291,0.003229505028883528,1,1199.1328125,-0.034965057506117225,-0.0109700166340847,-0.009982939297755067
80777.6484375,81087.2890625,80705.1796875,80998.25,7500,16.559999465942383,17.059999465942383,15.630000114440918,15.75,0,0.003229505028883528,51.90774936916871,81066.02479469939,497.0778225183749,917.1952541039307,0.011323642845418643,0.005478995688178445,1,382.109375,-0.04891301280584237,-0.005558652061644853,-0.0038625181435354428
81196.078125,81911.1328125,80983.7265625,81442.0390625,9800,15.75,15.930000305175781,14.979999542236328,15.079999923706055,0,0.005478995688178445,54.84033120489551,81101.83567734707,472.84087836799154,917.9246109536499,0.011270894264437793,0.009171591644786536,2,927.40625,-0.042539687383742586,0.0008392025991181828,-0.002339547978964962
81434.2421875,82299.890625,81140.109375,82188.9921875,12400,15.079999923706055,15.609999656677246,14.369999885559082,14.630000114440918,0,0.009171591644786536,59.33499587836387,81205.37439259973,508.0493237958435,935.2000851712463,0.0113786537622672,0.003117433894498589,1,1159.78125,-0.029840836309138696,0.017977819904607895,0.009060469536470883
82574.546875,82669.0,82369.2421875,82445.2109375,11500,14.630000114440918,15.520000457763672,14.630000114440918,14.6899995803833,0,0.003117433894498589,60.777073973995996,81323.45406354261,550.2836548427877,902.6863514090145,0.010948924032632075,-0.0006488210399576699,1,299.7578125,0.004101125459538446,0.01786410123058224,0.013167156945575131
82643.7265625,82680.7890625,82240.3984375,82391.71875,15100,14.6899995803833,14.739999771118164,13.930000305175781,14.020000457763672,0,-0.0006488210399576699,60.29631998100658,81425.19355749093,572.8350085993006,869.6652280940849,0.010555250470413143,0.0014979888376220885,1,440.390625,-0.0456091995750858,0.011660804400675628,0.020488754016802613
82473.0234375,82783.5078125,82308.90625,82515.140625,11300,14.020000457763672,14.15999984741211,13.5600004196167,13.670000076293945,0,0.0014979888376220885,61.06164718898877,81528.99804011083,593.8210335242038,841.4463948373647,0.010197478771337483,-0.009975915404919045,0,474.6015625,-0.024964363055773764,0.003968273960045066,0.018727449358473702
82571.671875,82661.0390625,81523.15625,81691.9765625,6000,13.670000076293945,14.270000457763672,13.130000114440918,14.020000457763672,0,-0.009975915404919045,53.635738554705256,81544.5198041479,537.8303753197979,862.6204246704101,0.010559426530834958,-0.007018743138884953,0,1137.8828125,0.02560353910141422,-0.0091361810641859,0.003068900323188073
80427.8125,81238.6796875,80354.59375,81118.6015625,6600,14.020000457763672,15.979999542236328,14.020000457763672,15.079999923706055,0,-0.007018743138884953,49.151819918057456,81503.9561620862,442.0946131901874,896.5320238010952,0.011052113899058505,0.008352546295783636,2,884.0859375,0.07560623618634765,-0.015452004240414041,-0.013023527804770896
81034.453125,81865.8203125,81012.3125,81796.1484375,11400,15.079999923706055,15.470000267028809,14.550000190734863,14.84000015258789,0,0.008352546295783636,54.041236802367806,81531.78399783988,416.09917006085743,893.4588658510169,0.010922994333085304,-0.002602219866900457,1,853.5078125,-0.015915104266073565,-0.008713457700660565,-0.007872652548515435
81869.46875,81890.1484375,81427.0078125,81583.296875,21500,14.84000015258789,15.020000457763672,14.300000190734863,14.399999618530273,0,-0.002602219866900457,52.338585120209125,81536.68998614086,374.0108871810371,862.7218486473728,0.010574736271926038,-0.001699375121018032,1,463.140625,-0.029649631370178064,-0.0013303593825625404,-0.009811931189989909
81314.6171875,81858.96875,81237.0078125,81444.65625,11300,14.399999618530273,14.819999694824219,14.109999656677246,14.279999732971191,0,-0.001699375121018032,51.20689551397268,81527.92486841316,325.7138534469268,845.5246407082748,0.010381585233939455,-0.0010165069915191172,1,621.9609375,-0.008333325606805109,0.004019481120477453,-0.012973187307102174
81403.9375,81583.9375,81191.0390625,81361.8671875,12500,14.279999732971191,14.369999885559082,13.739999771118164,14.260000228881836,0,-0.0010165069915191172,50.504626265931144,81512.10985118334,277.55820261882036,813.1941976219695,0.009994782884566154,0.012859890310638722,2,392.8984375,-0.0014005255226425817,-0.005309311725500532,-0.004040903267255924
81354.8515625,82494.4921875,81323.203125,82408.171875,6700,14.260000228881836,14.260000228881836,13.319999694824219,13.670000076293945,0,0.012859890310638722,58.29008789654094,81597.44909154682,320.1322609145427,838.7724022561144,0.01017826731465901,-0.006205486675225469,0,1171.2890625,-0.041374484089622965,0.01011083189324724,0.01589734398350573
81704.0703125,82169.671875,81476.7578125,81896.7890625,8000,13.670000076293945,14.520000457763672,13.65999984741211,14.050000190734863,0,-0.006205486675225469,53.8330968213692,81625.95766020902,309.0457031870901,845.3896637021063,0.0103226228204984,0.0019331687397314834,1,692.9140625,0.027798106241411213,0.005551411637273684,0.0012303834217437526
82534.609375,83018.15625,81900.1171875,82055.109375,119300,14.050000190734863,14.34000015258789,13.3100004196167,13.640000343322754,0,0.0019331687397314834,54.980775357734764,81666.82925209387,309.46730592839594,865.1023439733844,0.01054294303624386,0.008535707804606218,2,1118.0390625,-0.02918148340542226,0.008520480311770662,0.005783199724361365
82448.796875,82815.90625,82339.5703125,82755.5078125,7500,13.640000343322754,13.640000343322754,12.899999618530273,12.960000038146973,0,0.008535707804606218,59.748044914063286,81770.51292451349,362.1431685498974,857.6519533324283,0.010363684255018036,0.012088130463370872,2,476.3359375,-0.049853393552784175,0.004214823962201963,0.01609499779182877
82882.921875,83812.09375,82816.2578125,83755.8671875,10500,12.960000038146973,13.329999923706055,12.520000457763672,12.59000015258789,0,0.012088130463370872,65.38597138716942,81959.59428289316,479.0871914750023,871.8615236301121,0.010409557597658442,0.0036180301174797425,1,995.8359375,-0.028549373801698308,0.022700256582480094,0.02942410348674751
83774.453125,84089.3515625,83645.40625,84058.8984375,8600,12.59000015258789,12.920000076293945,12.319999694824219,12.390000343322754,0,0.0036180301174797425,66.89847521341463,82159.52801190334,589.423751413764,841.2960799779612,0.010008411906604831,-0.005382386736086042,0,443.9453125,-0.015885608168481724,0.02442004011404686,0.02003110280135667
84027.328125,84099.53125,83482.1328125,83606.4609375,6200,12.390000343322754,13.029999732971191,12.390000343322754,12.789999961853027,0,-0.005382386736086042,62.50682602689852,82297.33114767444,633.0608140277327,825.3033912295354,0.009871287242339929,0.0010863768658728734,1,617.3984375,0.03228406839761244,0.01028273703459126,0.02087593292204959
83685.65625,83874.2890625,83572.5078125,83697.2890625,19100,12.789999961853027,12.989999771118164,12.4399995803833,12.529999732971191,0,0.0010863768658728734,63.031500200022535,82430.66047289592,667.2805760298215,787.9089525702828,0.00941379298416608,-0.003436211204943973,1,301.78125,-0.02032839950408938,-0.000699391301971275,0.020013131418728403
83790.71875,83935.0078125,83150.7734375,83409.6875,10600,12.529999732971191,12.65999984741211,12.34000015258789,12.449999809265137,0,-0.003436211204943973,60.16068127226067,82523.90114214394,663.5440190396475,787.6464827438341,0.009443105547468142,-0.002040755158086438,1,784.234375,-0.006384670822900729,-0.007723286285778563,0.007904968560910497
83540.7421875,83850.09375,83186.7421875,83239.46875,9600,12.449999809265137,12.65999984741211,12.1899995803833,12.390000343322754,0,-0.002040755158086438,58.46347882076141,82592.05043813022,639.4760582178424,778.7682741549888,0.00935575738107998,0.002323679834874026,1,663.3515625,-0.004819234286070562,-0.004389519462788205,-0.006165519561083022
83306.8125,83477.859375,83015.828125,83432.890625,8800,12.390000343322754,12.699999809265137,12.239999771118164,12.319999694824219,0,0.002323679834874026,59.84957672906526,82672.13045592734,628.7615825515677,756.1442010010611,0.009062903074995325,0.00011517490198431624,1,462.03125,-0.005649769698050089,-0.0031589844839844394,-0.0074472521545765336
83398.078125,83516.8203125,83262.2265625,83442.5,6200,12.319999694824219,12.789999961853027,11.9399995803833,12.5600004196167,0,0.00011517490198431624,59.92113394740867,82745.49898393426,613.9682360033039,720.3191687866996,0.008632521422377082,0.0032358547802378013,1,254.59375,0.019480578793626746,0.0003933895568186685,-0.0019611036714324293
83387.03125,83812.3125,83320.953125,83712.5078125,15300,12.5600004196167,12.710000038146973,12.0600004196167,12.199999809265137,0,0.0032358547802378013,61.97197931107863,82837.59506284528,616.9203029697383,703.9648978019353,0.008409315599273192,-0.0021075666242751367,1,491.359375,-0.028662468019451603,0.005682869792462464,0.0001818308594037088
83625.890625,83781.359375,83382.28125,83536.078125,7800,12.199999809265137,12.359999656677246,11.75,11.9399995803833,0,-0.0021075666242751367,59.81805807741807,82904.11725924097,598.1285820406483,682.1872711732257,0.00816637896445687,-0.004139491376199955,0,399.078125,-0.0213114945038263,0.0012367724434214633,0.0015152991071929467
83658.203125,83742.28125,83134.96875,83190.28125,7500,11.9399995803833,12.1899995803833,11.609999656677246,11.670000076293945,0,-0.004139491376199955,55.72964464126847,82931.3709726466,549.0045077282266,676.8390732322811,0.008136035400556853,-0.008291984227424387,0,607.3125,-0.02261302458778547,-0.003022665308445971,-0.0005909155925505338
82820.7578125,83040.7421875,82442.25,82500.46875,10700,11.670000076293945,12.119999885559082,11.539999961853027,11.819999694824219,0,-0.008291984227424387,48.59447833356539,82890.33266572788,449.2327457144711,681.9242287156895,0.008265701262645123,-0.0029940170794484633,1,598.4921875,0.012853437664921419,-0.014478589809001297,-0.011175711017743506
82537.8671875,82537.8671875,82010.3828125,82253.4609375,18100,11.819999694824219,12.420000076293945,11.819999694824219,11.979999542236328,0,-0.0029940170794484633,46.30814512168673,82829.67821542046,346.24019788928854,670.8928105931402,0.008156408289043494,0.003859355082228122,1,527.484375,0.013536366458805515,-0.015354050804021968,-0.014249801510021864
82233.15625,82743.6171875,82221.7421875,82570.90625,9900,11.979999542236328,12.029999732971191,11.40999984741211,11.479999542236328,0,0.003859355082228122,49.59065873106197,82805.03326633279,286.92554634089174,660.2486812650587,0.007996141876728629,0.0007698875474071443,1,521.875,-0.04173622863984383,-0.007445280755076222,-0.013637168355497997
82534.65625,82784.75,82342.9375,82634.4765625,7600,11.479999542236328,11.670000076293945,11.199999809265137,11.239999771118164,0,0.0007698875474071443,50.2466388306466,82788.78977072967,242.25528249138733,644.6460968889832,0.007801176018842567,-0.004540893711793448,0,441.8125,-0.02090590424112604,0.0016243278920764492,-0.010792960152508968
82753.53125,82757.09375,82219.2734375,82259.2421875,8800,11.239999771118164,11.539999961853027,10.729999542236328,11.239999771118164,0,-0.004540893711793448,46.40776981089437,82738.35666756493,174.56324206809222,637.0156837183415,0.007744001364203444,-0.006096769331485619,0,537.8203125,0.0,7.028579629486664e-05,-0.011191680668828141
82193.6171875,82334.75,81608.1328125,81757.7265625,8300,11.239999771118164,11.859999656677246,9.899999618530273,11.390000343322754,0,-0.006096769331485619,41.8100404722654,82644.96332422542,79.53189852199284,643.4157911313171,0.007869785746053683,0.005413765843423235,2,726.6171875,0.013345246909170383,-0.00984825920449428,-0.009002884453307991
81918.53125,82274.03125,81518.65625,82200.34375,15300,11.390000343322754,11.9399995803833,11.09000015258789,11.199999809265137,0,0.005413765843423235,46.81784242263015,82602.61860287063,39.47928935030359,651.4128774790801,0.007924697729491916,-0.00016461305856763087,1,755.375,-0.016681345770898304,-0.005253652356249194,-0.0006457744986604341
82527.4296875,82538.171875,82110.6328125,82186.8125,23900,11.199999809265137,11.229999542236328,10.6899995803833,10.75,0,-0.00016461305856763087,46.685567942450604,82563.01802164485,6.569717613499961,635.42189069486,0.00773143368584662,0.0065683058945740225,2,427.5390625,-0.040178555082909684,-0.000880505163601053,-0.00465168383688408
82451.8671875,82786.4296875,82279.7265625,82726.640625,10100,10.75,10.75,10.220000267028809,10.520000457763672,0,0.0065683058945740225,52.45664373169066,82578.6011267263,23.774208787071984,632.8644118952271,0.007650067827170724,-0.0065573646639298655,0,506.703125,-0.021395306254542112,0.011851039690533804,0.001115322155278431
82779.953125,82784.2421875,82047.21875,82184.171875,14000,10.520000457763672,11.109999656677246,9.869999885559082,10.720000267028809,0,-0.0065573646639298655,46.95607405683882,82541.03643608569,-6.291280564531917,640.3043422955681,0.007791090762214584,-0.008773929438587569,0,737.0234375,0.01901138788616108,-0.0001967373159555974,-0.000912606419700368
82065.7578125,82069.5078125,81397.6875,81463.09375,10000,10.720000267028809,11.579999923706055,10.609999656677246,11.279999732971191,0,-0.008773929438587569,40.82758836204356,82438.37522788705,-87.29706959424948,650.7457732030274,0.007988228082769413,-0.007022447665142817,0,671.8203125,0.05223875485010554,-0.00880577708254593,-0.0036037304960377936
81299.96875,81557.40625,80776.4375,80891.0234375,5100,11.279999732971191,12.229999542236328,10.329999923706055,12.0600004196167,0,-0.007022447665142817,36.73164833651412,82291.00839070733,-195.4035438244464,660.0474144028111,0.008159711502634073,0.005525083853653134,2,780.96875,0.06914899867998958,-0.02218894873080679,-0.015928404344416114
80620.25,81429.8828125,80575.453125,81337.953125,12300,12.0600004196167,12.300000190734863,11.399999618530273,11.529999732971191,0,0.005525083853653134,41.65622459174774,82200.24122254472,-242.22301672474714,673.9318624811818,0.008285576862814396,0.0017692386453203035,1,854.4296875,-0.04394698741331826,-0.01029661467279952,-0.010328413393572156
81594.5234375,81618.9609375,81187.0625,81481.859375,7200,11.529999732971191,11.779999732971191,10.609999656677246,11.210000038146973,0,0.0017692386453203035,43.18955474310582,82131.82390373092,-264.6648628235562,656.6437606968118,0.008058772415523462,-0.0036361621135378996,1,431.8984375,-0.027753660211209508,0.0002303573819280036,-0.015046921289147863
80695.5,81803.2734375,80695.1484375,81185.578125,9700,11.210000038146973,12.119999885559082,11.210000038146973,11.539999961853027,0,-0.0036361621135378996,40.81144281571473,82041.7052581375,-302.8663534955849,688.8924206470394,0.00848540389262689,-0.007213989091735651,0,1108.125,0.029437994878062756,0.0036413766940108783,-0.012150682147394898
81074.40625,81317.5078125,80495.5703125,80599.90625,14700,11.539999961853027,12.109999656677246,11.399999618530273,11.979999542236328,0,-0.007213989091735651,36.529576661777675,81904.39106688632,-376.0650914466387,698.3956406008223,0.008664968398779276,0.005196190907480025,2,821.9375,0.03812821333082983,-0.009073831423637713,-0.010596055959389616
80765.828125,81093.1875,80500.5078125,81018.71875,9900,11.979999542236328,12.630000114440918,11.800000190734863,11.970000267028809,0,0.005196190907480025,41.27448596523765,81820.04132242096,-395.71934378497826,690.8445010936206,0.008526973911120022,-0.0038073763046271303,1,592.6796875,-0.0008346640725874765,-0.005683972218509581,0.0015786091839802285
80946.4296875,81010.4921875,80554.3984375,80710.25,10900,11.970000267028809,12.180000305175781,11.640000343322754,11.710000038146973,0,-0.0038073763046271303,38.964035446595,81714.34691076181,-431.2155461151706,674.664201908362,0.008359089482542329,-0.0020599343020248906,1,456.09375,-0.021720987726124186,-0.005854834515905627,-0.007717223029147902
80694.9765625,80834.4296875,80448.8203125,80543.9921875,5300,11.710000038146973,12.050000190734863,10.65999984741211,11.960000038146973,0,-0.0020599343020248906,37.73787305953502,81602.88455616546,-467.3745552500477,654.0174285577648,0.008120002632043174,0.0009841283359219855,1,385.609375,0.02134927405513154,-0.0006937236667071689,-0.011510134828707108
80262.9765625,80737.546875,79811.2890625,80623.2578125,37500,11.960000038146973,12.3100004196167,11.5600004196167,11.6899995803833,0,0.0009841283359219855,38.72787155967301,81509.58677105447,-484.05487374319637,673.4631702679244,0.008353212069824215,-0.009494391206321562,0,926.2578125,-0.02257528903867001,-0.004881105793838492,-0.006926357186669341
80478.0078125,80550.3984375,79775.84375,79857.7890625,23200,11.6899995803833,12.199999809265137,10.899999618530273,12.029999732971191,0,-0.009494391206321562,33.23245878035249,81352.2727035731,-552.6702386738034,685.888233998787,0.008588870817121954,0.009345225697594994,2,774.5546875,0.029084701864184437,-0.010561991042029928,-0.00920741998381669
79885.359375,80636.046875,79772.4609375,80604.078125,8600,12.029999732971191,12.729999542236328,12.029999732971191,12.220000267028809,0,0.009345225697594994,41.889953018833786,81281.01607704232,-540.5974485063489,698.5809271060165,0.00866681864437013,-0.00457153513285713,0,863.5859375,0.01579389345594695,0.0007460014815272586,-0.0051178373516305165
80508.5078125,80997.671875,80164.359375,80235.59375,10300,12.220000267028809,12.420000076293945,11.600000381469727,12.229999542236328,0,-0.00457153513285713,39.188006880968565,81181.45204589544,-554.3728200445912,708.2046108841581,0.008826564094369379,0.0037927369360308827,1,833.3125,0.0008182712756970023,-0.004808340335261119,-0.005880990952202514
80492.171875,80683.7421875,80319.0,80539.90625,12300,12.229999542236328,12.350000381469727,10.779999732971191,12.140000343322754,0,0.0037927369360308827,42.487264561594216,81120.35244628634,-534.5722100526764,689.6291699281468,0.008562577261854545,0.0007170358483004069,1,364.7421875,-0.007358888166983268,0.008541648792281809,-5.072926470406358e-05
80625.28125,80751.1796875,80489.859375,80597.65625,7200,12.140000343322754,12.470000267028809,11.470000267028809,12.359999656677246,0,0.0007170358483004069,43.11795906963917,81070.57185616384,-508.36008302136906,659.0356801118505,0.008176859114459057,0.0083885038530509,2,261.3203125,0.01812185396481447,-7.967183732371375e-05,-0.0003175456213830863
81315.7890625,81765.7734375,81202.421875,81273.75,19300,12.359999656677246,13.470000267028809,11.75,12.34000015258789,0,0.0083885038530509,50.027171877316555,81089.9221555768,-428.0968344011635,695.3986449252898,0.008556251494797395,0.00456039772989425,2,563.3515625,-0.0016180829000712604,0.012938849224880311,0.017731031050606916
81319.109375,81755.8828125,81315.4375,81644.390625,10900,12.34000015258789,12.34000015258789,11.760000228881836,11.789999961853027,0,0.00456039772989425,53.37097367914732,81142.72867647425,-330.76715289642743,680.1653711806263,0.00833082794756454,0.0026144248657622438,1,440.4453125,-0.044570517336624205,0.013713504601950088,0.012906449948930643
81671.46875,81985.6171875,81494.5,81857.84375,9400,11.789999961853027,11.989999771118164,10.1899995803833,11.789999961853027,0,0.0026144248657622438,55.228941314203965,81210.83487395289,-233.71467846511223,666.6619294891531,0.00814414231976582,0.0017453084634910798,1,491.1171875,0.0,0.015635535307517046,0.02021858285307454
82220.4609375,82231.171875,81921.21875,82000.7109375,10100,11.789999961853027,11.890000343322754,10.09000015258789,11.369999885559082,0,0.0017453084634910798,56.47890185722173,81286.06116571928,-143.61618720453407,645.709514882785,0.0078744380079209,-0.008461626333079675,0,309.953125,-0.03562341625554455,0.008944596963964324,0.018137650706540276
81951.4765625,81993.609375,81291.7734375,81306.8515625,6700,11.369999885559082,11.789999961853027,10.699999809265137,11.729999542236328,0,-0.008461626333079675,49.28250126886461,81288.04120350792,-126.7401548812195,650.2257995340148,0.00799718334972288,0.0040470720631342605,2,701.8359375,0.03166223925248035,-0.0041342590705385485,0.00879920515678756
81501.0625,81799.0625,81364.859375,81635.90625,9700,11.729999542236328,12.350000381469727,11.550000190734863,11.760000228881836,0,0.0040470720631342605,52.38126353274934,81321.17120793574,-85.82448320476396,638.9390236744423,0.007826691134141018,-0.010404333417931566,0,434.203125,0.0025576033943977006,-0.002711255144684843,0.004456005167720267
81377.390625,81450.28125,80685.9765625,80786.5390625,20500,11.760000228881836,12.550000190734863,10.930000305175781,12.1899995803833,0,-0.010404333417931566,44.77639609394227,81270.25386075139,-120.54577553000126,661.152642519125,0.0081839456200448,-0.008738692834134532,0,764.3046875,0.036564569994260054,-0.014806845710464978,-0.010507170865420412
80754.65625,80775.7109375,80013.0234375,80080.5703125,7800,12.1899995803833,13.149999618530273,11.579999923706055,12.180000305175781,0,-0.008738692834134532,39.62673498607473,81156.95066567982,-202.69192164771084,669.1785698391876,0.008356316235359448,-0.003383116203378389,1,762.6875,-0.0008202851149897716,-0.015082139160896735,-0.021711706002517372
80010.828125,80310.7421875,79741.7578125,79809.6484375,12500,12.180000305175781,12.199999809265137,11.59000015258789,11.75,0,-0.003383116203378389,37.82871552621345,81028.63616775794,-286.35355981232715,662.0218416363886,0.008295010122176226,0.0069520886366829515,2,568.984375,-0.035303800854016076,-0.022370766693117994,-0.026720042728288096
79828.9921875,80406.84375,79818.3828125,80364.4921875,6000,11.75,12.199999809265137,11.239999771118164,11.289999961853027,0,0.0069520886366829515,43.484406825059814,80965.38436011433,-304.3760990032606,657.3913752695037,0.008180122307445565,-0.0025709037583160343,1,588.4609375,-0.03914893941676367,-0.0052242227467311775,-0.01159015946246078
80520.09375,80761.140625,80008.5,80157.8828125,8200,11.289999961853027,11.779999732971191,10.779999732971191,11.399999618530273,0,-0.0025709037583160343,41.95391042594474,80888.47945081773,-331.50930806735414,664.1948931073963,0.008286083287167612,0.005112761348233796,2,752.640625,0.009743105141622355,0.0009654339335785078,-0.01810506559422187
80295.9921875,80671.28125,80004.6015625,80567.7109375,17100,11.399999618530273,11.579999923706055,10.850000381469727,10.930000305175781,0,0.005112761348233796,46.01296296983343,80857.930068597,-316.29679456408485,664.3723784211537,0.008246136953506563,0.0018654728209492877,1,666.6796875,-0.041228011322958835,0.009498381647347509,-0.002708720135054965
81456.671875,81456.671875,80608.9375,80718.0078125,17000,10.930000305175781,11.239999771118164,10.489999771118164,10.850000381469727,0,0.0018654728209492877,47.463879992036986,80844.6041394449,-288.78414245111344,680.414418355357,0.008429524424536008,-8.981886689818364e-05,1,847.734375,-0.007319297481462206,0.004398903239196894,0.007959952052195796
81012.421875,81036.5625,80321.1875,80710.7578125,8200,10.850000381469727,11.4399995803833,9.949999809265137,10.779999732971191,0,-8.981886689818364e-05,47.397706637501464,80831.85687021205,-264.51600598140794,682.9116027585459,0.008461221543044174,0.0009483130201528578,1,715.375,-0.00645167244584488,0.006897325385866848,0.011290732294174655
80904.3984375,81171.3828125,80733.0703125,80787.296875,8700,10.779999732971191,11.079999923706055,10.420000076293945,10.84000015258789,0,0.0009483130201528578,48.218482363043464,80827.61306114425,-236.3824011292745,667.0339882757926,0.008256669229914651,0.003887039790251734,1,438.3125,0.0055659017720737225,0.002725483136418516,0.00526108827407934
81129.6875,81181.3671875,80927.96875,81101.3203125,6300,10.84000015258789,11.449999809265137,9.850000381469727,10.6899995803833,0,0.003887039790251734,51.55815651402979,80853.68041841623,-186.59628378211346,647.5365828632359,0.007984291505590104,0.00399288351598015,2,253.3984375,-0.013837690968000582,0.004748785436954783,0.011769740752844315
81504.359375,81643.8828125,81235.421875,81425.1484375,11800,10.6899995803833,10.84000015258789,10.25,10.539999961853027,0,0.00399288351598015,54.795913178651645,80908.10594404326,-119.63117009097186,640.0384340872905,0.007860451548068945,0.0015176898952153905,1,408.4609375,-0.014031770291696777,0.008851244175647643,0.010642445838695336
81217.296875,81642.21875,81216.90625,81548.7265625,13500,10.539999961853027,10.779999732971191,10.180000305175781,10.359999656677246,0,0.0015176898952153905,56.00440701348302,80969.11743151533,-55.94422295298136,624.7008673667698,0.007660461342556845,0.004365200751812681,2,425.3125,-0.017077827877348017,0.009425116533830158,0.010291616115324365
81758.953125,81992.8515625,81641.3828125,81904.703125,11100,10.359999656677246,10.359999656677246,9.850000381469727,10.119999885559082,0,0.004365200751812681,59.37369798566073,81058.22083089483,22.98748959619843,611.8025911262863,0.007469688159330427,-0.0014524310932235718,1,351.46875,-0.02316600184088602,0.009905915334108117,0.014792889385002006
81925.5078125,81998.5078125,81744.703125,81785.7421875,10500,10.119999885559082,10.680000305175781,9.899999618530273,10.399999618530273,0,-0.0014524310932235718,57.78118335451922,81127.50857914294,75.07684783732111,586.2313122958373,0.00716789132941849,0.007274438020456353,2,253.8046875,0.02766795811635747,0.004428530459195779,0.01235893947590383
81852.109375,82443.4765625,81779.9375,82380.6875,8200,10.399999618530273,10.5,9.760000228881836,10.270000457763672,0,0.007274438020456353,63.11026334781286,81246.8589525579,162.49204691128398,591.7532944532775,0.00718315557215127,0.0037997186840665886,2,663.5390625,-0.012499919762975265,0.010202010167042586,0.015774924286933167
82506.3984375,82741.953125,82490.46875,82693.7109375,14600,10.270000457763672,10.359999656677246,9.619999885559082,10.25,0,0.0037997186840665886,65.57253370910317,81384.65437969525,254.09850790187193,575.289889492329,0.006956875957920595,0.00387272497955804,2,251.484375,-0.0019474641550334404,0.009633241833449269,0.015579492630261704
83108.921875,83141.2109375,82704.921875,83013.9609375,14600,10.25,10.25,9.489999771118164,9.890000343322754,0,0.00387272497955804,67.93091346114917,81539.82643281951,348.52125075315416,566.162040242877,0.006820082234952409,-0.0046707128610803395,0,436.2890625,-0.035121917724609375,0.015017516710727152,0.017967593569680362
82946.0390625,82978.6328125,82485.921875,82626.2265625,9700,9.890000343322754,10.260000228881836,9.399999618530273,9.970000267028809,0,-0.0046707128610803395,62.36096291973138,81643.29311183668,387.5970535482775,563.4389704041,0.006819129879759236,-0.005642975988348176,0,492.7109375,0.008088970771377824,0.0029805415559320814,0.008809304105514393
82151.0703125,82583.15625,81997.2890625,82159.96875,10300,9.970000267028809,10.729999542236328,9.970000267028809,10.5600004196167,0,-0.005642975988348176,56.37483905568405,81692.50031547129,376.60058290573943,568.1174368038072,0.0069147718219380065,-0.0007043233874161059,1,585.8671875,0.05917754631753058,-0.006454447157455578,0.00457569439966754
82147.3671875,82370.3828125,81776.53125,82102.1015625,9300,10.5600004196167,10.899999618530273,9.960000038146973,10.630000114440918,0,-0.0007043233874161059,55.66071671920882,81731.50995804546,359.077184021633,569.9555886392495,0.0069420340989124665,-0.004707172443153662,0,593.8515625,0.006628758716162864,-0.010984409907708437,-0.0033816898833236575
81917.6484375,82045.46875,81607.84375,81715.6328125,15100,10.630000114440918,10.890000343322754,10.109999656677246,10.520000457763672,0,-0.004707172443153662,51.01304700189544,81729.99784894589,310.4265617161727,564.5486046293032,0.0069086977020013296,-0.006803510000046864,0,437.625,-0.010348039086830352,-0.011020638214807144,-0.011827720801394825
81574.3125,81840.7265625,81092.890625,81159.6796875,14800,10.520000457763672,10.899999618530273,10.289999961853027,10.779999732971191,0,-0.006803510000046864,45.169932680894135,81675.6818335701,224.42281561682466,577.6405569772102,0.0071173341146906575,-0.009034273580467711,0,747.8359375,0.024714758925285185,-0.012174895849141887,-0.02233698078081181
80956.0078125,81033.09375,80332.40625,80426.4609375,10700,10.779999732971191,11.680000305175781,10.170000076293945,11.430000305175781,0,-0.009034273580467711,38.849727649918684,81556.70841489674,95.99305368012574,595.4714770145523,0.007403924903239216,-0.0007649651219616693,1,700.6875,0.060296900584934976,-0.020409229399864115,-0.02662309192270884
80588.7734375,80851.3828125,80248.84375,80364.9375,8600,11.430000305175781,11.729999542236328,10.619999885559082,11.369999885559082,0,-0.0007649651219616693,38.364657264773896,81443.2064230018,-10.630345172598027,595.9763045492272,0.007415874672324945,-0.0012109797571857595,1,602.5390625,-0.005249380403737125,-0.016529215598185765,-0.021848003076315625
80541.7734375,80677.8203125,80201.1484375,80267.6171875,7100,11.369999885559082,11.789999961853027,10.930000305175781,11.069999694824219,0,-0.0012109797571857595,37.56564180840246,81331.2455434302,-101.80949632306874,587.4545595814252,0.007318699372988351,0.008916364252201214,2,476.671875,-0.026385241315251884,-0.010991449244684426,-0.02234393931565204
80173.2421875,81068.4296875,80159.8984375,80983.3125,22300,11.069999694824219,11.260000228881836,10.149999618530273,10.289999961853027,0,0.008916364252201214,46.405642308002236,81298.10906310352,-114.99342746577167,610.3886088970377,0.007537214644029752,0.0027642654775328346,1,908.53125,-0.07046068242765002,0.006923735745785642,-0.008961814126561829
80684.140625,81251.9921875,80649.5703125,81207.171875,13600,10.289999961853027,10.619999885559082,9.949999809265137,10.0600004196167,0,0.0027642654775328346,48.84539159549098,81289.44837852223,-106.15452391699364,609.8195564758207,0.007509429800295218,0.0071784954338431906,2,602.421875,-0.022351753458598633,0.01048012231702411,0.000585169725692225
81274.7890625,81846.421875,81155.8828125,81790.1171875,8800,10.0600004196167,10.539999961853027,9.65999984741211,10.1899995803833,0,0.0071784954338431906,54.63659697327938,81337.1311222344,-51.516958898253506,615.5852354775478,0.007526401191801054,0.0016705296091796829,1,690.5390625,0.0129223812469339,0.018967798638441336,0.016955318362941618
81883.953125,82309.5625,81787.4765625,81926.75,13900,10.1899995803833,10.449999809265137,10.0,10.050000190734863,0,0.0016705296091796829,55.896872399979024,81393.28530106922,2.776821630948689,608.9067141934372,0.007432330883300475,-0.001868666217078041,1,522.0859375,-0.013738900433121648,0.011649776612928653,0.01943400379052118
81899.5078125,82257.7421875,81646.078125,81773.65625,15200,10.050000190734863,10.520000457763672,9.6899995803833,10.3100004196167,0,-0.001868666217078041,54.08380392028362,81429.5111057293,33.07043234036246,609.1036676439061,0.007448653950139426,0.004872538795157588,2,611.6640625,0.025870669049492312,0.006975792432126315,0.018762722941955357
81900.0,82247.7265625,81667.6796875,82172.1015625,23200,10.3100004196167,10.569999694824219,10.0,10.119999885559082,0,0.004872538795157588,57.91027739360122,81500.23400637411,88.21268295498157,607.0281824550556,0.007387278296556048,0.004000369270706461,2,580.046875,-0.018428761040213515,0.004670299886284868,0.014679432413930993
82075.453125,82654.109375,82072.9296875,82500.8203125,13700,10.119999885559082,10.34000015258789,9.710000038146973,10.100000381469727,0,0.004000369270706461,60.81181617694911,81595.52794029086,156.6326065652247,605.1818613868373,0.007335464775919859,-0.002106323753409689,1,581.1796875,-0.0019762356043001583,0.007007116875745734,0.01593022398922206
82049.15625,82438.5,82043.140625,82327.046875,9000,10.100000381469727,11.260000228881836,9.779999732971191,11.010000228881836,0,-0.002106323753409689,58.5153211560852,81665.19641026316,194.5907043331972,594.6459918234917,0.007222972454318242,-0.0036084169635168806,1,395.359375,0.09009899139030408,0.006767345993533125,0.006564725739041544
82404.5390625,82573.3671875,81781.6171875,82029.9765625,12600,11.010000228881836,11.670000076293945,10.010000228881836,11.15999984741211,0,-0.0036084169635168806,54.71152775674761,81699.93737714285,198.41448017040966,608.7248495503852,0.007420760983475202,0.0070151565210012645,2,791.75,0.013623943270844707,-0.0017296016202275055,0.0012599860546158581
82197.25,82727.0234375,82084.3671875,82605.4296875,10600,11.15999984741211,11.15999984741211,10.430000305175781,10.529999732971191,0,0.0070151565210012645,60.1195970593046,81786.17474003401,245.05427485573455,615.0335656539291,0.007445437521245618,0.01043789210663082,2,642.65625,-0.05645162392963732,0.001267979816488518,0.010171655220565068
82794.7890625,83615.4765625,82791.3515625,83467.65625,27400,10.529999732971191,11.0600004196167,10.380000114440918,10.869999885559082,0,0.01043789210663082,66.5625362802132,81946.31583622124,347.584389354437,643.2488020357913,0.0077065636072151155,0.005805018036552312,2,824.125,0.03228871426494839,0.013854613013531525,0.015766356985705166
83331.78125,84172.2421875,83206.078125,83952.1875,14300,10.869999885559082,11.8100004196167,9.779999732971191,11.630000114440918,0,0.005805018036552312,69.5405808408743,82137.3512327716,462.6052410060656,666.3141777832349,0.007936829255142814,0.004897784080968748,2,966.1640625,0.0699172251042528,0.023433030436567748,0.01759215462346253
84269.296875,84656.5625,84196.7890625,84363.3671875,10900,11.630000114440918,11.880000114440918,10.670000076293945,11.359999656677246,0,0.004897784080968748,71.83319023468398,82349.35275226955,580.2500971034315,669.0328079415752,0.007930371086950935,0.0007464918079909122,1,459.7734375,-0.023215860284335976,0.021281137410099404,0.024734523948026554
84484.671875,84665.4375,84286.3984375,84426.34375,3400,11.359999656677246,11.600000381469727,10.699999809265137,11.300000190734863,0,0.0007464918079909122,72.17858806063101,82547.16141872008,670.8332275545981,648.3189689814627,0.00767910749399784,0.0015404514956269821,1,379.0390625,-0.005281643288353122,0.011485736428594073,0.02921331064472721
85154.1484375,85290.0625,84445.25,84556.3984375,25700,11.300000190734863,12.050000190734863,10.739999771118164,11.729999542236328,0,0.0015404514956269821,72.91718496725653,82738.51732527054,744.5328264544805,663.704667625644,0.007849254224282298,-0.004074388589938027,0,844.8125,0.0380530393135774,0.007197083905645663,0.023617923874745372
84667.2265625,84707.4375,83957.1484375,84211.8828125,13600,11.729999542236328,11.9399995803833,11.4399995803833,11.59000015258789,0,-0.004074388589938027,67.78360229963174,82878.83784786382,766.3072449492029,669.8892672595266,0.007954806909507686,0.006732552682171322,2,750.2890625,-0.011935157298543775,-0.001795617932879856,0.008916346713641055
84297.390625,84932.078125,84294.203125,84778.84375,12000,11.59000015258789,12.729999542236328,11.279999732971191,11.859999656677246,0,0.006732552682171322,71.35741490123904,83059.79079092441,819.861781576692,673.4825562052747,0.007943993175836097,-0.001777418673511888,1,637.875,0.02329590168547746,0.004175237068702264,0.009846750568589968
84625.7109375,84986.9375,84219.390625,84628.15625,12900,11.859999656677246,12.640000343322754,10.710000038146973,11.949999809265137,0,-0.001777418673511888,69.16143889125436,83209.158929884,840.4566546429414,680.2014361191838,0.008037531080197481,0.004359974018694368,2,767.546875,0.007588545969073435,0.000848638468832652,0.0031386734708145347
84663.6796875,85105.828125,84638.6796875,84997.1328125,13600,11.949999809265137,12.100000381469727,11.229999542236328,11.970000267028809,0,0.004359974018694368,71.47617991040747,83379.4421567998,876.448413117716,665.7350388963849,0.007832441129102174,-0.006972845499475966,0,467.1484375,0.0016736785006612465,0.009324693544121132,0.006760793339460447
84750.8984375,84906.953125,84312.6484375,84404.4609375,14200,11.970000267028809,12.270000457763672,11.710000038146973,12.069999694824219,0,-0.006972845499475966,63.26221377015984,83477.06299305697,847.380400092341,667.0742771895003,0.00790330593644164,-0.005518073272748891,0,594.3046875,0.008354170890944479,-0.004415993376885363,-0.001796877620234838
84379.7890625,84712.7890625,83905.65625,83938.7109375,13300,12.069999694824219,12.289999961853027,11.770000457763672,12.149999618530273,0,-0.005518073272748891,57.6549450916317,83521.0294639563,777.7957129631395,677.0784582831075,0.008066343296447022,0.00047393210540991326,1,807.1328125,0.006627997160626231,-0.008146760405169484,-0.0032438637621750033
83835.1015625,84127.0,83609.5390625,83978.4921875,1300,12.149999618530273,12.9399995803833,11.789999961853027,12.670000076293945,0,0.00047393210540991326,57.99739218265656,83564.59734238904,717.5874599364033,665.6772067985997,0.007926758262250441,-0.006184247138427468,0,517.4609375,0.04279839292921506,-0.011984411606531187,-0.009440463293650447
84000.640625,84068.0078125,83412.7734375,83459.1484375,9500,12.670000076293945,12.9399995803833,10.979999542236328,12.649999618530273,0,-0.006184247138427468,52.076419402587526,83554.55458954246,620.8089857993764,664.9312902415569,0.007967146833992723,-0.0017750076267665227,1,655.234375,-0.0015785680854961681,-0.011199793109276435,-0.013813461905593627
83516.6875,83846.3515625,83237.6484375,83311.0078125,17900,12.649999618530273,12.869999885559082,12.0600004196167,12.40999984741211,0,-0.0017750076267665227,50.492916013796616,83531.35965839555,526.0931629193801,660.9149927243028,0.00793310524116765,-0.0011370233656660123,1,608.703125,-0.01897231449450809,-0.007478112517922519,-0.019837433854616227
83150.1484375,83390.109375,82670.953125,83216.28125,15900,12.40999984741211,12.670000076293945,11.960000038146973,12.5600004196167,0,-0.0011370233656660123,49.457319115903836,83501.3521909293,438.3337108006672,665.0750825297098,0.007992126931647883,0.0038342294044773073,1,719.15625,0.01208707284842303,-0.009076263667585294,-0.014077214335624144
83198.203125,83754.4921875,83197.671875,83535.3515625,11900,12.5600004196167,12.930000305175781,11.40999984741211,12.300000190734863,0,0.0038342294044773073,52.95719618507135,83504.590226317,390.0339517526445,657.3425989561591,0.007869034925463196,0.004021875094984528,2,556.8203125,-0.020700654474163693,0.0009130589806707334,-0.0048054034961334535
83671.5234375,83936.46875,83124.03125,83871.3203125,16500,12.300000190734863,13.010000228881836,11.989999771118164,12.489999771118164,0,0.004021875094984528,56.38215892574863,83539.51690119157,374.54835475773143,668.4208061735764,0.007969599186981636,0.007096436514679505,2,812.4375,0.015447120116828916,0.00672555181736656,-0.0012761824153821877
84238.859375,84652.0078125,84166.75,84466.5078125,9100,12.489999771118164,12.710000038146973,11.4399995803833,12.109999656677246,0,0.007096436514679505,61.701781571543535,83627.8017498876,405.6267519297253,676.4398557326066,0.008008379572577782,0.0001440104819652177,1,485.2578125,-0.03042434919171333,0.015023821585394392,0.012070089305480813
84525.890625,84919.4296875,84253.046875,84478.671875,25600,12.109999656677246,12.270000457763672,11.229999542236328,12.15999984741211,0,0.0001440104819652177,61.804309115730966,83708.83699989831,426.3237489798048,675.7214955017062,0.007998722997226407,0.0009956285194026027,1,666.3828125,0.004128835024969968,0.011292468336524752,0.014015723649964063
84060.140625,84697.8671875,84029.3203125,84562.78125,8800,12.15999984741211,12.449999809265137,11.800000190734863,11.9399995803833,0,0.0009956285194026027,62.55085134399038,83790.16502371752,444.39053442953445,675.2090226087272,0.007984706896200002,0.004590339499979557,2,668.546875,-0.018092127449790163,0.008244307290306896,0.01618072785486313
84700.5,84988.09375,84581.078125,84950.953125,10500,11.9399995803833,12.279999732971191,10.899999618530273,11.789999961853027,0,0.004590339499979557,65.86661600199426,83900.7162714587,484.4464214977779,657.3592709938182,0.007738103538715514,-0.0032716488429628265,1,407.015625,-0.012562782562967056,0.005735353870381044,0.016946137605476697
85042.3671875,85042.40625,84558.359375,84673.0234375,10700,11.789999961853027,12.289999961853027,10.9399995803833,12.100000381469727,0,-0.0032716488429628265,61.65720674213305,83974.2693348912,488.1374528589513,644.9798141371168,0.007617299913864515,0.006063859440179176,2,484.046875,0.026293504717533223,0.00230059917120351,0.009558727846573856
84643.78125,85236.7734375,84525.9765625,85186.46875,8900,12.100000381469727,12.380000114440918,10.770000457763672,11.970000267028809,0,0.006063859440179176,65.98238136549406,84089.7168982349,526.425066998243,649.6810327701799,0.00762657546795165,0.005238049470151385,2,710.796875,-0.010743810772105733,0.00737543740615787,0.00852362618208602
85470.921875,85801.703125,85201.21875,85632.6796875,24300,11.970000267028809,12.380000114440918,11.0600004196167,12.140000343322754,0,0.005238049470151385,69.2307648971357,84236.66573530778,586.0185139222012,647.220557215167,0.007558102345705798,-0.004679963466780346,0,600.484375,0.0142021781538475,0.008024943069171675,0.01366034511299552
85347.3984375,85609.3984375,85187.84375,85231.921875,14200,12.140000343322754,13.850000381469727,12.140000343322754,13.630000114440918,0,-0.004679963466780346,63.3771695004778,84331.45203432608,594.060978590016,632.7645129497979,0.007424031971000277,-0.0038859963522323016,0,421.5546875,0.12273473879576069,0.006600667069749155,0.00791294485716798
85320.0390625,85473.46875,84710.109375,84900.7109375,9600,13.630000114440918,13.630000114440918,11.9399995803833,13.239999771118164,0,-0.0038859963522323016,58.94156714696494,84385.6671679617,567.1707438871381,642.0927173819553,0.007562866203259881,-0.003694941085133352,1,763.359375,-0.02861337784653062,-0.003354497688343283,-0.0005914258245705017
85008.9296875,85110.2421875,84536.7265625,84587.0078125,6200,13.239999771118164,13.239999771118164,10.859999656677246,12.239999771118164,0,-0.003694941085133352,55.014268168789684,84404.84246744154,514.6146612123848,637.194353640387,0.007533005010093577,0.012088144816122748,2,573.515625,-0.07552870221202024,-0.012211131063701086,-0.0010158563082784955
84503.4375,85644.1875,84478.1328125,85609.5078125,13800,12.239999771118164,12.569999694824219,11.59000015258789,11.970000267028809,0,0.012088144816122748,63.54137535777391,84519.57250030425,549.1406401855784,674.9700917732165,0.007884288895241877,0.0012951248387367276,1,1166.0546875,-0.02205878342632439,0.004430100004711335,0.004966035905790589
85745.046875,86055.859375,85473.8515625,85720.3828125,15800,11.970000267028809,12.239999771118164,11.510000228881836,11.789999961853027,0,0.0012951248387367276,64.33091492891899,84633.93538718003,578.777624963026,668.3299289679868,0.007796627908555362,-0.00015994955983800185,1,582.0078125,-0.015037619144553371,0.00965447598670166,0.0010241782146729328
85791.546875,85969.890625,85577.8203125,85706.671875,6400,11.789999961853027,11.789999961853027,10.819999694824219,11.619999885559082,0,-0.00015994955983800185,64.14591955983235,84736.1007669724,594.3079784215661,648.5970992202735,0.007567638376697538,-0.000755757236664989,1,392.0703125,-0.014419005669549345,0.013236832599421211,0.005570096151255033
86065.921875,86159.0234375,85489.6484375,85641.8984375,8500,11.619999885559082,12.010000228881836,10.899999618530273,11.630000114440918,0,-0.000755757236664989,63.22097270454914,84822.36721178456,594.5357819469646,650.0812349902541,0.007590691552274174,-0.00588059126652285,0,669.375,0.0008606049036423702,0.0003783531272127938,0.008730050571020831
85325.5078125,85553.5078125,85053.0,85138.2734375,5800,11.630000114440918,11.9399995803833,11.029999732971191,11.229999542236328,0,-0.00588059126652285,56.410143807190174,84852.45351899555,547.7637102708832,645.7110351695217,0.00758426274222648,-0.00036952754888897044,1,500.5078125,-0.034393857976657394,-0.006790792993461969,0.006517142989878044
85150.640625,85269.6796875,84763.640625,85106.8125,17400,11.229999542236328,11.369999885559082,10.920000076293945,11.210000038146973,0,-0.00036952754888897044,56.004253321994,84876.67818385312,502.36689886914974,635.7344656931273,0.007469842272534027,0.0018624573972854108,1,506.0390625,-0.0017808998134093423,-0.006998981081366318,-0.005871956577545023
84987.5625,85487.2109375,84949.9765625,85265.3203125,17900,11.210000038146973,11.270000457763672,10.579999923706055,10.819999694824219,0,0.0018624573972854108,57.657332201140704,84913.69171991471,473.7191154476459,628.6987449293325,0.007373440252439473,0.00524300938953326,2,537.234375,-0.034790396252953215,-0.004397124910476169,-0.0053086848783139295
85125.4765625,85796.71875,85078.1171875,85712.3671875,7900,10.819999694824219,10.869999885559082,10.15999984741211,10.319999694824219,0,0.00524300938953326,61.9945912906914,84989.75605016093,481.5376214228454,635.1203747558087,0.007409903559966461,-0.007113088898435094,0,718.6015625,-0.0462107221906094,0.006743074845432906,6.645121523685127e-05
85624.84375,85722.96875,84875.59375,85102.6875,10700,10.319999694824219,11.609999656677246,10.140000343322754,11.130000114440918,0,-0.007113088898435094,53.88760600471193,85000.51142633607,433.54020662934636,650.2814194161081,0.007641138470698802,-0.005127996104705823,0,847.375,0.07848841507456039,-4.846850538553493e-05,-0.006296111451727149
84742.8671875,84947.890625,84382.9609375,84666.28125,8500,11.130000114440918,11.880000114440918,10.460000038146973,10.949999809265137,0,-0.005127996104705823,48.95293464432179,84968.67998097073,356.18173114579986,655.2417867792432,0.0077391114515171075,-0.003248138555748792,1,564.9296875,-0.0161725339914629,-0.007025588601608512,-0.005543830858238952
84607.4921875,85020.34375,84313.6171875,84391.2734375,8800,10.949999809265137,11.420000076293945,10.489999771118164,10.90999984741211,0,-0.003248138555748792,46.0887374865222,84913.68888159256,269.5762427339505,658.9192707592972,0.007807907665326219,0.005058098516739884,2,706.7265625,-0.003652964616417842,-0.015413105405315042,-0.008407541552563735
84456.75,84906.9296875,84150.1875,84818.1328125,15800,10.90999984741211,11.1899995803833,10.319999694824219,10.399999618530273,0,0.005058098516739884,50.89164314793051,84904.58830358375,232.70230602685479,665.9066219550616,0.007850993648104975,0.005299850663934347,2,756.7421875,-0.04674612612417317,-0.0033436627662316587,-0.0052446586532607364
85051.03125,85320.8203125,84956.7421875,85267.65625,8200,10.399999618530273,10.399999618530273,9.960000038146973,10.109999656677246,0,0.005299850663934347,55.39805189606337,84939.16620324245,237.02001095972082,654.2481132439858,0.007672875531206897,-0.0006367816049828168,1,364.078125,-0.027884612739438763,0.007102886664223318,-0.005188410402050536
84891.75,85278.6328125,84840.3203125,85213.359375,10600,10.109999656677246,10.84000015258789,10.050000190734863,10.25,0,-0.0006367816049828168,54.744585100007804,84965.27983864794,233.3703708249668,638.8241408694155,0.007496760432341721,-0.006260755401652607,0,438.3125,0.01384770999772389,0.00974136192065922,0.0013004509992706748
85025.609375,85059.9609375,84620.609375,84679.859375,9600,10.25,10.430000305175781,9.65999984741211,10.0600004196167,0,-0.006260755401652607,48.66977578728913,84938.09693734813,185.29307019716362,635.5331308073144,0.007505127376190974,-0.0014195930223225295,1,439.3515625,-0.01853654442763908,-0.0016302343958179977,0.0001603722851593048
84856.2578125,84889.453125,84415.9765625,84559.6484375,11200,10.0600004196167,10.180000305175781,9.479999542236328,9.84000015258789,0,-0.0014195930223225295,47.393614526453355,84902.05422307688,135.92459098510153,623.9576616425062,0.007378905579340101,-0.0009204855854803018,1,473.4765625,-0.02186881290778231,-0.008303357259218713,0.0019951707462346757
84518.328125,84780.1875,84238.4296875,84481.8125,15000,9.84000015258789,9.949999809265137,9.609999656677246,9.710000038146973,0,-0.0009204855854803018,46.542637064879145,84862.03120183146,89.48745025217067,618.0862438466129,0.007316204820376136,0.005297552949636408,2,541.7578125,-0.013211393539127925,-0.008584884815779459,-0.00396519354232272
84756.7890625,85067.5,84734.9609375,84929.359375,8100,9.710000038146973,10.3100004196167,9.4399995803833,9.520000457763672,0,0.005297552949636408,51.8915180046649,84868.4434087999,87.78702004544903,615.7720478575692,0.007250402597983439,0.007513505249491459,2,332.5390625,-0.01956741293891484,0.0029463912888081367,-0.00396747008042686
85145.8984375,85601.328125,85145.859375,85567.4765625,6100,9.520000457763672,9.899999618530273,8.859999656677246,9.680000305175781,0,0.007513505249491459,58.29850217352054,84935.01799486658,136.35828746130574,619.7860980106,0.007243243845784061,-0.0004982361781915579,1,455.46875,0.0168067058527952,0.011918546772872407,0.0041556534104192355
85690.1015625,85704.9296875,85342.9921875,85524.84375,6100,9.680000305175781,9.789999961853027,9.319999694824219,9.380000114440918,0,-0.0004982361781915579,57.74518266561923,84991.19187630786,169.4578505368554,601.3683410098428,0.00703150470251333,-0.0013579752959209657,1,361.9375,-0.030991754264145688,0.012346222448766708,0.00997857555783166
85533.109375,85738.1796875,85342.1875,85408.703125,8400,9.380000114440918,9.680000305175781,8.880000114440918,9.1899995803833,0,-0.0013579752959209657,56.18084076658994,85030.95485237378,184.19463385203562,586.6986157591398,0.006869307158317068,-0.004299913083359974,0,395.9921875,-0.02025592022809286,0.005644028796726097,0.010040896611905437
85225.28125,85378.5078125,84937.8203125,85041.453125,4800,9.1899995803833,9.399999618530273,9.020000457763672,9.149999618530273,0,-0.004299913083359974,51.43576200797016,85031.95468786199,164.34516626303957,578.426058383487,0.006801695374763588,-0.004067593506328571,0,440.6875,-0.004352553175128504,-0.006147469326336696,0.006624391788469186
85004.75,85250.0,84637.859375,84695.5390625,53300,9.149999618530273,9.770000457763672,9.050000190734863,9.720000267028809,0,-0.004067593506328571,47.37682561130073,84999.91510449417,119.32642551654135,580.8342417132379,0.006857908316571652,-0.0002415822335684048,1,612.140625,0.062295155438497396,-0.009696652471230083,-0.0027531152268273074
84600.9921875,84806.9921875,84470.9375,84675.078125,6900,9.720000267028809,9.989999771118164,9.59000015258789,9.680000305175781,0,-0.0002415822335684048,47.13986432950218,84968.97824930426,81.06327549558773,563.3499878408637,0.006653079044216869,0.006442550152651494,2,336.0546875,-0.004115222299809096,-0.008589581309135452,-0.010429177923088284
84793.578125,85437.171875,84705.5703125,85220.6015625,11600,9.680000305175781,9.729999542236328,9.3100004196167,9.479999542236328,0,0.006442550152651494,53.77782103487419,84992.94237437053,93.67876521710423,577.5459708522305,0.006777069866476637,0.006352997280862249,2,731.6015625,-0.02066123518947771,0.0021066013210837564,-0.003557354496774523
85259.359375,85812.2734375,85068.8828125,85762.0078125,17900,9.1899995803833,9.5600004196167,8.970000267028809,9.449999809265137,0,0.006352997280862249,59.24742333374709,85066.18670181143,145.6842341987358,589.3920175770711,0.0068724139349168305,-0.003759131032762597,0,743.390625,-0.003164528947236067,0.012591793638777382,0.004136635665605626
85640.046875,85883.5,85315.328125,85439.6171875,12600,9.449999809265137,10.220000267028809,9.289999961853027,10.020000457763672,0,-0.003759131032762597,55.06860731713849,85101.75150997225,159.05126990571443,587.8762931072803,0.006880605420049656,-0.004403969140852504,0,568.171875,0.060317530159067934,0.009029091905547126,0.0046819997526941215
85331.140625,85397.78125,84900.1015625,85063.34375,23300,10.020000457763672,10.289999961853027,9.649999618530273,10.020000457763672,0,-0.004403969140852504,50.58420515495695,85098.09362807013,137.69535392223042,584.421959671046,0.006870432478984769,-0.0012014943275727719,1,497.6796875,0.0,-0.0018453027744079753,0.004342668947753925
84620.3984375,85075.9921875,84617.4921875,84961.140625,19200,10.020000457763672,10.239999771118164,9.75,9.949999809265137,0,-0.0012014943275727719,49.407312139313326,85085.05048492059,111.24137725229957,575.427533980257,0.006772832023525543,-0.009182782643462173,0,458.5,-0.006986092345364847,-0.009338251376424411,0.0033783553122643806
84778.0234375,84965.2734375,84110.1015625,84180.9609375,26300,9.949999809265137,10.989999771118164,9.479999542236328,10.600000381469727,0,-0.009182782643462173,41.47463505550534,84998.94671849959,27.011062884092098,595.4092726245243,0.007072968352862885,-0.00718355722321784,0,855.171875,0.0653266919260973,-0.014731529604560811,-0.012199404908419198
84022.09375,84406.21875,83402.28125,83576.2421875,12500,10.600000381469727,11.039999961853027,10.220000267028809,10.930000305175781,0,-0.00718355722321784,36.573083208234515,84863.45104888058,-87.52883940307947,624.589860294201,0.007473294371060119,0.003612625784521706,1,1003.9375,0.03113206715378425,-0.01748228434177912,-0.025486409200898175
83435.3125,83962.328125,82861.0703125,83878.171875,9300,10.930000305175781,11.949999809265137,10.520000457763672,11.369999885559082,0,0.003612625784521706,40.362788371363784,84769.61493708243,-152.1850403186254,658.6375711660438,0.007852311947708909,-0.002986287962657097,1,1101.2578125,0.040256136148042465,-0.012746636191950267,-0.018275424959750874
84079.3203125,84258.03125,83262.7890625,83627.6875,14200,11.369999885559082,11.680000305175781,10.640000343322754,11.199999809265137,0,-0.002986287962657097,38.31734823002964,84660.85994307458,-221.08896507786994,682.6807580470406,0.008163334159479665,-0.002929371477598308,1,995.2421875,-0.014951633949430443,-0.006572429577167416,-0.016877496071861176
83358.5390625,83809.9765625,83185.203125,83382.7109375,14100,11.199999809265137,11.470000267028809,11.010000228881836,11.319999694824219,0,-0.002929371477598308,36.37580609688684,84539.13146635318,-292.09627903366345,678.5445208651091,0.00813771240147992,0.0022503540948752843,1,624.7734375,0.01071427567880967,-0.00231562516972017,-0.018578254433598618
83670.7890625,84134.96875,83456.5,83570.3515625,22800,11.319999694824219,11.579999923706055,10.880000114440918,11.369999885559082,0,0.0022503540948752843,38.92837721897735,84446.86671360525,-329.4315745371132,683.8097559818871,0.008182444409970973,-0.003879029691020941,1,678.46875,0.004416978099188951,-0.003669850041065903,-0.007253532962795961
83494.4921875,83539.9296875,82898.3125,83246.1796875,14200,11.369999885559082,12.130000114440918,10.390000343322754,11.829999923706055,0,-0.003879029691020941,36.224476031839664,84332.5155682619,-380.78853312772117,682.9689921617522,0.008204208225837718,-0.012801920058080785,0,641.6171875,0.04045734764968767,-0.004561979697214502,-0.003949238340478556
83207.3828125,83254.28125,82010.578125,82180.46875,13000,11.829999923706055,12.899999618530273,11.0,12.729999542236328,0,-0.012801920058080785,29.074751605075562,84127.55872842742,-501.699973953655,723.021430221627,0.00879797160102749,-0.0032956241503551142,1,1243.703125,0.07607773663013906,-0.014418362919396466,-0.02024010641922447
81794.6484375,82407.046875,81124.453125,81909.6328125,13200,12.729999542236328,14.430000305175781,12.430000305175781,13.779999732971191,0,-0.0032956241503551142,27.584681454257748,83916.32768881529,-612.3189271767915,762.990881634368,0.009315032376972517,0.004855770455111985,2,1282.59375,0.08248234316514402,-0.01987210438809739,-0.02054408939025132
82459.65625,82783.1796875,81874.390625,82307.3671875,26500,13.779999732971191,14.329999923706055,12.90999984741211,13.350000381469727,0,0.004855770455111985,33.01401091515639,83763.09335535669,-660.2801064578525,773.4050374104845,0.009396546917223485,-0.009351095640645068,0,908.7890625,-0.031204597956022595,-0.011277544549482377,-0.012896483430552275
82335.9375,82516.2734375,81471.8203125,81537.703125,19700,13.350000381469727,14.430000305175781,12.279999732971191,14.1899995803833,0,-0.009351095640645068,28.55276035243631,83551.15142865606,-751.7296723452018,792.7656150954499,0.009722687599871608,0.003921786182887299,1,1044.453125,0.0629212865101878,-0.007821391563917035,-0.024322602448068387
81436.7890625,82084.921875,81088.59375,81857.4765625,27000,14.1899995803833,16.059999465942383,13.920000076293945,14.449999809265137,0,0.003921786182887299,32.62632331626959,83389.84906045072,-789.3024805493042,807.3057943743463,0.009862334245766182,0.005951846373226655,2,996.328125,0.018322779180435456,-0.000636753556439329,-0.01668188414427052
81892.359375,82503.96875,81814.75,82344.6796875,33200,14.449999809265137,14.510000228881836,13.4399995803833,13.529999732971191,0,0.005951846373226655,38.38991431956794,83290.3091201697,-770.879759278454,798.8710054904644,0.009701549736087367,0.0026921897181615417,1,689.21875,-0.06366782618945466,0.00045333122993707065,0.0019981747487902712
82368.9609375,82689.9609375,81707.9375,82566.3671875,23500,13.529999732971191,14.1899995803833,13.069999694824219,13.369999885559082,0,0.0026921897181615417,40.86868454671509,83221.36226943925,-729.9765758408612,811.9533220625741,0.00983394752270872,-0.003592091399958086,1,982.0234375,-0.011825561756827474,0.012615808675932705,0.008017791710815514
81947.3125,82430.8203125,81941.03125,82269.78125,13900,13.369999885559082,14.229999542236328,12.880000114440918,13.630000114440918,0,-0.003592091399958086,38.62946252383692,83130.73550568314,-713.2703778388532,798.6235088795331,0.009707373676522729,-0.007333437664877707,0,489.7890625,0.019446539349836645,0.005036860465460258,-0.00045665338091027685
80555.6796875,81732.25,80387.25,81666.4609375,12300,15.100000381469727,15.550000190734863,13.579999923706055,13.869999885559082,0,-0.007333437664877707,34.489678202940226,82991.28078490379,-740.181155012906,876.045490388138,0.010727114660430585,0.025379719547125035,2,1345.0,0.017608200227664295,-0.008236339646639612,0.001579119935505302
85323.203125,85871.7265625,83501.21875,83739.1328125,19800,13.869999885559082,15.470000267028809,11.850000381469727,12.899999618530273,0,0.025379719547125035,53.08912029526306,83062.504787532,-587.4886382118129,1113.8469285746994,0.013301390773519356,0.0009380881418474818,1,2370.5078125,-0.06993513158127251,0.014203914559263175,0.022986980896770204
83252.0625,83947.53125,83119.953125,83817.6875,19900,12.899999618530273,13.149999618530273,12.0600004196167,12.25,0,0.0009380881418474818,53.62650615718823,83134.4269506242,-454.8962509663834,1093.3991568907923,0.013044969260107448,-0.006010161190619812,1,827.578125,-0.05038756881795392,0.018815003838362543,0.017888317959218414
83757.5390625,83784.171875,83151.6171875,83313.9296875,25000,12.25,12.550000190734863,10.9399995803833,12.170000076293945,0,-0.006010161190619812,49.69499356992519,83151.52244937427,-386.0151320308796,1062.8756680057356,0.012757478515206852,0.003198369720399663,1,632.5546875,-0.006530606016820761,0.020173137553503473,0.009054080074788251
83249.3203125,83612.1171875,82925.3515625,83580.3984375,16100,12.170000076293945,12.350000381469727,11.15999984741211,11.9399995803833,0,0.003198369720399663,51.711649070866144,83192.36778157672,-306.3926441807562,1036.0106649338973,0.012395378393758297,0.005807002258584992,1,686.765625,-0.018898972429644,-0.0018955817867785107,0.01593072410776597
84177.5078125,84314.6796875,83860.421875,84065.75,14600,11.9399995803833,12.279999732971191,10.670000076293945,12.1899995803833,0,0.005807002258584992,55.23197799231484,83275.54704047418,-201.80119550411473,1014.4585638671904,0.01206744201850564,0.002476298314117331,1,454.2578125,0.02093802418642743,0.00295954836501533,0.029379123754808
84210.0,84482.953125,84063.46875,84273.921875,45500,12.1899995803833,12.1899995803833,10.359999656677246,11.670000076293945,0,0.002476298314117331,56.69037445852174,83370.63035804807,-100.95029616482498,971.9604075195339,0.011533347278665899,-0.0004779800097561848,1,419.484375,-0.04265787711151048,0.011522589212882073,0.00638636972390727
84339.1484375,84487.34375,84081.25,84233.640625,23900,11.670000076293945,11.710000038146973,10.5600004196167,11.550000190734863,0,-0.0004779800097561848,56.30812722693749,83452.82181204349,-23.99894715352275,931.541360553853,0.011059018150491498,-0.00663296452408324,0,406.09375,-0.010282766475969929,0.00781573430747029,0.004962593664970871
83968.4296875,84061.6171875,83516.671875,83674.921875,36800,11.550000190734863,12.109999656677246,10.850000381469727,11.729999542236328,0,-0.00663296452408324,51.155784298995044,83473.97419899174,-8.006093117277487,916.2147455142921,0.010949693468289145,-0.012526621346188094,0,544.9453125,0.015584359179998675,-0.004649076764318361,0.004332915142210236
82902.7265625,83079.703125,82534.546875,82626.7578125,30200,11.729999542236328,13.579999923706055,10.960000038146973,13.289999961853027,0,-0.012526621346188094,43.17436170646721,83393.28692408776,-78.99906895079766,932.2261922632713,0.011282376519949105,0.007871428605197073,2,545.15625,0.13299236832871042,-0.019545359060696987,-0.011409859761713381
82480.3984375,83333.4921875,82276.953125,83277.1484375,33800,13.289999961853027,13.829999923706055,13.239999771118164,13.329999923706055,0,0.007871428605197073,48.53959318807292,83382.2261158413,-81.83705920269131,941.1056829944662,0.011300887466154916,0.0020871572005187744,1,1056.5390625,0.003009778929107698,-0.011355227916103106,-0.009380771152342038
83197.671875,83598.0,82987.4296875,83450.9609375,13400,13.329999923706055,13.479999542236328,11.630000114440918,12.670000076293945,0,0.0020871572005187744,49.90092888385219,83388.7722893326,-69.26255516411038,917.4960136734328,0.010994433178074305,0.0033946770572499396,1,610.5703125,-0.049512366930952956,-0.0026765598638331944,-0.00976530959032218
83553.59375,83770.046875,83163.6171875,83734.25,20800,12.670000076293945,12.770000457763672,11.350000381469727,12.220000267028809,0,0.0033946770572499396,52.12395110269097,83421.67492844378,-36.022861200384796,895.2769903753305,0.010691885224687992,-0.01476229111743399,0,606.4296875,-0.03551695395070309,0.013403553725454875,-0.00592863636540697
83969.8203125,83979.359375,82264.203125,82498.140625,13400,12.220000267028809,13.680000305175781,9.729999542236328,13.460000038146973,0,-0.01476229111743399,43.13077379573942,83333.71928049676,-108.17686466242594,953.8397946342354,0.011561955062356721,0.003837302393747022,1,1715.15625,0.10147297414254974,-0.009354400662321516,-0.014063726904435803
82272.4921875,83132.078125,82206.2109375,82814.7109375,19600,13.460000038146973,14.779999732971191,13.100000381469727,14.359999656677246,0,0.003837302393747022,45.71399545835829,83284.28991449707,-138.22152205104067,951.8417512675043,0.01149363127024444,0.0057954113111886585,2,925.8671875,0.06686475601631403,-0.007624238149594453,0.0022747246772831797
82906.828125,83486.1484375,82906.828125,83294.65625,20300,14.359999656677246,14.479999542236328,12.770000457763672,14.170000076293945,0,0.0057954113111886585,49.462068696505966,83285.27718454498,-121.89937374241708,931.8128761769683,0.011186946655740215,-0.012830767580003122,0,579.3203125,-0.013231168866703502,-0.005249867885602333,0.00021023549471244074
83052.5390625,83079.5078125,81934.7265625,82225.921875,20200,14.170000076293945,14.949999809265137,12.350000381469727,14.149999618530273,0,-0.012830767580003122,42.43593134701059,83184.38620268356,-192.97736297363008,962.3926484143277,0.01170424881191796,0.0006098859867602613,1,1144.78125,-0.0014114649016221392,-0.00329969558026022,-0.01467974782719983
82530.1171875,82957.90625,82132.6328125,82276.0703125,19200,14.149999618530273,14.149999618530273,12.84000015258789,13.489999771118164,0,0.0006098859867602613,42.84619385207956,83097.87992742797,-242.46562889013148,952.5984190633043,0.011578073860907019,-0.00033376578871224805,1,825.2734375,-0.04664310001449046,-0.006504165973681975,-0.0174143756885623
82418.78125,82579.15625,81970.46875,82248.609375,122500,13.489999771118164,13.609999656677246,11.8100004196167,13.0600004196167,0,-0.00033376578871224805,42.66686765327341,83016.99701767293,-280.66596182879584,928.0333534159254,0.011283271054282496,-0.01168921738988371,0,608.6875,-0.031875415774437976,-0.01255839116329871,-0.0030246893822039045
82220.4765625,82246.171875,81159.1484375,81287.1875,15800,13.0600004196167,14.039999961853027,11.199999809265137,13.699999809265137,0,-0.01168921738988371,36.8515831428099,82852.25325408504,-384.0911476145993,939.5638951362164,0.011558573054778361,-0.0128966934364656,0,1087.0234375,0.04900454587176961,-0.011416526000487592,-0.01844507358907299
78543.7265625,80632.546875,78543.7265625,80238.8515625,30600,13.699999809265137,17.809999465942383,12.829999923706055,17.1299991607666,0,-0.0128966934364656,31.767280416286496,82603.35785488646,-544.3731070181384,1068.4136838764866,0.013315415949644707,-0.013991527055014386,0,2088.8203125,0.25036491965363394,-0.024760768741898587,-0.03668668345695947
78528.8203125,79527.40625,78443.203125,79116.1875,21800,17.1299991607666,21.3700008392334,16.969999313354492,21.139999389648438,0,-0.013991527055014386,27.406511785847144,82271.24639251632,-753.3037057585898,1120.3590234210233,0.014160932911751129,0.01137202089648226,2,1084.203125,0.23409226067366484,-0.03808480044590423,-0.03781939203706863
79530.4765625,80303.828125,79201.6875,80015.8984375,22200,21.139999389648438,21.139999389648438,17.299999237060547,17.860000610351562,0,0.01137202089648226,35.095919240239596,82056.45134918143,-836.6393000052922,1125.164852105236,0.01406176614993702,-0.013709775449898376,0,1102.140625,-0.15515604891185486,-0.0156394765472726,-0.027470586118362728
79658.9921875,79753.03125,78812.1796875,78918.8984375,18100,17.860000610351562,20.139999389648438,17.200000762939453,19.8799991607666,0,-0.013709775449898376,30.810595713120904,81757.63678616415,-979.9063405119086,1130.7758448120048,0.014328327779530848,-0.017140915728458994,0,940.8515625,0.11310181866647073,-0.016450299316308814,-0.04048349221709868
77056.75,77711.3515625,76424.546875,77566.15625,16600,19.8799991607666,24.489999771118164,19.219999313354492,23.360000610351562,0,-0.017140915728458994,26.511693608053903,81358.44816367232,-1188.8966311878903,1228.1741103611473,0.015833891606059147,0.008248704633987858,2,1286.8046875,0.17505038211735857,-0.01959183447761559,-0.04577635620619791
78375.7265625,78526.25,77745.46875,78205.9765625,22000,23.360000610351562,23.360000610351562,18.780000686645508,18.90999984741211,0,0.008248704633987858,31.38793946945681,81058.21277308448,-1288.0469863478502,1209.0255131924937,0.015459502794217712,-0.017163210332490353,0,780.78125,-0.19049660302523774,-0.02261952824804836,-0.02533529531409784
78238.90625,78324.3671875,76759.2578125,76863.7109375,16400,18.90999984741211,21.389999389648438,17.239999771118164,21.059999465942383,0,-0.017163210332490353,27.29598121444127,80658.73640779073,-1458.1256109165115,1234.460074750173,0.016060375692164362,-0.010789084372654356,0,1565.109375,0.11369643764563575,-0.02604176617629317,-0.02847048920930373
76369.6484375,76681.7109375,75871.1796875,76034.421875,22700,21.059999465942383,22.360000610351562,20.81999969482422,21.520000457763672,0,-0.010789084372654356,25.117300900781984,80218.3254999059,-1640.9153917219664,1217.1794444108748,0.01600826854989321,-0.019339924783244755,0,810.53125,0.021842402824614915,-0.0197474575130826,-0.04975856848761018
75444.21875,75576.203125,74454.6015625,74563.921875,18500,21.520000457763672,22.8799991607666,21.25,22.649999618530273,0,-0.019339924783244755,21.79528885807747,79679.81086896248,-1882.7317112507735,1243.082363560098,0.01667136508248612,0.012592278730644502,2,1121.6015625,0.05250925356550984,-0.04657003016373529,-0.0551829365174038
74415.7890625,75805.2734375,73949.7578125,75502.8515625,16700,22.649999618530273,22.8799991607666,19.81999969482422,21.600000381469727,0,0.012592278730644502,28.314737101936117,79282.00522072797,-1975.8329356821632,1286.8275965200908,0.017043430412093462,0.007522791202525969,1,1855.515625,-0.046357582990929846,-0.01770483572028614,-0.026600579263588275
75826.6796875,76304.2578125,75324.7265625,76070.84375,35200,21.600000381469727,21.600000381469727,19.6299991607666,19.790000915527344,0,0.007522791202525969,32.00735069349881,78976.18031875388,-1980.9489576932829,1264.8778574829414,0.016627630181674454,0.00832499064400083,2,979.53125,-0.08379627009151125,0.0004790182407103938,-0.027301402096726712
76367.546875,77000.21875,76187.921875,76704.1328125,19300,19.790000915527344,19.790000915527344,18.59000015258789,18.719999313354492,0,0.00832499064400083,35.96781936516133,78759.7948419678,-1911.863534537406,1240.9133676627314,0.016177920565194206,-0.03255223067450019,0,812.296875,-0.054067789422552415,0.02870303604855806,-0.0020761178851975703
74750.921875,75354.1796875,73950.953125,74207.2421875,31000,18.719999313354492,23.200000762939453,18.719999313354492,22.799999237060547,0,-0.03255223067450019,28.83598004970031,78326.21839868516,-2035.1313179960562,1348.9323905082506,0.01817790758346595,0.004389312153347591,1,1403.2265625,0.21794872186749825,-0.01715974096590933,-0.024030953908005914
74559.3828125,75286.390625,74385.0390625,74532.9609375,19000,22.799999237060547,23.139999389648438,21.690000534057617,22.809999465942383,0,0.004389312153347591,30.764586675821576,77964.9557833342,-2082.5329994181084,1329.6621081505184,0.017839920639480745,-0.024641048596473536,0,901.3515625,0.0004386065445818321,-0.02021645530256133,-0.00041522678423355774
73732.578125,73732.578125,72558.4375,72696.390625,19300,22.809999465942383,27.170000076293945,22.809999465942383,26.729999542236328,0,-0.024641048596473536,26.417275815700833,77463.18767301666,-2242.4455325901654,1375.7236316754813,0.018924235713050318,0.018873873767374594,2,1174.140625,0.17185445717115866,-0.05224936441556227,-0.03717026416117353
74212.46875,74489.390625,73084.4609375,74068.453125,20700,26.729999542236328,26.729999542236328,24.6299991607666,24.739999771118164,0,0.018873873767374594,33.92887383886374,77139.87962082459,-2232.7259157581284,1405.529086555804,0.018976082627023324,0.016268734517330907,2,1404.9296875,-0.07444817827152395,-0.0018702899933853434,-0.026322708232087932
74652.0078125,75849.7578125,74550.46875,75273.453125,31000,24.739999771118164,25.229999542236328,24.139999389648438,24.639999389648438,0,0.016268734517330907,39.74638738463318,76962.12471646036,-2103.541305240069,1432.370200908961,0.019028889222477276,-0.022454587969986894,0,1299.2890625,-0.004042052643285277,0.009935096877755178,-0.01865192441451935
74883.7890625,74904.90625,73534.40625,73583.21875,28800,24.639999389648438,27.09000015258789,23.389999389648438,26.799999237060547,0,-0.022454587969986894,35.080483097915504,76640.32414822603,-2113.1898220109288,1454.2756776297495,0.019763686643970702,-0.022228870967947456,0,1370.5,0.08766233364110998,0.0121990667951406,-0.008409198605215273
72565.21875,73165.3203125,71774.1328125,71947.546875,26600,26.799999237060547,28.90999984741211,26.799999237060547,27.889999389648438,0,-0.022228870967947456,31.256527569367975,76193.39297934737,-2227.14821324723,1479.6192676204817,0.02056524971158694,0.01649498126130511,2,1391.1875,0.04067164864245876,-0.028634407234355175,-0.03468819740930473
73762.4296875,73964.578125,72971.6796875,73134.3203125,20600,27.889999389648438,27.889999389648438,23.649999618530273,25.010000228881836,0,0.01649498126130511,36.652080280448935,75902.05272536191,-2196.3798613583203,1518.0058377904472,0.020756408636930918,0.002532690010771166,1,992.8984375,-0.10326279038340647,-0.028418157048644144,0.00602409120638514
72262.046875,73568.5390625,71545.8125,73319.546875,33000,25.010000228881836,26.600000381469727,25.010000228881836,25.520000457763672,0,0.002532690010771166,37.47691138657355,75656.0997872322,-2132.4677247062355,1554.057318126844,0.02119567542849526,0.01073799172330192,2,2022.7265625,0.020391852227689355,-0.0035833153194321232,-0.010111001626240568
73477.53125,74207.4609375,72728.65625,74106.8515625,14000,25.520000457763672,26.559999465942383,25.079999923706055,25.469999313354492,0,0.01073799172330192,40.993769124588866,75508.55233725772,-1995.2875545405695,1548.6821302249266,0.02089796149170909,0.0068782649883609714,1,1478.8046875,-0.0019592924573780257,0.030012207243862443,-0.015498180488182522
73734.359375,74686.3203125,73282.40625,74616.578125,13400,25.469999313354492,26.260000228881836,24.549999237060547,24.700000762939453,0,0.0068782649883609714,43.22058546306743,75423.60241228079,-1824.4099455271207,1538.3415539588605,0.020616618888389428,0.03948613547466939,2,1403.9140625,-0.030231588974221624,0.020267609053675084,0.014043410883000984
77290.6328125,77635.5390625,77042.1484375,77562.8984375,27600,24.700000762939453,24.700000762939453,19.309999465942383,19.700000762939453,0,0.03948613547466939,54.021664565862395,75627.3448908731,-1434.7063813937566,1644.1000813546561,0.021196991273855863,-0.012006384737548226,0,593.390625,-0.2024291435448915,0.05787476523462898,0.07804785300402228
77319.328125,77429.328125,76347.8984375,76631.6484375,35500,19.700000762939453,20.940000534057617,19.170000076293945,20.43000030517578,0,-0.012006384737548226,50.73642454666639,75722.9928476947,-1187.3208951765264,1613.4500755436093,0.021054617882316898,0.011987234794371027,2,1081.4296875,0.03705581289162363,0.0340696821112505,0.04782061431699991
77121.0078125,77622.5,76851.15625,77550.25,16200,20.43000030517578,20.43000030517578,18.3700008392334,18.850000381469727,0,0.011987234794371027,53.72582052992813,75897.01733839043,-906.6908779672813,1568.9787531833515,0.020231769119807497,-0.009060959668086177,1,771.34375,-0.07733724425377386,0.03931662304435113,0.05770225410984575
75937.15625,77063.40625,75868.3203125,76847.5703125,19300,18.850000381469727,21.510000228881836,18.18000030517578,20.5,0,-0.009060959668086177,51.16799554607399,75987.54619306754,-732.5456158749585,1577.0466770631122,0.020521750663684814,0.016443875451901624,2,1195.0859375,0.08753313449013445,-0.009222555363585516,0.03698333814233812
77981.1015625,78270.421875,77849.5234375,78111.2421875,15800,20.5,20.5,17.34000015258789,18.670000076293945,0,0.016443875451901624,55.29039615344668,76189.80295444206,-486.953188413725,1566.0327403086042,0.020048749660765395,-0.0015690763143390019,1,420.8984375,-0.08926828896127093,0.019307867965371317,0.04683495478237609
78677.5625,78730.3203125,77674.9296875,77988.6796875,33900,18.670000076293945,18.670000076293945,16.829999923706055,18.09000015258789,0,-0.0015690763143390019,54.80712525942043,76361.12454806663,-298.76521033540484,1529.558303500847,0.01961256825515927,0.0064734956024767865,1,1055.390625,-0.031065876879267096,0.00565349160705475,0.005489496377486303
77976.1328125,78553.453125,77726.2265625,78493.5390625,14200,18.09000015258789,18.469999313354492,16.59000015258789,17.209999084472656,0,0.0064734956024767865,56.49401778397515,76564.21164467934,-107.64607269185944,1479.391750572215,0.01884730601068017,0.0003408919105902797,1,827.2265625,-0.04864571922014849,0.02141861796419442,0.024296627607045984
78632.8984375,78942.453125,78203.296875,78520.296875,13200,17.209999084472656,19.010000228881836,16.479999542236328,18.790000915527344,0,0.0003408919105902797,56.58651038789566,76750.50547613845,45.452405635034665,1426.517786245628,0.01816750372857818,0.009590275125917813,2,739.15625,0.09180720018051658,0.005236822204390146,0.012508623440930178
78617.15625,79367.078125,78522.9609375,79273.328125,10900,18.790000915527344,18.790000915527344,17.450000762939453,17.530000686645508,0,0.009590275125917813,59.2144275264264,76990.77429983956,224.95424870442366,1385.1080336566545,0.01747256065082299,-0.009547169967515479,0,844.1171875,-0.06705695409735823,0.01647224241579126,0.031565836143363724
79019.34375,79031.03125,78442.296875,78516.4921875,16900,17.530000686645508,18.729999542236328,17.25,18.299999237060547,0,-0.009547169967515479,55.57337319573696,77136.08076533103,302.6516378761298,1345.531120538322,0.01713692350551205,-0.01085749202172992,0,588.734375,0.04392461610122078,0.00029242056447120746,0.0051881136268097094
77983.65625,78178.5390625,77574.1796875,77664.0,24900,18.299999237060547,19.1200008392334,17.489999771118164,18.59000015258789,0,-0.01085749202172992,51.71594843927791,77186.35878768047,292.07156443085114,1316.7297904998704,0.016954184570713206,-0.012873262547641096,0,604.359375,0.015847045225009904,-0.010905420752078676,-0.004163164305396538
77483.796875,77710.8203125,76403.8671875,76664.2109375,14100,18.59000015258789,19.899999618530273,18.059999465942383,19.709999084472656,0,-0.012873262547641096,47.54761811373552,77136.63042099662,200.69862937336438,1316.0314572498796,0.017166177557384185,0.008340552484408681,1,1306.953125,0.06024738691187426,-0.032912926064941894,-0.023305461148125928
76856.046875,77420.0390625,76754.203125,77303.6328125,21200,19.709999084472656,19.709999084472656,18.270000457763672,18.3799991607666,0,0.008340552484408681,50.30630683899723,77152.53541066361,177.83099644375034,1276.0169335177454,0.016506558451304935,-0.005390775922662905,1,665.8359375,-0.06747843660499286,-0.015447192573295965,-0.015494898910492716
77094.7890625,77493.53125,76741.0625,76886.90625,16800,18.3799991607666,18.40999984741211,17.270000457763672,18.049999237060547,0,-0.005390775922662905,48.51542988913405,77127.23739536232,124.64505116904911,1238.6206346950494,0.01610964330737458,0.00792661786934623,1,752.46875,-0.017954294819036876,-0.010005842475278137,-0.030103717497984128
77245.828125,77982.5078125,77136.203125,77496.359375,17900,18.049999237060547,18.049999237060547,16.75,17.440000534057617,0,0.00792661786934623,51.248823769644474,77162.39186961352,130.17203790630447,1228.4049866811172,0.01585113154460512,-0.007521119439683366,1,846.3046875,-0.033794943423070656,0.010854457736197087,-0.012992592818129034
77014.2109375,77254.328125,76258.859375,76913.5,27900,17.440000534057617,19.479999542236328,17.190000534057617,18.459999084472656,0,-0.007521119439683366,48.59179515147721,77138.68788203128,86.52295158473135,1229.0546304896088,0.015979699668973703,0.0046272557808446635,1,995.46875,0.058486153622710146,-0.0050467591018169555,-0.009663421920065973
77257.2734375,77910.75,76939.5390625,77269.3984375,69200,18.459999084472656,18.8799991607666,16.75,18.299999237060547,0,0.0046272557808446635,50.28664935043168,77151.13650636164,79.72969148565608,1212.4971568832082,0.015691815665731457,-0.0032562616001665656,1,971.2109375,-0.008667381113073303,0.004974737652420513,0.007894002854778925
77103.71875,77151.328125,76515.03125,77017.7890625,14500,18.299999237060547,18.84000015258789,17.709999084472656,17.90999984741211,0,-0.0032562616001665656,49.05532772393924,77138.4367498034,53.42733310050971,1179.7735876415504,0.015318195990853012,0.012214507667009045,2,636.296875,-0.021311442945780246,-0.0061753909004192975,-0.0036976755114900284
77424.359375,78022.78125,76773.25,77958.5234375,15000,17.90999984741211,18.079999923706055,16.579999923706055,16.68000030517578,0,0.012214507667009045,53.6273237752304,77216.54024386975,107.2555513674015,1184.756277810011,0.01519726420626527,-0.0014623160492693854,1,1249.53125,-0.06867669194391735,0.013586996268535323,0.013937577147604463
78339.2421875,78384.703125,77713.2109375,77844.5234375,21500,16.68000030517578,17.200000762939453,15.170000076293945,16.6200008392334,0,-0.0014623160492693854,53.00651358778816,77276.34816707263,139.11235426749045,1148.0945570735817,0.014748559132684094,-0.006632912820316195,1,671.4921875,-0.003597090218503518,0.007443114759916103,0.0044926505620122015
77631.9375,77647.4375,77146.4296875,77328.1875,13200,16.6200008392334,17.43000030517578,16.15999984741211,16.84000015258789,0,-0.006632912820316195,50.173434325120255,77281.28524639906,121.2968703086517,1115.9516422826116,0.014431369444455317,-0.01697836574793632,0,501.0078125,0.013237021795760695,0.0040302174507775845,0.0053916087552901
76638.09375,76678.5234375,75957.3984375,76015.28125,23900,16.84000015258789,18.969999313354492,16.84000015258789,18.549999237060547,0,-0.01697836574793632,43.767695713766926,77160.71343721819,1.2233074313990073,1134.1543151552821,0.01492008312677633,-0.01915455732790572,0,721.125,0.1015438877065491,-0.024926616126303536,-0.01623045103055132
75688.390625,75741.9609375,74449.5,74559.2421875,15200,18.549999237060547,19.459999084472656,17.6299991607666,19.280000686645508,0,-0.01915455732790572,37.97689254065254,76912.95427057835,-209.01662638901325,1164.9848105013334,0.01562495508701194,0.00066704507101778,1,1292.4609375,0.03935317949374961,-0.04220311339740801,-0.031921805402708836
74439.34375,75191.5703125,74134.4765625,74608.9765625,18200,19.280000686645508,20.1299991607666,18.360000610351562,19.43000030517578,0,0.00066704507101778,38.27729149621304,76693.52782218994,-367.3851528706582,1157.2783061798095,0.015511247566978172,0.010585082705677262,2,1057.09375,0.007780062924695352,-0.035164550281228335,-0.042965755728882726
74947.1171875,75681.8828125,74526.7734375,75398.71875,35800,19.43000030517578,19.43000030517578,18.389999389648438,18.610000610351562,0,0.010585082705677262,42.99841323737541,76570.21267245756,-424.276956064321,1157.1233825241088,0.01534672474158069,-0.0021316882456970943,1,1155.109375,-0.04220276283813473,-0.008111033595629813,-0.03141909770266238
75497.1015625,75870.359375,75139.40625,75237.9921875,15200,18.610000610351562,19.010000228881836,17.420000076293945,18.790000915527344,0,-0.0021316882456970943,42.289457150017505,76443.33453103303,-476.83673328367877,1126.6826498438154,0.014974916489478062,0.0010240421462601734,1,730.953125,0.009672235318233025,0.0091034991784531,-0.027030186275864843
74807.96875,75466.6015625,74180.2578125,75315.0390625,16100,18.790000915527344,20.059999465942383,17.719999313354492,19.6299991607666,0,0.0010240421462601734,42.77652914333683,76335.87781974417,-506.4358196146932,1138.0870141406856,0.015111019370198386,-0.0015161314582237129,1,1286.34375,0.044704534556201825,0.009463506035477298,-0.009211860773060021
75441.2734375,75746.2734375,75115.9921875,75200.8515625,13100,19.6299991607666,19.6299991607666,18.270000457763672,18.68000030517578,0,-0.0015161314582237129,42.207963495372255,76227.78008095901,-532.9636129553692,1101.8151738449224,0.014651631609905314,0.0015630017487542336,1,630.28125,-0.048395257066008,-0.002624277849548995,0.008605363415396416
74806.4921875,75406.1796875,74529.40625,75318.390625,11500,18.68000030517578,19.459999084472656,18.059999465942383,18.440000534057617,0,0.0015630017487542336,43.04711264898483,76141.17156134386,-538.2975017498393,1085.7407641059995,0.014415347368636098,-0.0009339518465049101,1,876.7734375,-0.012847953276085677,0.0010685882911340983,0.009508427741341974
